Tenure,WarehouseToHome,HourSpendOnApp,NumberOfDeviceRegistered,SatisfactionScore,Complain,OrderAmountHikeFromlastYear,DaySinceLastOrder,CashBackAmount,CityTier,PreferredPaymentMode,Gender,PreferedOrderCat,MaritalStatus
44,9,2,3,3,1,14,1,256.39,2,Debit Card,Female,Fashion,Married
1,22,3,1,1,0,17,5,137.43,1,Credit Card,Male,Mobile Phone,Single
1,10,5,2,3,0,15,5,141.88,1,COD,Female,Laptop & Accessory,Married
2,9,4,4,2,0,24,11,146.73,2,Debit Card,Male,Laptop & Accessory,Divorced
20,25,1,1,4,0,15,7,184.79,1,UPI,Male,Fashion,Single
5,12,2,1,3,0,22,1,168.27,1,Debit Card,Male,Mobile Phone,Single
10,12,5,1,5,0,21,6,157.15,3,Credit Card,Female,Laptop & Accessory,Single
17,38,4,3,5,0,20,3,207.61,1,Debit Card,Female,Laptop & Accessory,Married
2,7,3,4,5,0,24,8,152.14,1,E Wallet,Male,Mobile Phone,Single
35,14,3,3,2,0,12,6,234.76,3,E Wallet,Female,Grocery,Single
0,18,3,3,4,0,20,8,115.07,2,COD,Female,Grocery,Single
11,17,4,4,1,0,13,9,164.03,2,Credit Card,Male,Others,Single
3,18,1,2,4,0,17,7,143.79,3,Debit Card,Female,Laptop & Accessory,Single
41,15,3,1,1,1,25,3,224.57,2,E Wallet,Male,Laptop & Accessory,Married
11,14,3,2,2,0,26,3,171.71,3,Credit Card,Female,Fashion,Divorced
2,16,2,1,3,0,26,16,132.73,2,Debit Card,Female,Fashion,Divorced
13,11,4,3,3,0,16,1,153.78,1,E Wallet,Female,Mobile Phone,Married
2,10,3,3,3,1,23,9,151.18,3,Debit Card,Male,Laptop & Accessory,Single
1,8,5,5,3,1,25,7,117.31,1,UPI,Female,Laptop & Accessory,Single
18,11,3,2,3,1,21,7,190.0,3,Credit Card,Female,Others,Single
0,14,2,3,2,0,21,6,109.39,3,E Wallet,Male,Laptop & Accessory,Married
1,22,3,4,3,0,19,5,120.68,2,Debit Card,Male,Fashion,Married
8,14,1,3,3,0,18,8,151.27,1,E Wallet,Female,Fashion,Divorced
27,11,2,2,1,0,23,1,214.75,2,E Wallet,Male,Others,Single
5,10,1,1,3,0,12,9,135.44,2,Credit Card,Male,Laptop & Accessory,Single
1,13,3,4,1,1,24,3,155.91,1,Debit Card,Female,Mobile Phone,Married
6,12,3,2,3,1,24,16,151.11,1,Debit Card,Female,Fashion,Single
0,29,2,3,1,0,16,5,126.47,1,E Wallet,Male,Mobile Phone,Married
8,17,1,1,4,0,17,6,167.84,1,E Wallet,Female,Laptop & Accessory,Divorced
8,26,4,4,2,1,24,3,148.75,2,E Wallet,Male,Laptop & Accessory,Single
26,11,3,2,4,1,26,11,193.78,2,Credit Card,Female,Laptop & Accessory,Married
6,22,2,1,3,1,11,8,124.26,2,E Wallet,Female,Grocery,Married
5,19,3,4,4,0,22,3,142.96,2,Debit Card,Male,Others,Married
0,11,2,3,3,0,12,12,129.95,1,Debit Card,Female,Mobile Phone,Married
2,18,3,1,3,0,19,14,141.09,1,Credit Card,Female,Mobile Phone,Single
6,26,5,4,1,0,19,6,137.69,2,UPI,Male,Mobile Phone,Single
23,18,4,2,3,0,11,6,187.42,3,E Wallet,Male,Fashion,Married
8,11,4,3,3,1,22,12,148.67,3,Debit Card,Female,Fashion,Divorced
2,16,3,2,5,1,16,29,133.67,3,Debit Card,Male,Fashion,Married
8,11,2,2,5,0,20,2,127.54,2,UPI,Male,Laptop & Accessory,Single
1,14,3,4,3,0,26,15,132.24,3,E Wallet,Female,Mobile Phone,Single
3,24,1,3,4,0,14,21,132.32,1,Credit Card,Female,Mobile Phone,Married
4,32,3,3,5,0,24,15,153.47,1,Credit Card,Male,Laptop & Accessory,Married
25,7,3,2,1,0,22,4,191.62,1,E Wallet,Male,Fashion,Single
8,13,1,5,4,1,13,3,123.31,3,Debit Card,Female,Laptop & Accessory,Married
2,10,2,2,3,0,21,3,130.41,3,Credit Card,Female,Mobile Phone,Single
3,10,2,3,5,0,19,0,91.2,2,E Wallet,Male,Fashion,Married
0,12,2,2,2,0,14,15,146.35,1,Credit Card,Female,Mobile Phone,Single
13,20,4,4,4,1,11,9,174.11,2,Credit Card,Male,Laptop & Accessory,Single
36,9,3,3,2,1,26,1,262.56,2,UPI,Male,Mobile Phone,Married
19,9,4,3,2,0,26,11,224.13,1,Credit Card,Male,Grocery,Divorced
11,21,3,3,3,1,23,20,158.96,2,Debit Card,Male,Mobile Phone,Married
11,14,3,3,4,0,26,12,170.29,1,UPI,Male,Grocery,Married
9,16,2,2,2,0,13,16,137.56,3,Debit Card,Female,Mobile Phone,Married
7,11,4,2,3,0,17,15,158.27,1,UPI,Male,Laptop & Accessory,Married
14,24,3,4,2,0,11,0,133.42,1,Debit Card,Male,Laptop & Accessory,Married
1,19,3,3,1,0,14,15,126.65,1,Credit Card,Male,Grocery,Divorced
6,13,1,4,4,0,12,5,167.15,2,Debit Card,Female,Laptop & Accessory,Married
5,15,4,3,2,1,26,5,138.13,2,Debit Card,Female,Laptop & Accessory,Married
18,14,3,6,3,0,12,1,150.31,2,Credit Card,Male,Laptop & Accessory,Single
10,12,1,2,3,0,22,12,146.11,2,Debit Card,Female,Laptop & Accessory,Married
9,14,3,1,3,1,25,7,152.69,2,Credit Card,Female,Mobile Phone,Married
3,9,1,5,5,0,12,5,123.73,2,COD,Female,Fashion,Divorced
3,23,2,6,5,1,21,3,141.14,2,Credit Card,Female,Laptop & Accessory,Single
1,13,4,3,3,0,20,5,134.14,1,Credit Card,Female,Fashion,Single
10,18,2,1,4,0,17,6,171.95,2,UPI,Female,Fashion,Married
1,23,3,3,1,0,16,7,126.18,1,E Wallet,Male,Mobile Phone,Married
14,17,2,5,2,1,25,3,156.19,1,UPI,Male,Fashion,Married
0,15,1,1,4,0,26,3,110.79,3,UPI,Female,Laptop & Accessory,Married
15,26,3,4,1,0,11,20,148.53,1,E Wallet,Male,Mobile Phone,Single
6,10,5,3,4,0,12,17,150.94,3,Credit Card,Female,Fashion,Married
30,20,1,5,4,0,25,4,193.77,1,Debit Card,Male,Others,Single
6,13,5,3,3,0,25,4,157.33,1,Debit Card,Male,Mobile Phone,Married
4,8,4,4,4,0,22,10,148.77,1,COD,Female,Fashion,Married
7,10,2,4,3,1,21,1,158.32,3,Credit Card,Male,Mobile Phone,Married
5,23,2,4,2,1,11,11,147.23,2,UPI,Male,Mobile Phone,Married
0,13,4,3,5,1,19,0,143.52,1,Debit Card,Male,Grocery,Divorced
2,22,3,3,4,0,13,4,133.5,1,Credit Card,Male,Fashion,Single
8,13,4,2,2,0,14,2,139.0,1,UPI,Female,Laptop & Accessory,Divorced
8,35,2,4,2,0,22,1,168.21,1,E Wallet,Male,Fashion,Single
19,18,2,3,5,0,25,10,211.43,2,Credit Card,Female,Fashion,Single
17,17,2,4,3,0,19,15,181.02,1,Debit Card,Female,Grocery,Married
28,30,2,2,4,0,25,6,215.66,1,Debit Card,Male,Grocery,Married
0,10,2,4,5,0,15,5,116.35,3,Debit Card,Male,Laptop & Accessory,Single
1,13,4,3,5,0,20,6,112.71,1,COD,Male,Laptop & Accessory,Married
1,16,3,2,3,1,19,6,125.61,1,Debit Card,Male,Fashion,Married
40,27,3,5,3,0,17,19,224.97,1,Debit Card,Male,Mobile Phone,Single
18,11,4,2,3,0,15,2,174.17,3,Debit Card,Female,Laptop & Accessory,Married
13,15,5,4,5,0,19,4,174.0,2,Debit Card,Male,Fashion,Married
21,12,1,3,2,1,15,5,184.12,1,Debit Card,Female,Mobile Phone,Single
5,15,4,2,3,0,16,3,136.24,3,E Wallet,Female,Fashion,Married
10,30,4,3,3,1,11,8,149.45,3,Credit Card,Male,Laptop & Accessory,Married
0,19,1,4,4,0,18,9,162.97,1,Credit Card,Female,Mobile Phone,Divorced
1,9,3,3,3,0,11,8,125.89,2,COD,Female,Fashion,Single
36,22,3,2,3,0,20,13,239.97,1,E Wallet,Female,Grocery,Married
13,16,3,4,2,0,25,11,156.43,1,Credit Card,Male,Mobile Phone,Married
2,13,3,4,2,1,24,2,140.36,1,UPI,Female,Mobile Phone,Single
3,9,3,3,1,0,23,21,127.04,3,Credit Card,Male,Grocery,Married
26,9,4,3,4,0,22,11,203.93,3,Credit Card,Female,Laptop & Accessory,Married
2,14,1,3,4,0,22,12,132.31,1,COD,Male,Grocery,Single
28,19,4,2,5,1,20,12,206.72,1,COD,Male,Laptop & Accessory,Married
8,8,3,3,4,0,20,6,149.53,1,E Wallet,Female,Laptop & Accessory,Married
3,19,4,2,5,0,12,14,133.71,3,Debit Card,Male,Laptop & Accessory,Married
11,16,1,3,2,0,12,7,147.76,3,Credit Card,Male,Fashion,Married
25,21,3,3,3,0,25,6,186.72,2,Debit Card,Female,Laptop & Accessory,Married
35,9,3,2,4,0,22,15,210.66,3,UPI,Male,Mobile Phone,Divorced
7,9,3,3,4,0,18,5,163.14,1,Debit Card,Male,Fashion,Single
2,16,4,2,4,0,13,6,109.77,1,Debit Card,Male,Mobile Phone,Married
12,20,3,3,1,0,21,5,155.04,1,UPI,Female,Others,Married
9,15,3,4,2,0,26,15,173.61,1,E Wallet,Female,Mobile Phone,Married
2,13,2,1,5,1,16,5,149.68,1,Debit Card,Male,Laptop & Accessory,Divorced
2,11,2,4,3,0,21,2,159.51,3,Debit Card,Male,Laptop & Accessory,Married
7,14,2,2,2,0,21,18,149.63,1,Credit Card,Male,Fashion,Single
6,24,1,1,2,0,13,10,168.56,2,E Wallet,Male,Fashion,Divorced
19,18,3,3,1,0,16,5,185.11,3,E Wallet,Male,Fashion,Single
23,16,3,2,4,0,12,10,196.97,1,Credit Card,Male,Laptop & Accessory,Married
2,12,2,3,2,0,14,3,139.38,1,COD,Female,Laptop & Accessory,Single
9,9,2,6,2,1,19,6,177.24,1,Debit Card,Female,Fashion,Single
12,21,2,2,2,1,22,7,158.07,2,COD,Male,Laptop & Accessory,Divorced
31,22,4,2,3,1,19,4,208.93,3,COD,Male,Mobile Phone,Divorced
3,9,2,3,5,0,19,3,152.15,3,E Wallet,Male,Mobile Phone,Married
17,23,2,2,2,0,14,2,174.69,3,Debit Card,Male,Fashion,Married
5,19,3,2,4,0,23,6,123.88,3,UPI,Male,Laptop & Accessory,Married
5,26,3,1,1,0,14,8,134.28,2,Debit Card,Female,Mobile Phone,Married
7,29,2,1,4,1,16,10,153.03,1,Credit Card,Female,Laptop & Accessory,Married
8,15,3,1,1,0,15,6,118.13,1,Debit Card,Male,Grocery,Single
2,18,4,3,3,0,23,7,151.7,1,Debit Card,Male,Grocery,Married
8,37,3,4,2,0,26,1,146.08,3,Debit Card,Male,Grocery,Divorced
10,13,2,3,3,0,21,9,140.96,2,Credit Card,Male,Mobile Phone,Single
1,14,3,4,3,0,18,3,103.86,2,Debit Card,Female,Mobile Phone,Married
4,14,3,3,4,0,11,3,148.33,1,Credit Card,Female,Fashion,Married
3,12,3,3,3,0,23,0,138.09,3,Credit Card,Female,Mobile Phone,Single
4,25,1,3,3,0,19,2,163.65,3,Credit Card,Female,Others,Single
47,12,4,3,1,0,11,7,245.39,3,E Wallet,Female,Fashion,Single
6,17,3,3,1,0,16,1,124.9,1,E Wallet,Male,Grocery,Married
61,23,4,5,4,0,18,6,267.14,3,UPI,Female,Fashion,Married
25,15,4,3,3,0,26,28,184.12,3,Debit Card,Male,Mobile Phone,Married
0,15,3,1,2,1,11,13,144.89,2,Credit Card,Female,Fashion,Married
11,22,3,1,3,0,17,3,143.68,3,Credit Card,Female,Laptop & Accessory,Married
1,14,2,4,2,0,25,1,155.88,3,COD,Female,Laptop & Accessory,Single
5,9,3,2,3,0,15,3,157.22,1,Debit Card,Male,Laptop & Accessory,Single
9,21,5,2,2,1,16,8,154.54,3,Credit Card,Male,Fashion,Married
0,16,4,3,2,0,24,2,150.99,3,Debit Card,Female,Fashion,Married
3,30,3,2,1,0,22,4,123.37,1,E Wallet,Female,Laptop & Accessory,Married
10,10,4,3,3,1,25,4,144.16,2,E Wallet,Female,Fashion,Married
1,17,2,4,3,1,11,3,153.19,1,E Wallet,Male,Mobile Phone,Married
18,15,2,3,3,0,19,15,180.68,1,Debit Card,Female,Laptop & Accessory,Divorced
22,18,4,4,3,1,25,8,212.83,1,Debit Card,Female,Grocery,Single
5,11,3,2,4,0,17,16,159.3,1,E Wallet,Female,Mobile Phone,Single
2,20,3,3,3,0,16,5,138.59,3,Debit Card,Male,Laptop & Accessory,Married
32,11,1,2,5,0,17,23,196.45,1,Debit Card,Female,Mobile Phone,Single
1,10,3,4,5,1,25,7,130.15,3,E Wallet,Female,Fashion,Married
11,14,1,3,2,0,16,3,131.3,2,Debit Card,Male,Fashion,Married
4,12,2,2,2,1,17,2,98.58,3,Credit Card,Male,Fashion,Married
23,22,2,3,3,0,13,6,179.83,1,Credit Card,Male,Fashion,Married
3,25,3,2,3,0,17,8,142.22,2,Debit Card,Female,Laptop & Accessory,Single
12,12,3,3,1,0,21,4,185.72,3,Credit Card,Female,Mobile Phone,Divorced
16,12,4,6,5,0,21,2,151.98,2,Credit Card,Male,Laptop & Accessory,Divorced
6,39,4,3,3,0,13,1,171.94,3,Credit Card,Male,Mobile Phone,Single
31,37,3,3,5,0,12,4,209.53,3,Credit Card,Male,Laptop & Accessory,Married
3,20,2,3,2,1,13,2,135.12,3,Debit Card,Female,Fashion,Married
1,25,2,1,1,1,15,11,141.1,1,E Wallet,Female,Grocery,Divorced
12,14,3,1,5,0,11,35,133.85,2,Debit Card,Female,Others,Married
23,17,1,3,5,0,23,7,161.73,1,UPI,Female,Laptop & Accessory,Married
16,16,3,1,3,0,13,1,144.81,1,Credit Card,Female,Fashion,Divorced
11,13,2,1,5,1,21,2,134.24,2,Credit Card,Male,Laptop & Accessory,Married
4,26,3,3,3,0,11,4,153.05,1,E Wallet,Male,Laptop & Accessory,Married
10,14,2,5,5,0,19,8,162.56,3,Credit Card,Male,Laptop & Accessory,Divorced
16,25,4,2,2,0,21,7,156.24,3,Debit Card,Male,Laptop & Accessory,Divorced
14,21,2,4,2,0,13,6,199.24,2,E Wallet,Male,Grocery,Single
12,16,4,4,2,0,16,9,158.88,2,E Wallet,Male,Laptop & Accessory,Single
11,26,2,4,4,0,26,10,165.11,2,Credit Card,Female,Mobile Phone,Married
17,8,3,6,3,0,19,27,193.59,3,Debit Card,Male,Others,Divorced
6,14,3,3,3,0,13,2,168.16,1,E Wallet,Male,Laptop & Accessory,Single
9,11,3,2,3,0,25,9,155.79,2,Credit Card,Female,Fashion,Single
17,47,3,4,2,0,17,3,173.56,3,Credit Card,Female,Laptop & Accessory,Single
0,14,3,2,1,0,26,8,114.39,2,Debit Card,Male,Mobile Phone,Divorced
17,40,3,2,1,1,12,10,169.89,2,COD,Male,Fashion,Married
19,13,3,5,3,1,14,5,203.27,1,Debit Card,Male,Mobile Phone,Single
4,10,2,3,1,0,15,2,147.69,1,Credit Card,Female,Fashion,Single
6,19,2,4,2,0,21,5,146.15,1,Credit Card,Male,Laptop & Accessory,Single
20,26,3,2,1,1,26,9,180.32,1,Credit Card,Female,Laptop & Accessory,Married
28,32,3,4,4,1,20,1,172.84,2,COD,Female,Mobile Phone,Single
33,20,3,3,4,1,11,19,232.04,1,Credit Card,Male,Mobile Phone,Married
37,13,3,4,4,1,16,16,223.45,3,COD,Male,Fashion,Single
0,22,3,2,3,1,24,13,115.82,1,Credit Card,Male,Fashion,Married
1,19,4,3,3,0,12,2,120.44,1,E Wallet,Female,Laptop & Accessory,Single
28,13,2,5,1,1,25,5,192.18,1,E Wallet,Female,Mobile Phone,Single
10,38,2,4,4,0,26,32,185.67,2,Credit Card,Male,Grocery,Married
19,14,3,3,2,1,22,5,178.88,1,Debit Card,Female,Grocery,Married
2,12,3,4,3,0,22,4,142.98,1,Credit Card,Male,Mobile Phone,Single
28,16,3,1,5,0,19,8,209.2,2,E Wallet,Male,Grocery,Married
3,7,2,3,3,1,26,5,136.27,1,Credit Card,Female,Laptop & Accessory,Married
10,18,4,2,3,1,23,14,145.93,2,UPI,Female,Laptop & Accessory,Married
9,9,2,5,3,0,17,3,124.78,1,Credit Card,Female,Fashion,Married
41,14,4,3,3,0,26,3,225.95,3,Debit Card,Female,Others,Married
4,15,3,2,4,1,11,5,162.82,2,Debit Card,Female,Laptop & Accessory,Married
3,34,4,2,3,1,11,18,113.52,1,E Wallet,Female,Mobile Phone,Divorced
16,16,3,4,4,0,15,19,188.43,2,Debit Card,Female,Fashion,Divorced
13,18,3,3,3,0,11,10,192.15,1,E Wallet,Male,Mobile Phone,Married
39,14,2,2,1,0,18,6,249.41,2,Credit Card,Male,Laptop & Accessory,Married
25,13,2,4,2,0,11,1,209.99,3,Debit Card,Female,Others,Married
15,26,3,3,5,0,22,0,184.44,1,Credit Card,Male,Mobile Phone,Married
12,14,2,1,1,1,12,6,159.8,2,Credit Card,Female,Fashion,Divorced
21,26,3,1,5,0,25,17,212.13,2,Credit Card,Male,Laptop & Accessory,Divorced
0,20,2,2,4,0,18,10,112.7,2,Debit Card,Female,Others,Married
12,30,3,2,4,0,14,5,156.18,3,E Wallet,Female,Laptop & Accessory,Married
8,24,3,3,1,0,15,5,154.2,1,UPI,Female,Mobile Phone,Single
18,19,4,3,1,0,11,3,210.52,2,UPI,Female,Grocery,Married
2,15,2,4,3,1,19,23,113.15,3,Debit Card,Male,Mobile Phone,Married
19,12,2,2,1,0,19,2,138.52,3,COD,Male,Grocery,Single
28,15,4,3,3,0,21,24,222.72,3,Credit Card,Female,Laptop & Accessory,Married
13,14,5,2,4,0,20,18,158.74,1,E Wallet,Male,Laptop & Accessory,Single
23,16,4,2,5,1,12,2,212.28,1,E Wallet,Male,Laptop & Accessory,Married
0,20,2,2,3,0,16,6,129.9,1,COD,Female,Laptop & Accessory,Single
7,15,2,3,4,1,11,19,160.05,1,Credit Card,Female,Fashion,Single
12,8,2,4,2,0,18,3,146.16,1,UPI,Male,Fashion,Married
3,12,4,3,5,1,21,4,113.06,3,UPI,Female,Laptop & Accessory,Single
0,33,3,3,4,0,15,1,134.93,3,E Wallet,Male,Mobile Phone,Single
3,53,4,3,1,0,13,13,125.07,2,E Wallet,Female,Grocery,Single
0,6,2,4,3,1,14,9,126.07,3,Credit Card,Female,Fashion,Single
13,14,2,3,3,1,22,5,180.87,3,Debit Card,Male,Laptop & Accessory,Married
3,19,3,1,1,1,19,2,151.21,1,Credit Card,Male,Grocery,Single
61,16,2,2,2,0,17,6,289.76,3,Debit Card,Male,Laptop & Accessory,Married
4,17,4,3,3,1,13,0,135.34,3,Credit Card,Male,Others,Married
2,12,3,2,3,1,23,4,136.7,2,COD,Female,Mobile Phone,Married
0,19,2,1,2,0,18,8,124.21,3,E Wallet,Male,Mobile Phone,Married
7,15,4,3,1,1,26,4,147.45,2,Credit Card,Male,Mobile Phone,Married
27,23,3,3,3,0,18,7,205.42,3,Debit Card,Male,Others,Married
5,13,3,4,2,0,25,0,128.59,3,E Wallet,Male,Laptop & Accessory,Married
1,14,4,2,3,0,19,12,124.12,1,E Wallet,Female,Fashion,Married
1,7,3,3,3,1,18,13,161.8,3,Credit Card,Male,Fashion,Married
13,9,3,3,2,0,22,16,159.48,1,Credit Card,Male,Mobile Phone,Married
9,19,2,6,1,0,22,4,137.5,2,E Wallet,Male,Others,Single
0,10,4,3,3,1,12,4,156.33,2,Credit Card,Female,Fashion,Married
6,17,3,3,2,0,15,7,148.67,2,Credit Card,Male,Fashion,Married
7,15,3,4,3,0,13,7,171.98,2,Credit Card,Female,Fashion,Married
11,16,1,1,3,0,20,4,174.45,1,E Wallet,Male,Mobile Phone,Single
3,8,3,5,3,0,26,16,127.84,1,Credit Card,Female,Grocery,Single
8,15,2,4,3,1,24,7,165.72,1,Credit Card,Male,Fashion,Married
5,15,2,4,1,0,22,4,170.71,1,Debit Card,Female,Fashion,Single
18,15,1,3,4,0,24,14,183.96,2,UPI,Male,Fashion,Married
2,11,3,3,3,1,11,7,138.24,2,Credit Card,Male,Mobile Phone,Single
10,25,3,3,1,1,19,7,141.0,3,Debit Card,Female,Laptop & Accessory,Married
24,7,2,3,3,0,12,4,179.98,2,Credit Card,Female,Fashion,Divorced
1,10,4,4,2,1,20,6,131.54,2,COD,Male,Mobile Phone,Single
18,7,4,3,4,0,11,2,181.27,1,UPI,Female,Fashion,Married
3,19,3,3,3,1,20,12,111.02,2,Debit Card,Male,Fashion,Married
12,14,4,1,1,1,23,4,187.02,2,E Wallet,Female,Mobile Phone,Married
4,15,3,4,2,0,16,18,142.66,3,Credit Card,Female,Grocery,Single
12,12,2,3,4,0,14,10,149.53,2,Credit Card,Female,Mobile Phone,Married
3,29,1,3,2,1,19,2,137.06,1,Credit Card,Male,Fashion,Married
18,24,4,3,2,1,14,7,182.55,3,E Wallet,Male,Others,Single
61,11,4,5,4,0,15,1,269.43,3,Debit Card,Male,Others,Married
19,33,1,4,3,0,14,2,189.71,3,Credit Card,Male,Grocery,Divorced
6,20,1,2,3,0,13,6,108.12,2,Credit Card,Female,Laptop & Accessory,Single
59,7,4,2,2,0,17,6,276.45,3,Debit Card,Female,Laptop & Accessory,Single
61,17,5,2,3,0,18,11,263.78,3,Debit Card,Male,Fashion,Single
11,17,3,4,5,0,21,23,146.88,2,Credit Card,Male,Laptop & Accessory,Married
36,14,2,3,3,0,22,2,232.96,1,Debit Card,Male,Laptop & Accessory,Married
3,31,2,3,4,0,18,5,130.14,1,UPI,Female,Mobile Phone,Married
6,15,3,3,4,0,25,13,125.45,2,UPI,Male,Mobile Phone,Married
12,19,2,4,2,1,15,2,166.26,2,Debit Card,Female,Fashion,Married
12,10,4,4,2,1,26,7,187.74,1,E Wallet,Male,Laptop & Accessory,Single
2,22,4,2,5,0,17,9,174.54,3,Debit Card,Female,Mobile Phone,Married
2,19,4,2,1,0,11,7,160.2,1,Credit Card,Male,Laptop & Accessory,Married
12,13,3,2,1,0,21,4,170.93,1,Credit Card,Female,Grocery,Divorced
10,10,1,3,3,0,21,5,174.06,3,UPI,Male,Mobile Phone,Married
10,27,2,4,2,1,19,2,165.34,3,UPI,Male,Others,Single
8,9,3,6,4,1,16,4,150.04,1,UPI,Female,Grocery,Single
0,11,2,3,2,0,24,1,145.5,3,Debit Card,Male,Fashion,Divorced
7,9,3,3,1,0,14,13,146.17,1,Debit Card,Male,Laptop & Accessory,Married
3,10,3,3,5,0,21,8,134.04,1,Credit Card,Male,Fashion,Married
10,9,3,2,5,0,26,2,168.66,3,E Wallet,Male,Fashion,Married
1,44,4,3,5,0,25,6,147.29,1,Debit Card,Male,Fashion,Married
8,12,5,1,1,0,18,21,160.34,3,Debit Card,Male,Mobile Phone,Married
4,19,4,1,3,0,20,17,151.82,2,Credit Card,Female,Laptop & Accessory,Single
18,14,2,5,3,0,25,20,197.6,1,Debit Card,Female,Mobile Phone,Married
2,9,3,2,2,0,23,0,125.5,3,COD,Female,Mobile Phone,Married
0,26,3,3,3,1,23,10,105.97,3,E Wallet,Female,Others,Single
21,26,2,1,1,1,13,2,186.92,3,Credit Card,Male,Mobile Phone,Single
9,21,4,3,5,0,15,19,161.23,3,COD,Male,Grocery,Single
29,23,4,3,3,1,24,6,202.01,2,E Wallet,Male,Laptop & Accessory,Single
49,15,1,2,2,1,15,4,268.93,1,Credit Card,Male,Mobile Phone,Divorced
1,7,3,2,3,0,18,6,121.25,1,E Wallet,Female,Mobile Phone,Divorced
4,12,3,3,3,0,13,6,154.97,2,Credit Card,Male,Laptop & Accessory,Married
2,15,2,1,5,1,24,3,164.92,1,UPI,Female,Mobile Phone,Single
6,33,2,3,3,0,16,9,156.56,1,E Wallet,Male,Laptop & Accessory,Divorced
0,13,2,3,4,0,22,6,173.16,1,Credit Card,Male,Laptop & Accessory,Single
1,39,3,2,3,0,21,9,118.54,1,Debit Card,Male,Fashion,Married
36,19,4,4,2,0,17,5,223.11,1,Debit Card,Male,Laptop & Accessory,Married
33,15,3,4,3,0,17,3,240.02,1,Debit Card,Male,Mobile Phone,Married
1,13,2,2,2,0,24,14,111.73,2,Credit Card,Male,Laptop & Accessory,Single
9,9,4,4,5,0,18,10,129.93,1,COD,Male,Mobile Phone,Married
5,12,2,3,1,0,18,3,129.28,1,COD,Male,Fashion,Single
10,15,3,3,5,0,18,3,158.42,3,Debit Card,Male,Laptop & Accessory,Single
44,10,4,1,2,0,21,13,245.54,3,Debit Card,Female,Laptop & Accessory,Single
61,12,4,4,4,1,18,4,280.07,2,Credit Card,Female,Laptop & Accessory,Single
1,13,3,2,5,1,15,8,128.91,1,Debit Card,Male,Mobile Phone,Single
56,18,2,3,2,0,11,14,286.98,2,Debit Card,Male,Mobile Phone,Single
4,14,3,2,3,1,26,3,148.67,2,Debit Card,Male,Mobile Phone,Divorced
25,15,4,3,1,0,16,21,202.03,1,COD,Female,Laptop & Accessory,Single
25,28,1,4,2,1,13,22,196.29,3,E Wallet,Male,Laptop & Accessory,Single
26,29,3,2,2,1,20,14,200.62,1,UPI,Female,Grocery,Married
30,15,1,1,5,1,17,3,213.9,3,Credit Card,Female,Fashion,Divorced
12,20,5,6,2,0,26,14,147.91,1,E Wallet,Male,Laptop & Accessory,Married
9,20,3,4,2,0,26,23,142.68,2,Credit Card,Female,Mobile Phone,Married
5,26,4,2,5,0,21,4,128.07,1,E Wallet,Male,Others,Single
19,29,2,4,3,1,20,18,167.36,3,E Wallet,Male,Fashion,Married
15,19,3,3,4,0,26,14,165.18,2,E Wallet,Male,Mobile Phone,Single
8,15,2,2,4,0,21,2,186.65,1,Debit Card,Female,Laptop & Accessory,Single
9,9,2,2,2,0,16,11,162.21,1,UPI,Female,Mobile Phone,Married
1,28,3,3,3,0,18,2,137.2,2,UPI,Male,Mobile Phone,Single
0,8,4,2,1,0,20,4,150.89,3,E Wallet,Male,Mobile Phone,Married
10,16,4,3,3,1,26,19,139.81,1,Debit Card,Male,Mobile Phone,Single
5,10,1,3,1,0,23,6,163.93,3,UPI,Male,Fashion,Single
4,10,2,2,1,0,20,2,122.51,3,COD,Male,Mobile Phone,Married
1,24,1,5,4,0,16,5,129.78,1,E Wallet,Male,Fashion,Married
1,38,2,3,5,0,22,8,134.62,3,Debit Card,Female,Mobile Phone,Married
4,18,2,3,4,0,16,8,134.12,2,UPI,Female,Others,Married
8,23,3,3,3,0,24,6,138.74,2,Credit Card,Female,Fashion,Single
5,22,2,4,4,0,15,3,152.68,2,Debit Card,Male,Grocery,Married
10,12,4,5,3,1,18,3,148.25,2,Credit Card,Male,Fashion,Single
5,32,4,4,2,0,11,5,139.35,1,UPI,Male,Laptop & Accessory,Single
8,10,3,3,4,0,25,7,155.64,2,E Wallet,Female,Others,Married
6,10,1,3,2,1,24,8,151.92,3,COD,Female,Fashion,Married
11,10,4,3,5,0,20,7,179.76,1,E Wallet,Female,Fashion,Married
8,10,2,2,2,0,14,2,177.27,3,Debit Card,Male,Grocery,Married
24,13,4,2,4,1,20,16,179.79,1,Credit Card,Male,Mobile Phone,Married
0,14,2,4,4,0,20,13,121.78,3,Credit Card,Female,Fashion,Married
37,20,1,1,5,1,14,3,226.32,2,Debit Card,Female,Laptop & Accessory,Single
14,18,2,1,4,0,14,6,165.71,1,UPI,Male,Laptop & Accessory,Single
13,16,2,1,5,0,22,4,164.94,1,Debit Card,Female,Fashion,Married
13,12,3,3,3,1,22,2,163.36,1,UPI,Male,Fashion,Married
3,18,2,4,5,0,21,5,134.24,1,Credit Card,Female,Fashion,Married
3,9,4,2,3,0,12,8,165.75,1,E Wallet,Female,Laptop & Accessory,Married
14,24,3,2,3,0,13,13,167.89,2,COD,Male,Mobile Phone,Single
7,18,4,3,3,0,23,3,164.68,1,UPI,Male,Fashion,Divorced
4,10,1,1,4,0,26,2,162.89,1,Credit Card,Male,Grocery,Single
20,25,4,5,5,0,16,4,176.36,1,Credit Card,Female,Others,Married
10,22,4,3,3,0,11,4,171.87,2,Credit Card,Male,Laptop & Accessory,Divorced
2,13,3,3,2,0,17,3,122.15,2,E Wallet,Male,Mobile Phone,Married
4,8,2,2,4,0,13,3,127.28,3,UPI,Male,Laptop & Accessory,Married
0,26,2,4,1,0,15,5,135.2,1,Credit Card,Female,Others,Divorced
29,23,3,3,1,0,12,12,173.69,1,E Wallet,Male,Mobile Phone,Married
20,28,4,3,3,1,17,11,173.39,1,E Wallet,Female,Fashion,Married
1,13,5,4,3,1,13,5,134.85,3,Credit Card,Male,Others,Single
16,7,3,3,3,1,13,1,185.19,1,E Wallet,Male,Laptop & Accessory,Divorced
3,17,2,4,1,1,19,2,132.15,1,Debit Card,Male,Grocery,Married
11,20,4,2,2,0,13,27,149.31,2,UPI,Male,Laptop & Accessory,Married
6,21,2,2,3,0,22,11,153.83,1,Debit Card,Female,Others,Single
3,9,5,2,3,1,26,5,135.04,2,Debit Card,Female,Mobile Phone,Married
8,19,3,1,2,1,22,12,138.78,1,COD,Female,Fashion,Divorced
0,15,2,3,4,0,12,17,107.31,2,Debit Card,Male,Laptop & Accessory,Married
1,12,4,2,3,1,23,3,117.02,3,Debit Card,Female,Others,Married
61,9,3,2,3,0,25,10,300.73,1,Debit Card,Male,Fashion,Divorced
3,23,2,6,5,0,13,3,127.96,2,E Wallet,Female,Fashion,Married
7,12,2,4,3,0,24,11,124.22,3,Credit Card,Female,Grocery,Married
10,18,5,4,5,0,12,8,143.93,1,Debit Card,Male,Fashion,Single
13,20,5,2,2,0,12,2,181.25,1,E Wallet,Male,Fashion,Single
9,9,3,1,4,0,19,9,157.18,1,Credit Card,Female,Mobile Phone,Married
8,12,4,4,5,0,20,3,154.28,3,COD,Male,Mobile Phone,Single
4,26,4,1,3,1,22,7,150.89,2,Credit Card,Male,Laptop & Accessory,Divorced
4,23,2,2,1,0,25,8,135.53,1,Debit Card,Male,Fashion,Married
27,11,3,5,4,0,22,8,185.93,3,Credit Card,Male,Laptop & Accessory,Married
6,16,2,5,3,0,24,16,116.29,1,E Wallet,Female,Fashion,Married
21,13,4,2,3,0,11,5,208.02,2,Credit Card,Female,Mobile Phone,Married
33,25,3,3,3,1,18,4,200.92,1,COD,Female,Mobile Phone,Single
8,13,2,2,3,0,14,1,146.27,2,Credit Card,Male,Mobile Phone,Single
6,6,1,1,3,0,22,4,165.08,2,Debit Card,Female,Grocery,Married
10,23,3,2,4,1,12,4,174.02,3,Debit Card,Female,Mobile Phone,Single
1,28,3,2,3,0,14,9,148.8,1,Debit Card,Male,Grocery,Single
14,25,2,4,5,0,23,4,165.06,3,UPI,Female,Grocery,Single
28,13,1,3,3,0,15,3,175.93,2,Credit Card,Male,Mobile Phone,Married
51,23,3,2,5,1,15,0,265.81,3,Debit Card,Male,Laptop & Accessory,Married
15,13,5,2,3,0,17,7,166.28,2,UPI,Female,Grocery,Married
14,15,3,1,3,0,24,9,156.57,2,E Wallet,Male,Mobile Phone,Single
11,18,4,5,2,0,24,7,160.55,3,Debit Card,Male,Fashion,Married
7,11,2,4,3,1,19,4,140.14,3,E Wallet,Male,Others,Married
23,7,3,3,1,0,24,6,183.36,1,COD,Female,Fashion,Married
6,13,2,3,4,0,21,3,149.65,2,Debit Card,Male,Others,Married
1,14,2,3,3,1,12,6,108.49,3,Credit Card,Male,Fashion,Married
7,19,3,4,2,0,17,9,121.14,1,E Wallet,Male,Fashion,Married
5,17,3,3,2,0,24,10,158.42,3,E Wallet,Male,Mobile Phone,Single
1,8,3,2,2,0,23,4,150.61,2,E Wallet,Male,Fashion,Married
6,11,1,5,4,1,23,7,139.05,3,E Wallet,Female,Mobile Phone,Married
38,31,2,4,5,0,20,5,228.59,2,Debit Card,Male,Fashion,Divorced
1,24,1,4,2,0,21,18,157.06,1,E Wallet,Female,Laptop & Accessory,Single
10,26,3,2,4,1,16,1,134.67,2,Debit Card,Male,Laptop & Accessory,Married
4,10,3,5,3,1,22,1,127.85,1,Debit Card,Male,Grocery,Married
0,13,3,1,3,0,13,3,142.01,3,Debit Card,Female,Mobile Phone,Divorced
3,10,3,3,5,0,13,5,151.7,2,E Wallet,Male,Mobile Phone,Married
12,19,2,6,4,0,16,7,138.32,1,Debit Card,Female,Mobile Phone,Divorced
13,17,3,3,1,1,18,16,189.73,1,UPI,Female,Fashion,Single
4,13,3,1,2,0,23,18,105.12,1,E Wallet,Female,Fashion,Divorced
4,8,3,2,3,1,16,6,147.99,2,UPI,Male,Others,Married
1,15,2,5,2,1,23,5,119.42,3,Debit Card,Female,Laptop & Accessory,Single
4,21,4,2,4,0,16,4,148.97,3,COD,Female,Laptop & Accessory,Divorced
2,19,4,2,5,0,21,7,150.6,1,Credit Card,Female,Laptop & Accessory,Married
1,12,4,4,2,0,14,5,121.4,1,COD,Female,Laptop & Accessory,Married
8,13,2,2,2,0,23,4,153.12,3,Credit Card,Male,Grocery,Single
1,28,3,3,3,0,17,9,166.72,2,Credit Card,Female,Laptop & Accessory,Divorced
10,8,2,6,3,1,23,6,149.29,1,Credit Card,Male,Laptop & Accessory,Married
16,16,3,4,1,1,17,6,188.62,2,Debit Card,Female,Others,Single
8,8,3,4,4,1,19,8,172.58,3,Debit Card,Female,Fashion,Single
3,12,3,2,2,1,25,8,134.03,1,Credit Card,Female,Laptop & Accessory,Married
0,17,3,2,5,1,23,14,132.14,3,E Wallet,Female,Laptop & Accessory,Married
9,11,3,3,3,1,18,17,141.18,1,E Wallet,Male,Mobile Phone,Single
8,35,2,5,5,0,19,6,139.88,2,UPI,Male,Grocery,Single
10,22,3,4,2,0,11,4,134.97,3,Credit Card,Male,Grocery,Married
11,6,3,2,3,0,14,9,161.1,2,UPI,Male,Mobile Phone,Divorced
33,16,2,4,3,0,24,4,202.2,2,E Wallet,Female,Fashion,Divorced
22,11,3,2,5,0,13,4,204.57,3,Credit Card,Female,Laptop & Accessory,Single
0,11,4,2,3,0,13,9,138.06,1,UPI,Male,Laptop & Accessory,Married
36,23,1,2,2,1,23,3,221.36,1,Credit Card,Male,Fashion,Married
8,20,2,3,5,0,16,3,172.66,2,UPI,Female,Laptop & Accessory,Divorced
24,12,5,4,2,0,26,17,212.07,2,E Wallet,Male,Fashion,Single
3,9,3,3,3,0,14,3,157.41,2,COD,Male,Laptop & Accessory,Single
13,31,3,1,3,0,12,1,154.04,1,Debit Card,Male,Fashion,Married
4,18,2,4,5,1,19,9,153.19,2,Credit Card,Male,Mobile Phone,Divorced
10,12,2,4,1,0,12,2,161.43,2,Credit Card,Female,Fashion,Married
17,8,3,3,3,1,21,16,188.23,3,UPI,Female,Others,Single
11,24,3,2,3,1,23,6,145.55,2,COD,Female,Grocery,Married
2,24,3,6,5,0,16,4,131.48,1,Debit Card,Male,Fashion,Married
9,24,2,4,2,0,14,6,145.85,3,Credit Card,Female,Mobile Phone,Married
4,8,4,3,3,0,17,17,159.51,3,Credit Card,Male,Fashion,Divorced
0,24,3,2,5,0,16,4,139.81,3,E Wallet,Female,Laptop & Accessory,Single
12,26,1,2,2,1,13,8,172.16,1,E Wallet,Male,Laptop & Accessory,Married
50,9,3,4,5,0,17,6,265.58,2,COD,Male,Grocery,Divorced
21,22,2,4,5,0,20,4,171.53,3,COD,Female,Mobile Phone,Single
29,27,2,4,1,0,22,8,197.92,1,Credit Card,Female,Fashion,Married
8,12,4,4,4,1,13,5,157.43,3,Credit Card,Female,Mobile Phone,Single
3,16,3,4,1,1,25,6,114.15,3,Credit Card,Male,Laptop & Accessory,Married
3,9,1,1,3,0,26,13,141.82,1,Credit Card,Male,Others,Married
12,17,2,3,2,1,24,0,132.83,2,UPI,Male,Fashion,Married
1,14,1,6,2,1,20,15,129.64,1,E Wallet,Male,Laptop & Accessory,Married
11,29,2,3,5,0,12,4,173.61,2,E Wallet,Male,Grocery,Divorced
6,21,1,2,2,0,13,6,171.43,3,COD,Male,Laptop & Accessory,Single
25,20,3,2,5,0,18,17,170.5,1,E Wallet,Male,Fashion,Married
4,8,5,2,5,0,21,3,162.82,3,Credit Card,Female,Laptop & Accessory,Single
6,9,4,3,1,0,22,1,182.11,1,E Wallet,Male,Fashion,Married
19,17,2,2,3,0,12,13,189.11,2,Credit Card,Female,Fashion,Married
4,16,4,4,4,1,16,3,159.58,3,Credit Card,Female,Laptop & Accessory,Single
14,17,3,4,3,0,15,4,173.83,3,Debit Card,Male,Laptop & Accessory,Single
1,22,4,4,2,1,19,7,126.75,3,Debit Card,Female,Others,Married
10,13,5,3,4,0,14,3,153.31,3,Credit Card,Male,Grocery,Married
2,18,4,3,4,0,16,6,136.73,3,E Wallet,Male,Mobile Phone,Divorced
13,16,2,1,1,0,20,10,152.92,3,COD,Male,Others,Married
0,18,2,3,1,1,14,4,117.55,3,E Wallet,Female,Mobile Phone,Single
11,16,4,2,1,1,12,3,153.5,1,E Wallet,Female,Fashion,Single
8,13,3,3,2,1,19,7,149.92,2,Debit Card,Male,Laptop & Accessory,Married
8,14,2,3,4,0,20,3,142.49,3,Credit Card,Female,Mobile Phone,Married
2,18,3,3,3,0,20,23,118.31,1,COD,Female,Grocery,Married
6,6,1,3,4,1,13,7,148.49,1,Credit Card,Female,Mobile Phone,Married
0,23,4,3,3,0,19,8,113.39,1,Debit Card,Male,Mobile Phone,Single
13,11,2,3,3,1,12,9,154.06,1,Credit Card,Male,Grocery,Divorced
7,12,3,3,2,0,26,7,149.37,2,UPI,Male,Fashion,Divorced
6,11,4,4,5,0,16,7,154.39,2,Debit Card,Male,Laptop & Accessory,Married
16,22,2,4,3,0,13,3,189.42,2,Credit Card,Female,Others,Married
20,30,1,3,2,1,24,13,170.11,1,E Wallet,Male,Laptop & Accessory,Single
4,19,4,5,1,0,26,5,148.55,1,E Wallet,Female,Mobile Phone,Married
10,16,3,2,4,0,16,7,168.86,1,E Wallet,Female,Mobile Phone,Married
3,31,2,2,1,1,24,1,102.98,2,UPI,Female,Laptop & Accessory,Married
5,9,2,4,2,0,18,9,146.46,1,COD,Female,Laptop & Accessory,Married
61,7,3,1,3,0,25,7,266.78,1,UPI,Male,Grocery,Married
0,10,4,3,2,0,17,8,152.08,2,Debit Card,Male,Laptop & Accessory,Divorced
8,23,3,4,2,0,20,0,144.5,3,Credit Card,Female,Laptop & Accessory,Married
45,26,2,4,2,0,16,2,231.28,1,E Wallet,Female,Laptop & Accessory,Single
0,9,2,2,4,0,12,2,133.48,1,Credit Card,Female,Grocery,Divorced
7,10,2,4,4,0,12,3,113.81,3,Debit Card,Female,Laptop & Accessory,Married
4,19,4,4,4,0,13,1,168.04,2,Credit Card,Male,Mobile Phone,Single
0,8,2,2,2,1,19,9,112.07,2,Debit Card,Male,Fashion,Married
3,18,4,3,1,0,23,2,139.53,2,Credit Card,Female,Fashion,Single
35,16,5,2,3,0,15,8,235.19,1,E Wallet,Male,Laptop & Accessory,Married
5,11,5,2,5,0,12,10,163.62,2,Debit Card,Female,Fashion,Single
0,11,4,2,2,0,16,5,128.89,2,Credit Card,Male,Laptop & Accessory,Married
2,9,5,3,3,0,21,14,145.23,1,COD,Female,Others,Married
16,10,3,2,1,0,12,7,155.91,3,E Wallet,Female,Mobile Phone,Married
22,15,3,4,4,0,25,6,200.49,1,COD,Female,Laptop & Accessory,Single
6,25,2,3,1,1,24,5,161.46,3,COD,Female,Laptop & Accessory,Married
1,11,3,3,2,1,19,6,132.73,1,Debit Card,Male,Fashion,Married
9,10,3,2,3,1,24,11,165.97,2,E Wallet,Male,Fashion,Single
17,13,3,3,3,1,11,3,178.23,3,Credit Card,Male,Laptop & Accessory,Married
9,22,3,2,4,0,14,4,122.88,1,UPI,Female,Mobile Phone,Single
8,20,4,2,2,0,26,13,151.29,1,UPI,Male,Laptop & Accessory,Married
7,15,3,2,4,0,13,16,159.08,2,Debit Card,Male,Mobile Phone,Single
1,18,5,2,4,0,18,3,148.74,2,Debit Card,Female,Laptop & Accessory,Married
61,13,2,3,2,0,15,10,293.93,1,Debit Card,Female,Mobile Phone,Married
1,30,3,2,5,0,18,2,135.32,2,Debit Card,Female,Fashion,Married
20,20,3,2,3,0,11,5,164.1,1,Debit Card,Male,Fashion,Single
45,15,3,1,4,0,18,4,257.2,3,Credit Card,Female,Mobile Phone,Married
33,16,4,3,1,0,22,12,207.9,1,Debit Card,Female,Fashion,Single
10,17,3,4,1,0,24,6,161.31,1,Debit Card,Male,Laptop & Accessory,Single
3,10,4,2,4,0,13,9,144.87,1,Credit Card,Male,Laptop & Accessory,Married
18,33,4,3,3,0,14,8,195.34,2,Credit Card,Female,Fashion,Married
4,14,2,3,1,0,16,3,139.97,1,UPI,Male,Mobile Phone,Married
6,14,4,3,5,1,24,6,132.49,2,E Wallet,Male,Fashion,Married
7,16,1,5,1,1,20,10,169.47,3,Debit Card,Female,Fashion,Married
19,12,4,4,3,1,24,27,179.04,3,E Wallet,Male,Grocery,Divorced
2,18,4,3,5,0,21,2,134.05,2,Credit Card,Male,Grocery,Single
0,15,1,2,1,0,18,0,137.48,2,Debit Card,Male,Mobile Phone,Married
46,21,5,3,4,0,19,5,239.84,1,Debit Card,Female,Mobile Phone,Single
28,6,3,1,5,0,23,2,188.17,2,UPI,Male,Fashion,Married
7,15,4,1,3,0,11,5,140.08,3,Credit Card,Male,Mobile Phone,Single
8,9,1,3,4,0,12,11,177.96,2,E Wallet,Female,Grocery,Single
8,9,3,3,3,0,21,2,156.58,2,Debit Card,Male,Mobile Phone,Single
20,35,2,6,3,0,18,15,183.49,1,COD,Male,Grocery,Single
12,11,2,1,4,0,15,5,150.92,1,Debit Card,Male,Fashion,Single
2,11,3,4,4,1,12,11,138.04,2,E Wallet,Male,Laptop & Accessory,Single
26,26,2,2,2,0,19,19,183.07,3,Credit Card,Female,Laptop & Accessory,Single
0,25,3,2,4,1,23,3,121.66,3,E Wallet,Male,Fashion,Single
12,17,2,2,4,0,17,5,138.87,1,Credit Card,Female,Mobile Phone,Single
4,13,2,2,5,0,15,10,117.79,1,COD,Male,Laptop & Accessory,Married
23,16,1,1,5,0,18,5,183.14,2,Credit Card,Female,Mobile Phone,Married
37,18,4,2,1,0,23,6,252.62,2,Debit Card,Male,Laptop & Accessory,Married
13,13,2,2,4,0,16,9,147.26,1,UPI,Male,Mobile Phone,Married
12,16,2,2,5,1,22,13,200.55,3,Credit Card,Male,Mobile Phone,Married
34,12,4,3,3,0,21,1,205.98,1,Credit Card,Female,Mobile Phone,Married
13,36,1,1,1,0,16,2,155.06,1,Debit Card,Male,Grocery,Divorced
12,11,5,3,2,0,20,3,172.67,1,Credit Card,Female,Others,Single
16,8,3,4,3,0,25,2,160.81,1,Debit Card,Male,Fashion,Married
8,7,3,3,2,0,15,12,159.8,3,Credit Card,Male,Fashion,Married
4,18,2,3,1,1,19,5,149.09,3,Credit Card,Female,Laptop & Accessory,Single
0,13,2,1,4,1,14,3,151.21,3,E Wallet,Male,Mobile Phone,Married
45,10,2,5,3,0,18,5,244.87,3,E Wallet,Male,Mobile Phone,Married
40,11,4,2,3,0,19,7,242.13,3,E Wallet,Female,Others,Married
4,26,2,2,3,1,22,6,141.01,3,Debit Card,Female,Laptop & Accessory,Married
2,29,3,4,3,0,26,15,153.92,1,Debit Card,Female,Fashion,Married
13,19,2,1,3,0,15,6,154.27,1,Credit Card,Male,Mobile Phone,Single
10,8,3,5,3,0,16,8,164.15,1,Debit Card,Female,Laptop & Accessory,Divorced
12,24,1,2,4,0,26,2,147.68,2,Debit Card,Female,Laptop & Accessory,Married
50,14,2,4,5,0,24,21,267.52,2,UPI,Female,Grocery,Married
8,10,3,3,4,0,17,5,153.28,1,Debit Card,Male,Mobile Phone,Married
49,22,4,3,5,1,24,4,250.84,1,Credit Card,Male,Mobile Phone,Single
11,18,4,5,4,1,25,6,140.09,1,Credit Card,Male,Fashion,Married
21,11,3,2,4,1,24,3,200.85,3,Credit Card,Male,Fashion,Divorced
6,8,2,4,1,0,11,25,157.76,2,COD,Male,Laptop & Accessory,Married
37,19,2,3,4,0,26,13,233.66,1,Debit Card,Male,Mobile Phone,Single
21,17,3,3,3,0,13,7,147.09,2,Debit Card,Male,Fashion,Single
7,8,2,2,5,1,16,8,138.82,2,Credit Card,Male,Laptop & Accessory,Married
13,14,2,3,5,0,25,20,166.09,1,Debit Card,Male,Mobile Phone,Single
41,11,2,4,5,0,12,5,243.27,1,E Wallet,Female,Laptop & Accessory,Married
26,14,2,1,3,1,21,5,217.13,3,Debit Card,Female,Laptop & Accessory,Single
26,11,1,3,5,0,25,0,167.69,2,COD,Female,Mobile Phone,Married
13,19,1,4,1,0,15,9,161.03,2,COD,Male,Mobile Phone,Married
5,9,4,3,2,1,15,6,147.03,3,Debit Card,Female,Laptop & Accessory,Married
10,16,1,4,4,0,20,7,147.1,2,E Wallet,Male,Laptop & Accessory,Single
17,37,3,2,2,0,15,3,182.81,3,Credit Card,Male,Mobile Phone,Married
3,14,3,1,3,0,13,6,158.37,1,E Wallet,Female,Mobile Phone,Married
2,11,2,2,1,0,19,20,128.01,1,Debit Card,Male,Laptop & Accessory,Married
15,10,5,3,3,0,21,4,179.22,1,Credit Card,Male,Others,Divorced
7,21,2,3,2,1,13,8,178.78,1,Credit Card,Male,Fashion,Single
8,9,3,3,5,0,26,12,167.84,1,Credit Card,Male,Fashion,Married
15,13,3,3,4,0,16,3,166.56,3,E Wallet,Female,Others,Single
19,10,4,2,2,1,15,21,164.72,1,Credit Card,Female,Mobile Phone,Married
13,9,4,2,2,0,18,3,163.19,2,UPI,Male,Laptop & Accessory,Married
7,15,2,4,2,0,26,0,132.47,1,Credit Card,Female,Laptop & Accessory,Single
8,21,2,4,2,1,21,16,144.55,2,COD,Female,Others,Married
21,19,1,1,2,0,19,10,180.65,2,Credit Card,Female,Mobile Phone,Single
8,18,3,3,2,0,22,7,177.16,1,Credit Card,Female,Fashion,Married
25,15,3,4,1,0,21,4,188.09,1,UPI,Female,Laptop & Accessory,Single
11,9,3,3,2,0,26,7,164.3,3,Debit Card,Female,Fashion,Single
19,16,3,4,4,1,24,12,166.48,1,E Wallet,Male,Mobile Phone,Single
14,18,2,2,4,1,11,10,155.21,3,Credit Card,Female,Others,Married
0,32,3,2,1,0,16,4,131.97,3,Debit Card,Male,Laptop & Accessory,Married
16,31,5,2,4,0,15,2,155.01,3,COD,Female,Laptop & Accessory,Divorced
4,15,5,5,3,1,25,4,135.23,1,E Wallet,Male,Laptop & Accessory,Single
0,24,3,2,2,0,23,1,171.53,3,Debit Card,Male,Laptop & Accessory,Single
4,10,2,1,3,0,26,12,126.52,2,E Wallet,Female,Others,Single
5,21,2,2,1,0,25,9,144.5,3,E Wallet,Female,Fashion,Single
5,16,2,5,4,1,15,6,133.15,2,E Wallet,Male,Mobile Phone,Married
7,10,3,3,4,0,25,5,179.02,2,E Wallet,Female,Grocery,Married
4,43,3,3,3,0,21,2,144.71,3,UPI,Female,Others,Married
5,8,2,4,3,0,24,4,157.95,1,E Wallet,Male,Fashion,Single
4,9,3,4,4,0,13,3,141.41,3,E Wallet,Female,Laptop & Accessory,Married
2,12,3,2,3,1,12,8,159.27,2,Credit Card,Male,Others,Divorced
24,10,3,1,2,1,20,6,175.2,2,Credit Card,Male,Fashion,Married
0,20,3,3,4,0,16,2,134.26,2,Credit Card,Female,Laptop & Accessory,Single
0,13,1,3,5,1,17,1,147.81,2,Credit Card,Female,Mobile Phone,Married
0,22,2,6,3,0,24,13,165.94,1,Credit Card,Male,Grocery,Divorced
34,14,4,3,2,0,25,6,208.18,2,Credit Card,Female,Others,Single
29,18,2,3,3,0,14,14,208.38,2,Credit Card,Female,Mobile Phone,Single
24,12,3,4,4,0,14,2,206.9,1,Debit Card,Male,Fashion,Single
6,21,1,2,3,0,12,5,175.42,1,Credit Card,Male,Laptop & Accessory,Single
3,11,4,5,3,0,21,1,164.39,2,Credit Card,Male,Fashion,Single
5,9,4,3,4,0,20,5,143.09,1,Credit Card,Male,Fashion,Married
18,22,1,4,1,0,13,0,190.48,2,Debit Card,Male,Others,Single
1,15,3,3,5,0,11,7,101.63,1,Credit Card,Male,Laptop & Accessory,Married
9,9,3,3,2,0,20,1,140.76,2,Credit Card,Male,Laptop & Accessory,Married
8,9,3,1,2,1,15,9,135.67,1,Debit Card,Male,Laptop & Accessory,Single
8,13,2,3,4,1,11,9,153.35,1,E Wallet,Female,Laptop & Accessory,Single
3,23,3,3,3,0,13,3,147.71,2,COD,Female,Laptop & Accessory,Divorced
3,7,5,4,3,1,23,18,143.39,2,E Wallet,Female,Mobile Phone,Single
0,9,3,3,4,0,18,10,106.5,1,Credit Card,Male,Fashion,Single
16,12,3,1,3,1,26,8,190.29,1,Credit Card,Female,Others,Single
0,19,3,2,2,0,16,12,107.45,1,UPI,Male,Fashion,Married
15,22,4,2,4,0,17,4,162.86,3,E Wallet,Female,Mobile Phone,Single
25,9,4,4,3,0,22,3,213.46,3,Debit Card,Male,Fashion,Divorced
2,18,4,3,3,0,24,4,140.93,2,E Wallet,Female,Mobile Phone,Married
0,24,4,3,1,0,15,5,116.55,2,COD,Male,Mobile Phone,Married
19,14,5,3,1,0,19,4,138.12,3,Credit Card,Female,Fashion,Married
5,26,5,1,5,1,12,11,140.61,2,Credit Card,Male,Others,Married
6,11,1,3,3,0,13,5,153.82,1,Credit Card,Female,Laptop & Accessory,Married
0,14,4,4,5,0,23,8,133.9,2,UPI,Male,Laptop & Accessory,Married
30,22,2,4,5,1,15,16,219.39,2,Credit Card,Male,Grocery,Married
6,24,3,4,3,1,19,2,123.28,1,E Wallet,Male,Others,Divorced
0,18,5,4,5,0,26,12,118.75,1,COD,Male,Mobile Phone,Single
6,10,4,3,3,0,13,14,169.4,1,Debit Card,Male,Laptop & Accessory,Single
15,18,2,2,3,0,20,3,205.68,3,Debit Card,Female,Fashion,Married
1,15,4,4,2,0,20,1,103.78,1,COD,Male,Laptop & Accessory,Single
5,20,3,2,3,1,26,23,158.96,2,Credit Card,Male,Laptop & Accessory,Married
4,12,3,3,4,0,13,14,152.71,1,E Wallet,Male,Grocery,Single
4,20,2,3,2,1,12,19,148.95,3,Credit Card,Male,Fashion,Married
3,31,4,5,4,0,26,7,158.83,1,Debit Card,Female,Grocery,Single
0,33,4,3,1,0,15,1,113.78,1,Credit Card,Female,Mobile Phone,Married
11,7,2,3,3,1,25,4,166.89,3,COD,Male,Laptop & Accessory,Married
10,20,4,4,4,0,21,11,141.2,1,E Wallet,Female,Mobile Phone,Divorced
4,13,2,2,5,1,23,13,130.58,1,Credit Card,Female,Laptop & Accessory,Divorced
1,17,1,1,5,0,22,13,136.72,3,Debit Card,Female,Laptop & Accessory,Married
11,28,4,3,2,0,25,9,152.2,3,COD,Female,Mobile Phone,Married
7,14,4,2,5,0,14,13,101.09,1,Debit Card,Female,Fashion,Married
8,19,3,1,1,0,13,4,144.44,1,COD,Female,Laptop & Accessory,Single
22,10,3,2,5,0,18,1,171.96,1,Debit Card,Male,Fashion,Married
1,20,3,4,1,0,21,5,133.47,2,COD,Female,Laptop & Accessory,Married
2,11,3,3,4,0,14,3,115.0,2,Credit Card,Male,Fashion,Single
19,22,4,1,3,0,26,7,177.97,3,E Wallet,Male,Mobile Phone,Married
5,8,2,2,2,0,17,5,183.71,1,Credit Card,Female,Laptop & Accessory,Single
0,25,4,4,3,1,18,7,157.68,3,Debit Card,Female,Fashion,Single
7,10,4,3,4,0,20,3,152.89,3,COD,Female,Others,Married
4,11,3,4,4,0,17,1,110.29,3,Debit Card,Male,Laptop & Accessory,Married
21,21,2,2,5,1,14,3,193.57,2,Credit Card,Male,Others,Divorced
11,10,4,5,2,0,18,4,154.78,1,COD,Female,Laptop & Accessory,Divorced
6,15,4,4,2,1,22,10,159.04,1,E Wallet,Male,Laptop & Accessory,Married
0,26,4,4,3,1,23,13,146.34,1,Debit Card,Male,Mobile Phone,Single
5,23,1,1,5,1,25,6,136.81,3,Debit Card,Male,Fashion,Married
3,13,2,1,4,0,14,4,113.92,1,Debit Card,Female,Others,Divorced
1,16,4,5,4,1,16,4,156.09,3,E Wallet,Male,Grocery,Married
19,24,4,3,4,1,17,11,177.78,2,Debit Card,Male,Fashion,Married
0,22,3,4,2,0,19,3,122.4,3,Credit Card,Female,Laptop & Accessory,Single
10,27,3,2,2,0,20,13,183.82,3,E Wallet,Male,Laptop & Accessory,Single
5,12,3,3,2,0,18,5,145.59,1,E Wallet,Male,Laptop & Accessory,Married
0,10,3,2,3,1,18,5,128.71,2,Credit Card,Female,Fashion,Married
5,16,4,1,4,1,22,14,148.27,2,Credit Card,Male,Others,Married
7,23,5,3,2,0,13,2,128.44,1,Credit Card,Female,Laptop & Accessory,Single
19,17,3,4,2,0,22,4,155.79,3,Credit Card,Male,Grocery,Married
0,18,2,5,4,0,21,2,141.62,3,Credit Card,Male,Mobile Phone,Single
2,13,3,2,1,0,13,2,160.24,1,Debit Card,Male,Fashion,Married
0,23,4,4,5,0,24,10,114.89,3,Debit Card,Male,Others,Single
17,9,2,1,2,0,13,4,153.56,1,E Wallet,Male,Fashion,Married
1,27,2,4,4,0,20,3,164.12,2,Credit Card,Female,Fashion,Married
0,10,2,3,2,0,20,8,150.58,1,Debit Card,Male,Mobile Phone,Divorced
0,10,2,2,3,0,24,4,138.39,1,Credit Card,Female,Laptop & Accessory,Married
4,15,2,3,2,0,17,3,146.87,2,Credit Card,Male,Mobile Phone,Single
24,17,5,2,1,0,24,11,204.68,3,Debit Card,Male,Fashion,Married
3,25,2,2,2,0,24,3,146.62,2,Credit Card,Male,Fashion,Single
16,10,2,3,4,0,13,7,186.55,1,E Wallet,Male,Others,Married
2,16,3,3,3,0,25,4,112.48,1,UPI,Male,Laptop & Accessory,Married
13,16,1,2,2,0,18,1,177.71,2,UPI,Female,Others,Single
17,19,2,3,1,0,12,6,187.15,2,E Wallet,Female,Mobile Phone,Single
2,21,3,2,3,0,17,7,144.78,1,COD,Male,Mobile Phone,Married
8,20,2,4,2,0,26,15,152.72,3,E Wallet,Female,Laptop & Accessory,Divorced
1,28,2,1,1,0,22,7,108.8,1,Debit Card,Female,Laptop & Accessory,Single
1,15,4,5,2,1,20,15,145.42,2,E Wallet,Male,Mobile Phone,Divorced
4,18,2,2,1,1,11,6,142.73,2,UPI,Male,Mobile Phone,Single
1,7,4,3,2,0,24,6,114.32,2,Credit Card,Male,Others,Married
50,14,1,2,4,0,15,17,258.49,3,Credit Card,Male,Grocery,Single
0,19,4,1,4,0,18,3,161.32,2,UPI,Male,Fashion,Single
0,32,3,2,1,0,11,5,127.79,3,COD,Female,Laptop & Accessory,Single
18,18,2,4,2,0,19,4,167.23,1,E Wallet,Female,Fashion,Single
6,9,2,2,1,1,17,5,121.28,1,COD,Male,Laptop & Accessory,Married
8,28,3,5,3,1,13,21,130.76,2,Credit Card,Male,Laptop & Accessory,Married
10,10,3,2,3,1,13,16,148.41,2,E Wallet,Male,Grocery,Married
2,21,3,1,4,0,23,8,146.59,1,E Wallet,Female,Fashion,Married
2,6,3,1,3,1,16,12,119.62,3,Debit Card,Female,Mobile Phone,Married
3,19,1,3,4,0,14,11,138.08,1,Credit Card,Male,Mobile Phone,Single
1,10,2,3,3,1,13,9,131.22,3,Credit Card,Female,Mobile Phone,Divorced
34,28,2,1,4,0,24,5,200.84,3,COD,Male,Laptop & Accessory,Single
22,16,2,1,2,1,20,10,220.18,1,Credit Card,Female,Mobile Phone,Divorced
21,16,4,4,3,0,12,1,197.54,2,Credit Card,Male,Others,Married
8,16,2,3,5,1,25,1,156.92,1,Debit Card,Female,Laptop & Accessory,Married
6,13,1,3,1,0,22,36,149.98,2,E Wallet,Female,Laptop & Accessory,Divorced
14,16,2,6,3,1,18,17,184.81,1,Credit Card,Female,Mobile Phone,Single
23,26,2,2,2,0,26,2,176.46,2,Credit Card,Male,Grocery,Divorced
9,18,2,3,5,0,18,5,165.98,1,UPI,Male,Fashion,Single
32,21,2,4,2,0,23,6,204.63,2,Credit Card,Female,Laptop & Accessory,Divorced
13,9,3,2,2,0,23,3,173.67,2,Debit Card,Male,Mobile Phone,Married
14,7,3,2,4,1,19,4,152.56,2,Debit Card,Female,Mobile Phone,Married
0,16,4,3,5,0,11,21,126.2,1,Credit Card,Female,Mobile Phone,Married
27,13,3,3,4,0,11,4,181.61,1,Debit Card,Male,Fashion,Single
1,14,4,2,5,1,18,5,132.94,3,Debit Card,Male,Laptop & Accessory,Divorced
14,12,4,3,2,1,19,10,126.05,1,Debit Card,Male,Fashion,Single
21,12,4,4,3,1,17,5,176.18,1,Debit Card,Female,Mobile Phone,Divorced
0,19,2,2,5,0,11,6,135.1,1,Debit Card,Male,Laptop & Accessory,Single
11,8,2,2,4,1,14,8,177.35,2,Credit Card,Female,Grocery,Married
35,19,3,4,4,0,24,10,223.57,3,E Wallet,Male,Mobile Phone,Single
1,11,2,5,2,0,22,4,104.95,1,E Wallet,Male,Grocery,Married
2,10,3,2,1,1,16,33,122.38,2,Credit Card,Male,Fashion,Single
6,22,5,4,4,0,13,4,142.98,1,Debit Card,Female,Fashion,Married
41,13,2,6,3,0,25,11,207.7,2,COD,Female,Laptop & Accessory,Single
1,13,2,2,3,0,17,3,160.11,3,Credit Card,Female,Fashion,Single
5,27,3,2,3,0,18,5,149.79,3,UPI,Female,Laptop & Accessory,Married
2,9,2,2,1,0,14,5,163.69,1,E Wallet,Female,Fashion,Married
0,22,1,5,3,0,26,19,121.77,3,Debit Card,Male,Fashion,Married
1,18,1,3,5,1,13,4,125.0,2,E Wallet,Female,Laptop & Accessory,Divorced
1,8,3,4,2,0,23,4,140.45,2,E Wallet,Male,Fashion,Divorced
5,16,1,3,4,1,24,9,149.18,2,Debit Card,Male,Laptop & Accessory,Divorced
3,15,3,4,1,0,19,2,148.21,1,Credit Card,Male,Others,Married
2,7,3,3,2,0,17,16,115.72,1,Credit Card,Female,Mobile Phone,Married
15,16,4,4,3,0,15,5,180.98,1,Credit Card,Female,Laptop & Accessory,Married
3,6,4,3,4,1,12,4,143.72,1,E Wallet,Male,Mobile Phone,Single
3,13,3,2,4,1,16,2,147.47,3,Credit Card,Male,Grocery,Married
22,16,3,4,3,0,13,9,184.57,1,UPI,Female,Fashion,Single
20,22,3,4,5,1,24,8,184.57,2,Credit Card,Male,Fashion,Married
1,35,4,4,5,0,14,10,107.54,3,Debit Card,Female,Mobile Phone,Single
23,30,2,5,5,0,15,3,187.04,1,COD,Female,Fashion,Married
2,19,3,3,2,0,19,16,122.64,1,UPI,Female,Mobile Phone,Single
8,17,2,4,3,1,11,3,169.1,2,Credit Card,Male,Fashion,Divorced
6,26,2,1,1,0,15,4,159.93,1,COD,Male,Mobile Phone,Single
12,20,3,3,1,1,17,5,172.51,3,Credit Card,Male,Fashion,Single
6,21,3,6,5,0,22,20,136.33,3,Debit Card,Male,Fashion,Single
3,20,4,2,3,0,11,6,135.54,2,UPI,Male,Others,Married
2,20,3,3,5,0,23,10,158.65,3,UPI,Male,Laptop & Accessory,Married
1,16,3,4,1,0,16,10,156.35,3,E Wallet,Female,Laptop & Accessory,Divorced
31,13,3,5,5,0,12,6,193.09,2,UPI,Male,Fashion,Married
1,11,3,5,2,0,22,3,145.89,2,Credit Card,Female,Laptop & Accessory,Married
37,27,3,4,5,0,25,5,198.47,3,Credit Card,Female,Others,Married
5,16,4,2,3,0,15,17,145.98,3,Debit Card,Female,Fashion,Married
15,15,4,2,4,0,17,1,183.72,2,Debit Card,Male,Others,Married
0,27,2,4,4,0,18,7,127.99,3,Debit Card,Female,Laptop & Accessory,Single
19,9,1,3,3,1,25,3,174.34,2,Credit Card,Male,Laptop & Accessory,Single
29,7,4,4,3,0,19,7,208.52,1,Debit Card,Female,Others,Married
3,13,3,3,3,0,22,16,135.35,2,Debit Card,Male,Grocery,Married
5,11,3,3,1,0,23,7,136.4,3,UPI,Female,Laptop & Accessory,Single
6,21,3,6,5,0,25,6,148.56,1,Credit Card,Female,Laptop & Accessory,Single
0,21,5,3,2,0,20,4,161.42,1,Debit Card,Male,Others,Married
5,16,1,4,2,0,23,5,143.51,3,Debit Card,Male,Fashion,Married
1,16,2,2,4,0,19,3,139.75,3,Debit Card,Male,Laptop & Accessory,Married
16,15,5,3,5,1,11,12,159.02,1,Credit Card,Male,Grocery,Married
22,12,4,3,1,0,24,0,178.21,1,Debit Card,Male,Mobile Phone,Married
6,27,3,1,5,1,20,7,159.24,1,Debit Card,Male,Fashion,Divorced
9,12,3,4,5,1,21,4,132.59,2,Credit Card,Female,Laptop & Accessory,Single
8,18,4,2,3,0,18,13,155.29,2,Debit Card,Male,Fashion,Divorced
8,25,2,3,4,1,23,5,119.6,2,E Wallet,Male,Mobile Phone,Single
8,15,3,2,1,0,25,7,156.27,2,Debit Card,Female,Grocery,Single
18,12,3,2,4,1,13,14,191.4,3,COD,Male,Mobile Phone,Married
9,35,3,4,3,1,15,7,155.66,1,Debit Card,Male,Mobile Phone,Married
13,25,1,3,2,0,17,9,164.35,2,UPI,Male,Grocery,Single
10,8,3,2,3,1,25,6,173.67,1,Debit Card,Female,Fashion,Single
9,12,5,5,2,0,11,12,160.24,3,Credit Card,Male,Fashion,Single
5,10,3,2,2,1,20,13,142.75,3,Credit Card,Male,Others,Single
20,14,1,2,3,1,23,40,188.13,3,Debit Card,Female,Fashion,Single
2,12,3,3,4,0,12,5,178.98,1,Credit Card,Male,Mobile Phone,Married
2,16,3,4,3,1,14,8,132.03,1,Debit Card,Female,Fashion,Single
1,15,3,1,5,1,19,9,146.42,2,Debit Card,Male,Fashion,Single
8,20,2,4,2,0,15,4,165.28,1,Debit Card,Male,Fashion,Single
5,19,2,3,1,1,11,8,145.29,2,COD,Female,Fashion,Married
10,22,4,5,4,1,11,10,135.87,3,Credit Card,Male,Grocery,Married
9,25,2,4,3,0,12,20,168.71,2,E Wallet,Female,Grocery,Married
6,29,3,1,3,0,24,5,149.33,2,COD,Female,Others,Single
10,15,3,3,4,0,20,18,173.57,2,Credit Card,Female,Mobile Phone,Single
36,18,4,2,4,0,17,19,218.08,2,COD,Female,Laptop & Accessory,Married
4,13,2,3,2,1,18,7,150.49,1,E Wallet,Female,Mobile Phone,Single
13,10,1,5,1,0,18,7,167.91,2,E Wallet,Female,Mobile Phone,Single
3,16,4,3,2,0,16,1,114.08,1,UPI,Female,Laptop & Accessory,Married
6,17,3,1,3,1,25,5,152.92,2,Debit Card,Male,Fashion,Single
31,10,3,4,4,1,23,10,218.37,3,UPI,Female,Grocery,Married
1,16,3,3,2,1,25,1,161.96,2,COD,Male,Fashion,Married
6,12,3,3,3,0,20,10,153.05,2,Credit Card,Female,Mobile Phone,Married
17,24,2,2,4,1,26,12,177.44,2,Debit Card,Female,Grocery,Single
1,12,4,4,2,1,26,10,141.95,2,Credit Card,Female,Others,Married
3,7,2,3,4,0,20,13,130.86,1,E Wallet,Male,Mobile Phone,Single
11,10,3,3,2,0,12,31,173.12,2,Debit Card,Male,Fashion,Married
0,10,3,3,4,0,16,9,144.19,1,E Wallet,Male,Mobile Phone,Married
24,14,3,3,2,0,22,8,190.16,1,E Wallet,Male,Mobile Phone,Single
3,13,3,4,1,0,16,9,156.0,3,Credit Card,Male,Laptop & Accessory,Married
3,25,1,2,1,0,18,4,176.23,2,Debit Card,Female,Mobile Phone,Married
4,21,1,3,4,0,11,4,149.15,2,Credit Card,Female,Laptop & Accessory,Single
58,12,3,3,2,1,22,7,266.6,1,Debit Card,Female,Fashion,Single
7,24,3,3,4,0,20,7,137.8,1,Credit Card,Male,Others,Single
16,16,3,6,3,0,19,10,187.6,2,Credit Card,Male,Laptop & Accessory,Married
0,14,2,2,4,0,17,15,116.31,1,COD,Female,Fashion,Single
9,18,2,1,3,0,18,8,114.12,2,UPI,Female,Fashion,Married
5,11,3,2,1,0,25,5,138.95,2,UPI,Male,Laptop & Accessory,Single
44,27,5,1,2,0,11,7,238.07,3,Debit Card,Male,Laptop & Accessory,Single
9,21,3,4,1,0,25,7,158.33,2,COD,Female,Mobile Phone,Married
6,11,4,4,2,0,15,3,160.5,3,Credit Card,Female,Others,Divorced
11,13,2,1,1,0,21,5,129.56,1,Credit Card,Female,Others,Married
0,13,2,1,3,0,18,2,126.72,3,Debit Card,Male,Laptop & Accessory,Single
9,24,2,3,1,0,23,7,166.34,1,Debit Card,Female,Fashion,Single
7,7,4,3,3,0,18,2,130.03,1,Debit Card,Male,Fashion,Married
7,15,2,4,5,0,22,12,145.56,1,Debit Card,Female,Laptop & Accessory,Married
10,14,3,5,3,0,17,12,174.53,1,Debit Card,Male,Mobile Phone,Married
8,8,3,3,2,0,18,16,126.54,3,Credit Card,Male,Grocery,Married
3,16,4,2,1,0,26,5,148.85,3,Debit Card,Female,Laptop & Accessory,Divorced
6,16,3,3,3,0,13,14,149.43,2,Credit Card,Male,Fashion,Single
4,25,3,4,3,0,18,1,152.44,3,E Wallet,Male,Grocery,Married
11,13,1,2,2,0,14,16,138.9,3,Debit Card,Male,Laptop & Accessory,Single
2,13,3,4,3,0,11,5,143.96,3,UPI,Female,Grocery,Single
25,18,2,5,3,0,11,2,180.75,1,E Wallet,Female,Laptop & Accessory,Single
3,21,4,4,2,0,17,1,127.8,1,COD,Male,Others,Single
1,11,3,2,4,0,17,1,147.79,1,Debit Card,Male,Others,Married
45,12,2,6,5,0,22,5,256.02,1,Debit Card,Male,Laptop & Accessory,Single
12,45,1,3,1,1,23,3,156.22,2,UPI,Male,Fashion,Married
24,8,3,1,3,0,15,5,194.73,1,COD,Male,Laptop & Accessory,Single
0,12,5,2,3,1,25,7,143.72,3,UPI,Male,Laptop & Accessory,Married
1,12,2,5,2,0,11,9,143.01,1,UPI,Male,Fashion,Married
9,43,3,1,1,0,19,7,169.49,1,Debit Card,Female,Mobile Phone,Married
32,14,2,2,3,0,20,9,224.0,3,UPI,Male,Mobile Phone,Married
1,12,2,1,4,0,18,11,150.43,1,E Wallet,Female,Fashion,Single
13,9,1,4,4,0,17,11,162.89,1,UPI,Male,Grocery,Married
7,8,1,5,3,0,19,1,155.08,2,UPI,Female,Fashion,Single
0,16,5,4,1,0,25,8,152.43,1,UPI,Female,Mobile Phone,Single
1,5,3,4,2,0,23,5,108.83,2,Debit Card,Male,Fashion,Single
4,21,4,4,2,1,24,10,136.83,1,Credit Card,Male,Others,Single
7,12,2,2,1,1,24,5,146.38,2,Credit Card,Male,Fashion,Single
6,20,3,2,4,0,16,13,168.32,1,Credit Card,Male,Fashion,Married
36,15,4,4,2,0,11,5,216.28,1,Credit Card,Female,Mobile Phone,Single
5,19,3,3,2,0,15,3,140.56,2,Debit Card,Male,Mobile Phone,Married
1,16,2,5,1,0,23,5,124.58,1,Debit Card,Male,Laptop & Accessory,Married
17,18,3,3,2,0,26,12,185.37,2,Debit Card,Male,Fashion,Divorced
7,26,2,3,3,0,19,9,160.92,3,Credit Card,Male,Fashion,Married
10,15,4,2,4,0,24,5,164.19,2,Debit Card,Male,Fashion,Married
1,11,2,3,1,0,17,5,116.2,3,E Wallet,Female,Fashion,Divorced
15,11,3,6,3,0,26,12,172.27,3,Credit Card,Male,Laptop & Accessory,Divorced
4,36,2,3,4,1,15,3,132.81,2,E Wallet,Female,Fashion,Married
8,20,4,3,3,0,14,1,159.5,1,E Wallet,Female,Fashion,Married
7,17,2,3,3,0,24,1,154.99,1,COD,Male,Grocery,Married
0,12,3,2,3,1,24,8,120.22,2,UPI,Female,Laptop & Accessory,Divorced
2,8,2,3,2,1,20,5,105.31,1,E Wallet,Male,Grocery,Married
0,10,4,4,3,0,18,6,130.93,2,UPI,Male,Others,Divorced
5,12,4,2,3,0,25,1,151.19,2,Credit Card,Male,Others,Married
4,9,1,3,3,0,15,3,144.95,3,Debit Card,Male,Fashion,Married
33,27,3,3,4,0,24,1,234.54,3,Debit Card,Female,Laptop & Accessory,Divorced
5,11,2,4,3,0,19,4,131.79,2,Debit Card,Male,Fashion,Divorced
32,32,1,1,4,0,22,9,240.81,3,Credit Card,Male,Fashion,Single
0,26,4,2,2,0,23,9,134.68,1,Debit Card,Female,Laptop & Accessory,Divorced
0,11,4,5,4,1,23,6,138.78,3,Credit Card,Female,Laptop & Accessory,Single
19,29,2,2,3,0,22,4,167.64,1,Debit Card,Male,Mobile Phone,Married
13,18,3,2,3,0,13,7,147.93,2,Credit Card,Female,Mobile Phone,Single
3,16,4,3,2,0,15,11,134.77,2,Debit Card,Male,Fashion,Married
30,10,2,3,4,1,22,3,220.54,3,E Wallet,Male,Others,Married
1,16,3,3,3,0,16,10,128.83,1,UPI,Female,Others,Married
8,13,2,3,2,0,19,14,169.75,1,Credit Card,Male,Laptop & Accessory,Divorced
9,15,2,6,5,0,20,3,130.72,2,E Wallet,Female,Laptop & Accessory,Single
37,13,3,5,4,0,18,9,231.73,3,Credit Card,Female,Laptop & Accessory,Divorced
4,12,2,2,4,0,19,21,146.79,2,Debit Card,Male,Fashion,Divorced
23,24,3,2,3,0,19,1,196.53,3,Credit Card,Female,Mobile Phone,Single
0,16,3,4,3,1,12,2,138.76,3,E Wallet,Female,Laptop & Accessory,Divorced
28,9,3,1,2,0,18,6,202.19,3,Debit Card,Female,Mobile Phone,Married
0,21,2,5,4,1,20,6,143.34,2,Debit Card,Male,Laptop & Accessory,Divorced
0,8,4,2,1,0,13,1,153.06,2,Credit Card,Female,Mobile Phone,Single
2,20,2,2,5,1,23,2,125.63,1,Credit Card,Male,Fashion,Married
13,10,3,2,4,0,18,6,159.72,3,Credit Card,Male,Laptop & Accessory,Married
16,18,1,2,2,0,19,11,204.52,1,Credit Card,Female,Laptop & Accessory,Married
6,15,2,2,3,1,26,3,121.02,2,Debit Card,Male,Laptop & Accessory,Married
9,7,2,5,5,0,15,5,145.14,1,E Wallet,Male,Others,Married
3,12,2,3,4,1,23,14,151.9,3,Credit Card,Female,Others,Married
3,20,3,2,2,0,26,11,107.75,2,Debit Card,Male,Laptop & Accessory,Married
0,14,4,2,1,0,15,15,115.51,2,COD,Male,Laptop & Accessory,Single
19,17,3,3,3,0,17,12,209.02,1,COD,Male,Fashion,Single
9,27,4,4,5,0,13,9,150.01,1,Credit Card,Female,Laptop & Accessory,Married
17,15,3,1,4,1,21,14,192.82,1,Credit Card,Male,Mobile Phone,Divorced
5,8,4,2,3,0,24,2,116.94,3,Credit Card,Female,Mobile Phone,Single
4,12,2,4,2,1,16,13,170.04,3,E Wallet,Female,Fashion,Married
1,30,3,4,4,0,25,7,121.87,1,Credit Card,Female,Fashion,Married
9,11,3,3,3,0,16,11,134.5,3,Debit Card,Female,Fashion,Married
34,10,3,3,4,0,23,2,200.54,3,Debit Card,Male,Laptop & Accessory,Married
20,12,2,3,1,0,15,4,187.97,1,Debit Card,Male,Laptop & Accessory,Single
16,9,4,1,4,0,15,2,159.49,3,E Wallet,Male,Fashion,Single
29,13,3,3,4,0,18,5,198.16,2,UPI,Female,Grocery,Married
3,39,4,1,1,1,12,7,129.68,2,Debit Card,Female,Grocery,Single
5,22,4,3,2,1,22,1,168.18,2,Credit Card,Male,Mobile Phone,Married
5,22,3,3,3,0,11,7,138.87,1,Credit Card,Male,Grocery,Married
13,20,2,4,3,0,21,7,147.95,1,Debit Card,Male,Others,Married
17,15,1,4,3,1,13,7,175.34,2,E Wallet,Male,Laptop & Accessory,Married
1,18,4,2,1,1,16,10,163.92,3,Debit Card,Male,Grocery,Married
4,19,5,6,3,0,14,12,140.18,1,COD,Female,Fashion,Single
3,7,1,3,3,0,25,19,108.75,1,UPI,Male,Fashion,Married
16,10,3,4,4,0,24,2,184.81,3,Credit Card,Male,Mobile Phone,Married
4,22,2,4,5,0,12,1,147.98,1,Debit Card,Male,Mobile Phone,Married
1,22,2,4,1,0,23,3,152.15,1,E Wallet,Female,Mobile Phone,Single
0,14,3,3,3,0,16,3,128.07,2,COD,Male,Laptop & Accessory,Divorced
2,24,1,2,1,0,11,2,152.72,2,E Wallet,Male,Mobile Phone,Divorced
9,19,4,4,2,1,12,1,182.86,2,Debit Card,Male,Fashion,Married
9,10,1,1,3,0,20,1,149.95,1,COD,Male,Fashion,Divorced
7,11,3,2,2,0,22,6,153.06,1,Debit Card,Female,Others,Married
14,7,1,1,1,1,15,6,200.81,2,E Wallet,Male,Mobile Phone,Married
7,14,4,3,5,0,13,7,161.82,1,UPI,Female,Others,Single
1,18,3,1,5,0,12,12,97.17,2,Debit Card,Female,Laptop & Accessory,Married
2,14,3,2,4,0,19,8,129.54,1,Credit Card,Male,Mobile Phone,Single
29,24,4,3,3,0,14,4,195.49,1,Credit Card,Female,Mobile Phone,Married
10,18,1,6,2,0,22,8,180.2,1,E Wallet,Female,Fashion,Married
1,21,4,4,5,0,16,6,110.67,1,E Wallet,Male,Fashion,Single
33,9,3,6,2,0,20,3,204.68,1,Debit Card,Male,Laptop & Accessory,Divorced
5,13,3,2,4,0,26,28,137.87,3,Credit Card,Female,Fashion,Single
13,10,4,2,2,1,19,15,178.83,2,Credit Card,Female,Fashion,Single
1,15,3,3,4,0,14,0,133.6,1,E Wallet,Male,Mobile Phone,Divorced
0,13,2,1,5,0,24,1,133.42,3,Credit Card,Male,Mobile Phone,Married
32,15,2,2,4,0,13,1,229.6,2,E Wallet,Female,Mobile Phone,Married
31,15,4,2,5,0,15,9,238.0,1,Credit Card,Male,Fashion,Married
5,8,4,2,5,0,14,3,149.64,1,Debit Card,Female,Mobile Phone,Single
41,15,2,2,5,1,13,17,246.8,2,Credit Card,Female,Mobile Phone,Single
2,28,3,2,4,0,16,2,149.85,2,Credit Card,Female,Laptop & Accessory,Married
7,11,3,3,5,0,23,5,158.64,2,Credit Card,Female,Mobile Phone,Married
0,14,3,3,5,1,22,4,151.71,1,Credit Card,Female,Fashion,Married
0,34,3,3,2,1,11,3,148.61,2,Debit Card,Female,Fashion,Married
9,9,3,2,3,0,16,1,167.12,2,Credit Card,Male,Fashion,Single
13,10,3,2,1,0,18,3,159.1,3,COD,Female,Laptop & Accessory,Married
10,25,3,1,1,1,23,10,174.35,1,Debit Card,Male,Fashion,Married
8,14,3,4,2,0,16,6,131.21,3,COD,Male,Mobile Phone,Married
17,17,4,5,3,1,21,0,166.01,2,E Wallet,Male,Grocery,Married
16,28,4,4,2,0,24,8,189.54,2,Debit Card,Male,Laptop & Accessory,Single
0,28,4,5,1,1,22,1,143.12,3,Credit Card,Male,Fashion,Divorced
2,12,4,3,1,1,23,5,116.59,3,E Wallet,Female,Mobile Phone,Single
5,21,2,3,4,0,14,15,142.97,3,Credit Card,Male,Grocery,Single
28,16,4,4,2,1,24,6,199.54,2,Credit Card,Male,Laptop & Accessory,Single
9,24,4,4,2,0,12,5,140.33,2,E Wallet,Female,Laptop & Accessory,Married
11,18,1,5,2,0,24,3,144.54,1,Debit Card,Male,Mobile Phone,Married
9,11,2,2,1,0,13,6,166.6,2,E Wallet,Female,Fashion,Married
9,6,2,2,1,0,21,5,136.89,2,UPI,Male,Grocery,Divorced
8,18,3,2,3,1,19,22,148.21,2,Debit Card,Male,Mobile Phone,Divorced
3,16,1,4,3,0,20,4,130.82,1,E Wallet,Male,Laptop & Accessory,Married
13,18,3,2,3,1,25,6,160.26,2,E Wallet,Male,Mobile Phone,Single
32,10,5,3,1,0,21,2,207.08,2,Debit Card,Male,Laptop & Accessory,Married
9,20,2,4,4,0,17,16,168.06,3,Credit Card,Male,Laptop & Accessory,Married
12,23,2,1,5,0,23,18,164.31,1,UPI,Female,Others,Single
9,19,3,2,4,0,12,4,167.16,2,Debit Card,Female,Laptop & Accessory,Married
5,18,3,4,3,1,25,8,163.06,1,Credit Card,Female,Mobile Phone,Single
0,13,3,5,3,0,17,9,163.4,1,Credit Card,Female,Others,Single
24,15,2,4,3,0,14,7,176.48,3,Debit Card,Male,Laptop & Accessory,Single
21,15,2,2,3,0,13,8,182.05,1,Debit Card,Female,Mobile Phone,Married
9,31,3,3,2,0,23,3,150.28,1,Debit Card,Female,Fashion,Married
38,19,2,4,2,0,16,5,231.71,1,Credit Card,Female,Mobile Phone,Married
9,9,3,4,3,0,16,13,138.56,1,Debit Card,Male,Others,Married
32,21,2,2,2,0,26,2,198.63,1,Debit Card,Male,Grocery,Married
6,19,5,4,2,1,13,6,142.41,3,Credit Card,Male,Fashion,Single
22,19,1,2,1,0,12,16,193.22,1,Debit Card,Female,Laptop & Accessory,Married
34,10,4,3,3,1,19,9,197.99,3,Debit Card,Female,Grocery,Single
13,28,3,5,4,0,24,12,159.46,2,E Wallet,Male,Mobile Phone,Married
9,29,4,5,3,1,14,7,147.68,2,Credit Card,Male,Mobile Phone,Married
0,13,3,4,3,0,14,3,125.43,2,Debit Card,Female,Fashion,Single
9,12,2,5,2,1,25,7,159.85,2,Credit Card,Male,Others,Married
1,28,5,3,2,0,17,10,141.03,3,Debit Card,Male,Others,Married
1,12,2,3,3,0,16,5,118.14,1,Debit Card,Male,Fashion,Married
6,25,3,2,5,0,13,8,157.44,1,E Wallet,Male,Fashion,Single
61,11,2,6,4,1,23,6,269.5,3,Credit Card,Male,Fashion,Single
2,13,4,6,2,0,11,3,156.26,2,Credit Card,Male,Others,Married
1,7,3,4,3,0,12,13,124.99,1,Debit Card,Male,Fashion,Divorced
24,15,4,4,3,0,25,6,207.53,3,E Wallet,Female,Laptop & Accessory,Married
12,20,4,2,2,1,19,18,169.21,2,Credit Card,Female,Others,Single
3,23,4,2,3,0,20,3,116.11,2,Credit Card,Male,Fashion,Married
3,12,4,5,3,0,15,3,140.49,2,COD,Female,Mobile Phone,Married
0,16,3,3,4,1,24,6,108.96,3,Credit Card,Female,Laptop & Accessory,Divorced
4,16,3,3,2,0,13,5,136.7,1,E Wallet,Male,Grocery,Single
13,37,2,2,3,0,14,0,162.79,1,Debit Card,Female,Mobile Phone,Single
24,9,4,1,1,0,17,7,163.79,2,E Wallet,Male,Mobile Phone,Single
11,15,2,4,2,1,14,7,163.49,1,COD,Male,Grocery,Married
34,15,5,4,4,0,21,6,207.79,2,Debit Card,Male,Laptop & Accessory,Married
27,8,1,1,4,0,19,10,186.83,2,UPI,Male,Fashion,Married
24,15,3,4,2,0,13,16,193.63,1,Credit Card,Female,Mobile Phone,Single
4,14,1,3,5,0,16,2,133.39,1,Credit Card,Female,Mobile Phone,Married
7,12,3,1,5,0,25,31,149.25,3,COD,Male,Mobile Phone,Married
1,11,4,1,5,0,17,17,136.6,1,COD,Male,Laptop & Accessory,Married
15,15,3,5,3,1,13,2,198.69,2,Credit Card,Male,Fashion,Married
13,16,2,3,3,0,15,6,163.5,3,Credit Card,Female,Others,Divorced
38,15,4,3,1,0,13,7,211.51,1,Debit Card,Female,Mobile Phone,Single
34,20,4,1,2,0,22,2,235.35,3,COD,Male,Fashion,Single
0,6,3,2,4,0,12,15,146.61,1,Credit Card,Male,Fashion,Single
24,16,4,4,3,0,18,15,197.42,1,Credit Card,Male,Laptop & Accessory,Single
7,36,5,4,1,0,14,5,143.39,2,Credit Card,Female,Grocery,Single
14,20,5,3,1,1,22,3,188.07,1,UPI,Male,Laptop & Accessory,Married
29,17,2,4,1,1,17,6,180.46,3,Credit Card,Female,Mobile Phone,Single
21,18,4,4,5,1,17,9,200.95,2,UPI,Female,Others,Married
11,13,3,4,5,0,23,7,132.58,1,Credit Card,Female,Mobile Phone,Divorced
1,8,2,1,3,1,16,4,121.58,3,COD,Female,Laptop & Accessory,Married
4,10,3,3,5,1,15,6,119.5,3,COD,Female,Mobile Phone,Married
16,12,4,2,2,0,25,15,188.68,1,COD,Female,Fashion,Single
8,12,4,3,2,0,26,10,141.92,3,Credit Card,Female,Laptop & Accessory,Single
13,41,3,2,4,0,25,15,160.11,3,E Wallet,Female,Mobile Phone,Married
15,14,2,5,2,1,12,6,155.89,2,E Wallet,Female,Grocery,Married
10,15,3,4,5,0,16,7,163.16,3,E Wallet,Male,Laptop & Accessory,Married
35,18,1,2,2,1,21,3,201.93,1,Credit Card,Female,Grocery,Single
37,15,2,5,5,0,16,2,233.79,1,Credit Card,Female,Others,Married
0,22,4,5,1,1,23,4,130.48,2,Debit Card,Male,Mobile Phone,Single
5,19,4,2,4,0,16,6,136.35,1,E Wallet,Female,Mobile Phone,Single
5,7,2,3,2,1,19,1,173.92,1,Debit Card,Male,Fashion,Married
4,10,3,3,1,1,20,5,140.98,2,COD,Male,Laptop & Accessory,Divorced
3,9,3,2,1,1,25,2,143.74,3,E Wallet,Male,Mobile Phone,Single
11,20,3,3,4,0,11,3,166.08,1,Credit Card,Male,Fashion,Divorced
1,16,2,2,5,0,15,8,125.3,1,Credit Card,Male,Mobile Phone,Divorced
9,36,3,4,5,0,22,15,133.35,2,UPI,Male,Others,Single
2,24,3,3,3,1,26,2,153.79,2,Debit Card,Female,Laptop & Accessory,Single
7,34,5,2,5,0,11,18,183.87,3,Credit Card,Female,Mobile Phone,Married
0,10,4,3,3,0,17,4,143.86,2,COD,Female,Laptop & Accessory,Single
1,10,3,4,3,0,11,3,151.12,2,Debit Card,Female,Mobile Phone,Single
0,13,2,4,1,0,20,10,127.72,3,Credit Card,Female,Laptop & Accessory,Married
2,15,3,2,4,0,22,0,131.91,3,E Wallet,Male,Laptop & Accessory,Married
7,15,4,2,4,0,22,6,141.02,1,E Wallet,Male,Laptop & Accessory,Divorced
22,16,3,3,2,0,17,20,187.45,2,UPI,Female,Mobile Phone,Married
0,28,3,6,5,0,22,5,104.76,2,Credit Card,Female,Mobile Phone,Single
16,11,3,3,2,0,12,9,155.91,1,Credit Card,Male,Laptop & Accessory,Married
0,11,2,2,3,0,22,16,126.32,3,E Wallet,Female,Grocery,Single
24,13,3,4,3,0,18,8,197.45,1,Debit Card,Female,Mobile Phone,Single
5,28,2,4,4,1,13,5,133.33,1,Credit Card,Male,Others,Divorced
2,12,1,4,3,0,12,5,127.73,2,Credit Card,Male,Others,Single
40,12,5,4,2,0,23,34,218.11,1,Debit Card,Female,Laptop & Accessory,Single
3,15,1,3,5,0,21,2,132.64,1,COD,Female,Fashion,Married
10,14,2,2,3,0,11,3,138.02,3,COD,Female,Mobile Phone,Married
26,12,2,5,5,0,15,4,190.1,2,Debit Card,Female,Mobile Phone,Married
9,22,3,1,3,0,14,15,169.52,3,UPI,Female,Laptop & Accessory,Divorced
10,18,3,3,4,0,15,3,165.45,3,Debit Card,Female,Laptop & Accessory,Single
21,20,1,2,2,1,22,7,184.26,3,Credit Card,Male,Fashion,Married
43,13,3,3,2,0,18,8,235.85,1,UPI,Male,Mobile Phone,Married
0,13,2,4,2,0,20,14,129.32,3,UPI,Male,Fashion,Divorced
4,20,3,1,1,1,18,6,146.46,3,Debit Card,Female,Mobile Phone,Single
21,12,3,5,4,0,12,5,177.47,1,Debit Card,Male,Fashion,Single
1,7,2,3,3,0,15,15,164.18,2,Credit Card,Male,Fashion,Married
5,17,4,3,4,1,13,1,112.13,1,Debit Card,Female,Laptop & Accessory,Single
1,18,2,3,3,1,24,5,155.15,2,Debit Card,Male,Fashion,Single
3,22,2,2,1,1,22,3,142.14,2,UPI,Female,Others,Divorced
6,22,2,3,4,0,11,11,179.07,3,Debit Card,Male,Mobile Phone,Married
39,13,3,4,2,1,18,2,218.01,1,Debit Card,Male,Grocery,Married
11,19,2,2,3,0,25,5,153.34,1,Credit Card,Male,Fashion,Single
28,13,2,4,3,1,26,8,200.15,2,Debit Card,Male,Laptop & Accessory,Single
1,8,3,4,2,1,12,6,88.56,1,UPI,Female,Fashion,Divorced
7,13,1,3,3,0,20,6,158.85,1,Credit Card,Male,Fashion,Divorced
15,14,4,3,4,0,21,8,180.22,1,E Wallet,Female,Mobile Phone,Married
6,19,4,1,1,0,21,5,154.75,2,E Wallet,Male,Laptop & Accessory,Single
0,16,3,2,3,0,16,11,136.34,3,UPI,Male,Laptop & Accessory,Married
0,8,4,2,5,0,13,1,136.92,1,Credit Card,Female,Others,Married
8,21,4,4,3,1,16,10,153.94,1,E Wallet,Female,Mobile Phone,Single
27,26,4,3,3,0,21,10,196.34,2,Credit Card,Male,Laptop & Accessory,Married
5,10,2,3,4,0,22,3,143.29,3,Credit Card,Male,Laptop & Accessory,Married
4,21,5,4,5,0,12,3,132.09,1,Credit Card,Female,Laptop & Accessory,Married
9,13,3,2,4,0,26,7,143.15,3,Credit Card,Male,Laptop & Accessory,Single
7,16,3,2,2,0,20,1,183.16,1,Credit Card,Female,Mobile Phone,Single
34,17,4,3,1,1,19,15,213.84,3,Credit Card,Female,Laptop & Accessory,Single
9,14,2,3,1,0,15,2,165.8,2,COD,Female,Fashion,Divorced
5,11,2,2,3,0,26,5,145.61,2,Debit Card,Male,Grocery,Married
15,19,5,1,2,0,23,13,145.95,3,COD,Male,Laptop & Accessory,Single
3,7,3,4,4,0,16,5,149.11,1,Credit Card,Female,Fashion,Divorced
17,12,2,3,2,1,13,15,175.43,2,Credit Card,Female,Fashion,Married
5,14,4,2,1,0,11,5,157.34,2,Credit Card,Female,Laptop & Accessory,Married
3,12,1,4,3,0,25,2,144.97,1,E Wallet,Male,Others,Married
12,27,3,3,4,0,22,6,167.0,2,UPI,Female,Fashion,Married
10,17,1,5,3,1,18,6,144.23,3,Debit Card,Female,Fashion,Married
3,33,2,2,1,0,13,4,136.0,1,Credit Card,Male,Laptop & Accessory,Married
16,16,1,4,4,0,11,0,182.48,1,UPI,Female,Laptop & Accessory,Married
25,15,3,2,3,1,11,9,179.05,3,Debit Card,Male,Fashion,Married
3,9,4,5,2,0,21,2,116.36,2,UPI,Male,Laptop & Accessory,Divorced
11,26,1,2,2,0,23,7,176.67,2,Credit Card,Male,Laptop & Accessory,Married
3,20,4,4,4,1,13,14,172.59,3,Debit Card,Male,Fashion,Married
7,12,4,2,4,0,18,2,182.21,1,COD,Male,Mobile Phone,Married
3,17,2,3,1,0,25,13,151.9,3,COD,Female,Fashion,Married
1,23,4,1,3,0,21,9,144.26,3,Credit Card,Female,Mobile Phone,Single
9,11,1,3,4,0,11,26,185.69,1,Credit Card,Male,Mobile Phone,Divorced
21,24,1,2,2,0,20,8,172.08,1,Credit Card,Female,Laptop & Accessory,Married
26,19,2,2,2,0,22,13,171.3,1,Credit Card,Male,Others,Married
17,17,2,5,4,1,13,18,186.42,2,Credit Card,Male,Laptop & Accessory,Divorced
6,12,2,3,1,1,18,0,139.14,3,Debit Card,Male,Others,Single
5,39,3,6,3,0,24,0,117.02,1,Debit Card,Male,Mobile Phone,Married
6,12,3,5,4,0,23,10,153.16,2,Debit Card,Female,Laptop & Accessory,Married
16,12,2,2,2,0,18,2,156.92,2,Credit Card,Male,Grocery,Divorced
1,10,3,3,1,0,22,3,120.93,1,Credit Card,Female,Mobile Phone,Single
18,21,2,1,1,0,13,4,167.97,1,UPI,Female,Laptop & Accessory,Married
1,17,4,3,3,0,18,3,124.15,3,E Wallet,Male,Others,Married
10,23,2,4,5,1,25,2,175.77,3,Credit Card,Male,Laptop & Accessory,Married
1,9,2,3,2,1,13,9,136.78,1,Debit Card,Male,Mobile Phone,Married
32,11,2,2,1,1,23,9,209.99,1,Debit Card,Female,Fashion,Married
8,21,1,3,4,1,25,12,135.82,1,UPI,Female,Others,Single
32,16,4,5,2,1,18,12,226.0,1,UPI,Male,Mobile Phone,Married
13,22,2,3,4,0,17,20,172.74,1,Debit Card,Female,Laptop & Accessory,Single
0,8,4,2,1,0,17,11,127.21,3,Credit Card,Female,Mobile Phone,Single
0,22,3,3,3,0,17,17,109.91,1,Debit Card,Female,Fashion,Single
51,19,1,4,1,0,16,7,260.6,1,Credit Card,Male,Others,Single
10,10,4,5,1,0,24,10,165.49,3,Credit Card,Female,Grocery,Single
3,13,3,1,3,0,12,4,129.24,1,Debit Card,Male,Fashion,Divorced
13,11,4,3,2,0,20,6,170.7,1,Credit Card,Male,Others,Divorced
26,8,4,1,2,0,11,0,196.97,3,UPI,Female,Laptop & Accessory,Single
4,20,2,3,5,0,16,24,124.98,3,Debit Card,Male,Laptop & Accessory,Divorced
46,9,3,3,1,0,25,9,227.06,1,E Wallet,Male,Others,Divorced
33,14,3,2,5,0,17,4,229.15,2,Debit Card,Female,Laptop & Accessory,Married
16,12,2,3,3,0,21,10,185.41,2,E Wallet,Female,Laptop & Accessory,Single
6,11,3,4,1,0,14,12,167.91,1,Credit Card,Female,Fashion,Married
7,14,3,4,4,1,23,16,140.1,1,Credit Card,Male,Laptop & Accessory,Married
0,10,5,1,3,0,19,10,140.21,3,Credit Card,Female,Mobile Phone,Married
1,20,2,2,3,0,26,9,125.11,1,UPI,Female,Fashion,Married
28,11,1,2,3,0,18,9,218.76,3,UPI,Male,Grocery,Married
6,12,4,3,1,0,17,5,160.1,3,Credit Card,Male,Fashion,Married
8,11,3,4,5,0,25,7,172.17,2,Credit Card,Male,Laptop & Accessory,Married
11,32,4,3,3,0,25,8,154.71,1,Credit Card,Female,Fashion,Divorced
26,15,4,1,5,0,22,4,233.53,1,Credit Card,Female,Laptop & Accessory,Married
1,14,4,3,3,1,26,7,132.32,2,Credit Card,Female,Fashion,Married
10,19,3,3,4,1,14,11,161.83,1,UPI,Male,Mobile Phone,Single
4,10,4,3,2,0,15,9,126.36,2,Credit Card,Male,Grocery,Divorced
0,24,4,3,3,0,19,6,156.47,3,COD,Male,Laptop & Accessory,Single
14,16,4,4,4,0,13,7,160.27,1,UPI,Female,Mobile Phone,Married
19,18,1,3,4,0,14,1,170.06,1,Credit Card,Male,Mobile Phone,Divorced
1,16,4,4,2,0,14,9,157.02,2,Credit Card,Female,Fashion,Married
13,11,3,3,3,1,20,18,195.67,1,Debit Card,Female,Others,Married
1,22,1,5,5,1,19,1,135.77,2,COD,Male,Fashion,Single
12,9,3,3,3,1,23,3,162.88,2,COD,Male,Laptop & Accessory,Married
11,14,2,4,1,0,11,4,157.41,3,E Wallet,Male,Laptop & Accessory,Married
8,16,3,4,3,1,17,4,142.56,3,COD,Male,Mobile Phone,Single
0,13,2,1,3,0,24,7,130.19,3,E Wallet,Male,Others,Married
8,16,2,2,1,0,26,1,148.73,1,E Wallet,Male,Fashion,Married
5,17,2,4,3,0,11,14,150.24,2,Debit Card,Male,Mobile Phone,Single
1,32,4,2,2,0,14,3,134.11,1,Debit Card,Male,Laptop & Accessory,Divorced
42,11,3,3,3,0,19,11,226.99,1,Credit Card,Female,Fashion,Married
26,12,3,2,5,0,20,11,168.37,1,E Wallet,Female,Laptop & Accessory,Married
12,16,4,3,1,0,13,3,178.98,1,E Wallet,Male,Fashion,Married
28,27,4,4,2,1,22,5,211.73,3,UPI,Male,Grocery,Married
0,30,3,3,2,0,24,8,148.88,3,COD,Female,Laptop & Accessory,Single
3,18,2,3,4,1,22,6,141.45,2,Credit Card,Male,Laptop & Accessory,Single
21,17,2,1,3,0,17,4,182.07,1,Debit Card,Female,Mobile Phone,Divorced
9,15,4,3,3,0,20,4,160.37,2,Debit Card,Male,Laptop & Accessory,Married
2,22,4,4,2,0,15,15,126.02,3,Credit Card,Male,Grocery,Married
3,10,5,4,3,0,15,1,143.47,2,UPI,Female,Laptop & Accessory,Single
34,13,2,3,2,0,24,22,206.41,3,COD,Male,Fashion,Married
3,13,2,2,5,0,24,8,136.4,1,Credit Card,Female,Mobile Phone,Single
6,25,2,2,2,0,12,4,153.17,1,Credit Card,Male,Mobile Phone,Married
14,17,3,3,4,1,20,6,138.05,2,E Wallet,Male,Laptop & Accessory,Single
3,13,1,3,1,1,12,22,95.97,1,Credit Card,Female,Laptop & Accessory,Divorced
18,12,2,3,2,0,26,4,186.48,2,COD,Male,Fashion,Single
20,11,3,4,2,1,21,10,171.66,2,Credit Card,Male,Others,Married
1,26,2,1,4,0,23,16,149.38,2,Debit Card,Male,Fashion,Single
0,26,4,4,3,0,13,9,134.18,1,E Wallet,Male,Laptop & Accessory,Divorced
34,30,2,5,3,1,21,1,217.95,3,UPI,Male,Grocery,Single
0,15,3,5,1,0,14,1,135.54,1,Credit Card,Female,Mobile Phone,Married
18,16,4,4,1,1,11,7,199.92,3,Credit Card,Male,Mobile Phone,Married
7,15,5,5,2,1,13,6,187.39,2,Credit Card,Female,Mobile Phone,Married
23,17,1,3,5,0,15,5,184.84,1,UPI,Male,Others,Single
20,6,3,4,3,0,18,8,189.17,1,COD,Male,Mobile Phone,Single
11,6,2,2,2,0,22,8,170.55,2,Debit Card,Female,Laptop & Accessory,Married
30,9,3,4,3,0,15,3,200.69,3,Debit Card,Female,Laptop & Accessory,Divorced
14,22,4,2,3,0,23,10,152.09,1,E Wallet,Female,Fashion,Single
19,12,2,3,4,0,25,4,183.88,1,E Wallet,Male,Fashion,Single
2,15,2,5,1,1,12,8,149.18,2,Debit Card,Male,Fashion,Married
4,14,2,2,1,1,14,12,121.42,3,E Wallet,Female,Laptop & Accessory,Single
5,11,1,4,2,0,25,11,147.16,3,Credit Card,Male,Laptop & Accessory,Divorced
21,20,3,3,2,0,16,4,180.93,1,Debit Card,Female,Laptop & Accessory,Married
14,25,3,2,4,0,17,5,169.14,1,UPI,Female,Fashion,Divorced
35,17,2,1,2,0,18,9,228.48,2,Credit Card,Female,Laptop & Accessory,Married
0,8,4,3,2,0,21,10,153.43,2,COD,Male,Others,Married
4,14,4,2,4,0,23,3,141.45,2,UPI,Female,Laptop & Accessory,Single
15,21,2,3,3,0,12,12,166.42,3,Debit Card,Male,Laptop & Accessory,Married
27,12,2,2,4,1,24,16,191.16,1,E Wallet,Female,Laptop & Accessory,Married
5,14,2,4,4,0,20,4,149.33,2,Credit Card,Female,Mobile Phone,Single
11,10,2,4,5,1,16,11,165.05,1,Credit Card,Male,Laptop & Accessory,Single
20,16,3,1,4,0,26,14,207.94,3,Credit Card,Female,Laptop & Accessory,Married
13,16,3,2,1,0,15,5,154.71,3,Debit Card,Male,Grocery,Single
15,14,3,2,1,0,16,7,185.14,3,E Wallet,Male,Others,Single
1,16,2,2,5,0,15,5,107.69,1,Debit Card,Male,Mobile Phone,Married
11,10,2,2,2,0,12,1,185.16,1,Credit Card,Male,Fashion,Single
1,17,2,4,2,1,22,12,110.45,2,Debit Card,Male,Laptop & Accessory,Married
0,24,4,5,4,1,16,4,132.2,2,Debit Card,Male,Mobile Phone,Married
2,11,3,4,2,0,20,20,142.58,2,Credit Card,Female,Laptop & Accessory,Married
1,13,3,3,2,0,20,17,136.1,3,Credit Card,Male,Laptop & Accessory,Married
19,28,2,6,4,0,26,6,167.35,1,UPI,Male,Fashion,Divorced
8,15,3,2,4,0,26,3,144.59,2,Credit Card,Female,Laptop & Accessory,Single
21,8,2,3,2,1,15,4,174.1,2,E Wallet,Male,Grocery,Married
41,24,1,1,4,1,21,8,218.39,1,COD,Male,Fashion,Married
2,20,1,3,3,0,25,3,142.04,2,Debit Card,Female,Laptop & Accessory,Single
7,15,2,3,2,0,18,5,156.91,2,Credit Card,Female,Laptop & Accessory,Married
18,13,4,1,4,1,16,17,189.23,3,Debit Card,Male,Mobile Phone,Single
6,20,4,2,5,1,25,2,145.34,3,COD,Male,Fashion,Single
10,11,1,5,3,1,13,9,137.99,1,Credit Card,Female,Mobile Phone,Divorced
3,19,3,2,4,1,16,0,125.94,1,E Wallet,Male,Laptop & Accessory,Single
2,17,3,5,4,1,11,8,169.81,1,E Wallet,Female,Laptop & Accessory,Married
7,17,2,3,4,0,19,2,136.36,2,E Wallet,Male,Mobile Phone,Single
10,13,2,3,2,1,20,4,132.72,1,E Wallet,Female,Others,Single
7,12,1,4,3,0,12,2,143.77,3,Debit Card,Male,Mobile Phone,Married
17,9,4,3,1,1,26,3,184.36,1,Debit Card,Female,Laptop & Accessory,Single
9,14,2,3,1,0,15,3,164.19,2,Debit Card,Male,Fashion,Married
1,13,2,2,4,1,17,1,119.38,1,E Wallet,Female,Laptop & Accessory,Single
8,17,3,4,3,0,12,8,143.71,2,COD,Female,Laptop & Accessory,Married
10,12,4,3,1,0,20,12,146.94,3,Credit Card,Male,Mobile Phone,Married
8,26,2,3,2,0,12,5,136.62,1,COD,Female,Fashion,Single
1,17,4,2,4,0,14,0,117.46,3,Credit Card,Male,Laptop & Accessory,Single
11,33,1,1,4,0,25,1,164.29,1,Credit Card,Male,Fashion,Married
0,19,3,1,4,1,23,10,148.14,1,Credit Card,Female,Others,Divorced
2,14,4,2,3,0,25,14,114.24,3,UPI,Female,Fashion,Married
61,24,4,4,2,0,12,17,276.72,2,Credit Card,Female,Fashion,Single
7,14,3,4,3,0,18,11,141.75,1,Credit Card,Male,Mobile Phone,Single
12,16,3,3,4,0,25,2,165.25,3,Credit Card,Female,Fashion,Single
17,22,3,3,4,0,25,7,166.92,2,Credit Card,Female,Others,Married
26,10,2,5,1,0,24,3,178.05,2,Debit Card,Female,Fashion,Divorced
10,19,3,4,3,0,11,5,126.28,1,E Wallet,Male,Grocery,Married
3,33,3,4,4,1,14,6,143.66,2,E Wallet,Male,Others,Divorced
5,29,3,3,2,0,21,9,143.95,3,COD,Female,Mobile Phone,Single
0,13,2,2,2,1,11,3,108.61,2,COD,Female,Mobile Phone,Married
2,22,1,3,5,0,23,18,134.68,1,E Wallet,Female,Others,Single
4,12,3,2,5,0,13,2,137.16,1,Debit Card,Male,Laptop & Accessory,Married
4,14,3,3,3,1,25,7,141.97,3,E Wallet,Female,Others,Single
23,26,2,2,2,0,20,3,192.01,1,UPI,Female,Grocery,Single
37,33,4,4,3,0,20,6,215.61,1,Debit Card,Male,Fashion,Single
4,18,4,5,5,0,14,13,176.83,1,Credit Card,Male,Fashion,Single
10,14,4,1,4,0,15,9,137.23,2,Credit Card,Female,Laptop & Accessory,Married
7,18,4,2,1,0,12,1,168.2,1,COD,Female,Fashion,Married
6,16,3,3,2,0,12,7,164.49,2,UPI,Female,Fashion,Divorced
9,12,3,2,3,0,17,11,158.63,2,Credit Card,Male,Laptop & Accessory,Single
11,24,2,5,4,0,13,4,185.94,1,UPI,Male,Mobile Phone,Married
5,22,2,4,2,1,22,4,136.03,1,E Wallet,Female,Fashion,Single
6,27,3,4,3,0,12,11,163.72,3,Credit Card,Female,Laptop & Accessory,Single
0,15,3,4,2,1,15,5,132.74,1,Credit Card,Male,Mobile Phone,Single
4,12,3,4,3,1,21,10,138.98,2,Credit Card,Female,Others,Single
4,23,5,2,5,0,16,5,149.61,1,Credit Card,Male,Fashion,Single
61,17,3,2,2,0,22,8,292.24,3,Debit Card,Female,Others,Single
20,12,2,4,3,0,12,21,188.28,1,Credit Card,Male,Fashion,Single
6,14,4,4,5,0,26,10,168.15,2,Credit Card,Male,Fashion,Married
7,29,3,3,5,1,26,4,145.28,3,Debit Card,Female,Laptop & Accessory,Married
9,33,3,4,4,0,11,13,140.56,3,COD,Female,Laptop & Accessory,Married
23,27,5,3,4,1,23,1,184.6,3,Credit Card,Female,Laptop & Accessory,Married
0,17,1,3,4,0,13,3,114.99,1,Credit Card,Female,Mobile Phone,Single
54,8,2,3,5,0,21,19,254.16,2,Debit Card,Male,Laptop & Accessory,Married
4,10,2,2,4,0,12,9,136.83,1,Credit Card,Male,Laptop & Accessory,Married
27,23,3,4,2,0,22,11,187.24,2,Credit Card,Female,Fashion,Single
4,14,2,3,5,1,20,10,109.19,2,E Wallet,Male,Fashion,Single
15,14,3,3,2,0,25,6,180.19,1,COD,Male,Fashion,Divorced
6,11,5,2,3,0,12,6,153.29,3,Credit Card,Female,Laptop & Accessory,Married
21,20,1,2,2,0,16,9,175.49,3,UPI,Female,Mobile Phone,Single
5,34,1,1,4,0,23,5,131.98,2,E Wallet,Female,Fashion,Married
3,33,3,2,3,0,22,12,158.53,3,Debit Card,Female,Laptop & Accessory,Single
16,13,2,3,4,1,13,4,193.63,3,Credit Card,Male,Laptop & Accessory,Married
2,19,4,5,5,1,12,15,136.69,2,Credit Card,Female,Fashion,Divorced
2,17,3,4,1,1,24,7,128.79,2,Debit Card,Female,Laptop & Accessory,Single
25,15,3,1,3,0,19,12,209.24,3,COD,Female,Others,Single
9,13,3,2,3,0,15,0,168.3,1,Credit Card,Female,Laptop & Accessory,Single
14,10,2,3,2,1,16,10,147.8,1,Debit Card,Female,Laptop & Accessory,Married
10,9,1,2,2,0,16,12,136.22,1,Credit Card,Male,Fashion,Single
32,16,4,2,5,1,17,23,252.5,2,Credit Card,Male,Mobile Phone,Single
0,15,3,2,2,1,20,3,133.68,2,Debit Card,Male,Mobile Phone,Single
15,22,2,2,4,0,19,10,189.13,3,Credit Card,Male,Laptop & Accessory,Married
8,25,4,2,4,0,18,7,161.87,3,Debit Card,Male,Laptop & Accessory,Married
1,15,3,1,2,0,18,18,139.9,1,COD,Female,Laptop & Accessory,Married
2,16,2,2,2,1,19,6,121.77,1,Credit Card,Female,Laptop & Accessory,Married
0,23,3,2,4,0,20,10,139.57,1,COD,Male,Fashion,Married
14,17,2,3,3,0,25,2,167.82,2,Debit Card,Male,Fashion,Single
54,17,4,1,2,0,19,13,296.08,2,Debit Card,Female,Fashion,Married
15,11,2,2,4,1,16,8,145.18,1,E Wallet,Female,Mobile Phone,Married
20,21,1,4,2,1,14,8,148.23,2,Credit Card,Male,Laptop & Accessory,Divorced
9,11,5,5,5,0,19,1,173.43,2,E Wallet,Female,Mobile Phone,Single
13,20,2,2,2,0,14,14,165.29,3,Debit Card,Female,Laptop & Accessory,Single
24,22,2,1,3,1,20,13,217.48,2,Credit Card,Female,Laptop & Accessory,Married
1,7,2,4,5,1,24,5,173.44,3,Debit Card,Female,Fashion,Single
11,22,4,2,4,1,22,4,158.0,2,Debit Card,Female,Laptop & Accessory,Married
18,11,2,3,1,0,24,5,170.97,2,UPI,Female,Fashion,Single
3,28,5,2,4,1,18,6,144.15,2,Debit Card,Female,Laptop & Accessory,Single
5,23,3,3,1,0,23,2,143.72,2,Credit Card,Female,Mobile Phone,Single
16,11,1,2,4,1,20,6,173.11,3,E Wallet,Male,Others,Single
15,21,1,3,1,0,13,14,190.4,2,Credit Card,Female,Grocery,Single
1,19,1,5,1,0,18,6,149.0,1,Credit Card,Male,Laptop & Accessory,Married
1,19,3,4,4,0,19,7,136.76,2,Debit Card,Female,Fashion,Married
29,13,2,2,5,0,15,10,219.2,3,UPI,Male,Mobile Phone,Single
17,15,2,2,3,0,23,2,203.95,3,COD,Male,Laptop & Accessory,Married
26,9,2,2,2,0,11,13,221.75,1,Debit Card,Female,Others,Divorced
4,16,2,4,1,0,16,14,147.52,2,Credit Card,Female,Mobile Phone,Single
3,17,3,3,3,0,20,5,119.2,3,Credit Card,Male,Laptop & Accessory,Single
33,15,3,3,2,0,16,7,221.74,1,Credit Card,Male,Laptop & Accessory,Married
18,10,3,1,3,1,23,7,177.24,3,UPI,Male,Fashion,Divorced
3,12,2,1,1,0,19,3,161.38,3,Debit Card,Male,Laptop & Accessory,Married
23,11,3,4,5,0,24,12,180.72,1,Debit Card,Male,Laptop & Accessory,Single
0,14,5,4,4,0,16,4,134.56,3,COD,Male,Fashion,Married
4,33,3,2,3,0,20,14,136.04,3,COD,Male,Mobile Phone,Single
7,8,2,1,1,0,24,4,155.6,1,Debit Card,Male,Fashion,Divorced
10,25,2,3,4,0,18,5,139.98,1,E Wallet,Male,Mobile Phone,Single
1,20,4,3,3,0,21,6,136.72,1,UPI,Male,Mobile Phone,Divorced
5,12,2,5,3,1,21,7,140.6,1,E Wallet,Male,Mobile Phone,Married
31,28,1,2,4,0,13,1,191.48,2,Debit Card,Male,Mobile Phone,Married
21,12,2,3,3,1,16,4,177.98,1,Debit Card,Female,Laptop & Accessory,Married
4,18,2,3,4,1,26,6,135.55,1,Credit Card,Male,Laptop & Accessory,Divorced
3,9,2,4,3,0,18,12,145.7,1,UPI,Male,Fashion,Married
9,19,2,4,4,0,15,1,132.95,3,Debit Card,Female,Mobile Phone,Married
19,22,4,5,3,0,13,3,183.26,3,Debit Card,Male,Grocery,Single
9,10,2,3,3,0,23,2,154.34,2,Credit Card,Male,Laptop & Accessory,Married
6,10,2,3,4,1,26,4,151.67,1,Credit Card,Male,Laptop & Accessory,Single
7,24,3,4,4,0,11,6,135.86,1,COD,Female,Fashion,Divorced
14,11,4,2,1,0,20,5,166.41,2,Debit Card,Female,Fashion,Married
13,14,1,4,1,1,22,18,207.58,1,UPI,Male,Fashion,Divorced
9,8,3,1,4,0,22,7,124.8,1,UPI,Male,Fashion,Married
13,14,1,4,3,0,14,7,162.41,2,E Wallet,Male,Grocery,Married
10,44,5,3,1,0,18,12,171.62,3,E Wallet,Male,Fashion,Divorced
31,28,1,2,3,0,18,2,222.99,1,COD,Female,Fashion,Married
14,11,1,4,2,0,19,15,152.6,3,UPI,Female,Fashion,Single
7,15,2,4,5,0,14,20,136.89,3,Debit Card,Female,Others,Divorced
9,21,4,2,3,0,26,8,126.05,3,COD,Male,Laptop & Accessory,Married
6,13,4,1,3,0,13,3,116.55,2,COD,Female,Laptop & Accessory,Married
16,14,3,3,4,0,16,3,161.76,2,Credit Card,Male,Fashion,Married
8,12,5,3,2,1,20,6,158.27,3,UPI,Male,Mobile Phone,Divorced
0,23,4,3,4,0,15,9,121.14,2,E Wallet,Female,Laptop & Accessory,Married
9,16,3,3,3,1,11,31,144.6,2,Credit Card,Male,Laptop & Accessory,Married
13,16,3,2,3,0,22,9,190.72,1,Debit Card,Male,Grocery,Married
9,12,1,3,2,0,21,2,143.5,1,Debit Card,Male,Laptop & Accessory,Married
5,11,2,4,4,1,23,3,140.97,2,Debit Card,Male,Fashion,Married
5,23,1,4,3,0,13,4,143.66,1,Credit Card,Female,Laptop & Accessory,Married
1,18,3,4,1,1,18,8,152.75,1,UPI,Female,Laptop & Accessory,Married
6,18,4,4,3,1,21,5,106.35,1,Credit Card,Female,Mobile Phone,Divorced
0,8,4,2,1,0,18,3,156.16,2,Debit Card,Male,Fashion,Married
0,12,3,3,3,0,25,46,141.84,1,Debit Card,Female,Mobile Phone,Married
12,13,1,3,1,1,18,8,166.35,3,Credit Card,Male,Mobile Phone,Married
34,17,1,3,2,0,20,2,211.36,3,Credit Card,Male,Fashion,Married
19,7,5,3,2,0,13,4,163.09,1,E Wallet,Female,Fashion,Married
3,14,3,3,3,1,18,7,139.86,1,Debit Card,Female,Grocery,Single
32,14,2,3,5,0,22,2,225.89,3,Credit Card,Female,Mobile Phone,Married
4,26,2,2,1,1,11,3,174.65,1,UPI,Female,Mobile Phone,Married
1,23,3,1,4,0,26,6,149.87,2,Debit Card,Male,Mobile Phone,Single
6,31,2,4,3,0,19,8,168.65,1,Debit Card,Male,Mobile Phone,Single
18,11,2,1,3,1,14,10,181.22,3,Debit Card,Female,Others,Single
9,8,5,4,1,0,23,1,133.63,1,E Wallet,Male,Mobile Phone,Married
28,18,3,4,2,0,26,8,229.84,2,Credit Card,Female,Laptop & Accessory,Single
10,15,3,5,2,0,16,2,188.06,3,Debit Card,Male,Mobile Phone,Married
0,12,3,3,5,0,25,1,151.24,3,UPI,Female,Laptop & Accessory,Single
4,21,4,3,5,1,19,1,144.56,3,Debit Card,Female,Fashion,Married
7,43,3,2,3,1,16,9,167.26,2,Credit Card,Male,Mobile Phone,Single
19,20,3,3,2,0,11,6,176.45,2,UPI,Female,Grocery,Single
27,12,4,3,1,0,21,2,190.25,2,UPI,Female,Laptop & Accessory,Single
18,14,3,3,2,0,11,8,176.83,1,E Wallet,Male,Laptop & Accessory,Divorced
3,15,3,1,5,0,23,3,133.21,2,Debit Card,Female,Fashion,Single
31,12,3,1,4,1,13,5,217.37,2,E Wallet,Male,Mobile Phone,Single
2,15,2,2,3,0,14,16,145.33,2,COD,Male,Laptop & Accessory,Married
11,7,3,4,2,1,17,4,146.99,1,Debit Card,Female,Mobile Phone,Divorced
0,21,5,3,3,1,20,3,138.49,1,UPI,Male,Mobile Phone,Married
16,9,4,6,4,0,26,10,161.36,3,Debit Card,Female,Fashion,Divorced
11,15,4,3,3,1,15,11,169.64,1,Debit Card,Female,Grocery,Single
0,22,2,3,4,0,24,7,135.34,3,E Wallet,Female,Grocery,Divorced
8,7,4,2,2,0,22,5,145.88,3,Credit Card,Female,Mobile Phone,Married
4,12,4,3,3,1,26,26,105.45,3,Credit Card,Male,Mobile Phone,Married
19,7,3,3,5,0,16,2,179.98,3,Debit Card,Female,Laptop & Accessory,Single
22,9,3,1,3,0,13,9,220.4,2,Debit Card,Male,Laptop & Accessory,Single
1,20,2,4,1,0,23,13,140.56,1,UPI,Female,Mobile Phone,Married
2,19,3,2,3,0,14,6,137.4,1,COD,Male,Fashion,Married
2,20,5,4,4,0,12,6,144.54,2,UPI,Female,Laptop & Accessory,Married
2,15,2,3,2,1,23,1,134.14,3,UPI,Male,Fashion,Married
21,14,2,6,2,0,11,2,157.46,3,Debit Card,Male,Laptop & Accessory,Married
15,20,2,3,5,0,16,15,171.78,3,Credit Card,Female,Laptop & Accessory,Single
19,10,4,5,2,0,18,2,192.23,2,Credit Card,Female,Mobile Phone,Single
6,20,1,2,3,0,11,1,150.94,3,Credit Card,Female,Grocery,Married
12,6,5,3,1,0,15,9,190.24,1,E Wallet,Female,Laptop & Accessory,Divorced
12,18,2,4,3,1,18,24,148.47,1,E Wallet,Male,Laptop & Accessory,Married
0,9,1,4,3,0,26,8,115.84,3,E Wallet,Female,Fashion,Single
14,23,2,3,2,0,20,11,150.72,1,Debit Card,Male,Mobile Phone,Single
61,23,3,3,1,1,25,4,297.72,1,Credit Card,Male,Others,Married
6,19,4,3,4,1,22,10,155.13,1,Debit Card,Male,Fashion,Single
40,18,4,2,3,1,11,4,236.76,3,E Wallet,Male,Fashion,Married
1,15,3,4,3,0,16,7,133.26,3,Debit Card,Female,Laptop & Accessory,Single
10,9,3,2,3,1,18,6,176.14,1,Debit Card,Male,Mobile Phone,Single
28,7,3,3,2,0,21,5,192.45,2,E Wallet,Male,Laptop & Accessory,Single
2,10,1,2,1,0,12,3,163.61,1,UPI,Female,Fashion,Married
5,14,4,2,5,0,11,4,151.32,1,Credit Card,Female,Laptop & Accessory,Married
8,28,4,3,4,0,19,6,144.73,1,Credit Card,Male,Laptop & Accessory,Married
34,12,2,3,4,1,26,8,221.82,1,Credit Card,Male,Laptop & Accessory,Single
24,17,2,4,3,0,19,6,183.57,1,UPI,Female,Laptop & Accessory,Single
9,39,3,1,1,0,11,5,169.45,3,Credit Card,Female,Others,Married
6,19,3,3,3,0,24,14,158.53,2,UPI,Male,Grocery,Divorced
4,34,3,3,1,1,24,8,142.36,1,E Wallet,Male,Laptop & Accessory,Married
2,25,1,4,3,0,19,13,150.72,1,Credit Card,Male,Grocery,Divorced
13,24,2,3,2,1,17,7,186.8,1,Debit Card,Male,Fashion,Married
15,10,2,3,4,0,26,3,181.44,1,Debit Card,Male,Mobile Phone,Married
8,19,3,1,1,0,24,0,164.23,3,UPI,Female,Others,Divorced
23,11,5,2,2,0,21,5,151.09,2,Debit Card,Female,Mobile Phone,Married
15,15,2,4,5,1,22,6,172.93,1,Debit Card,Female,Grocery,Married
7,10,3,3,2,0,21,2,152.42,1,COD,Female,Mobile Phone,Divorced
13,20,2,4,2,0,14,1,153.39,3,E Wallet,Male,Mobile Phone,Single
1,16,3,5,2,0,22,1,141.67,3,Debit Card,Male,Laptop & Accessory,Single
27,13,2,3,1,0,14,14,169.35,3,Debit Card,Female,Fashion,Divorced
15,9,2,4,4,0,12,4,181.93,1,COD,Male,Mobile Phone,Single
2,15,3,3,4,0,11,43,138.12,2,Credit Card,Male,Laptop & Accessory,Married
2,13,2,4,3,0,21,5,145.26,2,Credit Card,Female,Mobile Phone,Married
0,18,3,1,1,1,14,2,135.71,1,Credit Card,Male,Grocery,Single
4,9,3,2,4,0,11,8,153.47,3,Credit Card,Male,Fashion,Single
0,23,4,2,5,0,24,4,119.43,3,Credit Card,Male,Laptop & Accessory,Married
21,7,2,5,3,0,12,15,170.15,3,Debit Card,Female,Fashion,Married
19,9,4,4,4,0,11,9,160.11,1,UPI,Male,Laptop & Accessory,Single
38,6,4,1,3,0,12,26,237.42,1,Credit Card,Female,Fashion,Married
0,8,4,4,2,0,26,21,155.54,2,Debit Card,Female,Mobile Phone,Married
0,22,3,2,4,0,12,9,120.07,2,Credit Card,Female,Others,Single
5,8,2,4,3,0,23,9,133.85,2,E Wallet,Male,Laptop & Accessory,Single
3,8,4,4,3,0,25,3,155.66,1,Credit Card,Male,Mobile Phone,Single
16,15,1,2,4,0,17,4,171.26,1,Credit Card,Male,Mobile Phone,Single
2,9,2,5,3,1,21,17,142.35,3,Credit Card,Female,Grocery,Married
27,22,2,3,1,0,26,6,225.29,2,Debit Card,Female,Mobile Phone,Single
16,26,5,4,3,0,20,2,184.99,2,Debit Card,Male,Others,Single
1,21,3,6,2,0,17,16,142.42,2,E Wallet,Female,Laptop & Accessory,Divorced
15,11,4,1,4,0,23,18,145.61,1,COD,Male,Fashion,Married
11,28,4,4,2,0,24,9,149.6,2,Credit Card,Male,Mobile Phone,Married
11,18,5,1,2,0,25,16,152.89,3,Credit Card,Female,Laptop & Accessory,Single
11,10,4,2,4,1,14,20,161.56,2,Debit Card,Male,Laptop & Accessory,Single
9,14,3,4,5,0,22,3,157.34,1,E Wallet,Female,Mobile Phone,Single
0,17,3,3,5,0,16,2,113.66,1,Credit Card,Male,Mobile Phone,Single
33,17,4,5,3,1,21,3,198.43,2,Credit Card,Female,Fashion,Married
13,16,3,3,5,0,23,8,147.79,2,Debit Card,Female,Fashion,Married
13,18,1,3,3,0,18,5,160.2,3,Debit Card,Male,Laptop & Accessory,Married
25,20,4,2,3,0,23,6,214.69,3,UPI,Female,Laptop & Accessory,Single
14,11,2,3,4,1,17,4,180.88,1,E Wallet,Male,Laptop & Accessory,Married
9,22,2,2,2,0,22,8,155.21,1,COD,Female,Others,Married
4,8,1,2,3,1,19,4,156.67,3,Debit Card,Male,Fashion,Single
0,9,3,2,5,0,20,0,139.66,2,Debit Card,Male,Laptop & Accessory,Married
5,18,4,1,3,0,25,7,140.7,1,UPI,Male,Laptop & Accessory,Married
6,7,2,4,4,0,21,15,148.7,1,Credit Card,Male,Fashion,Married
3,21,1,3,1,1,17,21,142.5,2,E Wallet,Male,Laptop & Accessory,Single
6,11,2,1,2,1,25,5,139.7,3,Debit Card,Female,Mobile Phone,Divorced
6,25,2,3,3,0,12,5,162.01,2,Credit Card,Male,Mobile Phone,Single
2,16,3,4,3,0,12,2,178.89,1,Debit Card,Female,Fashion,Married
7,14,4,2,1,0,12,7,156.56,1,Debit Card,Female,Fashion,Divorced
33,20,3,5,1,0,26,10,192.22,3,Credit Card,Female,Others,Married
3,24,3,5,2,0,21,11,108.55,2,E Wallet,Female,Laptop & Accessory,Married
6,32,3,3,4,0,20,13,136.62,3,E Wallet,Male,Grocery,Single
14,6,3,3,2,1,25,2,159.95,2,E Wallet,Male,Laptop & Accessory,Married
13,16,2,5,3,0,18,0,170.31,1,Debit Card,Female,Mobile Phone,Married
35,14,1,3,3,1,18,9,204.59,3,Debit Card,Male,Grocery,Married
2,16,2,4,3,0,14,12,128.94,2,UPI,Male,Fashion,Single
1,33,4,3,5,0,15,4,136.01,1,E Wallet,Male,Mobile Phone,Divorced
18,12,2,3,1,0,19,9,172.32,1,E Wallet,Male,Laptop & Accessory,Married
10,27,4,2,3,0,22,27,154.99,3,Debit Card,Female,Laptop & Accessory,Married
11,11,2,2,2,0,13,4,129.32,1,Debit Card,Female,Mobile Phone,Single
61,12,3,2,1,0,19,3,312.97,2,Debit Card,Male,Mobile Phone,Single
17,7,3,3,4,0,18,5,181.12,1,Debit Card,Male,Mobile Phone,Married
9,15,2,1,3,0,24,5,141.58,1,Debit Card,Female,Laptop & Accessory,Divorced
5,17,3,3,3,1,19,14,151.09,1,Credit Card,Male,Mobile Phone,Single
1,35,3,4,5,1,17,6,135.97,1,COD,Male,Grocery,Single
10,18,3,5,3,0,24,6,149.43,2,E Wallet,Female,Grocery,Single
3,7,3,2,4,1,17,9,137.71,3,Debit Card,Male,Fashion,Married
3,12,3,2,3,0,17,0,155.66,1,E Wallet,Male,Mobile Phone,Married
0,20,3,1,2,1,14,5,128.18,2,E Wallet,Female,Mobile Phone,Married
5,31,2,3,1,0,22,13,137.93,3,COD,Male,Laptop & Accessory,Single
24,34,1,5,4,0,13,9,213.68,1,Credit Card,Male,Others,Divorced
1,8,2,2,4,1,18,15,126.63,2,Debit Card,Female,Laptop & Accessory,Married
3,14,1,2,2,1,16,7,144.45,3,E Wallet,Male,Mobile Phone,Divorced
7,26,2,3,2,0,20,14,136.01,2,COD,Male,Laptop & Accessory,Married
25,30,3,3,5,0,15,3,204.31,1,Debit Card,Female,Grocery,Single
15,11,3,5,2,0,18,10,176.14,2,Credit Card,Female,Grocery,Single
5,11,3,4,4,0,16,9,133.14,1,Credit Card,Male,Grocery,Married
7,10,4,5,1,0,15,2,154.2,1,Debit Card,Female,Mobile Phone,Married
29,26,4,4,3,0,17,1,185.59,1,E Wallet,Male,Mobile Phone,Divorced
10,15,1,2,1,1,24,7,141.91,3,E Wallet,Female,Others,Divorced
0,36,2,3,3,0,24,2,137.18,1,COD,Male,Laptop & Accessory,Married
4,17,3,4,1,0,16,2,158.28,2,Debit Card,Male,Mobile Phone,Single
25,12,2,4,4,0,18,1,213.86,3,E Wallet,Male,Fashion,Single
4,14,4,3,3,1,20,16,113.3,3,E Wallet,Male,Laptop & Accessory,Married
28,11,4,2,1,1,24,2,178.21,1,E Wallet,Male,Laptop & Accessory,Divorced
5,14,4,4,3,0,13,5,138.64,2,E Wallet,Male,Laptop & Accessory,Married
24,12,2,3,3,1,17,5,193.98,2,COD,Male,Mobile Phone,Married
10,27,3,2,2,1,12,4,162.26,2,Credit Card,Male,Others,Married
6,11,3,3,4,1,25,14,133.02,2,COD,Male,Laptop & Accessory,Single
9,19,3,2,3,0,18,6,155.17,3,Credit Card,Male,Laptop & Accessory,Married
24,12,2,2,3,1,15,2,195.05,3,E Wallet,Female,Others,Single
2,15,5,4,1,0,22,26,144.72,2,Debit Card,Female,Mobile Phone,Married
10,15,4,1,3,0,21,9,166.58,2,UPI,Female,Laptop & Accessory,Single
21,16,2,1,1,0,17,2,194.45,1,Credit Card,Female,Mobile Phone,Single
6,14,3,1,2,0,13,4,167.73,2,Credit Card,Female,Grocery,Single
1,18,3,3,4,1,18,15,157.32,2,Credit Card,Male,Grocery,Married
0,14,2,1,3,0,14,3,128.1,1,Debit Card,Male,Laptop & Accessory,Single
10,23,3,1,3,0,15,20,156.02,2,Credit Card,Female,Fashion,Single
2,34,3,4,2,0,20,26,153.08,1,UPI,Female,Mobile Phone,Married
2,20,3,2,1,0,23,3,132.48,1,Debit Card,Female,Others,Married
7,12,2,3,5,0,23,8,168.18,2,Debit Card,Male,Mobile Phone,Married
12,13,3,3,4,1,19,7,183.7,2,Debit Card,Male,Laptop & Accessory,Divorced
0,19,4,3,2,0,11,6,144.25,3,Debit Card,Female,Laptop & Accessory,Single
16,39,1,2,5,0,16,6,186.76,1,UPI,Male,Mobile Phone,Single
13,13,4,3,3,1,24,3,168.93,1,UPI,Female,Fashion,Single
0,23,2,4,1,0,20,14,97.93,1,Debit Card,Male,Fashion,Single
4,8,4,3,1,0,19,11,90.73,1,E Wallet,Female,Grocery,Married
31,33,3,1,3,0,17,1,234.46,3,Credit Card,Female,Fashion,Single
10,10,1,4,5,0,14,6,170.4,3,Credit Card,Female,Mobile Phone,Divorced
61,21,2,4,3,1,20,5,283.48,1,Credit Card,Male,Mobile Phone,Married
23,8,3,4,3,1,16,3,186.91,1,Debit Card,Female,Fashion,Married
9,29,3,1,4,0,23,4,181.68,2,Credit Card,Male,Laptop & Accessory,Divorced
4,13,4,2,2,0,19,17,140.49,1,Credit Card,Male,Others,Married
61,18,3,1,2,1,26,3,285.35,2,E Wallet,Female,Mobile Phone,Divorced
5,17,4,2,1,0,12,8,140.47,3,E Wallet,Male,Mobile Phone,Divorced
13,13,3,2,1,0,15,5,137.6,2,Credit Card,Female,Laptop & Accessory,Married
41,13,2,5,3,0,21,6,228.71,3,Debit Card,Male,Fashion,Married
42,10,2,3,5,0,25,11,270.99,2,Debit Card,Male,Mobile Phone,Divorced
8,21,3,3,4,0,19,7,161.43,3,Credit Card,Male,Fashion,Married
0,33,1,3,2,1,25,6,132.07,1,Credit Card,Female,Laptop & Accessory,Married
16,26,2,5,4,0,11,9,171.29,1,Debit Card,Male,Mobile Phone,Single
23,22,1,4,2,0,23,3,197.68,1,UPI,Male,Fashion,Single
1,14,4,2,4,0,19,4,109.88,2,Credit Card,Male,Mobile Phone,Single
17,16,4,2,2,0,24,6,166.58,3,Credit Card,Female,Laptop & Accessory,Single
12,24,3,2,1,0,12,2,144.96,3,Debit Card,Female,Grocery,Divorced
0,36,2,2,3,1,13,12,125.68,3,Credit Card,Female,Laptop & Accessory,Married
4,15,5,4,2,0,16,0,179.92,1,Credit Card,Male,Others,Married
6,19,3,3,1,0,19,8,131.13,2,E Wallet,Male,Fashion,Divorced
7,17,1,3,2,0,14,2,151.71,2,Credit Card,Female,Fashion,Single
19,9,3,2,1,1,15,7,187.72,2,Debit Card,Male,Laptop & Accessory,Single
30,12,4,3,3,0,11,4,226.84,2,Debit Card,Male,Grocery,Single
19,28,2,2,4,1,18,17,193.67,2,Debit Card,Female,Laptop & Accessory,Single
0,11,3,3,2,0,12,9,128.7,1,Debit Card,Male,Grocery,Single
25,6,3,3,2,0,12,5,201.56,3,UPI,Male,Laptop & Accessory,Single
8,13,1,2,5,0,22,16,148.83,1,Credit Card,Male,Fashion,Single
0,13,2,2,5,0,23,1,159.73,1,E Wallet,Female,Fashion,Single
19,14,2,2,3,1,18,8,177.89,3,E Wallet,Male,Mobile Phone,Divorced
6,11,1,3,3,1,25,4,149.3,2,Debit Card,Female,Mobile Phone,Married
0,20,4,2,3,0,21,11,103.36,3,Debit Card,Female,Others,Single
25,11,2,2,1,0,13,3,222.96,2,Credit Card,Female,Fashion,Single
4,35,2,1,3,0,23,6,143.82,3,Debit Card,Female,Laptop & Accessory,Married
14,23,2,6,4,0,24,17,178.06,2,Credit Card,Female,Mobile Phone,Married
1,13,3,3,3,0,13,13,98.05,3,Credit Card,Male,Others,Married
24,9,5,3,3,0,11,3,216.4,2,E Wallet,Male,Laptop & Accessory,Single
3,10,3,3,4,0,13,7,129.65,1,Credit Card,Male,Fashion,Married
0,23,3,4,4,0,21,13,130.55,1,Debit Card,Male,Grocery,Single
19,17,5,4,1,0,19,9,176.1,1,Credit Card,Female,Mobile Phone,Married
4,12,2,3,1,0,20,6,136.95,3,COD,Female,Fashion,Single
4,8,4,3,4,0,18,15,135.08,1,Credit Card,Male,Fashion,Married
9,14,2,4,5,1,11,6,166.07,2,E Wallet,Female,Fashion,Married
2,10,4,6,3,1,20,3,134.96,2,E Wallet,Female,Fashion,Single
7,10,2,5,3,0,21,3,180.65,1,Debit Card,Male,Laptop & Accessory,Married
3,14,3,2,3,0,26,3,127.46,1,Credit Card,Male,Fashion,Married
2,18,2,2,4,0,22,8,134.56,3,Debit Card,Male,Laptop & Accessory,Divorced
20,13,3,3,1,0,25,0,198.1,2,Credit Card,Male,Grocery,Single
0,16,2,4,2,0,14,4,134.72,3,Debit Card,Female,Grocery,Single
25,22,5,5,3,0,17,10,173.3,1,Debit Card,Male,Fashion,Married
30,38,4,1,3,0,24,4,216.59,3,E Wallet,Female,Laptop & Accessory,Single
3,26,4,1,2,1,13,4,131.35,3,Credit Card,Female,Mobile Phone,Married
5,19,3,2,2,1,23,5,107.16,2,Credit Card,Male,Fashion,Single
14,17,1,2,1,1,20,13,153.38,3,Debit Card,Male,Laptop & Accessory,Divorced
14,18,4,2,5,0,26,4,138.36,1,Credit Card,Female,Mobile Phone,Single
4,11,3,1,2,0,20,8,134.15,1,COD,Male,Others,Married
14,18,4,4,5,0,22,10,172.92,2,COD,Male,Mobile Phone,Single
1,25,2,3,1,0,17,3,127.52,1,E Wallet,Female,Laptop & Accessory,Single
6,9,3,3,3,0,19,2,156.95,3,Credit Card,Female,Laptop & Accessory,Single
6,14,2,4,4,1,20,6,141.02,1,Credit Card,Male,Others,Married
0,23,5,5,5,0,26,6,143.25,2,UPI,Female,Grocery,Married
13,14,4,3,3,0,20,13,168.76,2,E Wallet,Female,Mobile Phone,Married
0,10,3,1,1,0,15,9,109.95,2,COD,Female,Laptop & Accessory,Married
18,19,4,3,3,1,12,1,179.74,3,COD,Male,Laptop & Accessory,Married
6,21,1,3,3,0,13,4,168.45,1,E Wallet,Male,Laptop & Accessory,Divorced
23,12,2,1,3,1,15,6,189.96,2,Debit Card,Female,Laptop & Accessory,Married
9,16,3,4,1,0,22,3,152.28,1,Credit Card,Male,Mobile Phone,Married
5,18,3,3,5,0,19,4,161.21,2,E Wallet,Female,Laptop & Accessory,Single
16,16,1,4,5,0,18,9,189.36,2,Debit Card,Male,Mobile Phone,Single
4,15,2,4,2,0,26,3,144.1,1,Debit Card,Female,Grocery,Married
20,13,3,2,5,1,24,4,203.82,3,Credit Card,Female,Grocery,Single
2,42,2,1,3,0,12,4,159.55,2,Credit Card,Female,Fashion,Single
40,13,2,5,4,0,12,2,231.12,3,Debit Card,Male,Laptop & Accessory,Single
7,14,5,2,3,0,24,6,140.42,1,Debit Card,Male,Mobile Phone,Married
5,16,2,3,3,0,11,5,142.76,3,Debit Card,Female,Fashion,Married
6,10,4,2,3,0,24,13,138.12,2,E Wallet,Male,Fashion,Divorced
16,13,3,4,2,0,13,21,171.5,1,Credit Card,Female,Laptop & Accessory,Married
10,13,2,5,1,0,23,4,172.03,1,E Wallet,Female,Laptop & Accessory,Single
2,19,5,2,4,0,12,12,126.54,1,E Wallet,Female,Mobile Phone,Married
6,14,3,2,5,1,22,2,154.19,3,Credit Card,Male,Laptop & Accessory,Single
2,10,3,3,3,1,20,5,143.82,2,E Wallet,Female,Fashion,Married
16,14,3,1,1,0,17,10,135.86,2,Debit Card,Female,Laptop & Accessory,Divorced
11,13,3,3,3,0,18,2,188.65,2,Debit Card,Male,Fashion,Divorced
19,16,2,2,4,0,26,18,176.46,3,E Wallet,Female,Others,Single
2,8,2,3,2,0,17,7,133.65,3,UPI,Male,Laptop & Accessory,Divorced
23,17,3,3,1,0,12,21,220.2,2,COD,Female,Laptop & Accessory,Married
3,11,3,3,2,0,22,6,157.36,2,Debit Card,Female,Grocery,Single
11,23,3,2,3,1,19,11,130.53,2,Debit Card,Female,Mobile Phone,Married
2,15,5,4,3,0,16,6,153.84,1,Debit Card,Male,Laptop & Accessory,Single
0,12,2,3,5,0,24,7,114.46,3,Credit Card,Male,Laptop & Accessory,Single
15,23,3,4,3,1,19,24,157.71,3,UPI,Male,Laptop & Accessory,Married
30,20,2,3,2,0,25,29,212.85,1,Credit Card,Female,Fashion,Married
9,15,2,2,3,1,14,10,175.15,2,COD,Female,Laptop & Accessory,Single
4,11,2,3,4,0,18,5,132.16,1,COD,Female,Fashion,Divorced
0,29,2,2,4,0,18,4,128.4,3,Credit Card,Female,Laptop & Accessory,Married
20,10,4,3,3,0,16,6,192.54,1,Debit Card,Female,Others,Married
1,30,2,5,2,0,14,6,143.43,3,Debit Card,Female,Mobile Phone,Married
0,9,3,3,2,0,12,9,134.97,3,Credit Card,Female,Laptop & Accessory,Married
6,13,3,1,3,0,16,18,181.6,1,COD,Female,Fashion,Single
0,13,4,4,1,0,24,7,129.96,2,Credit Card,Male,Fashion,Divorced
20,13,4,4,3,0,18,9,182.93,1,COD,Female,Fashion,Married
6,14,4,2,2,1,11,7,158.49,2,Debit Card,Male,Mobile Phone,Single
11,11,4,2,3,0,23,5,149.6,2,COD,Female,Mobile Phone,Married
33,25,2,4,3,0,16,17,220.89,1,Debit Card,Female,Fashion,Divorced
12,22,2,4,3,0,24,0,172.46,1,E Wallet,Female,Fashion,Divorced
3,33,2,4,4,0,23,2,146.03,3,Credit Card,Male,Laptop & Accessory,Divorced
3,18,5,3,3,0,22,16,131.66,2,COD,Male,Fashion,Single
3,8,3,3,2,1,25,6,134.85,3,E Wallet,Female,Mobile Phone,Married
20,13,2,3,4,0,16,6,183.23,2,Credit Card,Female,Laptop & Accessory,Divorced
27,25,4,4,5,1,26,3,222.05,2,Debit Card,Male,Laptop & Accessory,Single
2,17,2,6,5,0,18,8,144.99,1,Debit Card,Male,Others,Single
2,14,2,2,4,1,14,9,153.42,1,E Wallet,Male,Laptop & Accessory,Married
4,12,2,2,3,1,17,1,163.74,2,Debit Card,Male,Mobile Phone,Married
27,12,5,4,4,0,25,2,214.56,1,Debit Card,Female,Others,Single
1,18,5,5,2,1,14,10,93.45,3,COD,Female,Grocery,Single
10,23,2,3,5,0,21,5,128.6,1,Credit Card,Female,Others,Married
9,14,4,3,3,0,21,4,117.38,1,Debit Card,Female,Laptop & Accessory,Single
6,12,4,1,4,0,20,12,155.15,3,Credit Card,Male,Fashion,Single
27,16,4,3,4,0,16,2,185.95,3,Credit Card,Male,Fashion,Single
19,11,3,6,5,0,17,11,162.91,1,Debit Card,Male,Others,Married
1,8,3,6,1,0,19,14,155.53,3,Debit Card,Male,Laptop & Accessory,Married
15,13,3,1,2,0,11,4,185.11,1,E Wallet,Male,Laptop & Accessory,Married
14,10,2,2,3,0,23,6,193.54,1,E Wallet,Female,Fashion,Single
11,28,1,5,1,0,15,3,172.47,2,E Wallet,Male,Fashion,Married
11,11,4,4,4,0,23,1,158.69,1,Credit Card,Female,Mobile Phone,Married
14,13,3,3,2,0,14,4,167.54,3,E Wallet,Male,Laptop & Accessory,Married
3,12,3,4,3,0,15,10,133.28,2,Debit Card,Female,Others,Single
12,15,2,3,2,0,20,0,134.06,3,UPI,Female,Laptop & Accessory,Married
7,13,2,3,1,1,16,3,151.99,3,Credit Card,Male,Laptop & Accessory,Single
1,9,3,3,5,0,26,7,139.49,1,Debit Card,Male,Others,Single
48,12,3,1,3,0,12,6,240.33,1,UPI,Female,Mobile Phone,Single
3,23,2,1,3,0,17,7,151.77,1,Credit Card,Female,Laptop & Accessory,Divorced
13,24,5,4,4,1,18,12,179.7,1,UPI,Male,Grocery,Married
6,11,5,1,5,0,19,0,157.62,1,E Wallet,Female,Mobile Phone,Married
6,16,5,2,3,1,20,5,145.03,3,UPI,Male,Laptop & Accessory,Married
17,9,3,2,5,1,11,3,198.58,3,Debit Card,Female,Laptop & Accessory,Married
12,13,2,3,1,0,17,8,164.37,2,Credit Card,Female,Laptop & Accessory,Single
13,17,4,3,2,0,26,1,169.83,2,Credit Card,Female,Laptop & Accessory,Single
9,24,4,3,4,0,13,1,167.4,1,Debit Card,Male,Laptop & Accessory,Single
12,13,3,4,3,1,13,2,183.86,3,E Wallet,Male,Fashion,Divorced
13,21,4,2,2,0,12,9,156.65,1,E Wallet,Male,Laptop & Accessory,Married
3,12,3,4,2,1,16,7,122.09,2,UPI,Male,Grocery,Single
6,11,4,2,3,0,16,11,146.54,2,Credit Card,Female,Mobile Phone,Single
3,19,2,2,5,0,12,5,174.6,2,Debit Card,Male,Mobile Phone,Married
18,22,4,2,3,0,17,13,180.97,1,E Wallet,Male,Laptop & Accessory,Married
4,25,5,3,1,0,22,20,141.39,1,E Wallet,Male,Laptop & Accessory,Married
31,12,2,3,3,0,22,13,195.5,1,Debit Card,Male,Laptop & Accessory,Married
0,13,1,3,3,0,16,5,133.7,1,Credit Card,Female,Mobile Phone,Married
8,20,2,1,2,0,11,5,163.93,3,E Wallet,Female,Fashion,Single
7,21,4,3,3,0,19,18,129.91,3,Credit Card,Male,Laptop & Accessory,Single
0,17,4,5,4,0,19,1,108.71,3,UPI,Female,Laptop & Accessory,Divorced
4,8,4,3,3,0,16,6,183.8,2,Debit Card,Female,Grocery,Married
2,7,5,3,3,0,12,5,120.98,1,E Wallet,Male,Others,Divorced
4,20,3,3,3,1,25,24,145.14,3,Debit Card,Female,Others,Divorced
3,21,3,4,5,0,20,15,101.75,2,E Wallet,Male,Mobile Phone,Single
8,17,3,6,1,0,18,2,169.36,2,Credit Card,Female,Grocery,Married
26,21,3,4,2,0,25,6,163.73,3,Credit Card,Female,Laptop & Accessory,Married
3,11,3,3,3,0,14,5,110.58,3,UPI,Female,Fashion,Married
6,29,2,3,2,0,15,9,161.58,1,E Wallet,Male,Laptop & Accessory,Married
7,18,2,3,2,0,23,4,142.25,1,COD,Male,Grocery,Single
12,22,4,1,4,1,25,6,171.81,3,Credit Card,Female,Fashion,Married
0,6,3,2,2,0,11,5,123.71,1,E Wallet,Male,Fashion,Divorced
8,15,3,2,3,1,19,1,154.31,3,Credit Card,Female,Fashion,Single
7,7,3,4,3,0,24,11,156.76,2,UPI,Male,Others,Single
50,17,2,5,4,0,13,2,236.55,1,COD,Female,Grocery,Divorced
0,9,3,2,4,1,16,1,130.59,1,E Wallet,Female,Others,Married
1,12,4,3,2,1,14,2,144.09,3,COD,Male,Laptop & Accessory,Single
8,16,3,5,5,0,14,18,179.31,3,Credit Card,Female,Fashion,Single
1,6,2,5,2,1,25,4,145.68,3,E Wallet,Female,Laptop & Accessory,Single
1,12,5,3,1,0,26,5,129.28,3,Debit Card,Female,Grocery,Single
5,10,2,4,3,1,23,1,139.69,2,E Wallet,Female,Others,Divorced
20,20,3,2,3,0,11,11,172.25,1,Credit Card,Female,Mobile Phone,Married
5,20,3,1,1,0,11,14,130.08,2,Debit Card,Female,Laptop & Accessory,Married
61,8,3,4,1,1,23,7,286.79,3,Credit Card,Male,Fashion,Single
1,10,1,3,1,1,21,2,116.68,1,Debit Card,Female,Laptop & Accessory,Married
14,32,2,4,1,1,18,7,168.47,3,Credit Card,Male,Grocery,Married
12,27,3,4,3,0,25,6,173.79,1,E Wallet,Female,Mobile Phone,Married
19,12,2,2,5,0,18,4,189.14,1,Debit Card,Female,Mobile Phone,Single
1,10,2,2,2,0,23,6,123.51,3,COD,Male,Laptop & Accessory,Single
8,15,3,2,2,0,15,4,153.04,3,Debit Card,Male,Others,Married
7,9,2,6,3,0,18,8,141.59,3,COD,Female,Fashion,Married
10,12,2,3,5,0,23,13,153.04,2,UPI,Male,Laptop & Accessory,Married
10,12,3,5,2,1,18,4,167.5,1,Debit Card,Male,Others,Divorced
0,11,3,3,1,0,11,3,133.21,1,Credit Card,Male,Mobile Phone,Single
9,15,5,3,3,0,21,7,179.05,1,E Wallet,Male,Mobile Phone,Married
8,22,2,2,2,0,20,5,155.27,3,UPI,Male,Others,Single
36,30,4,3,4,1,22,16,205.82,2,E Wallet,Female,Laptop & Accessory,Single
3,11,4,3,3,0,12,7,120.86,3,Credit Card,Male,Mobile Phone,Single
46,10,3,2,4,1,25,6,251.24,3,E Wallet,Male,Fashion,Single
6,22,4,5,1,0,21,3,146.92,2,Debit Card,Male,Grocery,Single
2,11,2,2,1,1,11,2,136.72,2,Credit Card,Male,Laptop & Accessory,Single
11,27,4,3,3,0,26,15,135.63,1,Credit Card,Male,Laptop & Accessory,Single
16,18,3,2,2,0,11,3,151.5,1,Credit Card,Male,Fashion,Single
0,11,2,5,1,0,15,0,138.88,1,E Wallet,Female,Mobile Phone,Married
2,13,3,2,3,0,14,2,132.3,2,Debit Card,Female,Laptop & Accessory,Single
11,11,2,6,3,0,15,19,146.25,2,Credit Card,Male,Laptop & Accessory,Married
26,19,3,3,1,0,18,3,183.08,2,E Wallet,Male,Laptop & Accessory,Married
14,11,3,2,2,0,15,1,145.04,3,Debit Card,Male,Grocery,Married
24,15,1,2,1,1,19,7,218.08,3,Debit Card,Male,Laptop & Accessory,Married
32,17,2,4,3,0,23,7,212.93,1,UPI,Female,Grocery,Single
7,49,3,2,4,1,16,0,142.7,2,Credit Card,Female,Laptop & Accessory,Married
8,15,2,1,2,0,20,19,156.51,2,Credit Card,Female,Laptop & Accessory,Divorced
9,20,2,2,1,1,19,2,158.88,2,COD,Female,Laptop & Accessory,Single
3,29,2,2,3,1,18,5,153.77,3,Credit Card,Male,Mobile Phone,Single
4,29,4,3,4,1,14,9,134.63,2,Credit Card,Female,Mobile Phone,Married
10,18,3,3,4,0,16,10,157.6,2,Debit Card,Female,Fashion,Married
0,14,1,4,3,0,20,10,141.85,3,Debit Card,Male,Others,Divorced
3,8,2,3,5,1,20,6,146.58,1,UPI,Male,Mobile Phone,Married
13,11,3,1,3,0,21,11,147.11,3,E Wallet,Male,Mobile Phone,Married
8,11,4,4,2,0,15,4,148.29,3,COD,Female,Fashion,Divorced
19,9,3,3,1,0,19,11,179.39,2,UPI,Female,Grocery,Married
0,25,3,3,3,0,21,4,150.87,3,Credit Card,Female,Grocery,Married
14,26,2,4,3,0,13,7,133.46,2,COD,Female,Laptop & Accessory,Single
18,39,3,2,2,0,19,10,181.68,2,UPI,Male,Others,Single
12,22,4,3,3,0,19,6,159.9,3,Credit Card,Female,Mobile Phone,Married
2,14,3,3,1,0,22,8,146.5,3,Credit Card,Male,Laptop & Accessory,Married
2,25,1,2,3,0,23,8,120.17,2,E Wallet,Male,Laptop & Accessory,Married
2,15,3,2,4,0,18,13,137.81,2,COD,Male,Mobile Phone,Married
9,21,2,5,5,0,13,14,130.13,3,E Wallet,Female,Mobile Phone,Married
16,16,5,4,1,0,14,5,145.46,1,Credit Card,Male,Laptop & Accessory,Single
1,22,3,1,2,0,20,3,123.87,3,Credit Card,Male,Fashion,Married
4,28,4,4,4,0,23,11,149.65,1,Credit Card,Male,Laptop & Accessory,Single
6,24,2,2,5,1,25,9,119.6,3,Credit Card,Male,Laptop & Accessory,Married
10,9,2,4,2,0,18,35,149.56,3,Debit Card,Male,Laptop & Accessory,Single
0,30,4,3,3,0,14,12,117.66,2,COD,Male,Fashion,Divorced
2,13,3,3,3,0,22,6,113.33,1,Debit Card,Female,Fashion,Married
7,29,3,4,5,0,18,10,187.55,1,E Wallet,Female,Mobile Phone,Single
13,18,2,4,5,0,12,2,167.75,3,Credit Card,Female,Mobile Phone,Single
14,15,3,4,4,0,13,8,174.4,2,Credit Card,Male,Laptop & Accessory,Divorced
5,21,4,4,3,1,23,5,151.0,2,Credit Card,Female,Grocery,Single
7,15,2,3,3,0,20,1,149.27,2,UPI,Female,Grocery,Married
9,18,2,2,2,0,16,10,161.28,1,Credit Card,Male,Others,Single
41,15,3,2,5,0,16,3,229.32,2,Debit Card,Female,Laptop & Accessory,Single
25,15,5,4,4,1,12,3,217.99,1,COD,Female,Mobile Phone,Divorced
1,17,2,2,3,0,12,4,150.74,1,Credit Card,Male,Mobile Phone,Married
24,13,2,2,4,0,16,20,210.85,2,E Wallet,Male,Fashion,Married
6,22,3,3,2,0,19,13,150.65,1,Credit Card,Female,Mobile Phone,Single
2,31,3,4,2,0,13,7,144.77,3,Credit Card,Male,Laptop & Accessory,Married
18,17,2,3,3,1,24,24,188.33,3,Debit Card,Male,Mobile Phone,Single
0,11,3,2,3,0,24,6,137.32,3,Credit Card,Male,Fashion,Single
5,12,3,2,3,0,16,7,137.01,1,Credit Card,Male,Others,Married
0,11,3,5,3,0,13,4,128.74,3,Credit Card,Female,Grocery,Single
8,21,5,3,4,0,24,6,154.99,2,E Wallet,Female,Laptop & Accessory,Single
1,21,4,3,2,0,16,9,111.66,2,E Wallet,Female,Laptop & Accessory,Married
8,29,3,5,4,0,23,9,167.12,1,Credit Card,Male,Fashion,Divorced
19,9,3,3,1,0,14,15,176.45,3,Credit Card,Male,Fashion,Married
2,16,2,3,1,1,17,2,146.96,2,E Wallet,Male,Laptop & Accessory,Single
47,8,2,2,2,0,21,17,256.23,3,Credit Card,Male,Laptop & Accessory,Single
1,22,4,5,1,1,13,5,145.93,3,E Wallet,Female,Laptop & Accessory,Single
7,15,4,5,4,1,17,13,167.74,1,Debit Card,Male,Laptop & Accessory,Single
29,12,2,2,1,0,14,9,227.79,2,Debit Card,Female,Laptop & Accessory,Single
22,18,2,3,3,0,19,5,200.32,3,Credit Card,Male,Mobile Phone,Married
4,11,2,2,2,0,19,5,170.3,2,E Wallet,Female,Mobile Phone,Married
4,15,3,4,3,0,24,11,125.55,1,COD,Female,Mobile Phone,Married
12,12,2,3,3,0,12,3,191.69,1,E Wallet,Male,Laptop & Accessory,Married
9,23,2,2,3,1,18,11,146.66,2,UPI,Male,Mobile Phone,Married
1,18,5,2,3,1,14,6,129.49,1,UPI,Male,Fashion,Married
0,21,2,2,2,0,23,3,128.53,2,COD,Male,Fashion,Single
18,12,2,2,2,0,22,4,189.07,1,Credit Card,Female,Others,Single
23,17,1,2,3,1,19,4,170.76,3,E Wallet,Male,Fashion,Single
2,13,3,2,2,0,13,2,141.85,3,E Wallet,Male,Mobile Phone,Married
20,12,3,6,3,0,22,7,208.84,2,COD,Female,Fashion,Single
24,11,5,3,2,0,13,9,204.98,3,COD,Male,Fashion,Single
9,20,2,3,3,1,25,11,128.52,1,Credit Card,Female,Grocery,Married
2,13,2,3,5,0,23,7,145.45,3,UPI,Male,Laptop & Accessory,Divorced
3,15,2,4,2,1,18,4,150.49,2,COD,Female,Fashion,Single
3,18,4,2,2,0,23,9,158.4,3,COD,Male,Laptop & Accessory,Married
8,11,1,3,3,1,17,3,167.66,1,Debit Card,Male,Mobile Phone,Married
18,14,4,1,5,0,23,5,200.58,1,COD,Male,Laptop & Accessory,Married
11,12,2,1,1,0,22,5,175.38,3,Credit Card,Female,Mobile Phone,Married
7,28,2,2,2,1,11,3,165.19,1,Credit Card,Male,Laptop & Accessory,Single
7,17,3,3,2,1,11,3,141.4,3,Credit Card,Female,Fashion,Married
7,25,3,4,2,0,15,9,148.84,2,Debit Card,Male,Mobile Phone,Married
1,21,2,1,2,1,26,13,147.96,3,Debit Card,Male,Laptop & Accessory,Single
33,18,4,6,4,0,16,4,213.37,2,COD,Female,Fashion,Single
9,20,2,3,3,0,24,9,165.87,3,E Wallet,Female,Mobile Phone,Divorced
8,11,2,4,5,1,21,3,164.63,3,Credit Card,Male,Others,Single
20,20,3,3,1,0,13,5,174.62,2,Credit Card,Male,Mobile Phone,Married
10,12,3,4,1,0,12,22,174.89,3,E Wallet,Male,Laptop & Accessory,Single
1,9,2,2,2,0,16,30,146.32,3,Credit Card,Female,Fashion,Single
3,8,2,3,4,0,22,8,137.43,3,Credit Card,Male,Grocery,Married
16,19,2,2,3,1,11,2,189.58,1,Credit Card,Male,Laptop & Accessory,Single
4,14,2,3,1,1,23,3,166.17,3,Credit Card,Female,Fashion,Married
7,21,3,4,4,0,17,7,128.98,1,Debit Card,Male,Laptop & Accessory,Divorced
7,11,4,1,5,0,23,10,174.82,3,E Wallet,Male,Others,Single
39,27,4,4,5,1,24,5,223.56,3,E Wallet,Female,Laptop & Accessory,Single
9,11,3,3,4,0,21,5,180.12,2,Credit Card,Female,Mobile Phone,Divorced
0,14,2,3,3,0,15,2,108.09,1,Debit Card,Male,Fashion,Married
23,28,2,4,2,1,23,7,179.76,1,E Wallet,Female,Grocery,Married
16,20,3,4,3,0,23,7,213.28,2,COD,Male,Mobile Phone,Single
6,16,2,3,2,0,26,17,130.81,2,Debit Card,Male,Laptop & Accessory,Divorced
19,30,4,3,4,0,14,3,202.49,3,Debit Card,Female,Fashion,Single
7,10,3,1,4,0,11,10,142.51,2,COD,Female,Grocery,Single
9,17,4,2,4,0,16,7,165.14,2,Debit Card,Male,Laptop & Accessory,Single
3,17,1,3,2,0,18,12,153.13,1,Debit Card,Male,Fashion,Single
33,11,3,3,3,1,22,1,232.08,2,UPI,Male,Grocery,Married
26,38,2,2,5,1,24,8,222.03,1,Credit Card,Female,Laptop & Accessory,Married
20,20,2,1,2,1,22,4,173.78,1,UPI,Male,Fashion,Single
9,13,4,6,3,1,18,8,169.05,2,Credit Card,Male,Mobile Phone,Single
6,12,4,5,1,1,23,7,153.43,2,UPI,Male,Laptop & Accessory,Married
13,20,3,5,3,0,24,2,165.7,2,Debit Card,Male,Fashion,Single
13,13,3,4,5,0,23,13,153.56,1,COD,Male,Laptop & Accessory,Married
7,17,3,2,3,0,14,3,163.72,3,Credit Card,Male,Fashion,Single
6,29,4,1,1,0,24,2,127.13,1,COD,Male,Fashion,Married
5,19,3,5,3,0,24,2,134.64,3,Debit Card,Male,Grocery,Married
6,18,2,3,3,1,15,13,132.81,1,Debit Card,Female,Mobile Phone,Single
11,20,3,5,2,0,24,23,161.77,1,Debit Card,Female,Mobile Phone,Single
34,14,4,3,3,0,20,3,241.39,3,Credit Card,Male,Mobile Phone,Married
5,21,2,4,2,0,17,3,123.19,3,Credit Card,Female,Laptop & Accessory,Married
21,18,4,1,3,0,12,13,164.67,3,UPI,Female,Fashion,Married
1,16,1,3,5,1,22,13,134.48,1,E Wallet,Female,Grocery,Married
4,16,4,3,3,1,11,6,140.63,2,UPI,Female,Laptop & Accessory,Married
6,29,3,1,4,1,19,5,121.89,2,Debit Card,Female,Mobile Phone,Single
9,8,3,1,2,1,11,0,127.11,1,Debit Card,Female,Mobile Phone,Single
12,11,4,4,4,1,11,29,153.76,2,Debit Card,Male,Mobile Phone,Married
15,13,3,4,4,1,25,15,174.43,1,Debit Card,Male,Laptop & Accessory,Married
4,10,3,5,3,0,22,1,153.12,3,E Wallet,Male,Fashion,Married
0,15,2,2,5,0,17,13,130.07,2,Debit Card,Male,Fashion,Married
4,14,4,4,4,0,22,6,130.92,1,E Wallet,Female,Mobile Phone,Single
16,9,2,4,5,0,19,19,177.39,3,Credit Card,Female,Mobile Phone,Divorced
13,19,3,3,2,1,23,7,169.82,3,Debit Card,Male,Laptop & Accessory,Divorced
14,15,3,3,4,0,17,3,143.19,3,UPI,Female,Laptop & Accessory,Married
2,25,3,3,3,0,16,10,165.72,3,Credit Card,Female,Grocery,Divorced
2,10,2,2,4,1,26,8,139.09,1,E Wallet,Female,Laptop & Accessory,Single
0,8,2,3,5,1,16,5,115.38,1,E Wallet,Male,Laptop & Accessory,Single
2,11,3,3,3,0,17,14,146.39,1,Credit Card,Male,Fashion,Divorced
11,13,4,3,4,0,13,8,141.61,3,E Wallet,Male,Laptop & Accessory,Married
22,17,2,3,5,0,25,12,193.93,1,Debit Card,Female,Mobile Phone,Single
12,12,3,3,5,1,19,4,166.23,2,E Wallet,Male,Mobile Phone,Single
8,21,3,6,2,1,16,2,177.21,3,Debit Card,Male,Mobile Phone,Single
3,11,2,4,4,1,11,2,132.04,1,Credit Card,Female,Laptop & Accessory,Single
31,29,4,2,1,1,24,10,178.36,1,E Wallet,Male,Laptop & Accessory,Divorced
26,21,4,4,4,0,12,21,187.36,3,Debit Card,Female,Laptop & Accessory,Single
15,12,2,3,4,0,16,6,182.32,3,Credit Card,Male,Mobile Phone,Married
0,8,3,3,5,0,26,1,111.03,1,Debit Card,Male,Laptop & Accessory,Single
14,19,3,3,5,0,18,4,200.71,3,Credit Card,Male,Mobile Phone,Divorced
26,11,2,2,4,0,25,9,185.96,3,Credit Card,Female,Laptop & Accessory,Single
12,22,2,3,4,0,19,7,149.14,3,Credit Card,Female,Mobile Phone,Married
2,19,3,2,3,1,18,7,124.88,3,Debit Card,Female,Grocery,Married
34,18,3,1,2,1,22,5,230.31,1,Debit Card,Male,Laptop & Accessory,Single
7,16,4,3,5,0,23,16,132.3,1,Credit Card,Male,Laptop & Accessory,Single
3,14,2,3,4,0,26,4,124.24,1,E Wallet,Female,Laptop & Accessory,Married
28,18,3,2,2,0,17,26,203.14,1,E Wallet,Female,Laptop & Accessory,Divorced
1,14,3,2,1,0,21,7,141.12,2,Debit Card,Female,Grocery,Married
5,13,1,2,5,1,14,11,150.36,1,Credit Card,Female,Mobile Phone,Married
34,24,2,5,3,0,26,11,224.87,3,Credit Card,Male,Mobile Phone,Married
6,13,3,2,2,0,26,8,153.6,1,Credit Card,Male,Laptop & Accessory,Single
1,6,2,3,1,0,15,4,155.71,1,COD,Female,Others,Married
19,11,2,5,3,0,23,13,162.63,3,E Wallet,Male,Mobile Phone,Married
11,16,2,2,2,0,23,6,151.96,2,Debit Card,Female,Grocery,Married
1,17,3,3,4,0,22,10,147.8,1,UPI,Male,Fashion,Married
10,9,4,2,3,0,15,3,166.39,1,Credit Card,Male,Mobile Phone,Single
5,15,2,3,2,1,12,3,174.92,2,E Wallet,Male,Others,Divorced
19,13,2,1,2,0,22,24,198.49,3,Credit Card,Male,Laptop & Accessory,Married
12,11,3,1,5,0,14,9,164.67,1,Credit Card,Male,Mobile Phone,Married
17,12,2,3,2,0,20,6,170.54,2,E Wallet,Male,Mobile Phone,Single
1,15,3,1,5,0,18,12,160.71,2,Credit Card,Male,Fashion,Single
14,20,2,5,5,0,24,8,189.38,3,Debit Card,Male,Grocery,Married
24,20,2,4,1,0,18,15,217.82,2,Credit Card,Female,Mobile Phone,Married
6,17,3,3,2,1,14,5,132.17,3,Credit Card,Female,Mobile Phone,Divorced
57,8,3,3,1,0,24,4,277.63,1,Credit Card,Male,Mobile Phone,Divorced
10,26,1,3,3,0,16,5,147.76,1,E Wallet,Male,Grocery,Married
10,28,3,2,4,1,16,2,138.16,3,Credit Card,Male,Mobile Phone,Married
4,9,2,3,4,1,15,9,187.98,2,Debit Card,Male,Fashion,Single
3,23,3,5,4,0,13,4,144.71,1,E Wallet,Female,Grocery,Married
23,32,3,3,3,0,19,7,168.52,1,E Wallet,Male,Fashion,Single
11,16,3,4,1,1,20,7,177.13,1,E Wallet,Female,Laptop & Accessory,Divorced
16,19,4,2,2,0,19,3,181.06,1,Credit Card,Female,Grocery,Married
0,19,2,3,5,1,15,9,175.22,3,Debit Card,Female,Grocery,Married
12,16,4,3,2,1,26,13,150.08,1,UPI,Male,Laptop & Accessory,Single
0,18,3,4,4,0,16,8,128.4,2,Credit Card,Male,Fashion,Single
31,17,5,5,5,0,18,6,215.09,3,Credit Card,Male,Mobile Phone,Divorced
6,6,3,3,2,0,17,7,144.83,1,Credit Card,Male,Laptop & Accessory,Married
4,23,2,5,3,0,20,4,115.81,1,E Wallet,Male,Grocery,Divorced
5,15,3,2,4,1,16,9,157.26,1,E Wallet,Female,Others,Married
12,22,2,3,4,0,18,8,161.94,2,Debit Card,Male,Mobile Phone,Married
6,16,2,4,3,1,20,19,155.9,2,UPI,Male,Mobile Phone,Married
3,10,2,4,3,0,11,6,148.51,3,Credit Card,Female,Laptop & Accessory,Single
0,11,3,5,1,0,24,7,127.81,3,Credit Card,Female,Others,Divorced
12,15,4,1,1,0,20,7,183.01,3,COD,Female,Laptop & Accessory,Married
20,12,2,3,3,0,11,1,195.35,3,COD,Female,Fashion,Single
0,10,2,2,2,1,26,4,124.08,3,Credit Card,Male,Fashion,Married
0,27,2,4,5,0,20,11,171.78,2,UPI,Male,Mobile Phone,Single
6,13,2,3,1,0,14,13,157.98,1,Debit Card,Male,Fashion,Single
12,13,3,4,3,0,15,5,157.34,2,COD,Female,Mobile Phone,Married
1,21,3,2,3,0,13,29,129.5,3,COD,Female,Laptop & Accessory,Married
6,22,3,5,5,1,17,10,177.81,1,UPI,Male,Mobile Phone,Divorced
3,24,3,2,4,1,25,13,139.43,3,COD,Male,Others,Married
51,21,4,2,2,0,25,16,280.1,1,Credit Card,Male,Laptop & Accessory,Single
0,8,4,3,2,1,22,3,155.14,3,E Wallet,Male,Fashion,Married
18,19,3,2,1,1,17,2,152.14,1,Debit Card,Female,Grocery,Single
3,15,2,2,2,0,16,1,137.69,1,E Wallet,Male,Laptop & Accessory,Married
1,21,2,4,4,0,14,14,127.84,2,Debit Card,Male,Laptop & Accessory,Single
3,23,4,1,3,0,16,3,135.35,1,Credit Card,Female,Mobile Phone,Married
13,25,4,4,1,0,20,6,145.07,1,Credit Card,Female,Laptop & Accessory,Married
8,8,5,1,2,1,26,7,173.3,2,Debit Card,Female,Mobile Phone,Divorced
7,25,2,2,5,1,25,5,167.53,3,Debit Card,Male,Fashion,Single
1,7,3,2,3,0,12,4,153.63,2,E Wallet,Female,Fashion,Married
6,8,4,3,2,0,19,2,148.9,2,Debit Card,Male,Mobile Phone,Divorced
20,9,3,3,1,0,26,1,186.57,1,Credit Card,Female,Grocery,Married
0,24,3,4,1,0,25,2,156.14,3,Credit Card,Male,Laptop & Accessory,Married
7,21,4,3,2,1,21,4,144.35,1,Credit Card,Male,Grocery,Single
3,28,3,3,5,0,23,2,126.37,1,Credit Card,Female,Mobile Phone,Married
21,10,3,3,3,0,18,3,178.11,2,Debit Card,Male,Grocery,Married
0,19,3,3,4,0,15,7,152.92,3,Debit Card,Female,Laptop & Accessory,Single
12,11,4,3,4,0,19,2,179.34,1,E Wallet,Female,Fashion,Married
12,13,2,3,2,1,11,3,158.41,1,E Wallet,Male,Laptop & Accessory,Single
5,11,4,3,4,0,11,2,138.94,1,Credit Card,Male,Mobile Phone,Single
4,10,2,1,3,0,15,7,146.09,1,COD,Male,Fashion,Married
8,13,4,4,2,0,19,16,157.04,2,Debit Card,Female,Grocery,Divorced
1,20,3,4,5,0,14,8,149.13,3,Debit Card,Female,Laptop & Accessory,Married
1,13,3,5,3,0,12,12,140.63,3,Credit Card,Male,Fashion,Married
2,10,3,5,3,1,18,7,141.21,3,Credit Card,Female,Laptop & Accessory,Married
20,18,3,4,3,0,25,13,182.9,3,Credit Card,Male,Laptop & Accessory,Married
1,18,2,3,3,0,21,4,174.47,1,UPI,Female,Fashion,Married
6,15,4,4,4,0,23,6,134.88,1,Credit Card,Female,Laptop & Accessory,Divorced
0,15,3,1,2,1,25,8,141.73,2,UPI,Female,Others,Married
3,13,4,3,4,1,12,5,144.55,3,UPI,Female,Laptop & Accessory,Single
7,31,4,3,3,1,18,5,140.16,2,E Wallet,Female,Laptop & Accessory,Married
3,19,3,4,4,0,21,6,160.26,1,Debit Card,Female,Fashion,Married
16,15,3,4,3,0,23,11,184.91,1,COD,Male,Others,Divorced
14,11,4,2,4,0,26,5,180.89,1,Credit Card,Female,Mobile Phone,Single
21,16,4,2,1,0,16,3,178.18,1,Debit Card,Male,Fashion,Divorced
10,8,3,3,3,0,14,4,146.94,2,E Wallet,Male,Laptop & Accessory,Single
4,9,2,3,3,0,15,2,128.42,1,Debit Card,Male,Laptop & Accessory,Single
25,22,2,4,3,0,14,6,202.19,3,Credit Card,Female,Mobile Phone,Married
14,43,2,5,2,0,13,11,141.04,1,Debit Card,Male,Fashion,Married
9,31,3,4,3,1,26,6,151.64,2,E Wallet,Male,Others,Married
5,25,3,2,3,0,26,3,126.43,3,UPI,Female,Fashion,Single
5,21,5,5,3,0,18,9,157.03,1,E Wallet,Female,Fashion,Married
4,49,3,2,5,1,12,1,144.98,1,Credit Card,Female,Grocery,Married
5,8,2,3,4,0,18,9,134.23,2,COD,Female,Mobile Phone,Married
15,28,3,3,2,1,20,1,180.88,2,Credit Card,Male,Laptop & Accessory,Single
4,13,3,3,2,0,25,6,154.65,2,E Wallet,Female,Grocery,Single
17,21,3,5,3,0,22,9,216.13,1,UPI,Female,Mobile Phone,Married
5,6,1,4,1,0,19,2,142.97,2,COD,Female,Mobile Phone,Single
3,22,2,1,2,0,22,3,141.9,3,UPI,Female,Laptop & Accessory,Married
6,9,2,1,5,1,17,1,203.06,1,Credit Card,Male,Laptop & Accessory,Married
2,8,3,2,5,0,15,3,139.98,1,Credit Card,Female,Laptop & Accessory,Single
0,12,2,2,3,0,11,1,104.57,3,Debit Card,Female,Laptop & Accessory,Single
12,22,2,2,4,0,16,11,140.59,3,UPI,Female,Fashion,Married
6,23,3,3,4,1,14,5,164.6,1,Credit Card,Male,Laptop & Accessory,Divorced
2,16,3,1,2,1,21,9,137.03,1,Credit Card,Female,Fashion,Married
29,14,1,3,4,1,21,1,218.27,2,Debit Card,Male,Grocery,Divorced
32,19,5,3,1,1,15,13,221.45,1,Debit Card,Male,Others,Single
22,18,4,1,2,1,13,16,194.07,3,E Wallet,Female,Others,Divorced
33,20,4,2,3,1,16,5,218.03,3,Debit Card,Male,Laptop & Accessory,Single
23,10,2,2,2,0,12,10,191.33,2,Debit Card,Male,Mobile Phone,Single
14,8,2,1,2,1,15,5,182.67,2,E Wallet,Male,Fashion,Single
25,23,3,3,3,0,26,5,187.97,1,COD,Male,Laptop & Accessory,Single
2,9,4,4,2,0,26,4,127.03,1,E Wallet,Male,Laptop & Accessory,Married
2,12,2,5,4,0,11,9,153.96,1,Debit Card,Male,Mobile Phone,Divorced
15,26,4,2,4,0,25,7,161.26,1,Debit Card,Female,Mobile Phone,Married
10,14,3,4,2,0,25,1,165.5,3,Credit Card,Female,Grocery,Divorced
7,25,2,3,3,0,20,5,142.32,1,Debit Card,Male,Laptop & Accessory,Divorced
6,10,4,3,2,1,12,6,118.4,1,Credit Card,Male,Grocery,Divorced
2,17,3,3,3,0,24,6,128.07,3,COD,Female,Fashion,Single
8,10,2,3,1,1,26,15,178.54,1,Credit Card,Female,Laptop & Accessory,Divorced
3,9,2,4,2,1,14,11,140.3,2,Debit Card,Male,Laptop & Accessory,Married
2,11,2,4,4,0,21,2,141.07,1,UPI,Female,Grocery,Divorced
12,37,2,3,1,1,24,5,142.59,1,UPI,Female,Mobile Phone,Single
30,16,2,2,2,0,12,7,203.61,2,COD,Female,Fashion,Married
0,19,2,3,5,0,23,2,88.0,2,Debit Card,Female,Fashion,Married
10,19,2,2,3,0,26,5,164.4,2,UPI,Male,Laptop & Accessory,Single
11,9,3,2,1,0,11,3,147.39,2,UPI,Male,Mobile Phone,Single
10,24,2,4,3,1,12,2,146.82,1,Debit Card,Female,Grocery,Married
10,9,5,3,1,0,22,7,183.15,3,Credit Card,Female,Others,Married
3,15,3,1,2,0,24,8,151.38,2,E Wallet,Female,Mobile Phone,Single
2,16,5,3,3,1,24,4,140.02,1,UPI,Female,Mobile Phone,Married
7,9,3,3,2,1,18,10,178.32,3,Debit Card,Female,Grocery,Divorced
5,7,1,3,3,1,22,7,154.67,1,Credit Card,Male,Laptop & Accessory,Divorced
12,9,4,3,2,1,15,1,187.83,3,Credit Card,Male,Grocery,Married
1,13,2,2,3,0,11,1,133.81,1,E Wallet,Male,Mobile Phone,Married
13,24,1,3,1,1,14,9,166.44,1,Debit Card,Male,Laptop & Accessory,Married
0,25,4,3,4,0,24,10,142.46,1,UPI,Female,Laptop & Accessory,Married
4,10,4,4,4,1,14,7,125.47,3,Debit Card,Male,Fashion,Single
15,11,3,3,4,1,23,9,177.79,2,Debit Card,Male,Mobile Phone,Single
3,20,3,2,2,0,26,3,148.2,1,UPI,Female,Fashion,Married
6,9,3,4,4,0,26,4,160.26,2,COD,Male,Laptop & Accessory,Divorced
1,15,2,4,2,0,19,6,127.83,2,Debit Card,Male,Fashion,Married
15,10,3,2,4,0,23,3,181.32,2,UPI,Female,Others,Single
44,10,4,2,1,1,18,25,237.58,3,Credit Card,Male,Grocery,Married
3,31,2,3,3,0,24,14,139.17,1,Credit Card,Female,Laptop & Accessory,Married
3,9,4,5,5,1,21,4,154.42,1,Debit Card,Male,Mobile Phone,Divorced
39,28,2,3,1,0,26,6,227.66,3,Debit Card,Female,Laptop & Accessory,Single
0,12,2,3,2,1,14,11,138.07,2,Debit Card,Female,Grocery,Married
4,24,4,3,5,0,26,8,136.6,3,COD,Male,Mobile Phone,Single
2,11,3,4,2,0,19,5,138.72,1,Credit Card,Female,Others,Married
11,18,3,5,3,0,16,11,162.73,3,Debit Card,Male,Mobile Phone,Married
0,16,4,4,3,1,23,5,136.83,3,Credit Card,Male,Laptop & Accessory,Married
1,17,5,2,2,0,15,9,124.0,2,Credit Card,Female,Mobile Phone,Divorced
10,13,3,2,4,0,18,8,153.35,2,UPI,Female,Grocery,Married
10,10,4,5,4,0,25,18,152.69,3,E Wallet,Male,Mobile Phone,Divorced
11,21,2,2,5,0,19,2,132.41,2,Debit Card,Male,Laptop & Accessory,Married
31,14,3,2,3,0,25,2,240.28,2,Debit Card,Female,Mobile Phone,Married
1,14,3,4,2,0,12,8,150.46,2,E Wallet,Male,Fashion,Divorced
6,7,1,3,3,1,19,11,124.71,2,Credit Card,Male,Laptop & Accessory,Single
0,18,4,5,2,0,18,7,148.27,2,E Wallet,Male,Laptop & Accessory,Divorced
0,23,2,4,2,0,12,7,155.73,3,E Wallet,Male,Laptop & Accessory,Married
9,12,2,3,3,0,15,7,142.0,2,Debit Card,Male,Others,Divorced
11,11,2,3,4,1,26,9,146.96,1,Debit Card,Female,Mobile Phone,Single
12,14,2,1,1,0,12,5,166.94,1,UPI,Female,Laptop & Accessory,Single
41,11,2,2,2,0,23,10,220.66,3,COD,Male,Mobile Phone,Married
11,16,2,3,2,0,24,9,154.23,1,E Wallet,Male,Laptop & Accessory,Married
20,21,3,4,2,1,25,2,154.12,1,Debit Card,Male,Fashion,Married
17,15,2,2,3,0,12,15,176.31,2,E Wallet,Male,Fashion,Single
2,12,2,3,4,1,12,12,132.14,1,Credit Card,Male,Fashion,Married
0,7,3,3,4,1,21,12,145.04,1,E Wallet,Female,Mobile Phone,Married
16,16,2,5,2,0,24,5,156.32,3,E Wallet,Female,Others,Married
5,15,4,1,5,0,21,2,159.19,1,Credit Card,Female,Mobile Phone,Married
1,9,4,3,5,0,22,2,147.26,1,Debit Card,Male,Fashion,Married
13,7,3,2,5,0,12,10,150.59,2,COD,Male,Others,Married
2,7,3,2,5,0,23,7,130.26,1,Debit Card,Female,Fashion,Married
9,8,3,4,3,1,13,6,158.14,3,Debit Card,Male,Fashion,Married
2,23,4,3,5,0,11,0,165.32,1,Debit Card,Male,Fashion,Single
4,24,3,3,4,0,15,11,151.72,1,Credit Card,Female,Fashion,Single
8,13,4,3,3,0,18,6,135.77,3,Debit Card,Male,Fashion,Single
1,11,2,2,5,0,22,7,140.62,2,E Wallet,Male,Others,Married
31,14,5,3,4,1,26,4,197.89,2,Debit Card,Male,Mobile Phone,Single
9,20,2,3,3,1,16,8,132.28,1,Debit Card,Female,Mobile Phone,Married
3,10,2,5,5,1,19,3,125.93,2,Credit Card,Female,Laptop & Accessory,Single
36,25,3,2,5,0,18,13,224.64,1,Debit Card,Female,Others,Single
8,15,2,2,2,1,20,8,127.87,2,Debit Card,Male,Laptop & Accessory,Single
1,16,3,3,2,0,15,7,130.41,1,Credit Card,Female,Mobile Phone,Married
8,19,2,3,5,1,22,16,167.49,1,UPI,Male,Grocery,Single
13,15,4,3,4,0,11,1,176.93,1,Credit Card,Female,Fashion,Married
13,9,3,3,3,0,23,10,169.55,2,E Wallet,Male,Fashion,Single
21,13,3,4,4,0,11,6,191.83,2,Debit Card,Male,Laptop & Accessory,Married
8,21,3,3,5,0,20,4,144.16,1,E Wallet,Male,Grocery,Single
32,7,3,3,5,0,24,15,226.05,2,Debit Card,Female,Grocery,Divorced
5,19,1,3,1,1,23,6,160.83,3,Debit Card,Female,Mobile Phone,Married
4,8,2,5,4,1,21,17,170.56,2,Debit Card,Male,Mobile Phone,Married
5,9,2,3,3,0,20,0,145.8,1,Debit Card,Female,Laptop & Accessory,Single
1,25,2,2,1,0,19,6,137.99,3,Credit Card,Female,Laptop & Accessory,Single
1,13,1,4,4,1,22,1,133.26,1,Debit Card,Female,Mobile Phone,Married
0,20,5,2,2,0,11,1,120.22,1,Debit Card,Male,Fashion,Divorced
2,12,4,6,3,0,23,4,145.86,3,UPI,Female,Fashion,Single
0,21,2,1,1,0,20,10,121.45,3,Debit Card,Male,Fashion,Divorced
25,17,4,3,3,0,16,4,208.28,3,Credit Card,Male,Mobile Phone,Married
5,17,3,4,3,1,20,3,122.02,1,COD,Female,Fashion,Single
8,11,3,1,2,1,26,1,155.19,3,UPI,Female,Laptop & Accessory,Single
43,31,2,3,3,0,21,3,249.75,1,UPI,Male,Fashion,Married
18,12,2,6,1,0,14,7,189.96,3,E Wallet,Female,Mobile Phone,Married
19,18,2,6,2,0,25,5,173.18,1,UPI,Female,Fashion,Divorced
17,18,1,3,4,0,21,9,163.4,1,Credit Card,Male,Laptop & Accessory,Married
7,13,2,3,1,0,20,12,121.99,1,E Wallet,Male,Laptop & Accessory,Married
2,27,3,2,5,0,25,9,142.57,1,Debit Card,Male,Fashion,Single
7,18,3,1,1,1,26,6,142.02,1,Credit Card,Male,Laptop & Accessory,Single
5,16,4,3,2,1,17,19,120.12,1,COD,Male,Others,Married
38,20,3,1,5,1,12,18,254.64,1,E Wallet,Female,Laptop & Accessory,Divorced
31,7,2,3,5,0,20,0,196.57,1,E Wallet,Female,Laptop & Accessory,Divorced
0,14,3,2,3,0,21,9,133.1,2,E Wallet,Female,Laptop & Accessory,Married
7,12,2,3,1,0,21,10,146.17,3,Debit Card,Female,Mobile Phone,Married
30,33,4,3,4,1,22,5,188.16,1,Credit Card,Male,Laptop & Accessory,Married
3,12,2,2,3,0,15,6,138.68,2,Debit Card,Female,Laptop & Accessory,Single
8,18,4,3,4,1,18,11,170.43,3,E Wallet,Male,Fashion,Married
7,21,3,5,2,0,18,14,133.91,3,Credit Card,Female,Grocery,Single
0,15,3,3,2,0,20,19,121.06,3,Credit Card,Female,Others,Married
4,9,3,1,2,0,24,32,151.33,1,COD,Female,Fashion,Single
18,12,4,4,3,0,12,9,177.27,1,E Wallet,Female,Laptop & Accessory,Married
5,30,2,2,5,1,12,4,125.72,1,E Wallet,Male,Laptop & Accessory,Married
17,36,4,6,2,0,15,16,170.21,1,COD,Male,Fashion,Single
0,26,3,3,2,0,19,4,135.79,3,E Wallet,Female,Laptop & Accessory,Divorced
6,12,5,3,3,1,20,9,134.82,3,Credit Card,Female,Fashion,Married
20,12,1,3,3,1,21,7,190.3,2,Debit Card,Male,Laptop & Accessory,Married
19,14,5,1,3,1,24,7,188.15,2,Credit Card,Female,Mobile Phone,Single
23,10,2,5,1,0,14,5,172.16,1,Credit Card,Male,Mobile Phone,Married
6,8,4,3,4,0,12,4,149.12,3,Credit Card,Male,Laptop & Accessory,Married
3,9,3,2,3,1,11,4,147.37,1,E Wallet,Male,Laptop & Accessory,Married
7,15,2,5,2,1,22,19,141.55,3,Debit Card,Female,Fashion,Married
3,9,1,4,2,0,24,1,137.08,3,Credit Card,Female,Laptop & Accessory,Divorced
4,10,4,3,3,0,21,5,127.54,1,E Wallet,Male,Others,Single
17,7,3,2,4,0,24,6,177.78,1,Credit Card,Female,Mobile Phone,Married
2,14,1,2,1,0,16,8,147.44,1,UPI,Female,Mobile Phone,Married
4,13,2,4,3,0,11,15,122.16,3,Credit Card,Female,Others,Married
19,12,4,2,4,1,24,22,201.09,1,UPI,Male,Mobile Phone,Married
9,15,1,3,1,0,18,5,143.46,1,Credit Card,Female,Others,Married
4,11,3,3,5,0,20,6,174.12,1,E Wallet,Male,Mobile Phone,Married
10,19,3,2,4,0,18,4,165.33,2,Credit Card,Male,Mobile Phone,Married
2,26,1,2,3,0,25,17,145.75,1,E Wallet,Female,Laptop & Accessory,Married
0,20,3,1,5,0,18,5,133.93,3,E Wallet,Female,Fashion,Married
33,19,5,5,3,0,23,4,212.13,1,Debit Card,Male,Laptop & Accessory,Divorced
10,18,3,6,2,1,20,7,151.51,1,Credit Card,Male,Laptop & Accessory,Single
10,17,2,1,2,0,20,11,155.33,1,COD,Male,Laptop & Accessory,Single
7,28,3,2,3,0,15,10,148.95,2,Credit Card,Male,Fashion,Single
26,7,3,4,3,1,12,6,195.86,3,Credit Card,Male,Laptop & Accessory,Married
6,14,3,4,3,1,13,1,157.5,2,UPI,Male,Laptop & Accessory,Married
4,12,2,2,4,0,26,2,146.35,2,COD,Male,Fashion,Married
13,21,3,4,1,0,12,10,172.37,3,Credit Card,Male,Fashion,Married
4,20,2,3,2,0,25,2,124.44,3,E Wallet,Female,Others,Single
3,19,2,3,1,1,19,4,106.7,2,UPI,Female,Mobile Phone,Single
6,14,4,3,3,0,19,1,182.7,2,Credit Card,Female,Others,Single
7,17,1,3,3,1,26,5,141.86,2,UPI,Male,Laptop & Accessory,Married
1,6,1,4,1,0,17,5,144.84,3,Credit Card,Male,Others,Married
32,12,4,4,3,0,16,14,242.7,2,E Wallet,Male,Laptop & Accessory,Married
6,10,3,5,5,0,19,5,162.69,3,Credit Card,Male,Mobile Phone,Married
5,11,2,1,4,1,23,5,152.49,3,UPI,Female,Fashion,Single
24,28,1,4,3,0,12,1,184.33,3,Debit Card,Female,Fashion,Married
6,16,3,4,4,0,12,4,175.98,2,Debit Card,Female,Laptop & Accessory,Married
9,7,3,3,1,1,15,2,142.86,1,COD,Male,Others,Single
3,13,1,5,5,0,16,2,171.65,3,E Wallet,Male,Fashion,Married
4,14,2,2,2,0,23,3,158.72,2,Credit Card,Male,Fashion,Married
14,22,2,3,2,1,14,0,183.65,3,Credit Card,Female,Laptop & Accessory,Married
33,19,3,4,3,0,23,18,216.92,1,E Wallet,Male,Mobile Phone,Married
26,33,3,2,1,1,18,15,194.71,2,E Wallet,Male,Grocery,Single
17,11,5,2,3,0,20,19,166.43,1,Debit Card,Male,Mobile Phone,Married
7,13,3,3,2,0,24,3,153.62,2,UPI,Female,Fashion,Married
0,26,2,3,1,0,21,11,138.6,1,UPI,Male,Grocery,Single
8,14,1,3,2,0,18,11,116.63,2,E Wallet,Female,Mobile Phone,Married
15,20,2,4,4,0,23,13,136.53,2,Credit Card,Male,Others,Married
8,17,3,3,3,0,22,2,174.05,1,Debit Card,Male,Laptop & Accessory,Married
8,16,4,3,5,1,14,3,136.03,1,COD,Male,Grocery,Married
21,10,3,4,3,1,22,4,197.32,2,E Wallet,Male,Fashion,Married
33,20,2,2,4,0,16,2,211.56,2,Credit Card,Male,Mobile Phone,Single
12,19,3,6,3,1,13,18,162.83,1,E Wallet,Female,Laptop & Accessory,Single
3,30,3,3,3,1,15,9,126.97,2,Debit Card,Female,Laptop & Accessory,Married
8,20,3,3,4,0,18,14,127.41,3,COD,Male,Laptop & Accessory,Divorced
4,11,2,3,1,0,18,8,164.87,2,Credit Card,Male,Mobile Phone,Single
42,30,3,4,5,0,21,4,240.75,1,E Wallet,Female,Laptop & Accessory,Married
8,13,2,2,4,1,11,12,123.42,1,COD,Male,Fashion,Married
3,11,4,3,5,0,18,2,129.73,1,Credit Card,Female,Fashion,Married
4,18,3,4,3,1,21,8,124.25,2,Debit Card,Female,Fashion,Married
2,20,4,3,2,0,14,11,136.02,3,UPI,Female,Mobile Phone,Married
3,21,4,3,5,0,14,3,154.58,1,Credit Card,Female,Grocery,Divorced
4,15,3,4,3,1,14,10,141.7,1,Credit Card,Male,Mobile Phone,Married
13,24,4,3,4,0,23,7,172.98,1,COD,Female,Laptop & Accessory,Single
25,22,2,3,4,0,22,15,213.05,2,Debit Card,Female,Others,Married
0,13,3,3,5,0,12,9,152.79,2,Debit Card,Female,Laptop & Accessory,Single
9,14,4,2,4,0,24,2,152.16,2,Debit Card,Male,Mobile Phone,Married
18,19,4,4,5,0,24,8,136.58,1,COD,Female,Laptop & Accessory,Single
4,34,3,2,3,1,24,11,139.59,1,UPI,Male,Fashion,Married
10,14,2,3,5,1,16,17,147.38,2,COD,Female,Laptop & Accessory,Single
3,19,3,4,2,0,15,1,161.28,2,E Wallet,Female,Laptop & Accessory,Single
19,13,3,1,3,0,22,3,197.57,1,Debit Card,Female,Laptop & Accessory,Married
26,10,2,1,2,0,21,2,188.32,2,Credit Card,Male,Fashion,Single
2,11,3,4,4,0,19,9,114.71,2,Credit Card,Female,Laptop & Accessory,Married
14,7,3,2,4,0,25,11,149.36,1,Debit Card,Female,Fashion,Married
8,22,3,5,3,1,19,2,126.84,2,Debit Card,Male,Fashion,Married
19,12,2,1,3,0,15,4,139.41,1,UPI,Male,Laptop & Accessory,Married
10,15,2,1,1,0,13,3,159.41,1,Credit Card,Male,Fashion,Single
7,11,4,4,3,0,17,9,189.42,3,COD,Male,Mobile Phone,Single
8,12,4,4,4,0,13,17,169.91,1,Credit Card,Female,Mobile Phone,Married
1,9,4,2,3,0,24,8,105.15,2,Debit Card,Male,Mobile Phone,Single
9,20,2,2,5,0,21,9,156.51,1,Debit Card,Male,Mobile Phone,Divorced
7,15,3,3,1,0,23,11,144.67,3,E Wallet,Male,Laptop & Accessory,Single
0,12,4,1,4,0,13,4,134.65,2,Debit Card,Female,Laptop & Accessory,Divorced
10,15,1,4,4,0,26,6,163.01,1,Debit Card,Male,Fashion,Divorced
28,15,1,4,5,0,18,11,199.33,1,UPI,Male,Fashion,Single
9,10,3,1,2,0,13,8,182.2,3,Credit Card,Male,Others,Single
1,14,2,3,4,1,21,10,135.05,3,COD,Female,Fashion,Married
8,21,3,2,1,0,13,2,163.23,3,Credit Card,Female,Laptop & Accessory,Divorced
8,16,2,3,3,0,15,4,125.52,1,E Wallet,Female,Fashion,Single
0,11,2,5,2,0,19,17,141.8,1,UPI,Female,Mobile Phone,Married
14,37,3,2,5,0,14,16,171.46,1,UPI,Male,Laptop & Accessory,Married
4,25,1,2,3,1,14,8,163.35,3,E Wallet,Male,Grocery,Divorced
22,18,3,2,5,0,24,7,181.48,1,Debit Card,Male,Laptop & Accessory,Married
19,25,3,2,2,0,24,10,187.33,1,Credit Card,Male,Fashion,Married
4,14,4,3,1,0,12,3,123.37,2,E Wallet,Male,Others,Single
18,9,2,2,3,1,24,5,177.05,1,Debit Card,Male,Laptop & Accessory,Single
4,13,3,2,4,0,19,6,145.69,3,E Wallet,Female,Laptop & Accessory,Married
0,14,2,3,2,0,26,10,175.27,1,E Wallet,Female,Mobile Phone,Married
7,14,2,4,2,0,14,8,144.96,2,Debit Card,Male,Laptop & Accessory,Married
2,21,3,3,3,0,16,19,148.53,1,Credit Card,Male,Mobile Phone,Single
10,12,2,5,3,1,21,14,183.37,3,COD,Female,Laptop & Accessory,Married
0,9,3,2,1,0,19,2,124.06,3,Debit Card,Male,Grocery,Single
8,15,3,4,2,0,26,4,168.52,3,Credit Card,Female,Laptop & Accessory,Single
53,17,2,2,3,0,21,4,255.08,1,Debit Card,Female,Others,Single
5,16,3,2,3,1,15,1,155.39,1,Credit Card,Male,Fashion,Divorced
14,17,3,2,5,1,13,7,168.33,3,COD,Male,Grocery,Married
0,16,2,3,1,0,19,1,126.71,1,Credit Card,Male,Grocery,Single
7,11,3,2,3,1,12,13,160.82,3,Credit Card,Male,Others,Married
13,9,4,3,1,0,14,6,135.01,3,Debit Card,Female,Laptop & Accessory,Single
45,14,2,1,2,1,12,11,231.6,2,Debit Card,Female,Fashion,Single
5,16,4,2,2,0,21,10,173.52,3,Debit Card,Male,Mobile Phone,Divorced
4,23,2,5,2,0,19,6,135.44,3,COD,Male,Mobile Phone,Single
4,15,4,6,4,0,18,7,137.0,2,Credit Card,Female,Others,Divorced
13,13,2,3,3,0,17,6,147.65,3,COD,Male,Mobile Phone,Married
19,19,1,1,3,0,17,4,185.16,3,Credit Card,Male,Others,Divorced
6,10,3,4,3,1,12,6,153.68,3,E Wallet,Male,Laptop & Accessory,Married
14,11,3,3,4,0,17,22,199.09,3,E Wallet,Male,Fashion,Married
5,8,3,3,3,0,12,18,97.8,3,E Wallet,Male,Laptop & Accessory,Married
0,20,4,2,3,1,14,4,107.35,3,Credit Card,Female,Fashion,Single
33,15,4,4,1,1,24,9,202.66,2,E Wallet,Female,Laptop & Accessory,Divorced
14,15,2,4,1,0,16,4,180.12,2,UPI,Male,Laptop & Accessory,Single
4,11,2,3,5,1,17,7,154.68,1,Debit Card,Male,Fashion,Married
1,17,3,4,2,1,15,6,101.78,1,E Wallet,Male,Mobile Phone,Married
4,28,4,4,3,1,25,4,136.8,2,Debit Card,Male,Laptop & Accessory,Married
12,15,1,4,3,1,19,7,154.91,2,COD,Female,Laptop & Accessory,Single
0,16,3,3,2,0,17,9,151.98,1,Credit Card,Male,Laptop & Accessory,Married
30,17,2,3,2,0,16,10,218.17,3,UPI,Female,Fashion,Married
23,16,4,4,2,0,20,11,174.36,1,Debit Card,Female,Others,Single
13,14,2,2,3,0,14,16,202.73,2,E Wallet,Male,Others,Married
3,29,2,2,2,0,23,3,160.97,2,UPI,Male,Mobile Phone,Married
17,7,2,2,4,1,21,3,175.69,3,Debit Card,Female,Laptop & Accessory,Married
4,12,2,4,3,1,24,6,124.13,1,Debit Card,Female,Fashion,Married
19,10,4,3,1,0,23,13,159.77,3,UPI,Female,Fashion,Married
3,17,4,3,5,0,26,18,133.44,3,E Wallet,Male,Mobile Phone,Single
7,35,4,4,4,0,21,22,167.46,1,Credit Card,Female,Mobile Phone,Divorced
6,16,3,4,3,0,24,11,130.38,2,Credit Card,Female,Mobile Phone,Single
4,15,3,2,2,0,16,21,119.26,2,Debit Card,Male,Mobile Phone,Single
1,14,2,2,5,0,15,6,134.52,2,COD,Female,Fashion,Married
17,14,2,1,3,0,15,9,167.99,2,E Wallet,Female,Laptop & Accessory,Married
10,21,5,6,3,0,22,1,136.71,3,Debit Card,Female,Mobile Phone,Divorced
45,23,2,1,5,0,25,8,248.54,3,E Wallet,Female,Fashion,Married
14,7,1,4,2,1,23,6,157.27,2,Debit Card,Male,Others,Married
15,13,2,3,4,0,14,5,146.14,1,E Wallet,Male,Laptop & Accessory,Married
6,10,4,4,3,1,20,8,136.3,3,Debit Card,Female,Fashion,Married
8,19,2,5,2,0,19,5,171.14,1,E Wallet,Male,Fashion,Divorced
39,8,2,2,1,0,26,6,221.71,2,Credit Card,Female,Laptop & Accessory,Single
26,15,2,2,5,0,16,7,173.51,3,E Wallet,Female,Fashion,Single
0,28,3,2,3,0,19,6,161.25,1,Debit Card,Male,Others,Married
1,17,3,3,2,0,18,9,132.13,3,UPI,Male,Laptop & Accessory,Single
2,13,4,2,3,1,17,7,143.75,1,Debit Card,Male,Mobile Phone,Divorced
9,25,2,3,1,0,22,3,176.3,1,Credit Card,Female,Fashion,Married
22,12,2,3,3,0,17,5,212.19,3,Debit Card,Male,Mobile Phone,Single
7,16,2,3,1,0,19,1,131.87,1,E Wallet,Male,Laptop & Accessory,Married
8,9,3,2,3,0,20,25,150.16,3,Debit Card,Female,Fashion,Married
3,26,1,4,3,1,16,10,120.43,3,Credit Card,Male,Mobile Phone,Single
11,18,3,3,2,0,26,7,165.72,1,Debit Card,Male,Mobile Phone,Married
9,8,4,3,5,1,23,18,140.15,1,E Wallet,Female,Mobile Phone,Single
14,14,3,1,3,1,22,7,178.01,2,Credit Card,Male,Mobile Phone,Married
18,31,2,2,3,0,13,3,212.33,1,Credit Card,Male,Grocery,Married
20,12,3,3,5,0,23,1,182.67,2,Credit Card,Female,Laptop & Accessory,Married
2,17,5,3,3,0,25,8,151.81,3,E Wallet,Male,Grocery,Married
11,12,4,4,3,0,22,4,148.53,2,Debit Card,Female,Mobile Phone,Married
0,7,3,6,4,0,11,9,132.16,1,COD,Female,Laptop & Accessory,Single
7,16,3,4,3,0,20,6,147.25,3,E Wallet,Male,Mobile Phone,Divorced
2,17,2,3,4,0,25,11,142.89,1,Debit Card,Female,Mobile Phone,Married
30,21,3,2,3,0,19,6,213.97,2,Credit Card,Male,Laptop & Accessory,Married
13,20,4,3,5,1,19,3,134.16,3,UPI,Male,Mobile Phone,Married
15,16,3,4,1,0,13,6,183.39,2,Debit Card,Male,Laptop & Accessory,Married
36,15,2,3,4,1,22,2,215.59,1,Debit Card,Female,Fashion,Single
8,13,2,2,3,1,26,20,162.02,3,Credit Card,Female,Others,Single
21,9,3,3,4,0,23,5,201.9,2,Credit Card,Female,Laptop & Accessory,Married
7,29,2,4,2,1,12,11,162.47,1,E Wallet,Male,Mobile Phone,Single
5,13,4,4,5,0,11,8,152.16,1,Debit Card,Female,Others,Married
4,31,2,4,4,0,15,5,149.06,1,UPI,Female,Fashion,Married
12,11,3,3,1,1,11,6,171.32,3,E Wallet,Female,Mobile Phone,Single
17,11,2,1,5,0,18,5,191.91,1,Debit Card,Male,Others,Single
2,35,2,3,5,0,16,36,141.13,1,E Wallet,Male,Grocery,Single
11,7,3,4,4,0,23,11,133.52,1,Debit Card,Male,Laptop & Accessory,Single
0,28,3,4,4,0,26,11,124.83,2,Debit Card,Female,Laptop & Accessory,Married
4,17,3,3,5,1,18,2,156.13,1,Credit Card,Female,Fashion,Single
16,14,4,5,1,0,25,9,185.77,1,Debit Card,Male,Others,Married
4,12,4,4,3,1,19,5,145.18,3,E Wallet,Female,Fashion,Single
11,21,2,2,4,0,23,11,140.92,2,Credit Card,Male,Fashion,Single
17,18,4,3,4,0,19,1,164.98,1,Credit Card,Male,Laptop & Accessory,Married
17,20,3,3,3,0,11,11,180.53,1,Debit Card,Male,Mobile Phone,Divorced
19,14,4,4,1,0,16,25,171.46,2,E Wallet,Female,Grocery,Divorced
1,11,1,2,5,0,25,4,144.26,2,Debit Card,Female,Mobile Phone,Single
7,12,1,3,1,0,24,8,140.2,2,Credit Card,Female,Fashion,Divorced
2,10,3,3,5,1,20,24,127.89,1,UPI,Male,Laptop & Accessory,Divorced
2,23,5,4,3,0,21,5,155.04,1,E Wallet,Female,Fashion,Married
20,24,3,4,5,0,11,13,182.0,1,E Wallet,Female,Mobile Phone,Married
12,36,3,2,2,0,26,9,178.84,2,Debit Card,Male,Fashion,Married
14,14,3,4,2,0,25,13,151.5,1,Credit Card,Female,Mobile Phone,Married
24,11,4,2,4,0,21,9,207.73,2,Credit Card,Male,Fashion,Single
6,27,5,3,2,1,23,1,133.44,2,COD,Male,Fashion,Single
5,10,4,3,4,0,24,11,151.34,1,E Wallet,Male,Laptop & Accessory,Married
9,16,4,4,2,0,25,7,165.26,2,Debit Card,Female,Mobile Phone,Single
4,10,2,2,2,1,24,3,115.26,1,Credit Card,Male,Others,Married
12,12,3,4,5,1,20,1,171.11,1,UPI,Female,Mobile Phone,Married
15,29,2,5,2,1,18,5,164.48,3,Debit Card,Female,Grocery,Single
3,14,2,4,3,1,18,3,116.88,2,Credit Card,Female,Laptop & Accessory,Married
17,20,2,4,4,0,13,6,176.87,3,Debit Card,Female,Laptop & Accessory,Married
0,17,3,2,5,1,17,5,112.25,3,E Wallet,Female,Laptop & Accessory,Married
5,15,4,3,2,0,16,1,139.29,2,Debit Card,Male,Laptop & Accessory,Divorced
24,9,2,5,5,0,25,2,181.35,3,E Wallet,Male,Mobile Phone,Divorced
15,25,2,3,4,0,26,11,177.22,2,Credit Card,Male,Mobile Phone,Married
10,12,3,2,1,1,21,2,156.9,1,Credit Card,Female,Laptop & Accessory,Single
8,10,4,4,2,0,13,1,206.78,3,COD,Male,Laptop & Accessory,Divorced
7,31,3,3,3,0,19,7,156.45,1,Credit Card,Female,Laptop & Accessory,Married
13,35,2,6,3,0,13,13,136.34,1,E Wallet,Male,Laptop & Accessory,Single
30,31,3,2,2,0,18,5,182.87,2,COD,Male,Fashion,Divorced
14,16,3,4,4,1,20,6,182.03,1,E Wallet,Female,Fashion,Married
5,5,4,1,4,1,16,5,131.97,1,Credit Card,Female,Laptop & Accessory,Divorced
0,18,2,3,1,0,15,7,175.21,2,Debit Card,Male,Mobile Phone,Married
10,20,4,4,1,0,26,6,178.13,1,COD,Male,Laptop & Accessory,Married
3,18,2,3,1,0,23,5,121.46,1,Debit Card,Female,Mobile Phone,Single
0,12,4,3,4,1,16,6,145.11,1,Debit Card,Male,Others,Married
19,8,4,1,1,1,22,9,194.45,3,Credit Card,Male,Grocery,Single
3,23,2,3,2,0,16,6,145.05,1,Credit Card,Female,Laptop & Accessory,Single
23,14,2,3,5,0,23,9,171.55,1,E Wallet,Female,Mobile Phone,Divorced
4,30,1,4,5,0,25,4,121.09,1,E Wallet,Female,Grocery,Married
25,36,3,2,4,0,18,6,182.23,1,Debit Card,Female,Others,Divorced
10,11,3,4,3,0,19,2,151.67,1,E Wallet,Male,Laptop & Accessory,Married
12,12,3,2,3,0,14,20,164.9,2,E Wallet,Female,Grocery,Single
4,15,3,2,1,0,21,7,150.4,2,Debit Card,Male,Mobile Phone,Divorced
3,14,4,3,4,0,17,9,145.42,2,E Wallet,Female,Fashion,Married
3,11,3,3,5,1,11,7,144.85,3,Debit Card,Female,Laptop & Accessory,Married
0,11,5,4,2,1,21,12,141.05,1,E Wallet,Female,Mobile Phone,Married
16,13,2,5,5,1,18,13,189.96,3,Debit Card,Male,Fashion,Married
1,12,3,1,2,0,13,8,133.48,2,COD,Male,Laptop & Accessory,Single
19,8,1,2,2,0,20,6,198.88,2,E Wallet,Female,Mobile Phone,Married
1,10,5,3,3,0,24,4,152.14,3,Credit Card,Female,Mobile Phone,Married
33,22,4,2,2,1,21,0,189.28,3,Debit Card,Male,Laptop & Accessory,Married
1,14,2,4,4,0,20,2,121.31,3,Credit Card,Male,Fashion,Single
37,11,3,2,2,1,16,2,207.15,3,E Wallet,Female,Fashion,Married
14,12,2,2,5,1,23,2,157.65,2,E Wallet,Male,Laptop & Accessory,Single
4,18,2,2,2,0,12,36,134.71,1,Debit Card,Male,Mobile Phone,Married
0,17,3,4,2,0,16,5,140.11,3,Debit Card,Female,Fashion,Single
5,21,3,2,1,1,21,3,157.63,3,COD,Female,Laptop & Accessory,Married
4,27,4,3,4,0,11,4,141.53,3,E Wallet,Male,Mobile Phone,Single
12,9,1,4,2,1,13,6,146.15,1,Credit Card,Male,Laptop & Accessory,Married
13,27,3,2,2,0,26,12,160.02,3,E Wallet,Male,Mobile Phone,Married
2,13,3,4,2,0,12,20,169.36,3,Credit Card,Male,Mobile Phone,Married
5,29,4,5,5,0,20,8,156.78,2,UPI,Male,Others,Married
8,16,4,3,3,0,17,7,146.06,2,Debit Card,Male,Laptop & Accessory,Married
17,17,1,3,4,0,14,7,197.63,2,Debit Card,Female,Fashion,Married
8,7,2,3,3,1,22,2,140.12,2,Credit Card,Female,Fashion,Single
16,23,2,3,3,0,25,2,178.66,1,Debit Card,Female,Laptop & Accessory,Single
0,14,2,1,3,0,15,10,138.63,3,E Wallet,Male,Laptop & Accessory,Single
18,15,2,3,3,1,16,1,150.14,1,E Wallet,Male,Laptop & Accessory,Single
18,15,2,2,4,1,22,7,168.87,1,Debit Card,Female,Laptop & Accessory,Single
12,11,4,3,3,0,26,6,154.64,3,E Wallet,Female,Fashion,Single
2,8,4,4,2,0,11,0,129.03,2,E Wallet,Female,Laptop & Accessory,Married
21,9,4,2,4,0,13,16,212.63,1,UPI,Female,Grocery,Single
13,31,2,3,3,0,15,0,182.23,2,COD,Male,Mobile Phone,Married
5,16,3,1,5,0,14,5,144.14,3,E Wallet,Female,Fashion,Married
8,10,4,5,2,0,13,12,149.12,1,E Wallet,Female,Others,Married
31,16,2,5,5,0,22,6,187.56,3,Debit Card,Male,Fashion,Single
0,17,3,3,4,0,11,5,121.72,2,COD,Female,Fashion,Married
3,15,1,4,3,0,12,5,157.1,1,Credit Card,Male,Fashion,Divorced
5,34,3,4,2,0,17,1,137.55,2,COD,Female,Mobile Phone,Single
1,15,4,4,1,0,24,5,142.8,1,Credit Card,Female,Fashion,Married
12,22,4,3,5,0,15,14,144.01,2,Credit Card,Male,Fashion,Married
27,12,2,3,2,0,11,6,191.67,3,UPI,Female,Mobile Phone,Single
3,11,3,4,4,0,21,3,147.93,1,Debit Card,Male,Mobile Phone,Divorced
6,12,1,5,2,1,25,2,151.07,3,Credit Card,Male,Fashion,Married
52,10,2,1,4,0,25,13,281.57,2,Debit Card,Female,Mobile Phone,Single
4,23,2,3,3,0,21,2,138.24,3,E Wallet,Female,Mobile Phone,Single
1,9,4,3,4,1,25,7,135.37,1,E Wallet,Male,Laptop & Accessory,Single
19,9,2,3,4,0,23,2,191.58,3,Debit Card,Male,Laptop & Accessory,Married
17,9,2,3,1,0,18,2,143.89,3,E Wallet,Male,Grocery,Single
40,10,4,4,3,0,16,3,230.88,2,Debit Card,Female,Fashion,Married
1,15,2,4,2,1,19,6,136.81,3,Credit Card,Female,Fashion,Married
24,6,2,3,2,0,23,6,197.73,1,E Wallet,Male,Mobile Phone,Married
9,27,2,5,2,0,25,12,143.08,3,Debit Card,Male,Grocery,Single
2,13,2,2,3,0,14,5,139.24,1,E Wallet,Male,Laptop & Accessory,Married
1,14,4,2,4,1,16,2,127.75,3,Debit Card,Male,Fashion,Single
1,29,2,5,2,0,26,25,129.04,1,Credit Card,Female,Mobile Phone,Married
7,9,4,4,3,0,19,6,146.85,1,Credit Card,Female,Laptop & Accessory,Single
12,30,3,2,2,1,23,1,163.25,2,E Wallet,Female,Laptop & Accessory,Divorced
47,14,2,2,3,0,12,4,232.49,1,Credit Card,Male,Mobile Phone,Single
14,13,4,5,1,0,20,3,148.62,3,Debit Card,Female,Mobile Phone,Single
22,28,3,2,1,0,12,5,200.31,1,Credit Card,Male,Fashion,Single
16,9,4,4,4,1,23,1,144.36,1,Credit Card,Male,Mobile Phone,Married
22,10,3,2,4,0,18,25,160.88,1,COD,Female,Mobile Phone,Married
5,11,1,4,5,0,25,10,129.72,1,Credit Card,Female,Mobile Phone,Divorced
3,18,4,2,5,1,14,11,141.39,3,Debit Card,Female,Laptop & Accessory,Divorced
10,14,3,2,1,0,25,13,155.37,1,E Wallet,Male,Mobile Phone,Single
0,16,1,6,5,0,15,8,136.93,3,E Wallet,Male,Laptop & Accessory,Single
3,15,1,4,3,0,11,18,134.56,3,Credit Card,Male,Mobile Phone,Married
11,16,3,2,5,0,21,10,137.47,3,Debit Card,Male,Laptop & Accessory,Single
38,11,2,5,3,1,19,9,218.41,1,Debit Card,Male,Fashion,Single
5,15,3,2,3,0,11,2,134.76,1,E Wallet,Female,Others,Married
13,8,2,3,4,0,24,2,150.47,2,E Wallet,Female,Mobile Phone,Single
31,21,3,2,3,1,26,6,213.11,1,Credit Card,Male,Laptop & Accessory,Single
2,29,1,4,2,1,26,6,102.68,1,Credit Card,Female,Mobile Phone,Married
1,31,3,2,3,0,16,7,136.15,3,Credit Card,Male,Laptop & Accessory,Single
24,14,2,4,1,0,15,23,194.25,2,Credit Card,Male,Others,Divorced
4,12,3,1,4,0,14,6,153.36,1,E Wallet,Male,Laptop & Accessory,Divorced
20,12,5,4,5,0,22,8,179.93,1,Credit Card,Female,Others,Divorced
15,17,1,4,1,0,14,15,147.09,2,Credit Card,Male,Mobile Phone,Married
11,9,3,2,4,0,22,10,163.53,2,UPI,Male,Grocery,Married
11,14,4,2,5,0,17,1,150.42,1,Debit Card,Female,Mobile Phone,Married
16,11,3,5,3,0,14,2,182.83,1,Debit Card,Male,Others,Married
9,11,1,5,4,0,17,7,152.89,1,E Wallet,Male,Others,Divorced
4,17,2,1,3,0,23,3,133.3,2,Debit Card,Female,Fashion,Single
5,23,3,4,2,0,14,9,141.69,3,UPI,Male,Others,Single
9,17,2,4,2,0,20,4,147.36,1,E Wallet,Male,Mobile Phone,Single
5,12,5,2,4,1,24,3,121.98,2,Credit Card,Female,Mobile Phone,Divorced
5,22,2,4,5,0,11,5,119.69,1,Credit Card,Male,Grocery,Married
10,15,2,3,4,1,26,9,153.07,1,Debit Card,Female,Mobile Phone,Married
42,10,4,4,3,0,23,18,227.62,1,UPI,Male,Laptop & Accessory,Divorced
3,20,4,2,1,1,16,1,131.34,1,UPI,Male,Grocery,Married
40,22,3,1,4,1,26,10,244.3,1,Debit Card,Male,Mobile Phone,Married
7,26,2,2,1,0,15,11,190.67,1,E Wallet,Male,Laptop & Accessory,Single
11,20,2,2,2,0,19,6,172.35,1,UPI,Male,Fashion,Married
22,19,4,1,4,0,16,5,174.4,3,Debit Card,Male,Mobile Phone,Married
2,33,4,2,1,0,26,13,126.96,1,E Wallet,Female,Mobile Phone,Single
9,17,2,2,2,1,26,10,173.28,3,E Wallet,Male,Others,Single
11,15,3,2,4,0,15,4,129.43,1,E Wallet,Male,Laptop & Accessory,Married
30,25,2,2,2,0,14,10,229.29,1,UPI,Male,Fashion,Divorced
4,11,1,3,3,0,15,8,142.73,2,E Wallet,Female,Others,Divorced
6,12,2,3,4,0,16,3,160.23,2,Debit Card,Male,Grocery,Divorced
5,9,1,1,4,1,14,8,157.49,1,Credit Card,Male,Laptop & Accessory,Married
1,16,3,2,5,0,11,10,172.67,2,UPI,Male,Laptop & Accessory,Married
21,34,2,2,3,0,13,21,196.87,2,Debit Card,Male,Laptop & Accessory,Single
20,20,3,1,5,0,22,1,165.24,1,E Wallet,Male,Others,Married
0,15,3,2,3,0,21,10,136.06,3,COD,Female,Others,Single
4,15,2,2,4,0,22,3,149.36,3,Credit Card,Male,Grocery,Married
22,18,3,4,1,1,21,8,204.99,2,Credit Card,Male,Fashion,Married
0,7,2,2,4,1,12,4,134.34,2,Credit Card,Male,Mobile Phone,Married
13,12,2,3,4,0,14,5,145.31,2,Credit Card,Male,Grocery,Divorced
12,16,4,4,5,0,18,7,156.94,3,E Wallet,Male,Grocery,Married
0,15,2,2,1,0,19,6,148.69,1,Credit Card,Female,Mobile Phone,Single
18,15,2,4,4,1,22,5,159.28,1,Debit Card,Female,Fashion,Married
5,21,4,4,1,0,20,5,141.36,2,Credit Card,Female,Fashion,Married
14,18,1,3,3,0,19,3,175.1,1,Credit Card,Female,Mobile Phone,Single
42,16,1,2,1,0,16,9,228.73,3,E Wallet,Male,Grocery,Divorced
10,25,2,3,4,1,21,9,160.94,2,Credit Card,Male,Fashion,Single
5,23,3,3,3,0,19,0,130.79,3,Debit Card,Female,Mobile Phone,Single
4,13,3,6,5,0,21,3,141.48,1,Debit Card,Female,Fashion,Married
15,15,1,2,2,0,15,3,156.99,1,Credit Card,Female,Grocery,Married
43,20,4,4,3,1,12,1,206.87,3,Credit Card,Male,Fashion,Divorced
5,8,2,4,1,0,19,6,145.48,2,Credit Card,Female,Others,Single
8,27,4,2,4,1,18,6,129.19,2,UPI,Male,Laptop & Accessory,Married
2,33,4,3,5,0,13,7,165.29,2,Debit Card,Male,Laptop & Accessory,Single
0,14,3,2,4,0,24,11,128.84,2,UPI,Female,Laptop & Accessory,Single
0,12,3,5,3,0,22,9,158.43,3,Credit Card,Male,Others,Married
2,14,3,1,1,1,22,5,117.31,3,Debit Card,Female,Fashion,Divorced
24,22,2,6,1,0,11,11,208.6,2,COD,Male,Grocery,Single
4,13,2,4,3,1,23,3,128.81,1,Credit Card,Male,Mobile Phone,Divorced
9,14,2,2,3,0,26,4,155.08,1,E Wallet,Male,Mobile Phone,Married
12,20,3,3,3,0,20,2,149.02,3,E Wallet,Female,Others,Single
10,22,4,6,3,1,20,12,188.25,1,Debit Card,Female,Laptop & Accessory,Married
10,13,2,3,3,0,11,12,152.47,1,Debit Card,Male,Laptop & Accessory,Married
51,21,2,1,3,1,13,0,241.56,3,Debit Card,Male,Laptop & Accessory,Single
2,34,4,3,4,0,14,8,133.08,1,UPI,Female,Laptop & Accessory,Married
3,11,4,5,2,0,22,7,115.7,1,COD,Male,Fashion,Married
21,18,3,3,3,0,24,16,176.91,3,Debit Card,Female,Mobile Phone,Single
11,21,2,6,3,0,18,5,169.74,1,UPI,Female,Fashion,Single
0,14,4,3,2,1,23,3,152.16,2,Debit Card,Female,Mobile Phone,Married
5,20,1,2,4,0,24,6,149.92,1,E Wallet,Female,Fashion,Divorced
0,36,4,4,2,0,19,18,137.82,1,Credit Card,Male,Laptop & Accessory,Single
20,21,3,5,3,1,13,1,152.68,1,E Wallet,Male,Grocery,Married
3,13,3,1,1,0,11,8,123.82,2,Credit Card,Male,Fashion,Single
4,18,3,5,5,0,21,4,143.28,3,Debit Card,Male,Laptop & Accessory,Married
4,25,2,3,1,0,26,10,146.97,3,Credit Card,Male,Mobile Phone,Single
20,17,3,3,4,0,23,1,181.23,1,UPI,Male,Laptop & Accessory,Single
11,11,3,2,3,0,22,3,163.03,3,Debit Card,Female,Grocery,Single
1,17,2,2,2,0,18,6,114.11,3,Credit Card,Male,Mobile Phone,Married
13,6,4,4,3,0,21,2,161.85,1,Credit Card,Female,Fashion,Single
29,35,3,1,2,0,17,27,201.94,2,Debit Card,Female,Fashion,Married
5,17,1,3,3,0,13,9,153.37,2,E Wallet,Male,Laptop & Accessory,Married
5,21,3,6,2,1,15,1,161.75,3,UPI,Male,Laptop & Accessory,Single
3,27,3,5,3,0,15,13,129.21,2,Credit Card,Female,Grocery,Divorced
0,9,3,3,1,1,13,9,122.98,2,Credit Card,Female,Mobile Phone,Single
32,27,2,1,3,0,24,3,195.93,3,Credit Card,Male,Mobile Phone,Divorced
0,23,1,5,5,0,22,6,141.59,1,E Wallet,Male,Grocery,Single
9,17,3,5,4,1,11,2,161.74,2,Credit Card,Female,Fashion,Single
23,26,4,2,3,0,24,8,194.42,3,E Wallet,Male,Fashion,Married
16,12,3,3,2,0,11,1,168.01,1,COD,Female,Fashion,Single
10,10,2,3,2,0,19,3,140.47,3,Debit Card,Female,Mobile Phone,Single
16,17,3,3,5,0,11,12,178.4,1,Credit Card,Male,Mobile Phone,Married
8,9,3,3,2,1,15,2,150.09,2,E Wallet,Female,Fashion,Married
20,13,2,3,3,1,16,4,186.23,3,Debit Card,Female,Laptop & Accessory,Married
13,9,2,2,3,0,25,3,164.02,1,COD,Female,Fashion,Single
18,12,2,2,5,0,21,27,188.79,1,COD,Female,Fashion,Married
22,10,3,2,5,0,25,13,173.68,3,Debit Card,Male,Fashion,Single
8,13,3,4,4,0,11,5,141.51,2,Credit Card,Male,Laptop & Accessory,Divorced
2,24,3,3,2,1,23,6,125.35,2,Credit Card,Female,Fashion,Married
5,22,3,2,3,0,18,3,168.09,1,UPI,Female,Fashion,Married
41,23,3,3,3,1,14,2,231.25,1,Credit Card,Female,Fashion,Married
3,13,1,2,4,0,20,21,137.73,2,COD,Female,Grocery,Single
2,16,3,4,3,0,15,7,169.15,2,Credit Card,Male,Mobile Phone,Divorced
0,22,3,3,4,0,19,3,152.8,2,E Wallet,Female,Mobile Phone,Married
6,15,3,4,5,1,22,5,139.23,1,UPI,Female,Laptop & Accessory,Married
1,12,1,4,5,0,19,10,146.6,2,E Wallet,Male,Laptop & Accessory,Single
1,16,2,5,1,1,18,13,132.32,1,Debit Card,Male,Others,Married
28,10,2,3,1,0,21,1,224.59,2,Credit Card,Male,Fashion,Divorced
4,9,3,2,1,0,16,11,118.94,3,Credit Card,Male,Mobile Phone,Married
3,37,4,3,4,0,23,1,156.63,3,COD,Female,Fashion,Married
1,25,5,4,1,1,25,8,139.39,2,E Wallet,Female,Laptop & Accessory,Married
1,9,3,2,2,0,23,6,133.99,3,E Wallet,Male,Fashion,Single
12,15,3,1,5,0,19,6,175.31,1,E Wallet,Male,Mobile Phone,Single
19,27,3,4,4,1,13,4,165.28,1,Credit Card,Female,Laptop & Accessory,Married
2,13,4,4,1,0,25,4,126.56,1,Credit Card,Female,Laptop & Accessory,Divorced
20,14,3,2,3,0,12,10,199.25,3,E Wallet,Female,Laptop & Accessory,Married
29,21,1,3,2,0,20,8,187.09,3,Debit Card,Male,Grocery,Married
17,19,2,3,1,1,12,3,154.47,1,Debit Card,Male,Fashion,Married
33,20,3,1,3,0,24,27,215.22,1,Debit Card,Male,Fashion,Married
8,13,3,2,3,0,15,4,169.39,3,Credit Card,Male,Grocery,Divorced
0,9,3,1,3,1,11,3,102.78,1,Debit Card,Female,Fashion,Married
19,14,2,3,3,1,18,6,173.77,1,Credit Card,Female,Grocery,Divorced
9,13,1,3,3,0,22,14,124.65,1,Credit Card,Male,Fashion,Single
8,12,4,4,5,0,16,1,133.48,3,Credit Card,Male,Grocery,Married
3,9,1,3,5,0,24,9,134.45,2,COD,Female,Laptop & Accessory,Single
1,19,2,3,3,0,24,12,134.24,2,Debit Card,Female,Grocery,Married
2,27,3,1,3,0,18,2,146.65,1,COD,Male,Laptop & Accessory,Married
11,21,3,4,2,0,26,5,138.34,1,E Wallet,Male,Fashion,Single
13,19,3,2,3,0,20,6,173.97,3,UPI,Female,Laptop & Accessory,Divorced
8,15,3,5,3,0,12,6,148.74,1,E Wallet,Female,Laptop & Accessory,Married
12,19,3,3,2,0,19,3,165.46,2,Credit Card,Male,Mobile Phone,Divorced
7,22,3,2,3,1,16,7,142.04,1,UPI,Female,Others,Divorced
0,24,1,3,3,0,22,0,131.78,1,E Wallet,Female,Fashion,Married
8,16,4,3,4,0,17,12,151.83,2,Debit Card,Female,Laptop & Accessory,Single
0,19,3,3,3,0,16,3,135.13,1,Credit Card,Male,Mobile Phone,Married
1,16,4,3,1,0,19,15,142.91,3,Credit Card,Female,Mobile Phone,Married
27,14,3,2,5,0,26,10,168.26,1,Debit Card,Female,Mobile Phone,Single
0,11,3,3,3,0,26,5,142.2,1,Credit Card,Female,Fashion,Divorced
0,13,2,3,2,1,23,15,130.59,2,Debit Card,Female,Laptop & Accessory,Married
12,12,2,4,5,0,23,11,181.33,3,COD,Male,Fashion,Divorced
6,15,4,5,3,1,15,1,133.95,2,Credit Card,Male,Others,Married
8,7,2,3,2,0,14,4,154.11,1,UPI,Female,Others,Married
14,18,4,3,3,0,18,7,164.54,3,Credit Card,Male,Laptop & Accessory,Married
15,7,4,5,4,0,18,10,173.55,2,Debit Card,Male,Laptop & Accessory,Single
10,22,2,2,3,0,19,8,134.81,2,Debit Card,Female,Mobile Phone,Married
4,23,2,6,4,0,26,23,150.44,1,Credit Card,Female,Laptop & Accessory,Divorced
9,10,2,4,2,0,11,10,152.16,2,E Wallet,Female,Mobile Phone,Divorced
13,20,2,4,4,0,20,18,148.96,2,COD,Male,Fashion,Single
14,15,3,2,2,0,21,3,174.76,2,Debit Card,Female,Fashion,Single
24,16,3,2,3,1,15,2,231.79,2,Debit Card,Female,Laptop & Accessory,Divorced
17,11,4,3,3,1,12,7,168.7,2,E Wallet,Male,Grocery,Married
1,15,4,4,2,0,22,5,146.76,2,UPI,Male,Laptop & Accessory,Single
3,9,4,2,2,0,11,7,142.82,2,UPI,Male,Fashion,Single
3,6,3,3,2,1,13,11,133.05,1,COD,Female,Mobile Phone,Single
3,23,2,3,3,1,18,8,134.08,1,Debit Card,Female,Fashion,Single
4,9,2,1,3,0,26,1,125.17,3,Credit Card,Male,Others,Married
0,7,3,3,3,0,20,11,125.77,2,Debit Card,Female,Mobile Phone,Married
6,6,2,3,5,0,24,11,115.44,2,COD,Female,Fashion,Married
12,23,3,1,4,0,16,3,154.64,3,Debit Card,Male,Mobile Phone,Married
9,11,2,3,5,0,25,9,171.52,2,Credit Card,Male,Fashion,Married
2,15,3,3,3,0,25,5,109.27,3,UPI,Male,Fashion,Married
0,18,2,2,4,0,14,8,143.74,2,Debit Card,Female,Mobile Phone,Single
22,12,1,1,1,0,11,6,172.69,2,UPI,Male,Laptop & Accessory,Single
5,11,1,2,4,0,17,6,149.55,3,Credit Card,Male,Laptop & Accessory,Single
3,6,3,4,4,0,23,11,151.45,2,COD,Female,Others,Married
37,13,2,3,1,0,12,2,222.17,1,Debit Card,Female,Laptop & Accessory,Married
22,21,3,4,3,0,18,4,182.98,3,UPI,Female,Mobile Phone,Divorced
0,11,2,2,3,0,23,18,98.49,1,E Wallet,Male,Fashion,Single
51,29,3,3,3,0,24,6,265.69,1,E Wallet,Female,Fashion,Married
31,14,3,2,4,0,26,9,196.05,1,Credit Card,Female,Grocery,Married
14,37,4,3,4,0,12,4,194.57,2,Credit Card,Male,Others,Married
9,23,4,3,1,1,24,4,167.29,1,Debit Card,Male,Others,Married
13,12,3,3,5,0,12,7,180.04,3,Debit Card,Male,Others,Single
34,27,4,3,3,0,17,7,191.79,1,Credit Card,Male,Mobile Phone,Married
7,24,3,3,3,0,14,5,122.04,3,Credit Card,Female,Mobile Phone,Married
6,12,1,4,5,0,21,1,165.01,3,UPI,Female,Laptop & Accessory,Single
9,11,2,4,5,0,19,23,155.94,3,E Wallet,Female,Laptop & Accessory,Married
9,12,2,2,1,0,18,21,146.61,2,Debit Card,Female,Mobile Phone,Married
24,10,3,3,1,0,21,8,155.09,1,Credit Card,Male,Fashion,Married
24,8,3,3,5,0,14,18,206.17,3,Debit Card,Female,Mobile Phone,Married
1,14,4,5,3,0,23,6,156.71,1,Credit Card,Male,Mobile Phone,Married
4,17,2,4,5,1,18,1,163.92,2,UPI,Male,Fashion,Single
1,10,2,1,4,0,17,7,133.1,2,Debit Card,Male,Mobile Phone,Married
1,23,1,3,1,0,20,13,105.28,2,UPI,Female,Mobile Phone,Married
10,13,3,4,1,0,25,9,164.11,2,E Wallet,Male,Mobile Phone,Married
3,20,2,6,2,0,19,0,135.79,2,COD,Female,Fashion,Divorced
23,10,4,5,4,1,12,0,188.46,2,Debit Card,Male,Mobile Phone,Single
7,15,3,3,4,0,23,7,132.9,3,UPI,Female,Laptop & Accessory,Single
2,12,3,2,1,0,17,0,170.8,1,COD,Male,Laptop & Accessory,Single
3,15,1,2,3,1,26,8,155.29,1,Debit Card,Female,Grocery,Married
5,13,3,3,3,0,15,1,145.93,1,Credit Card,Male,Laptop & Accessory,Single
18,37,2,4,3,0,15,10,199.09,1,E Wallet,Female,Others,Married
15,11,2,3,1,1,15,17,173.45,1,Credit Card,Female,Laptop & Accessory,Single
0,17,3,4,2,0,11,7,130.37,1,E Wallet,Male,Laptop & Accessory,Single
3,20,3,2,3,1,14,19,175.78,1,Debit Card,Male,Fashion,Single
12,19,4,3,4,0,20,3,156.14,3,Credit Card,Male,Laptop & Accessory,Single
17,10,2,1,1,0,14,17,168.72,2,UPI,Male,Laptop & Accessory,Divorced
61,20,2,2,4,0,11,5,291.82,1,E Wallet,Female,Others,Married
4,8,4,6,2,0,22,8,150.47,3,Debit Card,Male,Mobile Phone,Married
28,16,3,5,2,1,15,10,235.06,1,E Wallet,Female,Others,Married
28,26,4,1,2,0,21,2,202.06,1,Debit Card,Female,Fashion,Single
20,17,3,5,1,0,13,6,180.07,3,Credit Card,Female,Laptop & Accessory,Divorced
0,21,2,3,1,0,19,8,119.66,2,E Wallet,Female,Fashion,Single
0,10,4,4,4,0,26,2,135.51,1,Debit Card,Female,Fashion,Married
6,10,2,2,4,1,26,1,129.17,2,E Wallet,Female,Grocery,Single
5,26,2,4,1,0,23,4,134.35,3,Credit Card,Female,Laptop & Accessory,Married
35,12,2,3,5,0,23,2,244.39,3,UPI,Male,Fashion,Single
7,13,4,2,3,0,11,4,131.69,2,Debit Card,Male,Laptop & Accessory,Single
4,26,1,4,3,0,13,10,129.76,2,E Wallet,Female,Mobile Phone,Single
7,13,4,3,2,0,11,10,158.63,2,Credit Card,Female,Mobile Phone,Single
21,20,3,3,3,0,22,7,166.56,1,UPI,Female,Laptop & Accessory,Single
2,7,2,2,3,0,26,9,101.06,2,Debit Card,Male,Fashion,Single
5,16,3,2,3,1,16,4,166.23,1,Debit Card,Male,Laptop & Accessory,Divorced
19,16,2,4,2,0,20,10,178.82,3,E Wallet,Female,Laptop & Accessory,Married
0,18,4,4,5,0,19,5,147.2,2,E Wallet,Female,Mobile Phone,Divorced
2,16,3,3,5,0,23,13,147.36,3,E Wallet,Female,Laptop & Accessory,Married
13,14,3,3,5,1,26,4,158.29,2,COD,Female,Fashion,Married
10,24,3,5,5,0,26,8,155.68,1,Credit Card,Female,Mobile Phone,Married
3,28,2,4,2,1,17,2,161.31,1,Debit Card,Female,Laptop & Accessory,Married
9,12,2,3,1,0,20,16,147.03,3,Debit Card,Male,Others,Divorced
1,11,3,3,4,1,19,1,116.21,3,Debit Card,Female,Mobile Phone,Single
9,29,4,3,4,1,24,18,139.35,2,Credit Card,Female,Grocery,Married
1,9,3,3,3,1,13,13,115.46,2,COD,Male,Grocery,Single
9,15,2,4,1,0,13,8,181.92,3,Credit Card,Male,Fashion,Married
5,11,4,3,3,0,11,8,147.21,3,Credit Card,Male,Laptop & Accessory,Single
35,16,4,2,3,0,17,5,233.58,3,E Wallet,Female,Mobile Phone,Married
42,12,3,3,4,1,20,15,249.39,1,COD,Female,Mobile Phone,Single
4,30,3,5,5,1,16,14,139.77,1,E Wallet,Female,Grocery,Married
46,18,4,4,4,1,17,14,268.3,1,Debit Card,Male,Laptop & Accessory,Single
10,12,4,2,4,0,14,19,163.47,3,Debit Card,Female,Laptop & Accessory,Married
6,16,2,4,2,1,19,8,165.43,3,Credit Card,Male,Mobile Phone,Divorced
16,22,4,1,4,0,26,3,180.73,1,UPI,Female,Others,Single
7,11,4,3,2,0,22,3,133.6,2,Debit Card,Male,Laptop & Accessory,Married
18,22,2,4,3,0,23,3,169.38,1,E Wallet,Female,Laptop & Accessory,Married
17,17,5,3,4,0,20,1,169.6,3,Credit Card,Female,Others,Single
7,20,3,5,4,0,15,0,155.52,1,Debit Card,Female,Mobile Phone,Married
12,11,4,3,2,0,14,2,200.12,3,Debit Card,Female,Laptop & Accessory,Single
2,17,2,4,2,0,14,5,130.92,3,COD,Male,Laptop & Accessory,Married
4,13,3,1,5,1,15,1,148.02,3,E Wallet,Female,Fashion,Married
10,13,3,2,4,1,22,7,170.33,1,Credit Card,Female,Laptop & Accessory,Married
4,21,4,1,3,1,23,5,134.93,1,E Wallet,Female,Grocery,Single
5,23,2,4,4,0,12,8,129.58,3,UPI,Male,Fashion,Single
2,9,2,4,3,0,26,14,128.27,1,E Wallet,Male,Others,Divorced
23,17,2,4,4,0,14,6,205.97,1,Debit Card,Male,Mobile Phone,Married
7,14,4,1,4,1,25,8,114.96,1,Credit Card,Female,Mobile Phone,Married
9,13,3,6,4,0,20,4,186.28,3,Credit Card,Male,Laptop & Accessory,Married
2,17,4,5,5,0,19,17,161.46,1,E Wallet,Female,Mobile Phone,Married
7,14,2,2,5,1,22,12,151.42,1,E Wallet,Male,Fashion,Married
1,12,2,3,3,0,25,5,162.01,3,Debit Card,Female,Laptop & Accessory,Single
0,16,1,2,1,0,12,30,137.98,2,UPI,Male,Mobile Phone,Divorced
3,21,4,3,1,0,18,7,158.72,1,Debit Card,Male,Laptop & Accessory,Divorced
18,7,2,3,4,1,23,9,199.85,1,Debit Card,Female,Fashion,Single
9,15,3,4,5,0,14,2,160.23,3,COD,Male,Grocery,Married
18,8,4,3,4,0,13,13,163.28,2,Credit Card,Male,Laptop & Accessory,Married
10,32,1,4,2,0,21,3,147.01,3,Debit Card,Female,Grocery,Married
1,10,3,5,3,0,12,11,125.56,3,Credit Card,Female,Fashion,Married
32,16,4,4,4,0,13,17,214.59,3,Credit Card,Male,Mobile Phone,Married
18,9,3,3,2,1,15,9,215.8,2,Credit Card,Female,Mobile Phone,Married
0,9,3,2,1,0,24,6,153.18,2,E Wallet,Male,Fashion,Single
2,12,3,2,3,0,15,9,135.9,1,Credit Card,Male,Others,Married
2,16,3,1,4,0,26,8,116.75,3,Debit Card,Male,Mobile Phone,Single
19,17,4,3,3,1,21,25,189.58,1,Credit Card,Male,Laptop & Accessory,Married
7,10,3,2,3,0,12,14,143.08,3,UPI,Female,Grocery,Single
1,12,5,4,3,0,17,6,132.44,3,E Wallet,Female,Fashion,Married
17,12,3,3,2,0,24,7,181.47,2,COD,Female,Fashion,Divorced
20,14,2,6,3,1,18,11,185.86,3,Debit Card,Female,Others,Single
24,7,3,6,3,0,20,4,179.92,1,Debit Card,Male,Laptop & Accessory,Single
10,10,2,4,4,0,12,14,144.52,1,Credit Card,Male,Laptop & Accessory,Married
13,12,3,1,3,1,11,3,195.73,1,Credit Card,Male,Fashion,Married
10,17,1,4,3,0,18,16,133.86,3,Debit Card,Female,Fashion,Single
12,8,2,4,3,0,23,3,127.59,1,COD,Male,Grocery,Married
32,30,2,3,2,1,14,7,211.87,1,Debit Card,Female,Mobile Phone,Married
25,11,4,3,4,0,18,5,174.5,1,Credit Card,Male,Mobile Phone,Divorced
15,13,1,4,1,0,12,22,146.06,2,Debit Card,Male,Grocery,Single
9,16,3,4,3,0,13,22,154.02,1,E Wallet,Female,Fashion,Married
36,22,2,1,4,0,14,9,207.91,3,E Wallet,Female,Fashion,Married
0,10,4,2,3,0,11,5,133.47,1,UPI,Male,Fashion,Married
4,22,2,3,5,0,13,7,159.07,3,Credit Card,Male,Laptop & Accessory,Divorced
3,16,4,3,1,0,23,6,149.79,2,E Wallet,Female,Fashion,Divorced
1,9,2,4,4,0,14,2,146.48,3,Debit Card,Male,Grocery,Married
38,14,3,1,1,0,17,14,221.12,3,UPI,Female,Fashion,Married
6,29,2,3,4,1,12,10,148.55,2,E Wallet,Male,Laptop & Accessory,Single
11,13,2,1,1,0,13,6,141.14,3,Credit Card,Male,Laptop & Accessory,Single
22,12,3,2,5,0,23,7,175.68,2,Debit Card,Male,Laptop & Accessory,Single
34,12,3,4,4,0,20,20,215.82,1,E Wallet,Male,Mobile Phone,Divorced
0,14,4,4,4,0,21,4,149.43,2,Debit Card,Female,Fashion,Married
0,20,2,3,5,0,16,4,147.69,3,COD,Male,Fashion,Single
13,37,4,3,2,1,19,4,143.67,3,Debit Card,Male,Laptop & Accessory,Single
6,11,3,3,3,0,14,2,129.6,3,Credit Card,Female,Mobile Phone,Married
3,18,2,4,1,1,12,25,139.55,3,Credit Card,Male,Grocery,Married
4,14,4,4,5,1,15,7,159.77,2,COD,Female,Fashion,Single
3,11,1,3,3,0,16,4,143.85,3,Debit Card,Male,Laptop & Accessory,Single
8,12,5,3,4,0,19,15,137.75,3,E Wallet,Male,Mobile Phone,Single
14,19,4,2,4,0,13,5,157.82,3,Credit Card,Female,Laptop & Accessory,Married
19,22,3,4,2,0,23,3,204.09,2,E Wallet,Female,Laptop & Accessory,Married
31,12,1,3,4,0,14,12,183.16,1,UPI,Male,Laptop & Accessory,Married
13,20,3,5,1,0,18,18,142.56,1,UPI,Female,Laptop & Accessory,Married
4,20,2,5,2,0,22,7,124.12,3,E Wallet,Female,Fashion,Single
23,5,4,3,1,0,11,21,182.14,1,Credit Card,Male,Fashion,Divorced
3,12,3,3,2,0,14,2,158.61,2,Credit Card,Female,Laptop & Accessory,Single
6,24,4,3,5,0,24,13,133.24,1,Credit Card,Female,Mobile Phone,Married
0,11,3,4,3,0,21,6,132.18,1,Credit Card,Female,Laptop & Accessory,Divorced
43,6,2,5,4,0,12,16,248.69,2,Credit Card,Female,Grocery,Married
17,13,3,5,3,0,21,8,178.42,1,Credit Card,Male,Fashion,Married
4,12,3,4,1,0,14,1,124.75,3,Credit Card,Male,Laptop & Accessory,Married
1,34,2,4,2,0,18,6,146.41,3,Credit Card,Male,Mobile Phone,Single
0,33,3,3,5,0,16,10,142.87,3,Credit Card,Female,Fashion,Single
12,14,1,4,4,0,12,4,157.39,3,E Wallet,Male,Laptop & Accessory,Married
37,13,1,3,4,0,11,1,241.7,1,UPI,Female,Fashion,Single
3,12,3,1,1,0,15,8,137.72,3,Debit Card,Male,Laptop & Accessory,Married
4,11,3,1,4,0,20,6,152.86,1,E Wallet,Male,Fashion,Married
10,13,3,2,3,1,14,3,115.52,1,Debit Card,Male,Mobile Phone,Married
1,14,3,2,4,0,24,4,157.38,3,COD,Female,Laptop & Accessory,Married
5,25,3,2,1,0,23,9,171.65,3,Credit Card,Male,Grocery,Married
0,19,2,3,2,0,16,12,135.41,1,E Wallet,Male,Fashion,Married
17,8,3,4,5,1,23,32,175.48,2,COD,Male,Laptop & Accessory,Single
3,14,2,2,3,0,17,4,114.8,3,E Wallet,Female,Grocery,Single
10,19,3,4,5,1,12,10,180.99,2,E Wallet,Female,Grocery,Single
24,14,3,3,1,1,14,9,196.5,2,Credit Card,Female,Others,Single
38,14,2,2,3,0,19,12,251.22,1,Debit Card,Male,Fashion,Divorced
6,40,4,2,5,0,19,13,154.53,2,Credit Card,Female,Laptop & Accessory,Single
13,17,2,2,1,0,17,2,139.61,1,E Wallet,Male,Fashion,Married
9,7,2,4,2,0,21,10,153.11,3,Debit Card,Male,Grocery,Divorced
1,7,1,4,2,0,20,1,164.64,1,COD,Male,Laptop & Accessory,Married
7,13,3,2,1,0,26,20,148.81,3,E Wallet,Female,Mobile Phone,Married
0,15,1,2,3,0,24,4,151.45,1,COD,Male,Fashion,Married
3,12,2,3,2,0,17,12,164.43,3,Debit Card,Female,Others,Single
0,22,3,2,5,0,15,6,133.64,3,Credit Card,Female,Grocery,Single
17,25,2,4,3,0,20,8,185.12,1,E Wallet,Male,Grocery,Divorced
13,11,2,4,1,0,14,3,156.25,3,Credit Card,Male,Mobile Phone,Single
20,15,2,4,5,0,11,4,198.17,1,Credit Card,Male,Others,Divorced
8,11,4,3,5,1,22,17,136.44,2,Credit Card,Male,Fashion,Single
1,23,3,1,1,0,15,1,171.02,1,Credit Card,Female,Mobile Phone,Married
1,7,4,4,4,0,16,9,107.25,3,COD,Male,Mobile Phone,Married
3,19,2,3,2,1,26,0,114.08,1,Debit Card,Male,Laptop & Accessory,Single
4,17,2,3,3,1,19,15,169.62,1,Debit Card,Male,Mobile Phone,Single
8,17,3,2,3,1,20,2,162.88,2,Credit Card,Male,Mobile Phone,Married
7,12,5,1,5,0,25,4,165.05,2,E Wallet,Female,Laptop & Accessory,Married
2,26,1,4,1,0,25,11,122.4,3,Credit Card,Female,Fashion,Single
1,16,2,5,4,0,13,11,144.03,1,UPI,Female,Fashion,Single
13,16,2,2,4,0,23,14,165.37,1,Debit Card,Male,Mobile Phone,Divorced
35,17,3,4,4,0,17,5,227.21,1,Credit Card,Male,Laptop & Accessory,Single
19,13,3,5,2,0,20,9,177.22,3,E Wallet,Female,Others,Divorced
3,21,1,3,3,0,16,7,103.3,1,Debit Card,Female,Laptop & Accessory,Single
7,10,4,1,3,0,15,3,157.93,1,Credit Card,Female,Fashion,Married
1,20,1,3,1,0,23,6,123.72,2,Credit Card,Male,Others,Single
3,10,4,4,2,1,23,19,167.41,3,E Wallet,Female,Laptop & Accessory,Divorced
1,24,1,2,4,0,23,8,156.1,1,COD,Male,Fashion,Married
1,19,1,2,4,0,18,1,137.31,3,Debit Card,Male,Laptop & Accessory,Married
0,14,2,5,5,1,13,13,117.8,1,Credit Card,Male,Fashion,Single
2,12,5,1,1,0,15,0,161.6,2,UPI,Female,Others,Married
15,23,3,3,4,0,16,4,167.44,1,Debit Card,Female,Fashion,Married
0,16,2,2,1,0,14,8,131.82,3,E Wallet,Female,Others,Single
6,9,3,3,1,0,12,6,138.28,1,Debit Card,Female,Laptop & Accessory,Divorced
0,11,1,1,1,0,16,7,132.55,1,Debit Card,Male,Laptop & Accessory,Single
10,28,3,2,3,0,13,2,186.99,3,Credit Card,Male,Laptop & Accessory,Married
17,12,1,4,3,1,17,5,165.81,2,Debit Card,Female,Others,Single
7,20,3,5,5,0,14,4,176.79,1,Debit Card,Female,Fashion,Single
6,17,5,2,4,0,21,8,153.68,1,E Wallet,Male,Mobile Phone,Single
11,24,2,3,3,0,13,3,142.83,3,E Wallet,Male,Laptop & Accessory,Single
9,10,3,5,3,1,16,7,162.09,3,E Wallet,Male,Laptop & Accessory,Married
0,8,2,3,5,0,21,11,132.98,1,Debit Card,Female,Others,Single
0,11,3,4,5,1,22,7,133.89,1,Credit Card,Male,Laptop & Accessory,Married
2,16,2,4,5,0,24,7,143.6,3,UPI,Male,Mobile Phone,Single
7,9,3,2,3,1,25,2,163.81,3,Debit Card,Female,Laptop & Accessory,Single
8,12,3,3,3,0,19,2,159.61,3,COD,Male,Laptop & Accessory,Married
15,20,3,4,2,0,24,7,119.55,2,Credit Card,Female,Fashion,Married
8,7,4,3,4,0,22,5,191.24,2,Debit Card,Male,Fashion,Married
6,9,3,2,4,1,19,4,160.95,2,Debit Card,Female,Fashion,Married
19,18,4,3,3,0,14,8,172.73,3,UPI,Female,Laptop & Accessory,Single
6,24,4,2,2,0,26,1,149.79,1,Credit Card,Female,Others,Married
16,19,4,1,1,1,12,10,172.23,1,COD,Female,Grocery,Married
6,20,1,3,1,1,13,6,159.13,1,Credit Card,Male,Mobile Phone,Single
29,15,1,5,2,1,17,3,217.17,1,E Wallet,Male,Mobile Phone,Single
2,13,1,5,4,0,22,2,132.76,1,E Wallet,Female,Grocery,Single
6,12,4,2,5,0,21,12,121.09,1,UPI,Male,Laptop & Accessory,Single
1,25,4,3,5,1,19,0,136.83,2,Credit Card,Male,Mobile Phone,Married
3,11,2,3,4,0,16,3,143.51,1,Credit Card,Female,Laptop & Accessory,Married
14,18,3,1,3,0,21,0,169.43,3,COD,Male,Fashion,Single
2,14,2,3,3,1,15,15,124.13,1,E Wallet,Male,Laptop & Accessory,Single
2,20,2,3,2,0,21,8,97.02,1,Credit Card,Male,Others,Married
2,9,3,5,3,1,14,2,125.48,3,Debit Card,Male,Laptop & Accessory,Single
4,21,3,3,2,1,20,2,150.49,3,Credit Card,Male,Laptop & Accessory,Single
17,10,4,4,2,0,20,19,169.86,2,Credit Card,Female,Grocery,Married
12,18,2,1,2,0,25,6,126.65,1,Credit Card,Female,Laptop & Accessory,Married
2,22,3,3,3,0,13,2,157.99,3,COD,Male,Grocery,Single
3,12,2,1,3,0,14,1,136.08,3,Credit Card,Male,Mobile Phone,Single
6,20,4,2,4,0,15,10,140.08,2,Credit Card,Female,Laptop & Accessory,Married
5,20,3,4,5,1,26,5,146.79,3,Credit Card,Male,Mobile Phone,Married
6,14,5,3,3,0,16,10,134.03,2,Debit Card,Male,Mobile Phone,Divorced
8,16,1,5,2,1,20,6,118.3,2,E Wallet,Male,Fashion,Single
10,16,4,3,2,0,11,5,134.58,1,Credit Card,Female,Laptop & Accessory,Married
15,12,2,3,5,0,17,7,165.03,1,Debit Card,Male,Fashion,Divorced
16,11,1,3,2,0,24,10,150.44,2,Credit Card,Female,Fashion,Single
6,9,4,2,1,0,19,2,125.17,3,UPI,Female,Others,Single
46,18,3,4,3,0,16,18,252.27,3,UPI,Male,Others,Married
3,9,2,2,4,0,24,8,135.33,3,Debit Card,Female,Laptop & Accessory,Single
2,17,3,2,2,1,15,3,138.42,1,Credit Card,Female,Laptop & Accessory,Married
1,17,4,2,5,1,13,9,147.61,2,E Wallet,Female,Grocery,Single
14,7,2,3,3,1,14,24,177.85,3,Debit Card,Female,Fashion,Married
2,35,3,1,2,0,12,12,120.43,1,E Wallet,Female,Mobile Phone,Married
49,18,1,2,3,0,22,0,216.75,1,Debit Card,Male,Laptop & Accessory,Married
16,28,4,2,3,1,15,17,159.01,3,UPI,Female,Laptop & Accessory,Divorced
23,14,2,3,3,0,11,8,159.18,1,Debit Card,Male,Fashion,Divorced
7,26,3,1,2,1,15,2,144.56,3,Credit Card,Male,Laptop & Accessory,Married
21,9,2,2,3,0,25,3,199.31,1,UPI,Female,Grocery,Single
7,14,2,5,5,0,24,21,172.2,1,UPI,Male,Laptop & Accessory,Married
11,7,4,2,5,1,11,25,177.57,2,Debit Card,Male,Mobile Phone,Married
0,14,4,3,4,0,14,3,142.01,1,Debit Card,Male,Laptop & Accessory,Single
26,7,3,4,5,0,17,5,208.32,3,E Wallet,Male,Fashion,Married
11,10,3,6,1,0,13,19,149.18,2,UPI,Female,Fashion,Divorced
34,9,2,4,4,0,21,14,190.81,2,Credit Card,Male,Laptop & Accessory,Divorced
20,14,2,3,2,0,26,8,195.89,1,Credit Card,Female,Mobile Phone,Divorced
27,11,3,4,3,1,11,4,185.21,1,E Wallet,Male,Fashion,Married
0,21,4,5,3,0,25,2,161.72,1,UPI,Female,Laptop & Accessory,Married
3,18,4,5,2,0,20,5,144.33,2,Credit Card,Male,Grocery,Married
6,11,2,5,4,1,23,5,165.78,1,Credit Card,Female,Fashion,Married
14,15,3,4,4,0,12,4,172.77,3,E Wallet,Female,Laptop & Accessory,Single
2,11,3,2,4,0,18,8,153.59,1,Credit Card,Male,Mobile Phone,Married
14,8,4,4,3,0,25,12,212.14,1,COD,Male,Laptop & Accessory,Divorced
42,15,3,3,3,0,20,6,242.72,2,Debit Card,Male,Grocery,Divorced
6,49,2,4,3,0,13,2,146.41,1,Debit Card,Female,Fashion,Married
1,15,1,2,3,0,22,4,130.62,2,Credit Card,Female,Fashion,Single
34,10,3,3,3,0,13,10,210.19,1,Credit Card,Female,Grocery,Married
7,15,3,3,1,1,18,19,143.85,2,Debit Card,Female,Fashion,Married
1,11,1,3,5,0,26,7,148.18,3,Credit Card,Female,Fashion,Single
1,12,3,1,3,0,22,7,166.61,3,Debit Card,Female,Grocery,Single
29,14,1,3,2,1,22,3,199.74,3,UPI,Male,Fashion,Single
17,9,4,2,2,1,23,7,191.63,3,UPI,Male,Grocery,Married
1,13,1,2,1,0,17,1,125.73,2,Debit Card,Female,Mobile Phone,Single
0,28,5,3,4,0,14,2,132.57,1,Credit Card,Female,Others,Single
29,17,4,2,4,1,13,3,198.78,3,Debit Card,Female,Mobile Phone,Single
8,17,2,3,1,0,26,5,163.93,2,Credit Card,Male,Fashion,Married
5,8,2,2,5,1,12,27,157.51,1,Credit Card,Female,Others,Divorced
8,14,5,2,2,0,19,5,141.58,3,COD,Female,Fashion,Single
3,29,2,3,3,1,21,4,129.02,3,E Wallet,Male,Laptop & Accessory,Divorced
12,9,2,3,2,0,25,4,137.78,1,UPI,Female,Fashion,Married
1,16,3,2,3,1,14,6,118.16,1,Credit Card,Male,Laptop & Accessory,Single
10,8,3,4,2,0,26,13,157.44,1,Debit Card,Male,Others,Single
0,11,3,3,3,0,26,4,122.79,2,Credit Card,Female,Laptop & Accessory,Married
15,39,2,5,5,0,22,12,182.49,1,Debit Card,Male,Grocery,Single
36,29,4,2,3,0,11,5,260.34,2,E Wallet,Male,Others,Single
5,26,2,2,2,0,13,17,187.08,3,Credit Card,Female,Laptop & Accessory,Single
0,12,2,2,2,1,26,2,128.14,1,Credit Card,Female,Others,Divorced
12,11,4,3,2,0,11,7,156.46,2,COD,Female,Others,Married
7,7,2,3,3,0,16,4,178.22,1,Credit Card,Male,Fashion,Married
0,26,2,4,3,0,22,3,135.78,3,UPI,Female,Mobile Phone,Married
6,19,1,3,4,1,26,1,144.3,2,E Wallet,Male,Mobile Phone,Married
24,12,2,3,5,0,19,9,180.14,2,COD,Female,Mobile Phone,Divorced
33,14,2,1,3,0,24,4,210.24,3,COD,Female,Grocery,Single
2,11,4,3,2,1,25,6,141.88,1,Credit Card,Female,Laptop & Accessory,Married
10,14,2,2,5,1,19,26,154.21,1,Credit Card,Female,Laptop & Accessory,Single
9,27,1,3,2,1,21,3,151.24,1,E Wallet,Male,Laptop & Accessory,Single
9,10,4,3,1,0,12,3,176.25,1,COD,Female,Fashion,Married
6,20,3,4,4,0,24,2,130.15,1,COD,Male,Mobile Phone,Married
0,13,3,4,3,0,21,3,131.41,3,Credit Card,Female,Fashion,Divorced
5,24,3,2,3,0,21,6,150.79,2,Credit Card,Male,Laptop & Accessory,Single
1,9,3,4,2,0,24,1,110.73,3,Credit Card,Male,Mobile Phone,Single
5,11,2,5,3,0,26,6,145.99,3,Credit Card,Male,Grocery,Single
23,13,1,2,4,1,11,10,176.44,2,COD,Female,Mobile Phone,Single
14,10,2,3,5,0,26,4,171.87,2,E Wallet,Female,Mobile Phone,Married
6,18,3,2,3,0,16,14,123.51,1,Debit Card,Male,Grocery,Single
9,9,3,2,4,0,13,8,161.2,1,Debit Card,Male,Mobile Phone,Divorced
11,19,2,2,3,1,20,5,152.51,3,Credit Card,Male,Others,Married
22,22,4,2,4,0,16,3,176.7,1,Debit Card,Female,Laptop & Accessory,Single
5,11,3,4,1,0,26,3,151.84,3,E Wallet,Female,Mobile Phone,Married
11,10,3,4,5,0,14,10,196.45,1,Credit Card,Male,Others,Single
11,13,4,5,4,1,22,8,148.31,1,Credit Card,Male,Laptop & Accessory,Divorced
5,11,1,1,2,0,24,2,146.91,2,Debit Card,Male,Grocery,Single
10,25,4,3,4,0,14,5,145.29,2,Debit Card,Male,Laptop & Accessory,Married
10,24,3,1,5,0,16,14,166.11,3,E Wallet,Male,Mobile Phone,Single
21,22,2,3,1,1,23,4,173.03,2,COD,Female,Laptop & Accessory,Married
19,17,5,3,5,0,11,6,190.45,3,Credit Card,Male,Mobile Phone,Married
17,10,4,3,2,0,25,10,161.22,3,E Wallet,Female,Others,Married
19,18,3,3,4,0,20,9,160.7,1,E Wallet,Male,Laptop & Accessory,Married
2,8,3,3,4,0,11,8,136.89,1,Credit Card,Male,Laptop & Accessory,Single
2,23,3,5,4,0,22,2,138.47,1,E Wallet,Female,Others,Married
0,14,3,3,1,0,15,5,136.45,1,Credit Card,Female,Laptop & Accessory,Married
5,13,2,4,1,0,12,2,156.81,1,Debit Card,Male,Mobile Phone,Single
0,24,4,2,4,1,19,6,144.96,1,Credit Card,Male,Laptop & Accessory,Divorced
18,7,4,5,3,0,22,2,195.85,2,Credit Card,Male,Grocery,Divorced
3,19,3,4,2,0,23,6,136.64,3,Credit Card,Female,Others,Married
4,21,3,3,3,0,15,7,157.99,1,UPI,Male,Laptop & Accessory,Divorced
2,11,3,4,3,0,16,6,147.42,2,Debit Card,Female,Laptop & Accessory,Single
11,8,3,3,2,0,25,3,154.59,2,E Wallet,Male,Fashion,Single
22,11,5,1,4,1,26,3,153.42,1,E Wallet,Male,Mobile Phone,Single
14,13,4,3,3,1,26,10,142.81,1,E Wallet,Female,Laptop & Accessory,Married
6,27,4,3,3,0,22,1,107.93,2,Credit Card,Male,Mobile Phone,Single
7,11,2,1,3,0,19,3,178.49,3,E Wallet,Male,Fashion,Married
3,6,3,5,3,0,26,25,159.94,2,E Wallet,Male,Grocery,Single
0,15,1,2,3,0,14,7,138.43,2,UPI,Male,Mobile Phone,Single
9,22,5,2,1,0,24,14,146.95,3,E Wallet,Female,Fashion,Divorced
5,16,3,4,3,0,11,1,130.25,1,Credit Card,Female,Laptop & Accessory,Married
2,13,4,4,2,0,22,7,141.1,3,Credit Card,Male,Others,Married
0,27,1,1,4,0,15,3,114.62,1,E Wallet,Female,Mobile Phone,Single
6,13,2,3,1,0,13,12,144.96,2,E Wallet,Female,Mobile Phone,Married
25,11,1,4,4,0,23,4,176.23,2,E Wallet,Female,Fashion,Married
8,14,1,1,3,0,22,0,177.02,1,E Wallet,Male,Mobile Phone,Divorced
3,8,4,2,3,0,18,9,121.8,1,Debit Card,Male,Laptop & Accessory,Divorced
28,14,4,2,3,0,17,2,203.31,1,UPI,Male,Mobile Phone,Single
38,16,2,5,4,0,24,18,224.19,3,COD,Male,Fashion,Married
16,7,2,2,1,0,23,5,202.5,3,Credit Card,Male,Laptop & Accessory,Married
11,8,3,2,3,1,12,7,156.07,1,Debit Card,Male,Mobile Phone,Married
1,23,2,4,4,0,19,6,142.74,2,Debit Card,Female,Laptop & Accessory,Married
1,18,4,4,4,1,20,2,121.55,3,COD,Female,Fashion,Married
6,10,4,2,1,0,12,2,124.92,2,E Wallet,Female,Fashion,Married
0,26,3,5,4,1,12,6,149.06,3,Debit Card,Male,Mobile Phone,Married
7,28,5,2,3,0,24,7,145.18,2,Credit Card,Male,Fashion,Divorced
16,13,4,2,1,0,18,5,163.06,2,Credit Card,Male,Laptop & Accessory,Married
11,11,1,4,3,1,13,1,162.83,1,E Wallet,Male,Grocery,Married
42,13,2,4,2,1,16,4,228.14,1,Debit Card,Female,Mobile Phone,Married
2,6,2,1,1,0,12,12,135.04,1,Credit Card,Male,Fashion,Single
6,19,3,3,1,0,22,15,136.42,1,E Wallet,Male,Fashion,Married
1,10,3,3,2,1,20,3,137.43,2,Credit Card,Female,Laptop & Accessory,Single
26,17,2,3,2,0,13,7,210.34,1,COD,Male,Fashion,Married
7,18,2,2,3,1,26,12,152.77,3,Debit Card,Male,Laptop & Accessory,Married
20,9,5,2,3,0,20,7,200.17,2,E Wallet,Male,Fashion,Divorced
3,17,2,2,5,0,20,8,134.23,3,Credit Card,Male,Grocery,Married
11,11,4,3,3,0,15,10,166.4,2,Credit Card,Male,Fashion,Married
19,20,3,2,3,0,14,8,186.71,1,UPI,Female,Laptop & Accessory,Married
3,17,2,3,2,0,13,5,166.38,1,Credit Card,Female,Others,Divorced
11,18,2,3,3,0,18,6,136.63,1,COD,Male,Fashion,Divorced
2,13,3,2,1,0,24,2,122.33,1,E Wallet,Male,Grocery,Married
16,19,3,1,4,0,11,5,173.74,1,E Wallet,Male,Others,Married
17,9,3,2,4,1,13,0,176.71,1,Credit Card,Female,Laptop & Accessory,Divorced
7,11,2,3,3,0,14,15,135.23,2,E Wallet,Male,Mobile Phone,Married
27,17,3,2,3,0,19,7,196.98,2,Debit Card,Male,Fashion,Divorced
2,14,3,3,1,0,25,6,134.43,1,Credit Card,Female,Fashion,Married
6,18,4,4,3,1,18,2,141.35,2,COD,Male,Fashion,Married
29,33,4,1,3,0,24,4,219.53,1,E Wallet,Female,Mobile Phone,Married
34,20,3,4,3,1,16,8,225.87,3,Credit Card,Female,Mobile Phone,Married
28,12,2,4,3,1,17,2,193.98,3,E Wallet,Female,Fashion,Married
9,15,4,4,4,1,18,1,183.21,2,Credit Card,Male,Laptop & Accessory,Single
7,21,1,4,5,0,12,2,145.73,1,Debit Card,Male,Grocery,Married
2,20,2,3,2,0,15,7,136.44,2,Credit Card,Male,Fashion,Divorced
5,39,3,3,5,1,22,8,120.72,2,Credit Card,Male,Mobile Phone,Married
0,9,2,3,1,1,15,12,120.77,1,Debit Card,Female,Laptop & Accessory,Married
51,17,3,3,3,0,13,6,269.84,1,Debit Card,Female,Laptop & Accessory,Married
4,14,2,6,1,0,23,10,158.0,3,Debit Card,Female,Mobile Phone,Divorced
2,10,4,3,3,0,21,7,153.8,2,UPI,Male,Grocery,Married
1,30,3,1,2,0,14,5,135.03,1,COD,Female,Mobile Phone,Married
2,20,2,2,2,0,18,3,168.85,2,Debit Card,Female,Mobile Phone,Married
22,13,4,3,4,0,14,11,201.8,3,COD,Male,Laptop & Accessory,Married
12,6,3,2,3,0,26,10,203.9,3,COD,Male,Mobile Phone,Married
4,25,2,4,4,1,16,2,146.63,1,Credit Card,Male,Others,Single
16,19,4,2,2,1,21,1,193.91,3,COD,Male,Laptop & Accessory,Single
3,12,5,3,2,1,22,22,159.28,2,COD,Female,Mobile Phone,Married
5,20,4,2,2,1,18,4,145.42,2,COD,Male,Fashion,Married
1,24,3,4,3,0,16,5,132.01,3,UPI,Female,Fashion,Married
8,9,3,1,2,1,17,3,152.27,3,Credit Card,Male,Fashion,Married
22,11,3,4,3,0,14,5,181.76,1,Debit Card,Male,Fashion,Married
6,11,3,2,4,0,17,12,151.19,1,Credit Card,Male,Fashion,Divorced
20,14,3,2,2,0,18,14,194.4,1,Credit Card,Male,Others,Divorced
2,18,1,3,2,0,14,5,117.55,1,E Wallet,Female,Laptop & Accessory,Married
2,21,3,2,4,1,24,9,134.94,1,Debit Card,Male,Mobile Phone,Married
8,19,5,2,1,0,13,16,173.12,2,E Wallet,Male,Fashion,Single
12,29,2,2,1,0,24,8,186.9,1,Credit Card,Female,Laptop & Accessory,Married
20,10,4,3,4,0,11,12,180.81,1,UPI,Female,Others,Divorced
20,9,2,2,5,0,19,25,193.92,3,E Wallet,Female,Fashion,Married
2,23,3,1,1,1,25,4,147.94,1,Credit Card,Female,Mobile Phone,Single
1,15,1,3,4,0,21,2,116.46,3,E Wallet,Male,Laptop & Accessory,Married
10,12,3,3,3,0,26,11,163.06,2,COD,Female,Laptop & Accessory,Single
11,10,1,3,4,1,17,4,168.31,3,Debit Card,Female,Mobile Phone,Married
8,21,3,4,5,1,12,7,153.21,2,Debit Card,Female,Laptop & Accessory,Divorced
44,11,3,1,3,0,13,11,233.84,2,Credit Card,Male,Others,Single
12,11,4,4,3,0,22,2,179.39,3,Debit Card,Male,Laptop & Accessory,Married
31,12,4,3,4,1,23,4,194.31,1,Credit Card,Female,Grocery,Single
2,12,3,4,1,0,26,3,142.32,3,Debit Card,Male,Grocery,Divorced
14,13,2,3,1,0,23,14,174.44,1,Debit Card,Male,Others,Divorced
11,17,3,3,5,0,26,13,159.85,3,Credit Card,Female,Laptop & Accessory,Married
11,16,4,4,3,0,20,15,169.18,2,Credit Card,Male,Mobile Phone,Married
3,23,3,4,5,0,11,2,140.05,2,UPI,Male,Laptop & Accessory,Married
36,29,2,2,2,1,12,4,200.44,1,E Wallet,Female,Laptop & Accessory,Single
9,16,3,5,2,0,16,0,129.87,1,Debit Card,Female,Fashion,Married
1,13,3,5,3,0,14,1,133.68,3,UPI,Female,Fashion,Single
5,8,1,2,3,0,18,2,154.66,2,Credit Card,Male,Mobile Phone,Married
8,21,3,3,5,0,20,23,134.0,2,Debit Card,Male,Grocery,Single
12,16,2,3,5,0,23,14,141.2,2,Debit Card,Female,Mobile Phone,Divorced
40,9,3,4,3,1,26,8,238.47,3,E Wallet,Male,Laptop & Accessory,Single
6,14,4,1,4,0,22,9,151.31,1,Debit Card,Female,Fashion,Married
26,23,2,3,4,1,17,3,178.46,2,E Wallet,Female,Others,Single
30,11,3,2,1,1,11,6,212.79,1,Debit Card,Male,Fashion,Divorced
12,28,3,5,5,0,22,4,154.35,1,E Wallet,Female,Mobile Phone,Married
11,9,3,3,1,0,19,8,201.99,2,Credit Card,Female,Mobile Phone,Divorced
7,17,2,3,3,0,26,9,143.75,1,UPI,Male,Mobile Phone,Single
4,11,3,2,2,0,15,4,146.76,2,Credit Card,Female,Mobile Phone,Married
16,10,3,1,5,1,20,2,165.66,2,E Wallet,Male,Mobile Phone,Married
0,16,2,4,5,1,16,14,108.03,3,Debit Card,Female,Fashion,Divorced
3,17,5,3,5,0,21,9,105.41,3,COD,Female,Others,Divorced
0,10,3,2,4,0,26,2,124.27,2,Credit Card,Male,Laptop & Accessory,Married
13,9,3,2,3,1,12,0,144.33,2,Credit Card,Female,Others,Married
19,15,3,3,3,1,25,2,159.19,2,COD,Female,Laptop & Accessory,Divorced
1,12,4,2,1,0,13,3,137.62,1,Credit Card,Female,Laptop & Accessory,Married
9,12,5,2,5,0,26,6,154.59,1,COD,Female,Others,Divorced
15,41,3,3,3,1,19,3,151.59,2,Credit Card,Male,Mobile Phone,Single
6,12,1,3,3,0,26,8,136.92,2,UPI,Female,Mobile Phone,Single
3,22,2,4,3,0,17,1,151.19,1,Debit Card,Male,Others,Married
7,13,2,2,3,1,12,1,148.42,2,E Wallet,Female,Others,Married
5,10,2,4,5,0,17,5,153.22,1,Credit Card,Male,Fashion,Single
15,12,2,4,5,0,21,3,164.95,1,Debit Card,Female,Mobile Phone,Divorced
11,13,1,2,5,1,22,2,156.25,3,Credit Card,Female,Mobile Phone,Single
7,7,1,5,3,0,26,7,148.34,2,Debit Card,Male,Grocery,Single
17,18,3,3,4,1,18,9,153.3,1,Credit Card,Male,Mobile Phone,Married
25,19,4,4,5,1,25,8,202.12,1,UPI,Male,Mobile Phone,Single
4,23,2,4,2,0,14,3,123.65,3,UPI,Male,Laptop & Accessory,Single
44,21,4,3,3,0,22,4,234.83,3,UPI,Male,Fashion,Single
26,31,2,1,3,0,18,7,203.23,3,UPI,Female,Laptop & Accessory,Married
4,11,3,4,2,0,24,11,150.75,1,Debit Card,Male,Laptop & Accessory,Divorced
1,13,2,2,3,0,23,1,144.34,3,COD,Male,Others,Single
11,25,4,3,3,0,17,12,182.3,2,Credit Card,Female,Mobile Phone,Single
11,10,1,4,4,1,19,9,171.88,3,Credit Card,Male,Laptop & Accessory,Married
22,20,2,1,3,0,13,5,195.0,2,COD,Male,Mobile Phone,Married
23,34,2,4,3,1,11,2,218.45,2,Debit Card,Female,Laptop & Accessory,Divorced
61,14,2,3,5,1,25,9,303.47,1,Credit Card,Male,Laptop & Accessory,Married
51,10,2,3,2,0,15,5,279.56,2,Credit Card,Female,Mobile Phone,Divorced
4,25,3,3,4,0,13,12,118.2,2,Credit Card,Male,Grocery,Single
8,22,1,4,1,0,19,5,157.03,1,Credit Card,Female,Grocery,Married
2,22,2,4,3,0,18,18,145.47,1,Debit Card,Male,Laptop & Accessory,Married
10,10,3,2,4,0,17,3,180.44,2,Debit Card,Female,Laptop & Accessory,Married
20,9,3,4,3,0,14,5,184.36,1,UPI,Female,Mobile Phone,Divorced
16,26,4,4,3,0,17,3,160.09,2,Credit Card,Female,Mobile Phone,Married
35,20,1,1,3,0,24,2,223.44,1,Credit Card,Male,Fashion,Single
8,24,2,3,3,0,22,11,146.42,1,Debit Card,Male,Laptop & Accessory,Divorced
6,19,4,3,1,0,20,3,159.33,3,Credit Card,Female,Grocery,Married
3,17,3,3,4,1,20,4,135.64,3,Debit Card,Female,Others,Single
8,11,3,3,2,0,16,5,136.87,1,Credit Card,Male,Mobile Phone,Divorced
5,12,1,2,5,0,13,2,156.39,1,Debit Card,Male,Fashion,Married
25,22,1,4,3,0,13,19,187.4,2,Credit Card,Female,Laptop & Accessory,Married
34,16,2,3,1,0,22,4,199.13,2,COD,Female,Laptop & Accessory,Divorced
20,12,3,3,2,0,18,5,167.96,2,UPI,Female,Others,Single
12,18,1,3,2,0,15,5,177.07,3,Credit Card,Male,Fashion,Divorced
20,9,2,2,3,0,17,3,193.0,1,E Wallet,Male,Fashion,Married
3,13,3,6,3,0,23,0,127.53,2,Debit Card,Female,Laptop & Accessory,Married
0,11,4,3,3,0,24,18,129.73,3,Credit Card,Male,Laptop & Accessory,Married
0,8,3,4,4,0,13,12,127.55,1,COD,Female,Mobile Phone,Divorced
2,10,2,5,2,0,15,9,162.42,1,Credit Card,Female,Laptop & Accessory,Married
16,22,3,2,3,0,17,15,163.25,1,Credit Card,Female,Others,Married
3,8,5,4,3,1,16,8,151.99,3,COD,Female,Laptop & Accessory,Single
12,26,2,3,3,0,13,6,189.7,1,Debit Card,Female,Grocery,Divorced
7,10,4,3,2,1,26,1,176.64,3,COD,Male,Fashion,Married
14,11,2,4,3,1,11,8,164.34,1,Debit Card,Male,Laptop & Accessory,Single
23,28,5,2,3,0,25,16,201.05,1,Credit Card,Female,Fashion,Divorced
28,23,2,4,1,0,16,1,200.91,2,Debit Card,Female,Laptop & Accessory,Married
15,14,3,4,2,0,19,4,183.22,1,Credit Card,Male,Others,Single
3,19,4,2,1,1,12,12,139.31,3,UPI,Female,Others,Married
4,8,2,3,5,1,12,0,152.07,3,Credit Card,Male,Fashion,Married
9,24,4,4,1,0,17,9,171.23,1,Credit Card,Male,Others,Single
4,12,4,4,3,0,25,10,135.58,3,UPI,Female,Laptop & Accessory,Single
0,20,3,2,5,0,18,20,126.48,2,Credit Card,Female,Mobile Phone,Married
36,25,4,5,4,0,13,11,214.77,1,Debit Card,Female,Laptop & Accessory,Married
6,10,4,5,5,1,19,2,177.12,2,Debit Card,Male,Laptop & Accessory,Married
1,25,2,6,3,0,26,17,161.45,2,COD,Male,Laptop & Accessory,Married
12,22,2,2,4,1,23,18,170.95,3,E Wallet,Female,Laptop & Accessory,Married
3,29,3,3,3,0,11,6,133.91,1,Credit Card,Male,Laptop & Accessory,Divorced
5,12,2,3,5,0,21,6,134.03,1,Debit Card,Male,Fashion,Single
3,13,1,3,2,0,25,1,152.02,1,Debit Card,Male,Fashion,Divorced
0,30,3,4,5,0,22,18,132.74,3,Credit Card,Male,Fashion,Single
5,11,1,3,5,0,22,1,158.96,1,Credit Card,Male,Fashion,Married
3,11,2,5,5,0,22,6,164.04,3,Debit Card,Female,Others,Married
14,15,4,3,3,1,15,28,154.4,1,Debit Card,Female,Others,Single
8,20,1,3,1,0,19,4,135.46,2,Debit Card,Female,Fashion,Married
23,15,1,3,5,0,16,3,192.41,1,Debit Card,Male,Fashion,Married
14,42,2,4,1,1,13,5,150.31,1,E Wallet,Male,Others,Single
15,11,4,3,3,1,22,2,141.47,2,E Wallet,Male,Mobile Phone,Married
7,13,3,4,4,0,20,8,138.25,1,Debit Card,Male,Laptop & Accessory,Single
8,7,2,3,5,0,18,5,157.13,1,Credit Card,Male,Mobile Phone,Married
11,20,3,3,2,1,26,7,190.49,2,Credit Card,Female,Others,Divorced
3,32,2,2,3,0,12,7,145.28,3,Debit Card,Male,Laptop & Accessory,Divorced
1,18,3,2,5,0,14,2,143.91,3,Debit Card,Female,Mobile Phone,Married
0,9,3,4,2,0,16,7,142.43,3,Credit Card,Male,Grocery,Single
9,9,2,3,2,0,12,7,154.56,3,E Wallet,Male,Mobile Phone,Married
4,16,3,2,2,0,16,13,162.67,2,Credit Card,Male,Grocery,Single
30,17,1,3,3,0,17,6,182.8,3,COD,Female,Fashion,Single
6,17,4,3,1,0,15,13,142.48,3,COD,Female,Fashion,Married
5,17,2,2,1,1,18,12,130.18,2,Debit Card,Male,Laptop & Accessory,Married
8,17,3,2,4,1,11,2,151.31,3,Debit Card,Male,Laptop & Accessory,Married
5,11,3,1,3,0,13,2,160.39,3,Debit Card,Male,Fashion,Married
17,27,4,2,1,0,14,13,207.1,2,E Wallet,Female,Fashion,Divorced
12,16,2,2,3,1,12,3,155.16,1,Credit Card,Female,Fashion,Married
1,28,4,3,4,0,25,7,117.49,1,E Wallet,Female,Grocery,Married
5,28,2,2,3,1,26,8,157.03,3,E Wallet,Male,Laptop & Accessory,Married
5,14,4,5,1,0,23,1,145.09,2,E Wallet,Female,Mobile Phone,Married
5,14,4,4,3,1,13,4,135.32,2,E Wallet,Male,Laptop & Accessory,Divorced
2,10,3,5,3,0,17,10,135.0,2,Debit Card,Male,Fashion,Married
10,9,2,1,1,1,11,7,156.88,2,COD,Female,Others,Married
0,37,1,2,3,0,20,5,143.71,1,COD,Male,Mobile Phone,Married
15,20,2,2,4,0,24,3,140.91,2,COD,Male,Mobile Phone,Married
6,21,3,4,4,0,24,2,156.29,2,UPI,Male,Grocery,Single
5,23,1,6,3,0,18,15,131.07,3,E Wallet,Male,Mobile Phone,Single
39,13,4,4,4,0,21,3,238.39,1,Credit Card,Male,Mobile Phone,Married
9,18,2,2,4,0,15,7,176.26,1,Credit Card,Female,Laptop & Accessory,Single
5,19,2,1,5,0,26,1,133.97,2,E Wallet,Female,Grocery,Married
3,8,2,3,4,0,15,6,144.48,1,Debit Card,Male,Laptop & Accessory,Single
39,15,2,1,1,0,17,11,199.5,1,E Wallet,Male,Grocery,Single
23,15,3,3,2,0,19,4,209.12,3,Debit Card,Female,Mobile Phone,Married
6,19,4,4,3,0,14,3,139.3,3,Debit Card,Male,Fashion,Married
3,12,4,4,4,0,22,11,145.24,1,Credit Card,Female,Fashion,Single
2,10,2,3,2,0,14,2,143.79,1,COD,Female,Others,Married
31,36,4,1,4,0,12,1,191.94,1,Debit Card,Male,Mobile Phone,Married
1,16,5,2,2,1,15,11,121.41,1,E Wallet,Female,Grocery,Single
3,27,1,3,5,0,15,7,143.45,2,Debit Card,Male,Others,Divorced
2,17,4,2,1,0,13,7,153.49,2,Credit Card,Male,Laptop & Accessory,Married
4,9,3,2,1,0,21,8,127.3,1,Credit Card,Female,Laptop & Accessory,Single
32,15,4,3,4,0,13,2,221.1,1,Debit Card,Female,Fashion,Married
21,24,2,3,3,0,22,9,188.71,2,Credit Card,Female,Laptop & Accessory,Married
2,12,2,1,3,0,23,3,129.07,1,COD,Male,Mobile Phone,Married
5,27,4,2,1,0,18,3,149.06,1,Credit Card,Male,Laptop & Accessory,Divorced
7,19,2,1,1,0,25,11,159.74,2,E Wallet,Male,Fashion,Divorced
1,19,2,4,3,1,25,28,137.38,1,Debit Card,Female,Mobile Phone,Married
2,17,3,2,3,0,11,5,169.83,3,E Wallet,Male,Mobile Phone,Married
16,34,3,5,2,1,12,6,185.28,2,E Wallet,Male,Laptop & Accessory,Married
56,22,2,2,1,0,19,19,259.15,1,COD,Male,Fashion,Single
15,17,4,1,3,1,24,15,173.65,3,Debit Card,Male,Mobile Phone,Divorced
28,8,2,2,2,1,13,5,191.33,3,Credit Card,Female,Grocery,Married
0,16,3,3,2,1,18,20,155.75,3,UPI,Male,Laptop & Accessory,Single
24,15,1,2,3,0,17,8,181.56,2,Credit Card,Male,Laptop & Accessory,Single
11,11,4,4,1,1,23,8,161.81,2,Credit Card,Male,Fashion,Married
5,22,3,4,3,0,23,7,158.59,2,Credit Card,Female,Grocery,Married
13,25,4,2,2,1,16,7,149.35,1,Debit Card,Female,Grocery,Married
8,7,4,3,3,0,13,15,130.88,3,E Wallet,Male,Mobile Phone,Single
3,22,3,5,4,0,25,12,147.37,1,UPI,Male,Laptop & Accessory,Single
13,12,2,1,4,0,22,1,176.7,3,Debit Card,Male,Mobile Phone,Married
2,15,4,4,2,0,21,1,151.48,2,Credit Card,Male,Grocery,Married
36,13,2,4,3,1,12,7,224.35,2,Credit Card,Male,Mobile Phone,Married
40,13,3,2,2,1,14,2,193.89,1,Credit Card,Male,Others,Single
4,14,2,3,4,0,24,2,148.71,1,Credit Card,Female,Laptop & Accessory,Divorced
2,20,3,1,3,0,14,11,106.1,1,Credit Card,Male,Laptop & Accessory,Married
3,15,2,2,2,1,24,13,106.06,2,Credit Card,Male,Laptop & Accessory,Married
3,16,1,2,1,1,22,4,129.1,1,Debit Card,Male,Mobile Phone,Married
3,18,3,1,2,1,26,6,141.84,1,UPI,Female,Others,Single
19,13,3,4,3,1,26,1,148.45,2,Credit Card,Female,Fashion,Single
11,12,2,5,2,0,17,2,147.12,1,Credit Card,Female,Laptop & Accessory,Married
14,22,1,2,1,0,22,4,165.25,3,E Wallet,Female,Fashion,Single
13,13,3,3,5,0,26,10,169.82,3,Debit Card,Female,Grocery,Single
1,12,2,4,4,0,12,20,169.29,1,UPI,Female,Mobile Phone,Single
17,8,3,2,4,0,17,11,176.63,1,E Wallet,Male,Others,Single
4,8,4,3,3,0,12,7,121.85,2,E Wallet,Female,Mobile Phone,Married
17,7,4,2,1,0,20,10,177.81,2,E Wallet,Male,Fashion,Single
25,12,4,3,3,1,11,1,192.93,1,E Wallet,Male,Fashion,Married
8,18,3,4,1,0,13,9,159.16,1,COD,Male,Laptop & Accessory,Married
27,6,4,4,1,0,25,8,196.19,3,Credit Card,Male,Fashion,Married
15,13,3,4,2,0,19,5,177.4,2,Credit Card,Male,Mobile Phone,Single
19,16,3,3,4,0,11,3,182.85,1,E Wallet,Male,Fashion,Single
1,9,3,3,5,0,18,3,113.15,1,COD,Female,Fashion,Married
8,9,4,3,5,1,22,10,166.83,1,E Wallet,Female,Fashion,Divorced
30,7,1,2,4,0,20,3,214.38,2,E Wallet,Female,Others,Married
21,14,4,3,1,0,18,6,192.73,2,Credit Card,Female,Mobile Phone,Divorced
15,16,1,3,3,1,24,5,159.94,1,E Wallet,Male,Mobile Phone,Married
1,24,1,2,4,0,23,2,117.32,2,Debit Card,Female,Mobile Phone,Single
28,11,4,3,3,0,23,8,204.89,1,Credit Card,Female,Mobile Phone,Single
16,19,3,3,1,0,15,5,189.96,3,Credit Card,Female,Fashion,Married
14,12,2,1,2,0,13,7,152.64,3,Credit Card,Male,Laptop & Accessory,Married
20,11,3,3,3,0,18,5,187.78,2,Credit Card,Female,Laptop & Accessory,Married
34,22,2,3,3,0,19,7,195.44,2,Debit Card,Female,Laptop & Accessory,Divorced
14,18,2,2,3,0,21,13,168.55,3,Debit Card,Male,Laptop & Accessory,Married
5,21,3,3,3,1,14,35,143.63,1,Credit Card,Female,Grocery,Divorced
32,22,5,4,3,0,16,23,189.02,1,Credit Card,Male,Laptop & Accessory,Married
14,24,4,3,1,0,14,3,163.86,1,E Wallet,Male,Laptop & Accessory,Married
19,7,3,2,3,0,24,5,175.52,3,Credit Card,Female,Fashion,Single
5,12,2,2,3,0,25,4,159.54,1,Credit Card,Female,Others,Single
17,37,2,3,4,0,11,15,194.04,2,UPI,Female,Mobile Phone,Single
0,19,3,3,4,0,13,12,107.52,2,Credit Card,Female,Laptop & Accessory,Divorced
13,21,4,5,3,0,16,17,158.54,2,E Wallet,Female,Fashion,Married
40,31,3,2,3,0,15,22,224.42,2,UPI,Male,Mobile Phone,Divorced
12,19,2,2,3,0,18,13,171.46,2,UPI,Male,Laptop & Accessory,Married
3,13,1,3,3,0,19,3,147.91,1,Debit Card,Male,Laptop & Accessory,Divorced
3,13,3,4,4,0,25,5,114.78,2,COD,Female,Laptop & Accessory,Married
17,26,5,5,3,0,25,7,167.94,1,Debit Card,Male,Laptop & Accessory,Single
17,14,2,3,3,0,18,11,191.63,3,UPI,Female,Laptop & Accessory,Single
5,19,4,4,5,0,17,12,144.85,2,COD,Female,Fashion,Single
6,25,4,2,5,0,25,12,149.11,3,Credit Card,Female,Laptop & Accessory,Single
16,10,1,6,5,0,11,28,190.14,2,Debit Card,Male,Mobile Phone,Married
5,18,5,2,5,0,18,3,148.05,1,E Wallet,Male,Fashion,Married
4,19,2,2,3,0,15,9,156.61,3,Credit Card,Male,Others,Married
24,17,3,2,1,0,24,10,189.58,1,Credit Card,Female,Grocery,Single
10,12,2,1,4,1,16,7,169.42,3,Debit Card,Male,Laptop & Accessory,Single
15,21,3,3,4,1,24,4,180.06,2,Debit Card,Female,Grocery,Married
0,11,4,4,2,0,13,2,116.89,1,E Wallet,Male,Laptop & Accessory,Divorced
7,20,4,4,2,0,17,6,141.6,1,UPI,Female,Mobile Phone,Married
12,16,2,3,4,1,24,1,177.14,1,E Wallet,Female,Laptop & Accessory,Single
22,12,2,2,2,1,14,7,196.48,3,Debit Card,Female,Mobile Phone,Married
17,13,3,2,5,0,15,4,144.26,3,Credit Card,Male,Laptop & Accessory,Single
12,13,4,1,2,1,21,4,158.22,1,E Wallet,Male,Mobile Phone,Single
4,15,2,4,3,0,17,7,167.34,1,E Wallet,Male,Others,Single
8,18,3,2,5,0,11,3,167.4,2,E Wallet,Female,Grocery,Single
6,10,1,6,4,1,17,2,141.4,3,Credit Card,Female,Mobile Phone,Married
14,8,3,3,4,0,15,22,168.98,1,Debit Card,Male,Grocery,Married
0,10,1,4,3,0,24,7,126.27,3,UPI,Male,Fashion,Married
40,10,5,3,2,0,19,2,227.31,3,Debit Card,Female,Laptop & Accessory,Single
8,13,3,2,5,0,15,8,149.98,3,Credit Card,Female,Fashion,Single
9,15,2,2,5,0,22,13,143.15,3,E Wallet,Female,Mobile Phone,Single
8,19,2,3,2,0,21,13,159.25,3,Debit Card,Female,Laptop & Accessory,Single
21,20,1,4,2,1,20,9,181.98,3,Credit Card,Male,Others,Single
4,27,4,3,3,1,20,3,155.83,3,Debit Card,Female,Fashion,Divorced
0,14,5,5,4,0,17,4,108.2,2,UPI,Male,Mobile Phone,Married
21,25,1,3,1,0,22,6,190.21,2,UPI,Female,Fashion,Divorced
0,28,4,4,4,0,14,2,120.11,2,Credit Card,Female,Fashion,Single
27,12,2,3,5,0,17,7,203.48,1,Credit Card,Female,Laptop & Accessory,Divorced
0,13,2,3,2,0,14,5,141.56,3,Credit Card,Female,Fashion,Married
8,20,1,3,5,1,24,10,115.65,1,UPI,Male,Fashion,Single
4,13,4,6,5,1,24,13,161.21,1,COD,Female,Laptop & Accessory,Married
5,9,1,2,2,0,13,6,134.94,3,Credit Card,Male,Laptop & Accessory,Single
26,16,2,3,4,0,11,18,208.67,3,E Wallet,Female,Laptop & Accessory,Married
6,8,3,4,4,0,20,10,157.11,1,Credit Card,Female,Laptop & Accessory,Married
11,23,3,2,1,0,26,5,129.12,2,Debit Card,Female,Laptop & Accessory,Married
14,13,1,3,2,0,23,3,197.85,1,UPI,Female,Grocery,Single
8,14,3,4,3,0,26,6,158.11,3,Credit Card,Male,Fashion,Single
1,16,3,1,3,0,20,10,148.01,3,Credit Card,Female,Mobile Phone,Single
13,16,3,4,3,0,15,11,151.63,2,UPI,Female,Grocery,Single
31,20,4,5,2,0,15,16,234.54,2,Debit Card,Male,Mobile Phone,Married
22,16,2,4,4,0,25,9,186.77,3,E Wallet,Female,Laptop & Accessory,Married
30,12,2,2,3,0,23,6,193.99,2,Debit Card,Female,Mobile Phone,Married
8,17,3,3,2,0,12,1,167.48,1,Debit Card,Male,Fashion,Married
13,12,1,3,3,0,12,12,161.22,1,UPI,Male,Laptop & Accessory,Single
28,10,1,2,2,0,16,7,207.69,3,Debit Card,Male,Laptop & Accessory,Single
0,25,2,2,4,0,24,1,156.83,1,Debit Card,Male,Others,Single
5,14,2,1,4,1,15,21,152.13,1,Debit Card,Male,Fashion,Single
13,13,3,2,3,0,26,2,151.96,1,Debit Card,Male,Mobile Phone,Single
14,22,2,3,3,1,22,3,160.31,1,E Wallet,Male,Grocery,Single
11,19,2,4,5,0,13,1,156.75,1,E Wallet,Female,Mobile Phone,Married
14,17,2,4,3,0,14,8,184.88,3,Debit Card,Male,Laptop & Accessory,Married
0,9,1,3,5,1,16,8,136.97,1,UPI,Male,Laptop & Accessory,Divorced
13,21,2,2,3,0,14,8,164.9,1,Debit Card,Male,Fashion,Single
18,16,2,4,5,0,14,4,195.98,2,Debit Card,Female,Mobile Phone,Married
15,9,3,3,3,0,15,10,177.22,1,Debit Card,Male,Laptop & Accessory,Single
7,27,4,4,3,0,15,4,123.5,3,Credit Card,Male,Laptop & Accessory,Married
0,23,4,2,1,1,13,5,147.71,2,Credit Card,Female,Laptop & Accessory,Divorced
4,16,3,2,1,1,18,5,181.83,3,Debit Card,Female,Mobile Phone,Single
19,15,3,1,3,0,24,5,183.54,3,Credit Card,Female,Others,Single
6,13,3,4,3,0,23,13,153.66,2,Credit Card,Male,Mobile Phone,Single
0,15,3,3,1,1,13,5,134.16,1,COD,Male,Mobile Phone,Married
24,23,3,3,4,0,21,0,192.65,2,Debit Card,Female,Others,Married
1,12,3,3,1,1,25,16,131.92,2,Debit Card,Male,Mobile Phone,Married
33,9,5,1,3,0,25,12,216.27,3,Credit Card,Male,Fashion,Single
1,17,4,3,5,1,13,11,127.66,3,COD,Female,Mobile Phone,Single
44,17,1,4,3,0,18,5,230.35,1,Credit Card,Female,Mobile Phone,Married
12,11,3,4,2,1,13,21,167.74,3,COD,Male,Laptop & Accessory,Divorced
1,16,2,5,3,1,21,7,125.05,1,E Wallet,Male,Grocery,Divorced
6,15,2,4,5,1,18,10,169.46,2,UPI,Female,Mobile Phone,Single
5,18,4,3,2,0,25,11,132.49,1,Credit Card,Female,Fashion,Married
19,15,2,2,4,0,16,8,164.84,1,Credit Card,Female,Fashion,Married
7,36,3,2,2,0,16,8,141.08,2,Credit Card,Female,Grocery,Single
18,11,4,4,1,0,22,3,196.39,2,E Wallet,Male,Fashion,Single
6,10,3,1,1,0,14,3,147.17,2,E Wallet,Male,Others,Married
3,13,3,2,2,0,20,14,156.01,1,E Wallet,Male,Fashion,Single
10,10,4,3,5,0,12,4,171.72,1,Credit Card,Male,Fashion,Married
35,9,3,4,3,0,25,9,217.97,2,Debit Card,Male,Mobile Phone,Married
2,6,3,1,2,0,12,15,156.63,3,Credit Card,Female,Laptop & Accessory,Married
12,10,3,1,1,1,24,23,163.28,1,Credit Card,Female,Fashion,Married
0,18,1,2,2,0,15,4,136.95,1,E Wallet,Male,Grocery,Divorced
13,16,1,2,3,1,25,6,150.97,2,E Wallet,Male,Mobile Phone,Divorced
5,9,3,5,1,0,12,11,160.34,3,Debit Card,Male,Others,Single
15,16,4,4,3,0,20,4,155.0,1,Credit Card,Male,Grocery,Single
21,13,2,4,4,0,21,8,203.77,1,E Wallet,Female,Laptop & Accessory,Married
1,7,3,3,4,0,17,6,95.56,2,Credit Card,Female,Fashion,Single
3,23,1,2,2,0,12,1,140.07,1,Debit Card,Male,Laptop & Accessory,Single
10,15,2,4,5,1,21,3,163.41,1,E Wallet,Female,Mobile Phone,Married
43,21,2,1,3,1,20,13,238.49,3,Credit Card,Female,Laptop & Accessory,Single
5,14,3,4,2,1,16,9,141.82,1,E Wallet,Female,Laptop & Accessory,Single
11,10,5,3,3,0,14,7,142.8,3,COD,Female,Fashion,Single
35,23,2,4,5,0,22,12,212.78,3,Debit Card,Male,Laptop & Accessory,Married
2,13,4,3,2,1,26,12,138.21,1,Debit Card,Male,Laptop & Accessory,Married
19,26,2,3,5,0,17,8,180.83,1,E Wallet,Female,Laptop & Accessory,Married
2,18,4,1,1,0,22,5,123.56,2,COD,Male,Fashion,Single
7,16,3,3,1,1,25,13,124.48,3,Debit Card,Male,Mobile Phone,Single
27,13,4,1,1,1,24,11,204.27,2,COD,Male,Laptop & Accessory,Divorced
20,24,2,4,4,0,20,9,177.78,2,Debit Card,Male,Grocery,Single
11,15,3,2,2,0,16,8,167.68,3,Credit Card,Male,Mobile Phone,Married
24,17,3,1,1,1,20,6,213.77,1,Debit Card,Male,Mobile Phone,Single
1,22,2,2,1,0,24,1,152.98,1,Debit Card,Male,Others,Divorced
17,17,1,3,4,1,24,6,156.9,3,Credit Card,Male,Mobile Phone,Married
0,14,4,3,4,0,26,13,144.67,1,COD,Female,Grocery,Married
6,17,3,3,3,0,17,3,134.87,3,Debit Card,Female,Mobile Phone,Married
19,8,4,6,3,0,18,3,177.02,3,UPI,Female,Grocery,Married
6,11,3,1,2,0,22,5,155.57,1,Credit Card,Female,Laptop & Accessory,Married
14,7,3,4,2,0,14,7,164.19,2,Credit Card,Male,Fashion,Married
15,38,3,2,1,0,23,2,152.38,2,Debit Card,Female,Laptop & Accessory,Married
1,23,4,4,3,0,25,13,124.07,2,COD,Female,Mobile Phone,Divorced
6,19,4,3,2,1,25,8,172.0,3,Debit Card,Male,Mobile Phone,Married
35,23,3,5,3,0,22,7,208.91,2,Credit Card,Female,Laptop & Accessory,Single
11,11,2,2,1,0,14,26,132.03,1,Debit Card,Male,Grocery,Married
11,45,1,4,4,1,13,15,146.53,2,Debit Card,Female,Mobile Phone,Single
37,21,2,3,1,0,22,4,203.38,1,E Wallet,Female,Laptop & Accessory,Married
2,18,3,3,5,0,25,2,146.79,1,COD,Female,Laptop & Accessory,Married
9,7,2,3,2,0,15,21,164.74,3,E Wallet,Male,Mobile Phone,Married
13,24,3,1,5,0,11,6,168.31,2,Credit Card,Female,Laptop & Accessory,Divorced
11,32,4,2,4,0,24,23,161.15,1,Credit Card,Female,Others,Single
7,21,4,1,4,0,13,1,166.08,1,E Wallet,Female,Laptop & Accessory,Single
9,10,2,4,3,0,11,6,154.54,1,E Wallet,Male,Laptop & Accessory,Divorced
6,22,1,2,3,1,25,5,144.0,3,Debit Card,Female,Grocery,Married
30,13,1,3,1,0,26,1,194.03,2,UPI,Female,Mobile Phone,Single
20,17,4,5,3,0,11,4,180.84,2,Debit Card,Female,Grocery,Divorced
2,18,3,2,3,1,14,3,119.17,1,Debit Card,Female,Mobile Phone,Married
11,13,2,3,2,1,19,8,175.24,3,Debit Card,Female,Fashion,Divorced
7,26,3,3,1,1,25,17,150.86,1,Debit Card,Male,Fashion,Married
7,22,3,5,1,1,18,3,119.35,2,E Wallet,Female,Laptop & Accessory,Married
13,12,2,2,3,0,23,10,179.14,3,E Wallet,Female,Mobile Phone,Married
16,7,2,4,1,1,18,18,173.35,2,COD,Male,Laptop & Accessory,Single
32,12,5,2,5,0,11,1,259.47,1,Debit Card,Female,Mobile Phone,Divorced
15,21,4,2,2,0,26,5,148.95,3,COD,Female,Fashion,Single
2,20,3,2,5,0,16,12,151.58,2,Debit Card,Male,Fashion,Married
13,10,3,5,3,0,26,8,150.05,1,UPI,Male,Fashion,Married
6,8,3,2,3,0,23,9,152.73,1,Credit Card,Female,Fashion,Single
11,41,4,3,4,0,15,2,172.79,2,Debit Card,Female,Fashion,Divorced
14,23,4,1,5,0,26,6,159.63,2,UPI,Male,Fashion,Divorced
1,37,3,5,3,1,14,2,121.22,3,Debit Card,Male,Fashion,Married
39,19,3,1,3,1,25,12,236.98,2,COD,Male,Others,Single
18,9,2,4,4,0,25,2,198.32,2,Debit Card,Female,Others,Single
24,44,2,3,1,0,22,11,195.71,3,Credit Card,Male,Laptop & Accessory,Single
25,6,2,3,4,0,15,9,187.0,1,Credit Card,Male,Fashion,Single
7,14,3,3,3,0,12,4,150.97,3,Credit Card,Female,Others,Married
16,12,3,1,5,1,12,5,168.28,2,Debit Card,Female,Fashion,Single
4,15,2,4,1,0,20,2,142.32,3,Credit Card,Female,Laptop & Accessory,Single
13,11,1,5,2,0,18,9,165.58,3,Debit Card,Female,Laptop & Accessory,Married
10,15,2,3,3,1,11,22,145.57,3,UPI,Male,Fashion,Married
18,16,3,3,1,0,16,23,201.93,2,Debit Card,Female,Laptop & Accessory,Single
18,10,4,1,1,0,19,8,158.14,1,UPI,Male,Mobile Phone,Married
15,22,4,4,3,0,11,5,172.3,2,Debit Card,Female,Grocery,Married
5,18,2,2,2,1,17,3,147.5,2,Debit Card,Female,Mobile Phone,Divorced
6,12,3,1,3,0,17,2,149.51,1,Debit Card,Female,Mobile Phone,Single
25,12,1,4,3,0,14,7,174.09,2,UPI,Female,Fashion,Single
25,25,3,4,1,0,19,12,177.94,2,Credit Card,Male,Mobile Phone,Married
13,15,1,5,2,0,17,11,167.17,3,E Wallet,Male,Mobile Phone,Single
8,62,4,3,5,0,11,10,190.9,1,E Wallet,Male,Mobile Phone,Single
44,11,3,2,4,0,21,4,253.33,2,E Wallet,Female,Others,Married
15,12,4,3,1,0,12,11,139.77,2,Credit Card,Female,Laptop & Accessory,Divorced
1,10,2,3,3,0,16,6,128.78,1,Debit Card,Female,Others,Married
12,11,3,3,3,0,21,21,154.16,3,Credit Card,Female,Grocery,Married
7,26,3,3,1,0,17,13,160.05,1,E Wallet,Male,Fashion,Divorced
6,8,2,5,1,0,11,4,123.94,1,Debit Card,Female,Mobile Phone,Married
20,16,5,2,1,0,13,5,186.82,1,E Wallet,Male,Mobile Phone,Married
2,16,4,2,3,1,22,6,141.08,3,Credit Card,Female,Laptop & Accessory,Divorced
21,11,3,2,2,0,15,14,158.36,3,UPI,Male,Laptop & Accessory,Married
7,14,4,3,1,0,23,15,162.2,1,Debit Card,Female,Laptop & Accessory,Single
15,18,5,4,1,0,12,4,175.89,1,COD,Female,Mobile Phone,Married
30,19,3,3,1,0,16,4,209.9,3,Credit Card,Male,Laptop & Accessory,Divorced
14,15,2,3,4,0,13,4,175.99,3,Debit Card,Female,Others,Married
1,26,4,2,1,0,11,10,159.87,1,Debit Card,Male,Fashion,Married
10,18,3,4,2,0,23,11,139.72,3,COD,Female,Fashion,Single
4,24,3,3,5,0,21,18,141.9,2,Credit Card,Male,Fashion,Divorced
1,12,4,5,3,0,25,1,158.29,1,UPI,Male,Laptop & Accessory,Married
9,26,3,1,2,0,11,2,157.09,3,COD,Male,Mobile Phone,Married
7,15,2,2,3,1,18,23,145.3,3,Credit Card,Female,Laptop & Accessory,Single
1,26,4,3,3,0,13,3,129.98,3,Credit Card,Female,Laptop & Accessory,Married
12,8,4,4,3,0,25,16,153.16,1,Debit Card,Male,Laptop & Accessory,Married
6,12,2,5,1,0,22,0,152.88,1,COD,Male,Grocery,Married
22,11,2,2,3,1,13,3,175.19,1,Credit Card,Female,Laptop & Accessory,Single
0,11,2,3,5,0,20,3,161.1,2,E Wallet,Male,Laptop & Accessory,Single
2,16,3,2,5,0,18,3,137.13,3,Debit Card,Female,Laptop & Accessory,Single
9,16,2,4,3,0,12,4,158.49,2,COD,Male,Laptop & Accessory,Single
13,12,1,3,4,1,15,6,160.67,3,Debit Card,Male,Others,Divorced
3,14,3,2,3,1,19,10,115.74,2,COD,Female,Fashion,Single
0,5,3,3,4,1,17,0,134.22,3,Credit Card,Male,Laptop & Accessory,Divorced
2,7,4,5,1,0,11,5,148.16,1,COD,Male,Fashion,Married
23,11,3,3,2,0,18,10,188.51,3,Debit Card,Female,Grocery,Single
5,18,3,3,3,0,24,3,147.21,1,Debit Card,Female,Grocery,Married
16,20,2,3,5,1,26,4,170.46,3,UPI,Female,Mobile Phone,Married
11,20,2,2,3,0,20,3,168.9,2,Credit Card,Male,Fashion,Married
3,8,4,4,1,0,24,9,129.94,2,E Wallet,Female,Fashion,Single
6,23,2,4,3,0,14,8,130.48,3,Debit Card,Male,Fashion,Single
3,11,3,3,1,0,18,20,122.24,3,Credit Card,Male,Laptop & Accessory,Married
30,20,3,3,5,0,22,4,215.65,1,E Wallet,Male,Fashion,Divorced
0,17,3,4,3,0,17,8,138.87,3,UPI,Male,Mobile Phone,Single
8,9,1,5,3,0,22,14,118.71,1,COD,Female,Fashion,Married
47,8,2,1,3,0,26,6,242.4,2,Debit Card,Female,Laptop & Accessory,Single
7,12,4,3,5,0,24,9,146.13,3,COD,Male,Mobile Phone,Divorced
1,13,2,4,4,1,17,5,128.66,2,Debit Card,Male,Mobile Phone,Divorced
16,16,2,1,3,0,12,7,180.65,3,Credit Card,Male,Grocery,Divorced
8,18,3,3,3,0,11,15,147.61,1,UPI,Female,Laptop & Accessory,Divorced
27,17,3,2,4,1,22,3,193.58,2,E Wallet,Male,Fashion,Single
12,20,3,4,5,1,19,9,145.75,3,Debit Card,Male,Laptop & Accessory,Married
10,16,2,3,4,0,20,19,142.06,1,E Wallet,Male,Fashion,Divorced
11,20,2,3,1,0,25,4,152.6,1,UPI,Male,Mobile Phone,Single
17,13,3,3,3,0,26,9,158.19,3,Debit Card,Male,Fashion,Married
3,14,4,2,2,0,19,3,128.99,2,Credit Card,Female,Mobile Phone,Single
35,26,2,3,3,0,16,2,218.61,2,COD,Female,Fashion,Married
0,11,2,2,2,1,19,22,115.88,2,Debit Card,Male,Mobile Phone,Divorced
5,5,3,3,1,0,15,3,148.53,2,Debit Card,Male,Mobile Phone,Married
11,24,5,4,2,0,20,16,140.98,2,Debit Card,Female,Others,Married
6,9,4,1,5,0,17,8,135.19,1,Debit Card,Female,Laptop & Accessory,Married
61,11,4,3,5,0,21,6,272.92,3,Debit Card,Male,Fashion,Divorced
6,26,3,3,3,1,26,10,157.99,3,E Wallet,Female,Laptop & Accessory,Married
30,15,3,3,3,0,20,5,200.95,3,UPI,Male,Mobile Phone,Single
6,10,2,2,3,0,15,8,157.1,2,E Wallet,Female,Others,Divorced
13,12,2,3,3,1,17,3,154.08,1,E Wallet,Female,Laptop & Accessory,Single
30,19,4,3,5,0,22,3,170.74,1,E Wallet,Female,Laptop & Accessory,Married
19,23,4,1,1,0,17,11,188.99,3,COD,Female,Laptop & Accessory,Married
6,10,2,3,5,0,16,10,134.05,1,Credit Card,Female,Mobile Phone,Married
0,24,2,5,4,1,24,2,174.29,1,Credit Card,Male,Fashion,Single
14,16,3,3,2,1,24,16,166.42,3,Debit Card,Female,Grocery,Married
0,15,5,3,3,0,21,16,128.2,3,Credit Card,Male,Mobile Phone,Single
0,12,4,4,3,1,13,4,153.15,3,UPI,Female,Mobile Phone,Married
12,18,2,4,3,0,26,3,137.74,2,Debit Card,Female,Laptop & Accessory,Single
17,17,2,2,5,0,19,6,178.52,1,Debit Card,Female,Grocery,Married
36,32,2,3,3,0,23,2,200.89,2,E Wallet,Male,Fashion,Divorced
7,9,3,3,5,0,11,7,158.95,2,Credit Card,Female,Fashion,Divorced
11,14,2,3,5,0,13,4,173.49,3,E Wallet,Female,Grocery,Married
1,11,2,2,4,0,25,7,132.58,2,Credit Card,Male,Fashion,Divorced
0,26,3,4,4,1,24,0,139.58,3,COD,Male,Mobile Phone,Single
18,19,2,2,5,0,24,1,187.31,1,Credit Card,Female,Mobile Phone,Married
19,17,4,2,2,1,22,14,172.73,2,Credit Card,Female,Laptop & Accessory,Married
4,14,2,1,1,0,22,5,164.75,2,Credit Card,Male,Others,Married
27,27,3,4,2,0,12,8,214.11,1,Debit Card,Female,Others,Single
10,29,2,2,2,1,26,10,144.98,1,E Wallet,Male,Fashion,Married
0,8,2,2,3,0,17,6,139.14,1,E Wallet,Female,Laptop & Accessory,Married
6,13,2,2,1,0,22,6,134.15,1,E Wallet,Male,Fashion,Single
2,9,2,2,3,0,20,8,125.53,2,E Wallet,Female,Others,Single
10,9,3,4,2,1,17,9,163.34,1,UPI,Male,Fashion,Single
7,11,2,3,3,1,11,11,120.55,2,E Wallet,Female,Mobile Phone,Single
6,16,4,1,2,0,22,4,151.67,1,COD,Female,Laptop & Accessory,Divorced
15,15,4,2,1,0,14,8,177.96,3,Credit Card,Female,Fashion,Single
6,18,3,4,2,1,24,8,172.41,3,Debit Card,Male,Laptop & Accessory,Married
0,18,2,2,5,0,15,5,144.45,2,Debit Card,Male,Laptop & Accessory,Single
0,11,2,2,3,1,25,3,138.28,2,E Wallet,Male,Fashion,Single
10,15,2,4,1,1,18,9,145.78,1,E Wallet,Female,Fashion,Single
27,13,2,2,5,0,18,2,218.11,1,COD,Male,Mobile Phone,Single
2,18,3,3,2,0,24,8,160.97,3,Debit Card,Female,Mobile Phone,Married
10,25,4,2,5,0,22,9,140.32,3,E Wallet,Male,Laptop & Accessory,Married
6,18,2,6,2,1,11,3,113.97,1,E Wallet,Female,Laptop & Accessory,Married
10,20,2,3,2,1,11,16,151.8,1,Debit Card,Male,Fashion,Married
6,7,3,2,2,0,26,5,172.75,3,UPI,Female,Fashion,Single
33,13,3,3,4,0,11,3,252.04,2,Credit Card,Female,Laptop & Accessory,Married
2,18,2,1,3,0,15,6,148.68,2,COD,Female,Fashion,Married
0,9,3,3,3,1,16,11,131.36,2,Debit Card,Male,Fashion,Single
5,7,2,3,3,0,14,5,131.47,2,Credit Card,Male,Fashion,Married
32,25,2,3,4,0,24,3,232.75,1,UPI,Female,Others,Married
14,23,3,2,3,0,12,4,164.71,1,Debit Card,Male,Fashion,Single
10,10,1,3,5,0,13,1,152.46,1,E Wallet,Male,Others,Married
1,17,3,4,4,0,15,18,139.39,1,Debit Card,Male,Laptop & Accessory,Married
3,19,2,4,4,0,17,6,177.42,3,UPI,Female,Laptop & Accessory,Married
12,16,4,3,4,0,26,1,199.64,3,Credit Card,Male,Fashion,Married
10,19,2,3,5,1,12,8,147.55,3,Debit Card,Female,Fashion,Married
3,22,3,4,5,0,16,4,135.12,3,Credit Card,Male,Mobile Phone,Married
7,12,4,2,4,0,25,6,166.83,1,Debit Card,Male,Mobile Phone,Married
23,16,2,4,2,0,17,4,210.15,1,Debit Card,Male,Laptop & Accessory,Married
18,26,5,4,1,0,22,4,158.89,2,E Wallet,Female,Fashion,Married
20,27,3,2,3,1,17,4,149.1,2,Credit Card,Female,Fashion,Married
8,22,4,3,4,1,17,5,137.58,3,Credit Card,Male,Mobile Phone,Divorced
6,8,2,5,5,0,22,7,178.63,2,UPI,Female,Laptop & Accessory,Married
17,9,4,3,2,1,23,11,187.28,2,Debit Card,Female,Fashion,Single
0,13,2,1,2,0,17,15,130.44,3,Debit Card,Male,Mobile Phone,Single
11,13,3,3,3,0,25,9,166.36,2,E Wallet,Male,Fashion,Single
34,10,2,4,5,0,11,17,222.25,2,E Wallet,Male,Grocery,Married
6,10,3,3,4,1,18,5,120.91,2,E Wallet,Female,Fashion,Single
22,17,2,5,5,0,21,9,201.94,3,Credit Card,Male,Laptop & Accessory,Married
3,22,4,2,3,0,19,2,143.45,2,E Wallet,Male,Mobile Phone,Divorced
5,19,4,1,4,0,14,4,157.5,2,COD,Male,Grocery,Married
9,20,5,1,3,0,15,1,141.78,3,Debit Card,Male,Grocery,Divorced
18,11,1,3,4,1,21,1,164.08,2,UPI,Female,Fashion,Single
1,8,3,2,1,1,13,1,136.05,3,Credit Card,Male,Grocery,Married
35,13,5,1,1,1,22,2,201.68,3,UPI,Male,Mobile Phone,Single
12,27,1,1,3,0,22,9,181.89,1,UPI,Female,Laptop & Accessory,Married
0,5,4,1,3,0,15,2,112.49,2,Debit Card,Male,Fashion,Married
21,23,4,3,1,0,24,13,159.08,1,Credit Card,Female,Laptop & Accessory,Married
5,21,3,2,2,1,18,9,155.22,3,E Wallet,Male,Fashion,Divorced
25,16,4,2,2,0,12,6,213.87,2,Credit Card,Female,Laptop & Accessory,Single
3,22,1,2,3,1,25,1,143.85,3,COD,Male,Grocery,Divorced
0,16,3,3,3,1,17,1,134.08,3,Debit Card,Female,Grocery,Married
0,9,1,4,4,0,12,2,120.04,2,Credit Card,Male,Laptop & Accessory,Married
16,17,4,3,1,0,14,0,172.4,2,Credit Card,Male,Fashion,Single
10,11,4,3,4,1,13,13,164.93,1,Debit Card,Male,Fashion,Married
4,42,3,4,4,0,21,1,132.35,1,E Wallet,Female,Laptop & Accessory,Married
0,16,4,3,5,0,25,13,140.36,1,COD,Female,Fashion,Married
5,19,2,2,1,0,13,10,148.24,3,Credit Card,Female,Others,Single
19,26,4,2,4,0,25,3,204.04,3,UPI,Male,Laptop & Accessory,Single
1,21,1,5,2,0,17,11,146.55,2,Debit Card,Female,Mobile Phone,Single
10,13,1,4,4,0,23,9,175.4,1,Credit Card,Male,Others,Divorced
3,19,3,1,4,0,19,1,141.14,2,UPI,Female,Laptop & Accessory,Married
28,8,2,2,5,0,24,3,238.69,2,Credit Card,Female,Laptop & Accessory,Married
19,17,2,3,1,0,21,5,171.35,1,E Wallet,Male,Laptop & Accessory,Divorced
21,35,4,2,4,0,14,5,180.49,3,E Wallet,Male,Others,Single
7,11,2,1,5,0,14,1,131.86,2,Debit Card,Female,Fashion,Married
7,12,3,2,3,0,17,20,154.33,2,E Wallet,Male,Fashion,Single
11,18,4,4,5,0,15,3,162.79,2,Debit Card,Male,Laptop & Accessory,Divorced
2,23,2,3,4,0,19,3,113.34,2,UPI,Male,Laptop & Accessory,Divorced
2,18,2,3,3,1,17,2,120.73,1,E Wallet,Female,Mobile Phone,Married
16,16,3,1,2,0,11,4,176.79,1,Credit Card,Male,Grocery,Married
26,20,3,4,3,1,16,11,194.14,2,UPI,Male,Fashion,Married
8,41,3,2,1,0,15,7,169.04,1,E Wallet,Male,Laptop & Accessory,Single
1,18,1,3,1,0,19,4,153.47,3,Credit Card,Male,Others,Married
2,24,3,2,5,1,25,26,123.83,3,Debit Card,Male,Mobile Phone,Married
15,7,4,5,2,0,24,1,174.99,2,Debit Card,Female,Laptop & Accessory,Married
11,30,2,5,5,1,25,7,166.78,3,Debit Card,Male,Laptop & Accessory,Single
2,17,3,2,4,1,11,7,133.89,1,Debit Card,Male,Mobile Phone,Single
0,25,1,5,4,0,22,5,161.66,2,Debit Card,Male,Fashion,Divorced
5,18,3,3,5,1,24,3,164.17,1,Debit Card,Male,Others,Divorced
14,17,3,1,5,0,12,11,147.84,1,Debit Card,Male,Laptop & Accessory,Married
1,17,2,3,4,0,17,1,124.72,1,Credit Card,Female,Laptop & Accessory,Married
0,7,2,1,1,0,16,3,129.01,1,Debit Card,Female,Laptop & Accessory,Married
3,26,3,4,4,1,21,4,122.24,1,Credit Card,Male,Fashion,Married
2,12,3,5,2,0,13,3,150.93,2,COD,Male,Laptop & Accessory,Single
0,17,4,2,3,0,12,0,142.08,2,COD,Female,Laptop & Accessory,Divorced
0,8,3,1,5,0,17,4,137.37,2,Credit Card,Male,Others,Single
18,18,4,3,2,0,14,2,206.16,2,Credit Card,Male,Laptop & Accessory,Divorced
16,9,2,3,3,0,23,10,170.75,3,Credit Card,Female,Laptop & Accessory,Single
12,25,3,2,4,0,26,20,170.74,2,UPI,Male,Laptop & Accessory,Married
27,16,2,3,5,0,17,6,192.67,3,Debit Card,Male,Mobile Phone,Single
9,23,4,3,2,1,13,7,134.17,3,Credit Card,Female,Laptop & Accessory,Single
1,19,1,2,3,0,20,17,167.65,2,Debit Card,Female,Mobile Phone,Married
33,11,3,2,3,0,23,8,196.16,1,Credit Card,Male,Fashion,Married
22,14,2,4,4,0,19,16,187.65,1,COD,Female,Mobile Phone,Married
10,20,3,3,2,0,16,20,148.89,3,Debit Card,Male,Fashion,Single
13,18,4,3,5,1,13,6,162.47,2,UPI,Female,Laptop & Accessory,Married
17,11,3,3,3,1,17,33,195.72,1,UPI,Female,Mobile Phone,Married
15,15,3,4,5,0,25,13,176.36,3,Credit Card,Female,Laptop & Accessory,Single
11,21,3,3,1,0,13,16,161.37,2,Credit Card,Female,Laptop & Accessory,Divorced
1,20,2,5,1,0,13,4,152.4,1,Debit Card,Male,Laptop & Accessory,Married
14,18,2,4,2,0,23,8,153.38,3,Credit Card,Female,Laptop & Accessory,Single
1,18,3,2,3,0,25,2,111.32,2,Credit Card,Male,Others,Single
0,19,4,2,5,0,24,3,156.87,2,Debit Card,Female,Others,Single
1,9,4,4,3,1,16,11,125.38,1,UPI,Female,Fashion,Married
10,15,5,5,4,1,23,12,139.43,1,E Wallet,Female,Laptop & Accessory,Divorced
3,17,2,4,5,0,15,9,154.77,1,UPI,Male,Mobile Phone,Married
4,19,2,2,3,0,24,4,156.84,2,Debit Card,Female,Laptop & Accessory,Married
2,5,1,2,3,0,23,6,142.48,1,Debit Card,Male,Mobile Phone,Married
8,22,1,1,1,0,22,3,143.8,1,Credit Card,Male,Fashion,Single
15,16,3,2,4,0,12,7,169.09,3,E Wallet,Female,Mobile Phone,Married
2,12,4,4,3,1,24,1,136.08,2,Debit Card,Male,Laptop & Accessory,Single
6,8,3,2,5,0,16,7,140.72,1,COD,Male,Others,Single
7,10,4,2,3,0,21,2,135.41,2,Credit Card,Male,Mobile Phone,Married
30,15,4,1,2,0,14,11,201.8,2,Debit Card,Male,Fashion,Divorced
5,10,2,4,4,1,20,15,142.27,3,Debit Card,Female,Mobile Phone,Single
1,17,1,3,1,0,25,4,128.4,2,UPI,Male,Mobile Phone,Married
4,7,3,3,1,0,21,5,120.28,1,COD,Male,Laptop & Accessory,Married
6,8,2,2,5,0,24,14,126.18,1,COD,Female,Laptop & Accessory,Single
0,17,4,4,1,0,17,8,140.85,1,E Wallet,Female,Fashion,Single
0,36,2,3,3,1,18,9,151.71,1,Credit Card,Male,Mobile Phone,Divorced
2,11,2,3,4,1,14,10,172.0,2,Credit Card,Male,Mobile Phone,Married
2,16,2,1,3,0,26,3,124.28,1,Debit Card,Male,Laptop & Accessory,Single
12,13,3,1,2,0,15,4,118.47,2,UPI,Female,Grocery,Married
6,18,1,2,2,0,22,9,134.47,2,E Wallet,Male,Others,Married
8,12,3,4,5,0,25,8,151.28,3,Credit Card,Female,Grocery,Divorced
32,20,3,1,3,1,22,12,247.47,2,E Wallet,Male,Laptop & Accessory,Married
7,19,2,5,5,1,23,3,143.35,2,Debit Card,Male,Fashion,Single
0,9,4,1,2,0,21,23,135.65,3,Credit Card,Female,Laptop & Accessory,Divorced
20,9,2,2,1,0,17,4,181.67,3,Credit Card,Male,Grocery,Married
4,10,3,1,2,0,16,1,177.5,1,Debit Card,Male,Fashion,Single
10,26,2,4,2,0,17,1,178.34,3,Debit Card,Male,Laptop & Accessory,Married
2,33,1,2,3,0,21,8,124.96,3,Credit Card,Male,Laptop & Accessory,Married
49,17,2,2,1,1,24,13,257.11,3,Debit Card,Female,Fashion,Married
37,22,2,2,3,0,15,8,227.1,1,UPI,Female,Mobile Phone,Single
7,18,3,5,3,1,13,12,142.8,1,Credit Card,Male,Mobile Phone,Married
7,9,3,4,2,0,25,6,164.87,1,Credit Card,Female,Fashion,Married
16,14,1,3,2,0,20,9,169.87,2,E Wallet,Male,Laptop & Accessory,Single
20,27,4,4,3,0,16,4,198.71,3,Debit Card,Male,Mobile Phone,Single
5,24,1,3,3,0,19,0,128.64,1,COD,Female,Laptop & Accessory,Single
26,16,2,1,2,0,15,5,213.78,2,COD,Female,Laptop & Accessory,Married
25,11,3,2,4,0,24,10,191.22,1,E Wallet,Male,Laptop & Accessory,Married
29,15,2,3,2,0,16,8,208.08,1,E Wallet,Female,Mobile Phone,Divorced
20,15,3,4,5,0,17,21,233.39,1,E Wallet,Male,Mobile Phone,Married
2,11,4,1,4,1,25,10,152.39,1,Credit Card,Female,Fashion,Single
0,11,2,5,2,0,21,3,122.77,2,Debit Card,Male,Laptop & Accessory,Married
11,10,4,3,2,0,13,2,155.34,3,Credit Card,Female,Grocery,Married
18,17,4,4,4,0,12,3,169.35,2,Credit Card,Female,Mobile Phone,Single
2,9,2,3,3,1,21,4,128.64,3,UPI,Female,Laptop & Accessory,Married
20,9,2,3,4,0,12,10,179.84,3,Debit Card,Male,Mobile Phone,Single
1,13,3,3,2,0,12,1,112.94,3,E Wallet,Female,Laptop & Accessory,Single
10,11,3,1,5,0,16,3,181.38,2,E Wallet,Female,Mobile Phone,Married
25,16,2,1,1,1,13,14,185.93,3,Credit Card,Male,Laptop & Accessory,Single
15,15,3,1,5,0,26,2,163.38,1,Debit Card,Female,Grocery,Single
23,14,3,2,4,1,25,16,181.62,1,E Wallet,Female,Laptop & Accessory,Divorced
24,11,4,3,4,1,20,9,183.62,3,Debit Card,Female,Mobile Phone,Married
12,17,3,3,1,0,18,25,179.31,2,Debit Card,Male,Fashion,Married
40,22,3,3,3,1,24,8,261.5,1,Credit Card,Male,Mobile Phone,Single
4,17,4,3,2,0,11,2,125.39,3,Debit Card,Male,Others,Married
4,29,3,2,5,1,20,8,156.75,3,Credit Card,Male,Mobile Phone,Divorced
12,10,5,5,2,0,18,13,138.84,1,E Wallet,Female,Mobile Phone,Married
0,11,3,5,1,0,26,1,135.19,3,COD,Female,Fashion,Married
7,8,2,2,5,0,12,2,167.32,2,Debit Card,Female,Mobile Phone,Divorced
9,15,2,3,4,0,20,2,160.92,1,Credit Card,Female,Mobile Phone,Single
9,17,4,2,3,1,24,4,149.26,2,Debit Card,Male,Mobile Phone,Single
2,12,3,1,2,0,20,3,156.86,1,E Wallet,Female,Fashion,Married
4,20,5,3,5,1,26,12,118.58,3,UPI,Male,Mobile Phone,Married
6,10,2,4,3,1,25,2,160.91,3,UPI,Male,Mobile Phone,Married
4,17,1,3,5,1,20,21,123.04,2,Debit Card,Female,Laptop & Accessory,Single
9,15,2,2,1,0,23,6,125.71,1,Debit Card,Female,Mobile Phone,Married
5,24,3,2,4,0,13,8,126.22,3,E Wallet,Female,Grocery,Divorced
24,11,2,4,1,0,23,7,187.49,1,Debit Card,Female,Fashion,Married
6,18,5,2,3,0,16,3,122.39,1,E Wallet,Female,Laptop & Accessory,Single
1,15,5,3,3,0,12,9,114.6,1,Credit Card,Female,Others,Divorced
2,9,3,4,3,0,17,7,139.18,1,UPI,Female,Grocery,Single
7,40,1,3,3,1,11,5,152.12,2,E Wallet,Male,Mobile Phone,Married
12,11,2,2,2,1,14,10,171.58,2,COD,Male,Fashion,Married
1,15,2,3,5,1,11,5,132.38,2,E Wallet,Female,Grocery,Married
5,37,3,2,2,0,11,11,141.84,3,UPI,Male,Others,Married
4,32,2,3,5,0,17,3,154.5,1,Credit Card,Female,Fashion,Married
10,17,3,4,2,1,26,5,183.0,3,Credit Card,Male,Mobile Phone,Married
19,12,1,3,3,1,11,11,195.58,2,Credit Card,Female,Mobile Phone,Single
5,14,4,2,3,0,19,7,140.06,1,Debit Card,Male,Fashion,Single
1,19,4,5,3,0,12,22,159.78,1,E Wallet,Male,Laptop & Accessory,Married
1,16,5,4,4,0,13,8,136.61,3,E Wallet,Male,Mobile Phone,Single
34,10,2,2,2,0,23,6,238.64,1,Credit Card,Female,Grocery,Single
44,19,3,4,3,0,22,7,216.11,2,E Wallet,Female,Mobile Phone,Married
5,12,2,2,4,0,22,7,147.58,2,Debit Card,Male,Laptop & Accessory,Married
5,21,2,5,5,1,26,4,155.12,1,Credit Card,Female,Laptop & Accessory,Single
9,14,2,1,4,0,21,5,177.65,1,Credit Card,Male,Mobile Phone,Single
12,7,2,4,3,1,16,7,158.94,3,E Wallet,Female,Fashion,Married
8,16,2,3,2,0,18,6,162.94,3,E Wallet,Male,Laptop & Accessory,Married
28,17,2,2,3,0,18,2,196.14,2,Credit Card,Female,Others,Divorced
2,17,1,3,5,0,16,6,145.79,1,Credit Card,Male,Fashion,Married
5,18,1,4,2,0,19,12,133.17,3,COD,Male,Laptop & Accessory,Single
3,17,3,1,4,1,25,8,131.26,3,UPI,Female,Fashion,Single
2,34,2,2,3,0,13,7,134.78,1,Credit Card,Female,Laptop & Accessory,Divorced
40,26,3,4,4,1,18,1,238.67,1,UPI,Female,Laptop & Accessory,Married
3,9,2,2,5,0,23,3,139.94,2,E Wallet,Male,Laptop & Accessory,Married
12,15,4,4,5,0,26,4,147.67,1,COD,Female,Laptop & Accessory,Single
12,20,4,3,4,1,21,4,161.71,2,Credit Card,Female,Fashion,Married
1,15,3,5,5,0,16,6,127.39,2,Debit Card,Female,Laptop & Accessory,Divorced
2,7,3,2,1,0,16,6,130.58,2,E Wallet,Female,Laptop & Accessory,Married
20,18,3,4,3,0,24,10,174.84,2,Credit Card,Male,Fashion,Married
1,14,2,2,2,0,11,6,148.59,1,Debit Card,Male,Laptop & Accessory,Married
11,15,4,3,4,1,15,14,147.05,2,Credit Card,Male,Mobile Phone,Married
19,25,3,1,1,1,20,3,171.03,1,Credit Card,Male,Mobile Phone,Married
13,12,1,4,5,0,20,24,166.7,1,Debit Card,Male,Mobile Phone,Single
45,11,4,3,4,0,21,5,244.71,2,Debit Card,Male,Mobile Phone,Single
0,13,2,2,3,1,14,18,147.7,2,Credit Card,Male,Mobile Phone,Single
8,10,2,2,1,0,18,1,145.92,1,Credit Card,Female,Fashion,Married
15,17,1,3,3,0,15,4,181.85,1,UPI,Male,Grocery,Married
13,10,3,4,3,0,25,10,143.08,3,Credit Card,Male,Laptop & Accessory,Married
5,20,2,3,2,0,21,9,144.92,2,E Wallet,Male,Grocery,Divorced
14,14,4,1,3,0,25,3,171.23,2,COD,Female,Mobile Phone,Married
2,8,4,3,3,0,20,2,138.37,3,Debit Card,Female,Fashion,Single
20,12,2,4,3,1,12,1,196.36,1,Credit Card,Male,Laptop & Accessory,Married
19,24,2,2,2,1,19,2,177.84,3,Debit Card,Male,Mobile Phone,Married
20,11,2,2,1,0,26,2,195.58,1,Debit Card,Male,Fashion,Married
3,24,3,4,5,0,12,6,143.74,3,UPI,Male,Fashion,Single
6,14,4,4,3,1,15,6,173.0,2,Credit Card,Female,Fashion,Divorced
11,10,3,4,2,0,26,6,129.66,1,Debit Card,Female,Fashion,Single
0,24,3,1,1,0,22,4,157.84,2,Debit Card,Female,Others,Single
2,36,2,3,1,0,13,4,158.46,3,Debit Card,Male,Mobile Phone,Divorced
24,9,3,1,2,1,26,14,192.45,1,Debit Card,Female,Mobile Phone,Single
5,24,5,2,5,0,20,1,137.23,1,E Wallet,Male,Fashion,Single
1,31,2,4,2,1,16,7,173.17,2,Credit Card,Male,Mobile Phone,Married
5,13,3,2,5,0,23,8,141.48,3,Debit Card,Female,Mobile Phone,Single
8,9,3,1,3,0,19,5,159.46,1,Debit Card,Male,Mobile Phone,Married
6,18,3,3,5,0,26,1,166.68,2,Debit Card,Male,Grocery,Divorced
6,7,2,3,1,0,14,4,142.58,2,Debit Card,Female,Mobile Phone,Married
4,16,2,2,1,0,12,6,143.82,3,Credit Card,Female,Laptop & Accessory,Married
8,13,2,3,4,0,18,1,158.28,1,E Wallet,Female,Grocery,Divorced
24,8,3,4,2,1,13,1,192.78,3,Debit Card,Female,Laptop & Accessory,Married
4,23,3,1,1,0,19,7,118.51,1,E Wallet,Female,Laptop & Accessory,Single
10,18,2,3,5,0,26,2,159.41,3,Debit Card,Female,Laptop & Accessory,Married
4,16,4,1,5,0,23,6,158.22,3,Credit Card,Male,Fashion,Single
3,18,3,2,2,0,18,7,149.05,3,Credit Card,Female,Mobile Phone,Single
17,13,1,1,3,1,12,13,179.93,2,Debit Card,Male,Fashion,Divorced
3,12,2,3,1,0,24,8,111.48,2,COD,Female,Laptop & Accessory,Married
26,20,1,2,5,0,12,1,204.54,2,E Wallet,Female,Grocery,Married
4,14,2,1,3,0,21,6,143.32,2,COD,Male,Others,Single
4,25,2,3,2,0,23,4,137.61,1,Debit Card,Male,Mobile Phone,Married
1,16,1,3,3,0,23,3,125.17,1,Credit Card,Female,Fashion,Married
24,14,2,3,4,0,15,5,195.04,1,COD,Male,Fashion,Single
2,18,3,1,3,1,20,2,145.82,3,UPI,Male,Fashion,Single
6,10,3,2,2,0,25,4,133.27,1,Credit Card,Female,Mobile Phone,Single
3,10,3,3,2,0,14,8,141.39,2,COD,Male,Laptop & Accessory,Married
16,9,4,3,1,1,23,2,187.54,1,E Wallet,Male,Fashion,Married
1,11,3,2,2,0,13,14,105.76,2,Debit Card,Male,Laptop & Accessory,Single
11,16,3,4,4,1,14,11,163.67,3,Debit Card,Male,Laptop & Accessory,Married
5,18,4,2,5,1,12,14,141.65,2,Debit Card,Female,Grocery,Married
0,9,1,1,5,0,11,13,124.35,3,Debit Card,Male,Laptop & Accessory,Married
23,13,1,2,3,0,26,4,221.88,3,Credit Card,Female,Mobile Phone,Single
21,23,2,3,1,0,12,1,205.97,2,E Wallet,Male,Fashion,Married
16,15,2,4,5,0,24,8,177.89,3,Credit Card,Female,Laptop & Accessory,Single
5,12,1,2,2,1,19,2,156.98,3,Credit Card,Female,Mobile Phone,Single
13,27,4,3,5,0,24,4,164.7,3,E Wallet,Female,Mobile Phone,Single
47,13,3,2,3,0,11,4,244.83,1,Debit Card,Male,Fashion,Single
15,10,3,5,4,0,23,6,172.93,1,E Wallet,Male,Fashion,Married
9,13,3,4,4,0,22,11,124.4,2,Debit Card,Male,Others,Married
32,19,3,2,4,0,25,12,243.2,2,Credit Card,Female,Laptop & Accessory,Single
1,21,4,5,5,1,13,8,125.56,3,Debit Card,Female,Fashion,Single
15,12,5,3,3,0,24,27,168.98,3,E Wallet,Male,Laptop & Accessory,Single
11,9,3,3,3,0,20,12,172.36,1,Credit Card,Male,Laptop & Accessory,Married
16,16,4,4,3,0,23,7,186.49,2,E Wallet,Male,Fashion,Married
2,33,1,3,5,0,14,4,137.1,2,Credit Card,Male,Laptop & Accessory,Divorced
11,10,4,3,1,0,15,9,138.97,1,Debit Card,Female,Fashion,Divorced
13,32,2,3,1,1,24,11,153.97,1,Debit Card,Male,Fashion,Divorced
12,12,3,4,3,1,19,9,189.31,3,E Wallet,Female,Others,Married
15,10,2,6,1,0,13,5,176.18,1,Credit Card,Female,Mobile Phone,Married
13,7,3,3,4,1,15,4,160.72,2,Credit Card,Female,Others,Single
1,8,3,4,3,0,23,7,137.68,3,E Wallet,Male,Fashion,Single
0,17,2,4,4,1,16,14,155.66,3,UPI,Male,Laptop & Accessory,Single
3,21,3,1,4,0,20,12,133.28,1,E Wallet,Female,Mobile Phone,Married
61,12,5,2,3,1,16,4,302.78,1,UPI,Female,Mobile Phone,Divorced
5,23,2,4,3,1,23,9,146.54,2,Credit Card,Male,Laptop & Accessory,Divorced
34,10,3,2,3,0,26,5,218.11,3,Debit Card,Male,Fashion,Divorced
15,17,4,3,3,0,24,10,160.74,1,E Wallet,Female,Mobile Phone,Married
8,8,2,1,2,0,15,2,173.67,1,Debit Card,Female,Fashion,Married
17,19,3,3,2,0,26,2,187.15,1,Debit Card,Female,Fashion,Single
5,19,3,2,3,0,14,6,129.85,2,Credit Card,Male,Grocery,Married
13,21,3,4,5,0,17,4,150.72,1,E Wallet,Female,Laptop & Accessory,Married
3,23,5,2,1,0,18,10,169.76,2,Credit Card,Male,Fashion,Married
4,12,4,4,1,1,18,8,130.39,2,E Wallet,Male,Mobile Phone,Married
26,26,2,2,4,1,16,3,187.76,3,Credit Card,Male,Laptop & Accessory,Single
3,21,3,4,4,0,26,15,152.16,1,Credit Card,Female,Laptop & Accessory,Single
1,13,3,4,5,0,20,2,120.34,1,E Wallet,Male,Laptop & Accessory,Married
11,18,3,3,2,1,19,14,132.86,1,Debit Card,Female,Grocery,Married
9,6,2,5,4,1,23,17,141.9,3,Debit Card,Male,Others,Married
0,12,4,3,5,0,19,4,162.78,2,E Wallet,Male,Mobile Phone,Divorced
3,14,2,5,4,1,19,3,124.13,1,E Wallet,Female,Others,Married
3,19,3,3,3,1,18,5,147.26,2,Debit Card,Male,Laptop & Accessory,Single
11,16,4,3,4,0,17,3,196.01,3,Debit Card,Male,Mobile Phone,Married
2,17,2,3,5,0,12,7,137.63,1,E Wallet,Female,Mobile Phone,Married
13,6,1,3,4,0,15,15,153.55,3,Credit Card,Male,Others,Married
2,31,2,3,5,0,19,1,132.84,1,E Wallet,Male,Grocery,Single
0,12,2,5,5,0,18,6,125.31,1,Credit Card,Male,Fashion,Single
3,14,4,3,2,0,17,14,137.15,3,Debit Card,Male,Laptop & Accessory,Married
7,11,3,3,3,0,19,8,162.62,1,Debit Card,Female,Fashion,Married
17,7,3,4,3,0,11,6,184.13,1,E Wallet,Male,Laptop & Accessory,Married
7,27,3,3,3,0,16,1,150.83,2,COD,Female,Mobile Phone,Single
12,21,2,3,2,0,21,6,143.0,3,Debit Card,Female,Laptop & Accessory,Married
7,14,2,3,5,0,12,9,141.56,2,E Wallet,Female,Fashion,Divorced
23,19,2,4,4,1,26,6,138.11,1,Debit Card,Male,Others,Divorced
38,14,3,4,3,1,25,3,233.04,3,UPI,Female,Others,Married
5,10,4,4,5,0,17,9,145.95,1,Debit Card,Male,Laptop & Accessory,Married
19,13,2,1,5,0,11,2,189.15,1,E Wallet,Male,Laptop & Accessory,Married
2,16,3,3,4,0,14,10,104.68,2,COD,Female,Grocery,Married
12,17,4,5,5,0,17,8,164.68,1,Credit Card,Female,Fashion,Married
1,13,2,4,2,0,19,3,158.09,2,E Wallet,Female,Laptop & Accessory,Married
11,10,3,1,3,1,21,12,153.45,3,Debit Card,Male,Mobile Phone,Divorced
17,16,2,3,1,0,21,3,148.44,1,E Wallet,Male,Mobile Phone,Married
22,23,3,5,4,0,16,15,169.39,3,Credit Card,Female,Mobile Phone,Single
5,12,1,4,2,0,21,2,114.68,2,COD,Male,Laptop & Accessory,Single
4,20,4,4,1,0,16,3,144.23,3,E Wallet,Male,Laptop & Accessory,Single
18,9,3,2,2,1,12,3,174.35,3,Credit Card,Female,Mobile Phone,Married
53,19,2,2,3,1,23,8,275.62,1,E Wallet,Female,Laptop & Accessory,Married
0,15,3,3,3,1,22,5,138.53,3,Credit Card,Female,Mobile Phone,Married
18,10,3,2,3,0,11,6,185.29,3,Credit Card,Male,Laptop & Accessory,Married
6,9,3,5,3,0,19,21,179.54,1,UPI,Female,Laptop & Accessory,Married
0,24,2,2,4,0,15,8,136.33,1,Debit Card,Male,Grocery,Married
19,15,4,3,4,0,15,12,196.07,3,Credit Card,Female,Others,Married
8,14,2,5,2,0,15,15,155.37,2,Debit Card,Male,Mobile Phone,Single
5,16,3,2,5,0,11,4,147.02,3,Debit Card,Female,Others,Single
20,15,2,5,5,1,23,12,186.27,1,Credit Card,Male,Mobile Phone,Married
5,14,4,1,2,0,15,7,129.41,3,Credit Card,Male,Mobile Phone,Divorced
15,9,2,4,4,0,11,1,161.72,2,Credit Card,Male,Others,Single
0,9,5,3,2,0,25,7,153.65,2,E Wallet,Female,Fashion,Married
57,15,4,4,3,0,13,4,275.31,2,Debit Card,Male,Mobile Phone,Married
16,11,2,1,2,1,16,8,152.06,3,COD,Female,Grocery,Divorced
3,20,3,4,1,0,14,6,173.01,1,E Wallet,Male,Fashion,Single
7,11,3,2,4,1,22,8,151.78,1,Credit Card,Female,Laptop & Accessory,Married
7,22,5,4,5,0,22,7,152.66,3,Credit Card,Female,Mobile Phone,Divorced
35,21,3,2,5,1,11,8,209.31,2,Debit Card,Female,Laptop & Accessory,Single
3,7,1,3,3,0,26,5,114.44,2,UPI,Male,Mobile Phone,Married
8,27,3,2,3,0,25,18,150.74,2,E Wallet,Male,Laptop & Accessory,Single
18,10,3,3,2,1,23,6,170.72,1,Credit Card,Female,Mobile Phone,Single
2,15,2,2,1,1,18,8,110.73,3,COD,Male,Mobile Phone,Single
1,36,3,5,3,0,17,4,157.87,3,Debit Card,Female,Laptop & Accessory,Divorced
4,15,4,2,2,0,13,2,149.26,2,Credit Card,Female,Mobile Phone,Single
33,17,4,2,3,0,20,2,206.94,2,Credit Card,Male,Mobile Phone,Divorced
12,17,1,3,2,0,17,8,177.26,3,Credit Card,Male,Grocery,Divorced
5,23,3,4,4,1,23,8,143.49,2,E Wallet,Female,Mobile Phone,Married
1,18,2,2,3,1,14,2,162.89,1,Credit Card,Male,Grocery,Married
2,11,3,2,2,1,19,8,152.08,2,Credit Card,Female,Mobile Phone,Married
11,15,3,4,1,0,13,10,170.25,1,Debit Card,Male,Fashion,Married
2,9,5,4,3,1,21,17,155.43,1,COD,Male,Fashion,Married
4,15,2,2,3,0,23,3,141.9,3,Credit Card,Female,Laptop & Accessory,Divorced
22,20,4,3,4,1,24,0,164.4,3,UPI,Female,Others,Divorced
6,22,3,3,5,0,13,6,162.59,3,E Wallet,Male,Mobile Phone,Married
26,13,4,2,4,0,20,12,186.41,1,Credit Card,Male,Laptop & Accessory,Divorced
0,9,4,3,3,0,26,3,145.48,2,Debit Card,Male,Fashion,Married
15,14,2,2,4,0,23,6,185.97,2,Debit Card,Female,Laptop & Accessory,Single
6,8,3,3,3,0,25,6,138.28,3,Debit Card,Male,Fashion,Married
5,17,2,1,2,0,18,5,151.96,3,Credit Card,Female,Grocery,Married
11,13,1,4,4,0,26,3,166.67,3,Credit Card,Male,Mobile Phone,Divorced
6,20,1,3,3,0,25,3,113.91,2,Debit Card,Male,Laptop & Accessory,Divorced
13,18,2,4,4,0,11,1,151.7,2,Credit Card,Female,Others,Married
10,22,3,2,3,0,14,21,165.08,2,Credit Card,Female,Mobile Phone,Single
13,14,1,5,3,1,23,10,158.65,3,Debit Card,Female,Laptop & Accessory,Married
0,13,3,1,2,0,23,7,159.89,1,Credit Card,Female,Others,Divorced
47,7,2,2,5,0,11,8,270.75,2,Debit Card,Female,Fashion,Single
4,10,3,2,1,0,16,1,156.26,3,Debit Card,Male,Mobile Phone,Single
9,12,3,4,2,0,24,15,190.39,1,Credit Card,Male,Mobile Phone,Married
12,15,2,3,3,0,22,6,166.93,3,Credit Card,Male,Laptop & Accessory,Single
10,21,4,2,1,0,25,2,137.62,2,Credit Card,Male,Mobile Phone,Divorced
20,14,2,1,3,0,23,14,151.39,2,UPI,Female,Others,Married
13,15,2,3,3,1,20,17,189.76,3,Credit Card,Female,Grocery,Single
9,36,4,1,5,1,19,5,157.69,1,E Wallet,Female,Laptop & Accessory,Married
9,24,2,3,1,0,17,3,144.18,1,Debit Card,Female,Grocery,Married
8,7,3,2,3,0,26,8,167.76,1,Credit Card,Female,Laptop & Accessory,Married
7,25,4,4,3,0,19,2,158.62,2,COD,Male,Fashion,Married
4,17,2,2,3,1,20,7,145.03,3,Debit Card,Male,Laptop & Accessory,Single
13,30,2,1,3,0,23,10,164.63,1,Credit Card,Female,Mobile Phone,Divorced
4,19,4,2,2,0,24,12,144.37,1,Debit Card,Male,Fashion,Single
6,31,2,4,4,1,23,12,136.01,2,E Wallet,Male,Mobile Phone,Married
0,13,3,3,2,1,26,6,140.75,3,COD,Male,Laptop & Accessory,Single
8,12,2,2,5,0,26,3,155.05,3,E Wallet,Female,Mobile Phone,Single
21,23,1,2,5,1,25,17,207.38,2,COD,Male,Grocery,Married
1,23,2,3,5,0,18,1,138.83,1,Credit Card,Female,Laptop & Accessory,Single
1,11,2,3,4,0,23,7,147.14,1,Debit Card,Male,Laptop & Accessory,Divorced
2,19,4,4,2,0,13,22,149.12,2,Credit Card,Female,Fashion,Married
39,9,3,3,1,0,17,2,239.22,3,COD,Female,Fashion,Married
9,20,2,4,3,0,11,4,166.4,3,Credit Card,Female,Laptop & Accessory,Divorced
44,24,2,3,1,0,19,8,219.48,2,UPI,Male,Others,Single
10,10,4,1,4,1,26,5,135.48,3,Debit Card,Male,Fashion,Single
4,17,2,2,1,0,13,3,141.87,2,E Wallet,Female,Laptop & Accessory,Divorced
1,31,3,2,2,0,21,1,154.21,1,E Wallet,Female,Laptop & Accessory,Single
1,11,2,3,3,0,22,13,139.8,1,E Wallet,Female,Fashion,Single
2,9,2,2,3,0,20,3,128.69,1,UPI,Male,Mobile Phone,Single
14,12,3,4,2,1,20,10,201.42,1,Credit Card,Female,Fashion,Married
4,13,1,2,3,0,15,9,114.5,2,Credit Card,Male,Laptop & Accessory,Single
3,10,3,3,4,0,18,17,144.18,3,E Wallet,Male,Grocery,Single
0,20,2,4,5,1,18,6,134.53,1,Debit Card,Female,Mobile Phone,Married
2,13,4,1,2,0,11,4,144.97,3,E Wallet,Male,Laptop & Accessory,Single
13,35,3,6,5,0,14,2,136.45,3,COD,Female,Laptop & Accessory,Married
7,16,3,5,2,1,16,16,160.41,2,E Wallet,Male,Others,Divorced
7,10,3,3,3,0,23,3,164.0,2,E Wallet,Female,Others,Married
10,7,2,3,3,0,15,3,156.78,1,COD,Male,Fashion,Married
11,7,2,2,1,0,13,9,155.09,1,UPI,Female,Mobile Phone,Married
14,11,3,2,3,0,15,7,150.74,3,UPI,Female,Mobile Phone,Divorced
2,22,4,3,1,1,23,8,144.47,3,COD,Female,Fashion,Married
19,11,4,2,2,0,18,25,165.4,1,Credit Card,Female,Laptop & Accessory,Married
1,22,3,6,5,0,11,7,125.81,1,Credit Card,Female,Mobile Phone,Divorced
2,10,3,2,4,0,17,20,115.92,3,E Wallet,Female,Mobile Phone,Married
5,19,4,2,1,0,24,3,118.27,2,Credit Card,Female,Laptop & Accessory,Divorced
12,21,3,4,3,1,16,6,165.29,3,E Wallet,Female,Fashion,Divorced
9,8,3,4,5,0,20,14,152.26,2,UPI,Male,Mobile Phone,Married
7,15,4,2,3,0,21,5,166.15,1,UPI,Female,Fashion,Married
16,12,2,4,5,0,20,9,178.07,1,Credit Card,Male,Laptop & Accessory,Married
7,19,4,3,1,0,20,3,160.88,1,Credit Card,Female,Grocery,Married
23,18,3,4,4,0,12,3,186.81,2,Credit Card,Male,Mobile Phone,Single
5,14,2,1,3,0,12,1,125.0,1,Credit Card,Female,Grocery,Married
10,14,2,1,5,0,24,0,134.27,2,UPI,Male,Mobile Phone,Married
0,10,4,3,3,0,14,3,156.01,2,UPI,Male,Laptop & Accessory,Single
61,19,2,3,3,1,13,6,272.94,3,Debit Card,Male,Laptop & Accessory,Married
39,15,3,3,5,0,15,10,224.37,3,Debit Card,Female,Mobile Phone,Single
7,20,4,3,1,0,15,12,137.45,1,UPI,Male,Fashion,Single
27,15,2,3,4,0,23,2,204.03,1,Credit Card,Female,Laptop & Accessory,Married
7,28,4,3,5,0,14,0,148.23,2,Credit Card,Female,Fashion,Married
3,25,2,4,4,1,14,4,132.52,2,E Wallet,Female,Fashion,Married
2,13,4,3,3,0,17,11,150.56,2,UPI,Female,Laptop & Accessory,Single
15,13,4,5,3,0,15,1,180.12,1,Credit Card,Male,Fashion,Single
44,15,3,2,4,0,16,4,234.21,1,E Wallet,Female,Mobile Phone,Single
0,26,3,3,5,0,23,1,157.16,2,E Wallet,Female,Grocery,Divorced
0,16,4,2,2,0,13,3,137.07,3,E Wallet,Female,Mobile Phone,Married
0,8,3,6,2,0,25,10,154.15,3,UPI,Female,Grocery,Divorced
5,14,4,4,2,0,18,13,154.96,2,Debit Card,Male,Mobile Phone,Single
7,9,2,4,3,0,17,7,151.43,1,Credit Card,Male,Fashion,Married
1,11,4,3,1,1,19,19,148.21,2,Credit Card,Female,Grocery,Married
20,17,3,3,2,0,12,5,195.96,1,Credit Card,Male,Others,Single
15,15,2,5,2,0,16,14,143.16,3,Debit Card,Male,Fashion,Single
8,25,2,2,5,0,22,5,171.24,1,COD,Female,Fashion,Divorced
14,13,4,4,4,0,22,2,187.38,3,Debit Card,Female,Fashion,Married
24,9,4,3,3,1,13,18,191.76,2,COD,Female,Mobile Phone,Married
2,26,1,3,2,0,16,7,150.19,1,COD,Male,Mobile Phone,Single
9,15,3,4,3,0,11,10,189.69,2,UPI,Male,Others,Married
6,17,5,5,1,1,16,7,152.53,2,COD,Male,Laptop & Accessory,Married
11,11,4,3,4,0,23,7,147.17,2,Credit Card,Female,Fashion,Divorced
9,13,3,3,3,0,23,13,137.26,1,Debit Card,Female,Laptop & Accessory,Divorced
2,12,3,5,3,0,22,11,138.6,1,E Wallet,Female,Grocery,Single
11,14,4,3,3,1,13,5,160.66,1,Credit Card,Female,Laptop & Accessory,Married
10,19,3,2,1,0,19,9,147.9,1,E Wallet,Female,Laptop & Accessory,Divorced
13,25,3,1,1,0,24,9,177.66,2,COD,Male,Fashion,Married
57,24,2,1,1,0,13,3,273.64,1,Debit Card,Male,Fashion,Married
19,9,4,4,4,1,12,7,197.42,1,Credit Card,Male,Mobile Phone,Married
12,21,3,1,3,0,19,2,147.15,2,Credit Card,Male,Grocery,Single
17,7,3,5,2,0,13,2,175.54,3,Credit Card,Female,Laptop & Accessory,Married
16,14,4,3,3,0,26,17,165.27,1,Debit Card,Male,Others,Single
7,20,3,4,3,0,24,3,172.71,1,E Wallet,Female,Laptop & Accessory,Married
21,8,4,5,3,0,12,10,194.12,1,Credit Card,Female,Fashion,Married
15,18,4,3,2,0,26,6,200.2,1,Debit Card,Male,Mobile Phone,Married
0,7,1,5,4,1,21,12,104.1,3,Credit Card,Female,Fashion,Divorced
1,7,1,3,3,1,12,5,156.38,2,Credit Card,Male,Mobile Phone,Single
5,23,3,1,3,0,25,9,140.98,1,UPI,Male,Laptop & Accessory,Married
10,16,5,2,2,0,24,20,169.29,3,Debit Card,Female,Fashion,Divorced
7,7,3,6,3,0,13,8,138.3,1,Debit Card,Female,Fashion,Married
25,10,2,1,3,0,26,2,180.17,3,Debit Card,Male,Laptop & Accessory,Divorced
7,7,3,1,4,1,13,2,136.46,1,Debit Card,Male,Mobile Phone,Single
3,19,3,4,4,0,14,9,145.06,1,UPI,Male,Mobile Phone,Married
2,16,4,2,3,0,16,8,139.78,1,Debit Card,Female,Others,Married
14,14,3,3,2,0,15,1,158.74,1,Credit Card,Male,Fashion,Divorced
7,35,2,5,5,0,16,9,150.81,1,Debit Card,Male,Mobile Phone,Married
2,13,2,3,3,0,13,2,163.07,3,Debit Card,Male,Mobile Phone,Married
3,21,3,5,5,0,20,4,143.22,3,E Wallet,Male,Fashion,Married
2,21,3,3,3,0,11,17,144.95,3,Debit Card,Female,Mobile Phone,Divorced
24,8,4,4,2,1,23,3,207.0,1,Credit Card,Female,Fashion,Married
0,18,2,4,1,0,17,12,181.81,1,Credit Card,Male,Fashion,Married
7,7,2,5,3,0,18,10,160.81,3,E Wallet,Female,Grocery,Married
13,16,4,2,5,0,19,7,172.79,1,UPI,Male,Laptop & Accessory,Divorced
0,16,5,1,5,0,11,8,124.3,3,UPI,Male,Mobile Phone,Married
29,10,1,3,3,1,18,5,238.57,3,E Wallet,Female,Fashion,Married
1,10,2,3,2,0,13,10,139.23,1,Credit Card,Male,Fashion,Married
1,19,3,4,4,0,20,5,152.39,1,Debit Card,Male,Fashion,Married
12,7,3,3,5,0,12,4,154.5,1,Credit Card,Female,Fashion,Married
23,26,4,3,5,0,14,3,168.23,2,UPI,Female,Fashion,Married
0,18,3,5,3,0,25,6,138.67,3,UPI,Male,Fashion,Single
3,19,3,2,1,0,14,3,137.19,3,Debit Card,Male,Laptop & Accessory,Married
0,11,1,5,2,1,26,4,111.84,2,E Wallet,Male,Fashion,Married
17,10,3,3,4,0,14,2,187.72,2,Credit Card,Male,Others,Single
7,17,1,3,1,0,12,3,159.95,1,E Wallet,Female,Mobile Phone,Single
18,10,3,1,1,1,17,6,189.9,2,Credit Card,Female,Laptop & Accessory,Single
21,20,3,2,4,1,11,2,183.04,2,Debit Card,Male,Fashion,Married
2,11,3,1,4,0,17,3,158.94,1,Debit Card,Female,Fashion,Married
29,15,2,3,3,0,17,5,217.66,1,Debit Card,Male,Mobile Phone,Married
11,14,3,3,3,1,21,1,183.28,3,E Wallet,Male,Fashion,Single
6,19,2,3,5,0,11,4,168.59,1,UPI,Female,Fashion,Married
6,26,1,1,2,0,13,3,138.23,1,UPI,Male,Mobile Phone,Divorced
17,18,1,4,1,1,20,9,201.14,2,Debit Card,Female,Fashion,Married
26,25,4,1,2,0,14,6,181.46,3,E Wallet,Male,Mobile Phone,Married
0,31,1,4,5,0,26,3,142.09,3,UPI,Male,Grocery,Married
4,9,2,4,3,0,11,4,108.65,2,Credit Card,Female,Mobile Phone,Single
5,23,4,3,3,0,18,6,122.23,3,COD,Female,Fashion,Married
12,27,3,2,4,0,13,3,172.33,2,Debit Card,Female,Fashion,Married
19,50,4,4,3,0,25,9,162.97,1,E Wallet,Female,Fashion,Single
3,9,3,3,3,0,19,3,138.6,2,Debit Card,Male,Mobile Phone,Married
47,13,4,4,3,1,21,7,258.01,3,Debit Card,Female,Fashion,Single
2,11,5,4,3,1,15,4,141.03,1,UPI,Male,Fashion,Married
2,17,2,3,3,1,20,8,125.92,1,Debit Card,Male,Mobile Phone,Divorced
5,9,3,5,3,0,17,13,134.93,1,Debit Card,Male,Grocery,Married
14,11,2,4,3,0,11,7,144.3,1,Debit Card,Male,Fashion,Single
4,12,3,4,2,0,19,11,164.62,3,Credit Card,Female,Grocery,Married
8,14,4,3,4,1,25,8,184.04,2,Debit Card,Male,Mobile Phone,Divorced
1,12,3,3,3,0,19,3,128.17,1,Credit Card,Female,Others,Married
16,13,2,4,2,1,22,8,190.24,1,Debit Card,Male,Fashion,Married
0,8,2,3,3,1,20,3,110.52,1,Credit Card,Male,Laptop & Accessory,Married
14,19,2,2,4,0,20,4,157.35,3,Debit Card,Female,Mobile Phone,Single
4,18,3,3,4,1,17,14,148.74,1,E Wallet,Male,Laptop & Accessory,Divorced
20,7,1,1,1,1,16,2,178.59,2,UPI,Male,Laptop & Accessory,Married
7,24,2,5,3,0,14,12,132.1,2,Credit Card,Female,Laptop & Accessory,Married
2,7,2,3,1,0,24,17,150.9,2,Credit Card,Female,Others,Single
2,26,3,3,5,0,21,18,164.78,1,Credit Card,Male,Laptop & Accessory,Married
2,9,1,1,4,0,26,5,159.92,3,Debit Card,Male,Mobile Phone,Married
41,9,5,3,2,0,24,4,197.67,3,Debit Card,Female,Mobile Phone,Single
21,11,4,1,5,0,23,17,199.25,3,COD,Female,Fashion,Married
2,9,2,1,4,0,22,20,140.34,2,Credit Card,Male,Others,Single
2,13,2,2,3,1,15,8,149.33,2,COD,Female,Fashion,Married
11,18,2,4,3,1,20,23,176.05,1,Credit Card,Male,Fashion,Married
44,19,3,3,4,0,24,14,202.6,3,Credit Card,Female,Fashion,Single
16,11,4,2,4,0,14,29,172.61,3,UPI,Female,Others,Married
0,16,4,3,3,0,12,7,137.69,1,E Wallet,Male,Laptop & Accessory,Married
3,18,4,3,4,0,11,9,136.65,1,Debit Card,Male,Mobile Phone,Married
6,13,3,2,4,0,20,11,120.95,1,Debit Card,Male,Laptop & Accessory,Married
17,19,2,5,3,0,25,2,200.66,3,E Wallet,Female,Laptop & Accessory,Married
16,19,3,5,4,0,12,3,197.63,1,Credit Card,Male,Fashion,Married
4,23,3,2,3,1,25,3,142.89,2,Debit Card,Female,Laptop & Accessory,Married
5,26,3,3,1,0,14,2,150.99,3,Credit Card,Male,Laptop & Accessory,Single
4,11,2,4,1,0,25,9,145.75,1,COD,Male,Laptop & Accessory,Single
16,6,2,2,2,0,16,11,175.29,3,Credit Card,Male,Laptop & Accessory,Single
1,16,2,2,3,1,21,6,125.61,2,UPI,Female,Mobile Phone,Single
7,14,4,2,4,0,19,4,174.1,1,COD,Male,Mobile Phone,Married
1,22,3,2,3,0,25,0,139.45,3,Debit Card,Female,Fashion,Married
4,14,2,2,4,0,26,7,128.85,3,COD,Female,Fashion,Married
20,7,3,3,2,1,17,5,214.14,1,UPI,Male,Grocery,Married
24,22,3,5,4,1,13,9,179.62,1,Credit Card,Male,Laptop & Accessory,Married
9,8,5,2,4,0,19,14,134.66,1,E Wallet,Male,Mobile Phone,Married
34,14,2,1,5,1,18,16,212.55,1,Credit Card,Female,Laptop & Accessory,Married
0,13,3,5,3,0,14,5,140.65,2,Debit Card,Male,Mobile Phone,Single
6,20,2,3,3,0,19,7,133.24,1,Credit Card,Male,Mobile Phone,Divorced
42,16,2,2,2,0,16,4,246.36,1,UPI,Male,Laptop & Accessory,Divorced
8,16,4,3,4,0,12,4,159.22,2,Debit Card,Female,Grocery,Divorced
1,29,4,1,2,1,19,3,147.39,3,Credit Card,Male,Laptop & Accessory,Single
3,25,2,3,5,1,22,3,138.9,1,Debit Card,Female,Mobile Phone,Married
14,9,3,3,4,0,18,17,168.71,3,UPI,Male,Laptop & Accessory,Married
6,20,3,3,3,0,18,9,194.42,2,E Wallet,Male,Fashion,Divorced
7,21,3,1,4,0,16,18,173.63,1,Credit Card,Male,Grocery,Single
41,11,3,5,3,0,22,6,214.65,3,Credit Card,Male,Laptop & Accessory,Married
41,12,4,1,1,0,18,21,262.55,2,Debit Card,Female,Laptop & Accessory,Married
8,18,2,5,3,0,26,7,140.07,3,Credit Card,Female,Laptop & Accessory,Married
5,11,3,3,3,0,23,10,135.33,1,COD,Female,Mobile Phone,Divorced
13,22,3,3,3,0,22,4,157.28,1,E Wallet,Female,Fashion,Single
20,31,3,1,1,0,14,6,163.06,1,UPI,Female,Mobile Phone,Married
0,10,3,1,4,0,26,11,153.08,1,Debit Card,Male,Fashion,Single
1,19,4,3,4,0,16,6,110.19,2,Debit Card,Male,Laptop & Accessory,Single
37,13,4,3,2,1,24,11,215.22,1,E Wallet,Male,Mobile Phone,Married
1,8,1,3,2,0,23,8,136.29,1,E Wallet,Female,Laptop & Accessory,Divorced
4,9,2,1,4,0,12,6,172.58,1,Debit Card,Male,Fashion,Married
3,18,4,3,4,0,18,4,158.59,3,Debit Card,Male,Laptop & Accessory,Married
6,24,4,3,4,0,22,12,147.69,2,E Wallet,Male,Fashion,Single
7,12,2,2,3,0,16,2,143.03,3,Credit Card,Male,Grocery,Married
24,10,3,4,1,0,19,8,219.83,1,Credit Card,Male,Others,Married
10,6,3,2,3,0,14,8,169.12,1,E Wallet,Male,Laptop & Accessory,Married
7,27,2,4,3,0,12,3,188.31,1,E Wallet,Male,Fashion,Married
22,14,2,3,4,0,15,7,170.45,3,Debit Card,Male,Mobile Phone,Married
19,27,3,1,3,1,25,15,152.57,3,Debit Card,Female,Laptop & Accessory,Married
8,10,3,1,3,0,21,10,177.13,1,Credit Card,Male,Laptop & Accessory,Married
15,15,3,2,2,0,15,15,172.25,2,E Wallet,Female,Others,Married
14,21,3,3,3,1,20,5,187.9,1,Credit Card,Male,Others,Married
33,21,2,4,4,0,22,2,242.96,2,Debit Card,Male,Fashion,Married
16,24,2,2,5,0,25,16,193.58,1,Debit Card,Female,Mobile Phone,Married
11,17,3,2,2,0,25,3,156.99,1,Debit Card,Female,Fashion,Single
61,19,3,4,4,0,11,3,289.51,1,UPI,Male,Mobile Phone,Single
8,8,3,1,4,0,12,2,146.48,1,Debit Card,Male,Mobile Phone,Married
23,11,2,3,2,0,17,4,173.0,1,COD,Male,Fashion,Married
4,13,2,4,1,0,25,6,152.82,1,Debit Card,Male,Grocery,Married
9,20,4,2,2,0,11,5,175.84,2,Credit Card,Male,Laptop & Accessory,Single
6,54,4,4,3,0,11,9,126.2,1,COD,Female,Mobile Phone,Divorced
28,20,1,3,3,1,23,8,223.55,2,E Wallet,Male,Fashion,Married
9,15,2,3,3,0,20,5,161.71,3,Debit Card,Female,Mobile Phone,Married
0,21,2,5,4,0,14,12,111.82,3,Credit Card,Female,Mobile Phone,Married
23,20,2,4,2,1,19,1,171.74,3,E Wallet,Female,Fashion,Married
7,18,3,4,4,1,16,2,151.11,3,Debit Card,Male,Laptop & Accessory,Married
4,18,2,1,2,0,19,10,142.28,1,UPI,Male,Fashion,Divorced
19,10,3,3,3,1,11,3,181.03,3,Debit Card,Male,Laptop & Accessory,Married
8,10,4,1,3,0,21,6,160.23,1,Credit Card,Female,Others,Married
11,14,3,5,4,0,25,1,143.58,3,Credit Card,Male,Mobile Phone,Single
3,11,3,3,3,0,22,9,134.7,1,Debit Card,Female,Laptop & Accessory,Married
1,17,4,5,2,0,11,8,154.3,3,UPI,Male,Fashion,Single
5,15,3,3,4,0,14,0,146.28,1,COD,Female,Fashion,Married
9,19,2,3,4,0,20,2,158.12,2,Credit Card,Female,Mobile Phone,Single
9,11,2,5,3,0,22,3,160.17,2,COD,Male,Fashion,Single
10,12,2,4,2,0,24,7,167.61,1,Credit Card,Male,Mobile Phone,Married
11,13,2,3,4,1,19,1,175.91,3,Debit Card,Female,Fashion,Divorced
7,23,2,4,3,0,23,1,175.15,3,Debit Card,Female,Mobile Phone,Married
24,12,2,2,1,0,13,1,213.42,1,Debit Card,Female,Laptop & Accessory,Single
13,13,4,2,1,0,20,3,173.97,3,COD,Male,Laptop & Accessory,Married
2,14,3,3,4,1,26,1,141.73,2,E Wallet,Female,Fashion,Married
8,19,2,3,2,1,18,1,143.88,3,Credit Card,Male,Mobile Phone,Married
5,20,2,3,4,0,11,12,168.91,1,UPI,Male,Laptop & Accessory,Single
13,14,3,2,3,0,13,19,151.38,2,E Wallet,Female,Fashion,Married
1,25,3,3,4,0,16,10,118.29,2,E Wallet,Male,Laptop & Accessory,Single
13,19,3,5,2,0,24,8,187.11,3,Credit Card,Male,Laptop & Accessory,Single
4,27,3,3,2,0,17,15,135.16,3,E Wallet,Male,Fashion,Married
19,16,2,2,4,1,16,8,190.86,3,Debit Card,Female,Mobile Phone,Married
61,16,4,3,4,0,12,20,313.39,2,Credit Card,Female,Fashion,Single
9,15,2,3,2,1,25,6,138.29,1,Debit Card,Male,Mobile Phone,Single
13,11,2,3,1,1,21,0,187.95,2,Credit Card,Female,Laptop & Accessory,Married
1,14,2,2,4,1,26,6,121.98,1,Credit Card,Female,Fashion,Single
7,11,4,4,3,0,12,4,134.25,1,Credit Card,Male,Mobile Phone,Divorced
6,19,2,5,3,0,11,2,143.93,2,COD,Male,Mobile Phone,Married
21,19,2,4,1,0,26,2,202.61,3,Debit Card,Male,Mobile Phone,Married
13,23,2,2,4,0,23,15,162.49,3,Credit Card,Female,Others,Single
1,9,2,2,2,0,22,5,138.18,2,Debit Card,Male,Mobile Phone,Single
18,7,2,3,2,1,11,9,178.74,1,E Wallet,Female,Laptop & Accessory,Single
40,10,3,4,5,0,17,4,223.02,2,UPI,Female,Fashion,Married
9,26,2,3,4,0,15,13,173.77,3,COD,Male,Laptop & Accessory,Married
34,16,1,1,4,1,13,11,210.49,2,Debit Card,Female,Fashion,Married
56,19,1,3,1,0,25,3,249.98,2,E Wallet,Male,Grocery,Married
0,7,2,3,2,1,15,15,130.22,2,E Wallet,Male,Others,Married
0,12,3,4,4,0,15,2,148.5,1,Credit Card,Male,Laptop & Accessory,Single
4,14,3,3,2,0,14,5,170.97,1,COD,Male,Laptop & Accessory,Single
30,27,3,3,2,0,11,16,195.8,2,E Wallet,Female,Fashion,Single
1,27,2,4,1,1,18,4,174.35,1,Debit Card,Female,Mobile Phone,Married
0,28,4,2,5,0,17,5,136.04,2,Debit Card,Female,Fashion,Married
5,14,4,4,4,1,22,2,137.19,1,Credit Card,Male,Fashion,Divorced
42,18,1,3,3,0,26,4,248.69,1,Credit Card,Male,Others,Single
0,20,2,4,3,0,13,3,117.79,2,Debit Card,Female,Mobile Phone,Married
24,28,5,1,2,1,23,17,194.7,3,Debit Card,Female,Mobile Phone,Single
15,21,1,1,2,0,17,8,182.67,3,E Wallet,Male,Fashion,Married
20,13,3,4,2,0,22,3,200.5,1,COD,Male,Fashion,Divorced
8,19,2,4,1,0,17,8,134.93,3,UPI,Male,Laptop & Accessory,Married
12,15,1,4,3,1,24,4,176.64,2,COD,Male,Fashion,Married
5,25,4,4,1,0,14,3,152.12,1,E Wallet,Male,Mobile Phone,Single
14,11,3,1,2,0,24,18,160.55,2,Credit Card,Female,Fashion,Married
0,15,2,3,4,1,21,0,123.98,1,E Wallet,Male,Others,Married
20,18,3,1,2,0,13,9,184.79,2,E Wallet,Male,Mobile Phone,Married
10,7,5,3,2,0,23,19,168.44,3,E Wallet,Male,Mobile Phone,Married
5,16,3,2,4,0,24,13,148.78,1,E Wallet,Male,Fashion,Single
8,16,2,4,2,0,11,8,155.44,3,Debit Card,Female,Mobile Phone,Single
2,12,2,2,1,0,14,0,129.47,3,E Wallet,Female,Mobile Phone,Married
19,14,4,3,5,1,25,2,166.56,3,UPI,Female,Fashion,Married
6,23,2,4,1,0,21,4,123.79,3,Credit Card,Male,Grocery,Divorced
21,26,2,2,4,0,15,5,163.73,1,E Wallet,Female,Others,Single
1,15,3,3,3,1,11,3,147.67,2,Debit Card,Male,Fashion,Married
16,10,5,2,2,0,21,4,173.93,2,Credit Card,Male,Laptop & Accessory,Single
3,13,2,4,1,0,13,4,134.74,3,UPI,Female,Fashion,Married
21,11,2,2,3,0,20,16,188.52,3,Credit Card,Male,Fashion,Single
58,13,4,2,4,0,23,2,265.14,1,UPI,Male,Fashion,Single
5,16,3,3,5,0,19,4,125.4,2,Credit Card,Female,Fashion,Single
15,16,1,2,4,1,21,8,158.17,3,Credit Card,Female,Laptop & Accessory,Married
8,8,3,3,3,0,14,15,133.46,2,E Wallet,Female,Fashion,Single
1,23,2,4,3,0,26,11,164.83,3,Debit Card,Male,Grocery,Single
4,12,3,4,3,0,21,4,160.57,3,Credit Card,Female,Fashion,Married
4,13,3,4,3,0,16,11,145.05,2,Credit Card,Female,Others,Single
35,14,2,2,4,0,22,14,192.82,2,E Wallet,Male,Fashion,Married
13,6,4,3,4,0,15,9,152.97,1,COD,Female,Mobile Phone,Married
11,14,5,4,2,0,24,4,151.28,1,Credit Card,Male,Mobile Phone,Married
1,12,2,2,3,0,15,11,145.13,2,Debit Card,Female,Grocery,Single
6,23,2,4,2,0,25,7,163.96,2,UPI,Female,Fashion,Divorced
7,11,3,4,3,0,20,4,149.19,2,COD,Male,Fashion,Married
4,20,2,2,4,1,16,3,144.07,1,Debit Card,Male,Fashion,Single
0,16,2,3,3,0,13,9,134.32,3,E Wallet,Male,Mobile Phone,Married
4,10,5,3,3,0,26,6,157.77,1,Credit Card,Male,Mobile Phone,Married
39,35,3,4,3,1,24,44,174.55,3,Credit Card,Male,Fashion,Married
2,8,3,4,3,0,22,10,144.46,1,Credit Card,Female,Fashion,Married
22,15,1,3,2,0,23,9,204.79,3,Credit Card,Male,Laptop & Accessory,Married
1,8,3,2,3,0,19,33,153.79,3,UPI,Male,Laptop & Accessory,Married
26,10,2,5,5,0,17,7,194.29,1,Debit Card,Female,Fashion,Single
16,16,1,5,4,0,11,13,153.54,3,Debit Card,Male,Laptop & Accessory,Single
16,11,1,3,2,1,11,8,166.46,1,Credit Card,Female,Grocery,Married
5,11,2,2,2,0,19,3,162.92,3,UPI,Male,Fashion,Divorced
36,10,2,2,2,0,22,1,232.21,1,COD,Female,Laptop & Accessory,Married
2,21,1,2,2,0,16,13,141.52,1,Debit Card,Male,Fashion,Married
0,15,1,3,2,0,21,7,118.63,2,Debit Card,Female,Mobile Phone,Single
7,32,4,3,3,1,12,10,140.97,1,Credit Card,Female,Laptop & Accessory,Married
18,23,4,3,4,0,18,16,189.41,2,Credit Card,Male,Mobile Phone,Married
54,9,3,3,3,1,13,11,255.37,2,E Wallet,Female,Others,Single
1,36,3,2,1,0,13,8,145.11,3,Debit Card,Male,Grocery,Single
0,28,4,3,1,0,24,14,127.49,1,Debit Card,Male,Laptop & Accessory,Single
8,8,3,3,3,0,11,11,166.49,2,UPI,Female,Mobile Phone,Single
14,12,2,3,3,0,26,9,162.51,2,Credit Card,Female,Grocery,Married
32,12,3,3,1,0,26,11,229.91,1,Debit Card,Female,Mobile Phone,Married
5,9,3,4,3,0,12,18,123.52,1,Credit Card,Female,Fashion,Single
16,8,4,1,4,0,15,2,147.38,1,E Wallet,Female,Laptop & Accessory,Married
10,22,4,3,2,0,20,7,162.93,1,Debit Card,Male,Grocery,Divorced
8,12,4,4,4,0,16,6,175.19,2,UPI,Male,Fashion,Married
8,18,3,3,3,0,19,5,148.57,2,Credit Card,Female,Fashion,Single
4,16,2,2,3,1,14,8,141.54,2,Debit Card,Male,Laptop & Accessory,Married
3,15,3,3,3,0,26,3,135.35,2,Credit Card,Male,Grocery,Single
15,20,3,3,3,0,23,8,141.52,1,E Wallet,Female,Others,Married
2,11,3,2,3,0,17,16,153.8,1,Credit Card,Male,Fashion,Married
5,9,2,3,2,1,25,13,141.42,1,COD,Male,Grocery,Single
25,19,4,5,4,1,14,5,201.72,3,Credit Card,Female,Mobile Phone,Single
5,25,1,5,3,0,13,16,169.42,3,Credit Card,Male,Others,Single
14,9,2,2,1,1,25,8,169.49,1,UPI,Female,Fashion,Single
41,12,4,2,5,1,15,11,243.06,1,E Wallet,Male,Laptop & Accessory,Married
15,31,3,2,3,0,18,1,186.76,2,COD,Male,Fashion,Single
15,10,2,3,1,0,13,8,190.94,1,Credit Card,Female,Fashion,Single
5,13,2,6,5,1,24,7,145.92,3,Debit Card,Female,Mobile Phone,Single
1,6,2,1,4,0,18,7,118.95,2,Credit Card,Female,Laptop & Accessory,Divorced
39,14,3,3,5,0,23,9,224.95,1,E Wallet,Female,Grocery,Married
1,16,3,3,3,0,13,19,132.55,3,COD,Male,Laptop & Accessory,Divorced
18,22,3,3,4,0,19,3,182.37,2,Credit Card,Female,Grocery,Married
24,18,3,2,1,1,11,8,182.93,1,Credit Card,Female,Fashion,Married
0,27,4,3,4,0,19,11,111.23,2,Credit Card,Male,Mobile Phone,Single
23,21,3,2,4,0,12,5,206.51,2,Credit Card,Female,Laptop & Accessory,Married
11,9,2,3,3,0,14,9,160.62,3,Debit Card,Female,Laptop & Accessory,Married
13,29,2,3,2,1,12,1,161.15,2,Credit Card,Male,Laptop & Accessory,Single
9,20,2,2,4,0,21,9,162.56,1,Credit Card,Male,Mobile Phone,Divorced
9,14,1,3,3,0,15,8,141.39,2,E Wallet,Male,Laptop & Accessory,Married
23,6,3,3,4,1,19,5,195.89,1,UPI,Female,Fashion,Single
61,7,3,2,2,0,25,7,297.63,2,Credit Card,Male,Laptop & Accessory,Single
33,13,3,3,2,0,18,10,207.22,1,Debit Card,Female,Laptop & Accessory,Divorced
33,11,2,1,2,0,18,14,205.37,1,E Wallet,Female,Mobile Phone,Single
8,13,3,3,4,0,15,4,157.79,1,Credit Card,Female,Laptop & Accessory,Single
4,15,2,1,2,1,26,5,149.92,3,Debit Card,Female,Others,Married
17,13,3,2,4,0,24,7,185.07,3,COD,Male,Mobile Phone,Single
13,8,4,4,2,0,23,5,171.59,2,Credit Card,Male,Mobile Phone,Married
0,15,4,1,2,0,11,12,154.49,3,Debit Card,Female,Laptop & Accessory,Single
3,23,4,1,4,1,12,8,145.54,1,E Wallet,Female,Laptop & Accessory,Single
15,13,3,3,3,0,13,10,151.99,2,Credit Card,Male,Laptop & Accessory,Single
8,15,4,1,4,1,19,1,150.43,2,Debit Card,Female,Laptop & Accessory,Married
2,19,4,3,1,0,26,21,134.17,2,E Wallet,Male,Grocery,Divorced
13,13,3,2,5,1,23,8,128.68,2,Debit Card,Male,Fashion,Single
9,19,3,4,5,0,13,6,147.15,1,Credit Card,Male,Laptop & Accessory,Single
27,17,3,3,2,0,16,7,215.84,2,COD,Female,Laptop & Accessory,Married
4,10,1,4,4,0,16,15,128.74,1,Debit Card,Female,Laptop & Accessory,Single
10,8,4,5,5,0,25,5,163.28,2,E Wallet,Male,Laptop & Accessory,Married
4,21,4,4,4,0,13,11,159.23,2,COD,Male,Mobile Phone,Married
9,27,3,4,4,0,17,7,154.88,2,Debit Card,Male,Mobile Phone,Single
45,28,2,3,3,1,11,11,279.07,1,COD,Female,Grocery,Married
13,17,3,3,4,0,19,14,146.38,2,COD,Male,Others,Married
1,15,3,3,5,0,15,10,140.05,1,Credit Card,Male,Laptop & Accessory,Married
11,26,3,4,3,1,13,7,169.13,3,Credit Card,Female,Laptop & Accessory,Divorced
5,15,1,3,3,0,14,5,120.78,2,Debit Card,Female,Mobile Phone,Single
36,13,2,4,3,0,22,2,203.36,2,UPI,Female,Others,Married
13,17,3,4,4,0,23,19,179.42,1,Debit Card,Male,Fashion,Divorced
33,23,4,3,3,0,19,5,215.1,1,E Wallet,Male,Laptop & Accessory,Single
8,7,3,4,2,0,15,5,142.29,1,Debit Card,Female,Laptop & Accessory,Married
18,7,3,4,5,1,15,6,167.71,3,COD,Male,Grocery,Married
2,10,2,4,3,0,23,6,157.85,2,E Wallet,Male,Mobile Phone,Married
16,13,1,3,4,1,19,8,195.12,2,UPI,Male,Laptop & Accessory,Single
14,20,2,2,3,1,19,8,167.32,3,Debit Card,Female,Others,Divorced
0,20,3,3,3,0,23,8,156.65,3,E Wallet,Male,Laptop & Accessory,Single
24,17,2,1,3,0,12,7,187.09,3,Credit Card,Female,Fashion,Divorced
21,13,3,4,3,1,23,10,206.72,1,E Wallet,Male,Mobile Phone,Married
0,10,3,3,3,1,13,4,145.9,3,E Wallet,Female,Laptop & Accessory,Married
4,19,4,4,2,0,23,16,152.74,3,E Wallet,Female,Fashion,Married
3,17,2,3,3,0,21,6,151.88,1,Debit Card,Female,Fashion,Single
8,13,2,3,5,0,14,37,192.62,1,Debit Card,Male,Mobile Phone,Single
8,16,2,3,4,0,15,3,144.97,1,Debit Card,Male,Laptop & Accessory,Divorced
42,16,3,2,5,0,17,4,241.94,1,UPI,Female,Laptop & Accessory,Married
6,11,3,4,2,1,16,12,164.11,1,UPI,Female,Laptop & Accessory,Single
1,16,3,4,4,0,17,7,147.6,2,Credit Card,Male,Fashion,Married
3,15,5,2,3,0,25,2,159.2,3,UPI,Male,Mobile Phone,Married
0,11,4,2,5,1,13,32,141.72,2,COD,Male,Fashion,Single
4,12,2,4,4,0,13,3,149.65,2,E Wallet,Female,Laptop & Accessory,Single
3,17,3,2,3,0,23,8,147.79,1,E Wallet,Male,Laptop & Accessory,Divorced
16,17,3,4,3,1,25,8,160.32,3,COD,Female,Laptop & Accessory,Divorced
3,15,2,2,5,0,19,11,150.67,1,Credit Card,Male,Grocery,Single
14,16,4,4,5,1,21,7,166.02,2,Debit Card,Female,Laptop & Accessory,Married
29,22,2,2,4,0,11,1,191.56,1,Credit Card,Male,Laptop & Accessory,Married
2,23,5,2,2,0,22,7,125.62,1,Debit Card,Female,Others,Married
8,23,3,3,3,0,13,7,164.52,3,E Wallet,Female,Others,Single
10,12,3,3,3,0,14,2,132.21,1,COD,Female,Laptop & Accessory,Married
5,41,1,2,5,0,25,11,157.72,3,COD,Female,Laptop & Accessory,Single
2,12,2,5,4,0,16,4,138.65,1,Debit Card,Male,Laptop & Accessory,Divorced
15,39,4,2,2,0,16,3,179.81,1,UPI,Female,Fashion,Single
24,19,4,2,1,0,20,8,201.78,2,Credit Card,Female,Mobile Phone,Married
16,15,3,1,5,1,26,18,187.99,3,Credit Card,Female,Laptop & Accessory,Married
35,11,4,3,5,0,15,19,211.85,3,E Wallet,Female,Fashion,Single
1,14,4,1,3,1,15,4,124.06,2,Debit Card,Female,Grocery,Single
13,32,3,2,1,1,16,1,189.77,1,COD,Female,Mobile Phone,Divorced
2,22,5,3,2,0,24,11,121.91,1,Debit Card,Male,Mobile Phone,Married
5,21,3,2,2,1,11,3,122.81,1,Credit Card,Male,Laptop & Accessory,Divorced
9,20,3,1,1,1,22,3,179.63,2,COD,Female,Laptop & Accessory,Single
9,12,3,2,3,0,19,7,139.17,1,Debit Card,Male,Grocery,Single
14,20,3,1,1,0,23,5,166.82,1,E Wallet,Male,Mobile Phone,Married
29,14,4,3,5,0,21,2,222.14,1,Debit Card,Male,Laptop & Accessory,Married
3,12,2,1,3,0,23,0,157.63,1,Debit Card,Male,Laptop & Accessory,Divorced
4,16,1,3,4,1,26,4,130.35,3,E Wallet,Female,Fashion,Married
33,6,2,4,5,0,24,9,208.13,1,Credit Card,Male,Mobile Phone,Married
11,8,3,3,1,1,15,9,119.92,3,COD,Female,Laptop & Accessory,Married
0,17,2,2,2,0,19,11,114.15,2,Credit Card,Female,Laptop & Accessory,Married
6,14,3,2,4,0,15,5,167.52,3,Debit Card,Female,Fashion,Married
8,12,3,2,1,0,11,2,152.55,1,Credit Card,Female,Others,Single
15,20,3,6,3,0,22,15,166.73,2,UPI,Female,Others,Married
21,14,5,4,3,1,22,20,215.87,1,Debit Card,Female,Grocery,Married
12,15,2,1,1,0,13,11,140.64,1,Credit Card,Male,Laptop & Accessory,Married
12,18,3,3,3,0,11,4,175.14,3,Credit Card,Female,Laptop & Accessory,Married
34,19,3,2,5,0,19,2,224.86,3,Debit Card,Female,Mobile Phone,Married
0,10,3,1,4,1,20,6,109.88,1,COD,Female,Grocery,Single
12,24,1,3,5,0,19,7,183.05,2,E Wallet,Male,Fashion,Divorced
10,27,4,4,1,1,24,15,141.39,1,COD,Male,Others,Single
6,12,2,3,5,0,26,9,155.15,2,Credit Card,Male,Mobile Phone,Single
21,10,3,2,4,0,14,5,171.12,3,Credit Card,Female,Laptop & Accessory,Single
1,8,3,5,4,0,12,6,138.32,1,Credit Card,Male,Others,Single
24,17,3,3,1,0,16,18,228.91,2,Credit Card,Male,Laptop & Accessory,Married
23,12,4,3,4,1,26,1,184.88,1,E Wallet,Female,Grocery,Single
13,10,2,3,3,1,22,1,175.12,2,Credit Card,Female,Fashion,Single
0,37,4,4,4,0,17,17,151.94,2,UPI,Female,Laptop & Accessory,Single
4,16,3,4,4,0,12,14,128.98,1,COD,Male,Fashion,Married
2,23,3,2,4,0,17,7,119.25,1,UPI,Male,Mobile Phone,Married
2,18,4,4,2,0,11,1,155.42,3,E Wallet,Male,Others,Divorced
16,11,4,3,1,0,21,3,170.67,3,E Wallet,Male,Fashion,Single
3,11,1,4,1,0,19,7,135.18,1,E Wallet,Male,Grocery,Divorced
18,11,2,4,5,0,18,11,170.39,3,COD,Male,Laptop & Accessory,Married
1,11,5,2,2,0,20,15,149.06,1,E Wallet,Male,Mobile Phone,Married
6,20,4,2,2,0,23,6,151.44,2,UPI,Female,Grocery,Divorced
27,13,3,3,5,0,23,8,193.29,1,Debit Card,Male,Others,Single
36,16,1,2,4,0,16,2,228.1,2,E Wallet,Male,Mobile Phone,Married
21,19,2,3,5,0,25,3,182.2,2,COD,Male,Laptop & Accessory,Married
9,16,3,4,4,0,22,4,143.31,1,COD,Male,Mobile Phone,Single
1,13,4,2,2,0,19,6,141.98,2,Credit Card,Male,Fashion,Married
1,9,2,3,5,0,20,18,133.96,3,Credit Card,Female,Fashion,Married
4,30,2,6,1,0,22,18,143.11,3,UPI,Female,Laptop & Accessory,Single
10,10,3,1,5,0,14,5,139.55,1,Credit Card,Female,Fashion,Married
5,26,3,3,2,0,14,10,148.99,3,Credit Card,Female,Laptop & Accessory,Married
3,45,2,3,4,1,13,1,169.53,3,Debit Card,Male,Others,Divorced
14,24,3,2,4,0,21,12,167.59,2,Debit Card,Female,Fashion,Married
7,29,5,5,5,1,12,0,134.78,2,Debit Card,Female,Laptop & Accessory,Married
9,27,3,4,2,1,11,7,155.14,3,COD,Female,Laptop & Accessory,Married
47,17,5,3,4,0,21,6,242.43,1,Credit Card,Male,Mobile Phone,Married
3,12,4,4,2,1,25,20,146.45,1,Debit Card,Female,Laptop & Accessory,Married
2,22,2,5,4,1,24,12,113.15,1,COD,Male,Fashion,Single
1,14,3,2,2,0,18,19,171.12,2,E Wallet,Female,Mobile Phone,Married
7,18,4,4,1,0,17,7,149.93,2,E Wallet,Female,Laptop & Accessory,Single
3,18,2,5,4,0,19,5,161.14,1,Debit Card,Female,Mobile Phone,Married
14,9,2,3,1,0,15,1,164.38,2,E Wallet,Male,Mobile Phone,Single
16,13,4,3,2,0,21,17,164.42,1,E Wallet,Female,Laptop & Accessory,Married
8,16,3,2,1,0,14,31,156.05,1,Credit Card,Male,Fashion,Married
10,18,2,2,3,0,12,2,147.79,1,Debit Card,Female,Fashion,Single
15,16,5,4,5,1,26,9,144.72,1,Credit Card,Female,Mobile Phone,Divorced
51,40,1,2,3,0,11,6,262.35,2,Credit Card,Male,Mobile Phone,Single
4,15,3,4,3,1,15,0,138.22,1,Credit Card,Female,Laptop & Accessory,Single
3,24,2,5,1,0,19,6,153.52,1,Credit Card,Female,Mobile Phone,Married
16,17,5,3,4,0,24,5,217.41,3,Credit Card,Female,Laptop & Accessory,Married
3,25,4,2,3,1,20,4,138.8,1,E Wallet,Female,Mobile Phone,Married
9,17,5,4,3,0,26,9,172.1,1,Debit Card,Female,Fashion,Divorced
13,12,3,3,3,0,19,15,183.02,1,E Wallet,Female,Laptop & Accessory,Married
12,13,1,2,5,0,26,10,183.15,3,Debit Card,Female,Mobile Phone,Single
3,11,3,1,2,1,21,16,140.6,3,Debit Card,Female,Laptop & Accessory,Married
11,12,3,3,4,0,19,7,190.03,2,Debit Card,Female,Fashion,Single
3,12,3,5,3,0,20,6,125.98,3,Debit Card,Male,Fashion,Single
19,18,4,2,3,0,25,5,187.77,1,E Wallet,Male,Laptop & Accessory,Married
0,21,3,3,3,0,24,3,111.84,1,Debit Card,Male,Laptop & Accessory,Married
4,27,2,3,5,0,26,5,139.88,3,E Wallet,Female,Mobile Phone,Single
13,12,2,2,3,1,15,4,194.77,2,Credit Card,Female,Laptop & Accessory,Married
1,18,3,3,2,1,26,3,108.92,3,UPI,Female,Mobile Phone,Married
14,8,3,4,3,1,21,7,149.39,1,E Wallet,Male,Laptop & Accessory,Single
30,13,3,3,5,0,11,6,228.01,1,E Wallet,Female,Laptop & Accessory,Married
8,17,3,3,4,1,13,3,116.25,2,UPI,Female,Laptop & Accessory,Married
1,15,3,1,4,0,16,7,125.99,2,COD,Male,Fashion,Married
14,20,4,1,3,1,13,2,157.4,1,COD,Female,Fashion,Divorced
7,26,3,1,3,0,25,10,138.6,2,E Wallet,Male,Grocery,Married
9,21,3,3,2,1,11,12,145.86,2,Debit Card,Male,Laptop & Accessory,Married
8,14,3,2,5,1,11,3,142.88,2,Credit Card,Female,Grocery,Single
1,12,4,1,5,0,18,7,126.09,3,Debit Card,Female,Laptop & Accessory,Married
1,8,3,3,3,0,17,5,162.93,3,E Wallet,Male,Laptop & Accessory,Married
12,13,4,1,2,0,11,17,186.95,2,Debit Card,Male,Others,Married
0,11,4,1,3,1,14,13,111.64,1,Debit Card,Female,Fashion,Divorced
25,14,2,3,4,0,25,13,186.76,1,COD,Female,Grocery,Married
3,17,2,2,3,1,15,0,148.3,2,Credit Card,Male,Others,Married
16,20,2,2,3,0,24,8,182.38,1,E Wallet,Male,Laptop & Accessory,Married
19,26,1,4,3,0,20,8,189.09,3,E Wallet,Male,Laptop & Accessory,Married
3,14,1,4,2,0,20,11,122.8,2,E Wallet,Female,Laptop & Accessory,Married
23,31,3,3,4,1,22,8,225.92,2,E Wallet,Male,Laptop & Accessory,Married
15,20,3,3,1,0,11,8,164.8,2,UPI,Male,Grocery,Single
21,14,4,2,1,0,21,11,182.63,3,Debit Card,Female,Grocery,Divorced
6,5,2,3,3,0,12,1,150.62,1,UPI,Female,Mobile Phone,Divorced
9,21,2,2,1,0,11,9,154.87,3,E Wallet,Male,Laptop & Accessory,Single
2,30,3,4,4,0,16,1,129.49,2,E Wallet,Male,Laptop & Accessory,Divorced
30,7,4,2,3,0,11,1,196.69,2,E Wallet,Male,Grocery,Married
10,14,2,4,3,1,13,16,176.68,3,Credit Card,Female,Laptop & Accessory,Married
7,13,2,2,1,0,19,11,134.36,3,E Wallet,Female,Others,Divorced
0,10,5,4,4,0,24,11,114.5,1,E Wallet,Female,Fashion,Single
1,31,5,4,1,0,17,4,149.2,3,E Wallet,Male,Mobile Phone,Single
7,9,2,3,2,0,18,5,135.67,3,Debit Card,Female,Fashion,Married
0,22,4,1,5,0,14,12,138.61,1,Credit Card,Male,Mobile Phone,Single
0,16,1,5,4,1,15,11,141.72,1,E Wallet,Female,Mobile Phone,Married
1,12,3,3,1,0,15,4,162.2,2,Debit Card,Female,Mobile Phone,Married
4,14,3,3,1,0,15,2,105.55,3,UPI,Male,Mobile Phone,Single
3,13,3,2,3,0,18,5,136.37,3,Debit Card,Male,Grocery,Married
40,27,2,3,5,1,15,26,234.33,1,Debit Card,Male,Fashion,Married
1,13,4,2,5,0,11,8,131.39,3,Debit Card,Male,Fashion,Single
17,12,1,2,3,0,14,2,179.05,2,Debit Card,Male,Others,Divorced
7,21,2,3,3,1,25,5,154.81,1,E Wallet,Female,Laptop & Accessory,Single
19,11,3,2,1,0,25,7,187.72,1,Credit Card,Male,Grocery,Divorced
24,13,4,5,1,1,24,5,177.83,1,Credit Card,Male,Laptop & Accessory,Single
17,10,1,4,4,1,17,1,174.2,2,Debit Card,Male,Laptop & Accessory,Divorced
9,7,1,3,1,0,21,4,145.4,3,Debit Card,Male,Grocery,Divorced
6,13,2,4,4,0,19,10,144.9,2,Credit Card,Female,Laptop & Accessory,Divorced
8,12,2,5,4,0,19,8,151.58,2,Debit Card,Male,Mobile Phone,Divorced
12,12,2,4,3,0,16,2,148.37,2,E Wallet,Male,Mobile Phone,Single
25,17,1,3,3,0,24,8,217.38,1,Credit Card,Female,Laptop & Accessory,Single
23,32,3,3,1,1,18,9,178.98,3,Credit Card,Female,Fashion,Married
4,11,4,2,2,0,21,3,181.05,3,UPI,Male,Mobile Phone,Single
0,10,2,3,2,1,22,10,151.36,2,Credit Card,Male,Laptop & Accessory,Single
45,15,4,2,5,0,21,10,247.32,1,UPI,Female,Laptop & Accessory,Married
2,17,3,3,4,0,17,10,164.7,1,Debit Card,Male,Others,Married
10,18,3,2,2,1,20,5,149.3,1,Debit Card,Female,Grocery,Single
2,8,4,3,3,0,15,5,155.11,3,E Wallet,Male,Fashion,Married
4,21,3,3,5,1,23,11,143.4,3,Debit Card,Male,Grocery,Married
19,21,3,2,5,1,23,11,179.12,2,E Wallet,Male,Mobile Phone,Single
2,13,2,4,3,0,12,2,131.07,2,Credit Card,Male,Grocery,Married
40,32,3,1,4,0,23,0,199.72,1,UPI,Male,Laptop & Accessory,Single
30,27,3,5,4,1,26,3,213.41,1,Credit Card,Male,Mobile Phone,Divorced
6,14,3,2,3,0,24,8,145.66,3,Credit Card,Female,Mobile Phone,Married
37,31,2,5,4,1,15,12,216.67,1,Credit Card,Male,Others,Married
10,9,2,6,3,0,16,7,164.11,2,E Wallet,Male,Others,Married
14,16,3,2,4,1,26,5,209.85,3,Debit Card,Female,Mobile Phone,Married
5,25,4,4,2,0,16,16,178.63,3,Credit Card,Male,Laptop & Accessory,Divorced
16,10,4,3,3,0,20,6,163.95,1,UPI,Male,Others,Single
28,15,1,1,5,0,11,1,197.4,3,Credit Card,Female,Laptop & Accessory,Single
13,23,2,4,3,0,17,9,159.27,1,COD,Male,Mobile Phone,Divorced
18,20,4,3,5,0,19,19,164.77,2,Credit Card,Female,Laptop & Accessory,Single
0,14,2,5,3,0,22,11,134.4,3,Debit Card,Male,Mobile Phone,Married
27,11,4,4,4,0,22,8,224.94,1,Debit Card,Female,Laptop & Accessory,Divorced
19,14,5,3,3,0,17,0,180.8,2,Debit Card,Female,Others,Single
14,11,3,2,5,1,19,2,160.06,1,Credit Card,Male,Grocery,Married
0,23,1,2,2,0,24,7,145.08,3,Debit Card,Male,Others,Married
2,7,2,2,3,1,17,7,143.69,1,E Wallet,Male,Grocery,Single
20,11,2,4,2,0,15,5,182.25,1,Credit Card,Female,Fashion,Single
20,19,3,5,4,0,20,10,194.45,1,Debit Card,Male,Laptop & Accessory,Single
1,10,3,3,4,1,14,17,134.75,3,UPI,Female,Laptop & Accessory,Married
1,20,2,3,4,0,11,3,139.97,3,E Wallet,Male,Fashion,Single
7,19,2,2,5,0,21,3,114.55,1,Credit Card,Female,Laptop & Accessory,Married
23,11,2,1,3,0,19,23,192.33,1,E Wallet,Male,Others,Married
0,13,3,2,1,1,23,10,133.18,3,COD,Male,Laptop & Accessory,Married
2,15,3,2,4,0,13,35,137.93,1,Credit Card,Female,Mobile Phone,Married
2,17,3,5,4,0,23,16,145.51,3,Debit Card,Female,Mobile Phone,Divorced
21,15,3,2,5,0,23,2,194.06,1,E Wallet,Male,Fashion,Single
12,15,4,2,2,0,22,1,170.66,1,E Wallet,Female,Laptop & Accessory,Single
0,11,2,3,4,0,13,26,138.67,3,Debit Card,Female,Laptop & Accessory,Married
3,11,2,3,3,1,21,10,123.78,1,E Wallet,Male,Fashion,Married
13,9,2,4,5,0,12,3,153.54,3,Credit Card,Male,Fashion,Single
15,12,5,2,2,0,19,41,192.24,3,E Wallet,Male,Laptop & Accessory,Married
29,8,3,4,4,0,20,4,186.2,2,Credit Card,Male,Laptop & Accessory,Single
14,10,2,3,5,0,15,24,164.36,2,Credit Card,Female,Mobile Phone,Single
5,13,1,2,3,0,22,17,151.03,3,COD,Male,Others,Single
3,9,4,4,2,0,12,13,142.7,1,COD,Male,Fashion,Divorced
0,11,4,6,4,0,13,5,113.94,2,Credit Card,Male,Grocery,Married
8,16,3,3,2,1,11,2,113.98,1,E Wallet,Female,Fashion,Married
42,15,3,2,3,1,11,5,236.94,2,Debit Card,Female,Laptop & Accessory,Single
13,18,2,2,4,0,16,14,157.54,2,Credit Card,Male,Laptop & Accessory,Married
0,12,3,2,5,0,17,1,123.94,2,E Wallet,Female,Fashion,Single
40,13,4,5,5,0,21,12,277.29,3,COD,Female,Laptop & Accessory,Single
4,12,2,1,5,0,19,6,124.63,1,E Wallet,Female,Fashion,Married
7,9,4,2,2,0,15,2,140.66,1,Debit Card,Male,Fashion,Married
8,10,3,3,3,0,24,1,176.22,2,UPI,Female,Laptop & Accessory,Single
20,14,3,3,1,1,21,19,203.15,2,Credit Card,Female,Mobile Phone,Divorced
28,6,2,5,3,0,14,8,209.0,3,Debit Card,Male,Others,Married
4,24,4,3,1,0,23,11,137.86,1,Debit Card,Male,Fashion,Married
39,17,4,3,3,0,16,0,201.35,3,COD,Male,Others,Divorced
20,10,4,4,2,1,20,10,184.86,3,Credit Card,Male,Mobile Phone,Divorced
2,10,3,5,3,0,15,1,143.25,2,UPI,Male,Laptop & Accessory,Single
8,29,2,3,3,0,15,5,136.13,3,Credit Card,Female,Laptop & Accessory,Married
24,21,4,3,5,1,14,1,164.49,1,Credit Card,Female,Mobile Phone,Single
14,17,2,3,5,1,14,7,186.1,3,E Wallet,Male,Mobile Phone,Single
0,18,3,1,1,1,16,12,148.12,2,Debit Card,Female,Fashion,Divorced
45,19,4,1,3,1,16,12,257.2,1,E Wallet,Female,Grocery,Married
4,18,3,5,1,0,26,3,146.16,1,Debit Card,Female,Fashion,Single
15,18,2,2,3,0,15,2,171.29,1,Debit Card,Female,Fashion,Married
29,15,3,4,3,0,12,9,232.73,1,E Wallet,Male,Fashion,Married
16,12,1,2,3,0,13,4,168.14,1,Debit Card,Female,Fashion,Single
5,20,2,3,2,1,22,2,160.15,2,COD,Male,Others,Single
12,8,4,3,4,0,20,7,182.86,1,Credit Card,Male,Fashion,Married
10,11,5,2,4,0,12,6,143.83,1,COD,Male,Others,Single
0,15,3,3,3,1,24,3,162.1,1,UPI,Male,Mobile Phone,Married
4,10,3,3,4,1,13,11,113.03,1,E Wallet,Male,Mobile Phone,Single
34,17,3,6,3,1,21,2,212.34,2,E Wallet,Male,Mobile Phone,Married
5,10,3,4,4,0,21,4,167.23,1,Debit Card,Male,Others,Divorced
1,12,4,4,3,0,12,11,119.93,1,Debit Card,Male,Laptop & Accessory,Divorced
1,15,5,3,3,0,25,6,130.61,2,Credit Card,Male,Grocery,Married
26,27,2,1,3,0,20,7,205.86,3,Credit Card,Male,Others,Single
0,17,5,3,2,0,21,23,116.93,1,Credit Card,Female,Grocery,Married
10,14,2,3,3,0,25,4,141.27,1,E Wallet,Male,Fashion,Married
6,13,2,4,2,0,16,13,131.85,1,Credit Card,Female,Mobile Phone,Divorced
3,19,4,6,1,0,21,21,126.05,1,E Wallet,Female,Laptop & Accessory,Single
9,24,4,3,3,1,22,10,172.55,1,Credit Card,Female,Fashion,Married
5,15,4,2,5,0,13,3,157.85,1,Debit Card,Male,Fashion,Married
27,14,4,3,4,0,19,5,210.17,3,E Wallet,Female,Grocery,Married
10,42,3,3,3,0,24,6,129.4,2,UPI,Male,Laptop & Accessory,Single
9,17,3,3,5,0,13,14,150.04,1,Credit Card,Male,Laptop & Accessory,Divorced
33,25,1,3,2,0,14,7,229.73,2,Credit Card,Female,Mobile Phone,Single
15,29,2,3,1,0,24,6,143.06,1,Credit Card,Female,Grocery,Married
35,16,3,1,1,0,25,6,213.66,2,E Wallet,Male,Laptop & Accessory,Married
1,11,3,1,3,0,21,11,134.59,2,UPI,Male,Mobile Phone,Married
10,24,3,3,4,0,14,6,144.3,1,UPI,Female,Grocery,Single
2,35,1,1,1,1,11,28,139.82,2,Credit Card,Male,Mobile Phone,Single
14,8,2,3,2,0,18,17,183.0,2,Debit Card,Male,Mobile Phone,Single
1,28,1,3,4,1,23,5,131.63,2,Credit Card,Female,Laptop & Accessory,Married
9,10,3,2,3,1,22,7,145.49,1,COD,Female,Fashion,Married
12,10,2,1,3,0,26,17,186.62,2,Debit Card,Male,Laptop & Accessory,Divorced
2,17,4,3,4,0,13,2,168.81,3,Credit Card,Female,Grocery,Married
15,34,4,3,4,0,11,2,172.69,2,E Wallet,Male,Laptop & Accessory,Married
3,11,3,5,5,1,15,14,120.01,2,Debit Card,Male,Mobile Phone,Single
8,23,1,3,3,1,14,3,154.78,3,UPI,Male,Fashion,Single
0,17,2,5,3,0,18,10,131.66,3,Debit Card,Male,Laptop & Accessory,Married
7,9,4,2,3,0,24,12,154.67,2,Debit Card,Male,Fashion,Married
8,12,3,1,5,0,12,6,117.83,1,Debit Card,Female,Laptop & Accessory,Single
5,19,4,3,4,0,26,11,156.81,3,E Wallet,Female,Laptop & Accessory,Divorced
6,28,3,2,2,0,21,7,155.8,1,Debit Card,Male,Fashion,Single
9,32,3,5,3,0,26,6,185.88,2,Credit Card,Female,Fashion,Married
2,16,2,4,2,1,24,13,134.37,3,Credit Card,Male,Laptop & Accessory,Single
6,9,2,4,3,0,14,1,155.87,1,COD,Female,Mobile Phone,Single
35,10,3,3,2,0,24,1,230.16,1,Credit Card,Male,Fashion,Divorced
12,14,2,3,5,1,17,3,160.62,1,Debit Card,Male,Mobile Phone,Single
4,9,2,2,2,1,26,3,140.67,3,Debit Card,Male,Laptop & Accessory,Married
6,29,3,2,4,0,11,4,129.38,1,UPI,Female,Fashion,Single
0,22,3,4,3,0,14,13,130.96,2,Credit Card,Female,Laptop & Accessory,Single
59,30,4,2,3,0,14,2,280.25,3,E Wallet,Female,Laptop & Accessory,Married
23,24,4,4,1,0,16,7,202.46,2,UPI,Male,Fashion,Married
1,11,4,3,5,0,23,4,122.77,2,UPI,Female,Fashion,Married
3,24,2,2,2,1,15,5,119.65,1,Debit Card,Male,Laptop & Accessory,Married
2,16,3,4,2,0,11,6,152.85,1,UPI,Female,Fashion,Married
4,17,2,3,3,0,17,19,131.63,3,Debit Card,Male,Mobile Phone,Married
1,10,3,1,2,1,13,4,133.54,2,COD,Male,Laptop & Accessory,Married
1,27,3,3,3,1,17,6,124.37,1,Credit Card,Female,Fashion,Married
0,48,3,3,3,0,19,7,144.05,3,E Wallet,Female,Fashion,Divorced
2,33,3,2,3,1,21,13,121.76,1,COD,Female,Fashion,Married
7,22,2,3,4,0,17,6,158.47,1,Debit Card,Female,Fashion,Single
9,14,5,2,2,0,18,16,148.08,2,Credit Card,Male,Mobile Phone,Married
12,26,2,3,1,1,14,3,167.9,2,Credit Card,Female,Mobile Phone,Married
17,13,3,3,5,0,19,6,200.39,1,Debit Card,Female,Others,Married
6,14,4,3,3,1,11,11,134.98,2,Debit Card,Female,Fashion,Married
21,12,3,2,5,0,26,9,197.16,3,Debit Card,Male,Fashion,Married
4,16,3,3,3,1,24,9,121.91,2,Debit Card,Male,Fashion,Single
8,27,3,2,5,0,24,6,169.58,3,Debit Card,Male,Mobile Phone,Single
10,31,2,4,1,1,24,15,135.41,3,Debit Card,Male,Fashion,Married
8,21,2,5,3,1,14,7,157.34,3,E Wallet,Male,Mobile Phone,Single
0,15,1,2,3,0,14,3,149.9,1,UPI,Male,Mobile Phone,Single
15,23,3,4,2,0,21,9,168.41,1,E Wallet,Female,Mobile Phone,Single
0,31,2,3,4,0,20,1,131.08,3,Credit Card,Male,Mobile Phone,Divorced
10,17,1,2,3,1,13,3,140.58,1,Debit Card,Male,Laptop & Accessory,Divorced
41,17,2,1,2,0,14,12,268.02,2,Credit Card,Female,Fashion,Divorced
15,12,4,4,3,0,15,19,154.15,3,COD,Male,Grocery,Married
7,11,3,2,5,1,11,6,148.12,1,Debit Card,Female,Mobile Phone,Single
0,27,2,5,4,0,11,4,145.75,2,E Wallet,Male,Mobile Phone,Divorced
14,17,4,2,5,0,26,11,192.22,1,Credit Card,Male,Laptop & Accessory,Single
12,12,2,2,3,0,22,26,162.08,3,Debit Card,Male,Mobile Phone,Divorced
49,11,3,3,1,0,23,5,264.38,1,Credit Card,Female,Laptop & Accessory,Single
1,18,3,3,2,1,21,14,124.92,2,Debit Card,Female,Fashion,Married
15,14,2,4,4,0,20,6,168.79,3,Debit Card,Female,Laptop & Accessory,Single
4,18,5,1,1,0,12,11,129.07,2,Credit Card,Male,Laptop & Accessory,Divorced
61,10,3,2,3,0,16,8,294.0,2,Debit Card,Male,Grocery,Married
6,16,2,3,2,0,13,22,165.17,3,Credit Card,Female,Fashion,Married
19,17,4,2,5,1,17,15,205.31,1,E Wallet,Male,Laptop & Accessory,Married
3,16,4,1,3,1,24,11,159.68,2,E Wallet,Female,Laptop & Accessory,Married
3,27,3,4,3,0,26,6,156.42,1,Credit Card,Male,Fashion,Divorced
18,29,3,3,3,0,23,11,189.47,2,E Wallet,Female,Fashion,Married
3,10,2,2,4,0,14,26,120.82,3,Credit Card,Female,Laptop & Accessory,Married
11,33,3,3,1,0,13,6,159.62,1,Credit Card,Female,Laptop & Accessory,Single
9,11,2,3,1,1,14,1,150.54,1,E Wallet,Male,Fashion,Single
3,12,4,2,3,0,12,13,133.25,1,Debit Card,Male,Mobile Phone,Single
9,9,2,2,4,0,18,5,135.37,2,Credit Card,Male,Laptop & Accessory,Single
13,12,3,2,1,1,13,7,183.44,2,Credit Card,Male,Mobile Phone,Married
1,28,3,4,3,0,13,5,111.22,1,Credit Card,Male,Fashion,Single
1,15,2,2,3,0,20,11,144.12,2,Credit Card,Female,Laptop & Accessory,Married
22,15,3,3,3,0,11,11,190.47,3,Debit Card,Female,Laptop & Accessory,Single
15,9,4,4,3,0,18,4,172.06,1,Credit Card,Male,Others,Married
0,14,3,1,5,0,21,3,121.6,3,E Wallet,Male,Fashion,Single
18,31,2,4,5,0,17,7,191.47,1,E Wallet,Male,Laptop & Accessory,Married
12,24,3,1,1,0,14,6,176.78,3,Credit Card,Female,Fashion,Single
30,7,3,2,5,0,19,7,166.73,2,COD,Male,Fashion,Divorced
14,9,3,2,3,0,26,20,183.28,2,Debit Card,Female,Others,Single
1,10,3,2,3,0,24,3,120.76,2,Debit Card,Male,Fashion,Married
0,21,4,3,1,0,14,8,145.06,2,Debit Card,Female,Others,Divorced
21,15,4,4,3,0,13,5,160.88,2,Debit Card,Male,Grocery,Divorced
5,10,3,5,3,0,18,12,161.13,3,Credit Card,Male,Grocery,Married
10,21,3,2,2,1,24,18,135.85,2,E Wallet,Male,Laptop & Accessory,Married
13,17,3,3,3,1,11,4,140.53,2,UPI,Male,Fashion,Single
52,10,3,3,3,0,14,16,257.55,3,Debit Card,Male,Fashion,Single
10,15,3,1,2,1,15,11,135.06,1,E Wallet,Male,Mobile Phone,Divorced
1,20,4,1,4,0,21,12,144.08,2,COD,Female,Laptop & Accessory,Single
0,23,4,3,4,1,18,5,146.18,3,Credit Card,Male,Laptop & Accessory,Married
34,7,1,1,5,0,24,8,205.97,3,Debit Card,Female,Grocery,Single
26,15,3,4,2,1,16,8,194.5,3,Credit Card,Male,Laptop & Accessory,Married
1,18,4,1,2,1,11,10,118.85,1,Debit Card,Male,Grocery,Divorced
1,12,2,3,4,0,11,8,103.57,3,UPI,Female,Mobile Phone,Married
13,10,4,3,4,0,16,12,173.96,1,Credit Card,Male,Mobile Phone,Single
2,24,4,3,3,1,23,10,116.45,1,E Wallet,Male,Fashion,Single
13,21,4,4,3,0,19,9,171.44,1,E Wallet,Male,Fashion,Married
19,14,4,3,3,0,25,0,164.98,1,Debit Card,Female,Fashion,Single
1,24,3,3,2,0,14,6,150.18,2,COD,Female,Fashion,Married
6,11,2,4,4,0,26,6,172.98,2,Debit Card,Female,Fashion,Single
19,19,3,2,3,0,15,9,188.62,2,COD,Male,Grocery,Single
7,11,4,3,5,1,17,0,165.76,3,Credit Card,Female,Laptop & Accessory,Divorced
4,13,2,3,4,0,22,1,132.45,1,E Wallet,Male,Fashion,Single
9,20,4,1,3,0,12,6,154.87,2,Credit Card,Male,Fashion,Married
3,14,4,4,2,0,17,6,111.86,3,E Wallet,Female,Mobile Phone,Married
20,15,4,5,2,0,14,7,183.5,2,Credit Card,Male,Laptop & Accessory,Single
19,19,2,3,2,0,15,9,191.12,2,UPI,Male,Others,Married
3,9,3,4,3,1,14,2,148.72,2,E Wallet,Male,Laptop & Accessory,Married
3,9,3,1,3,1,15,9,136.61,2,E Wallet,Female,Mobile Phone,Married
14,7,2,1,2,0,15,11,157.57,2,Debit Card,Male,Fashion,Divorced
16,16,3,2,2,1,14,3,162.0,1,Credit Card,Male,Mobile Phone,Single
22,16,3,2,4,0,14,0,199.12,1,E Wallet,Male,Fashion,Married
2,18,3,3,4,1,20,9,133.08,3,Credit Card,Female,Fashion,Single
2,17,3,5,5,0,19,10,147.61,2,E Wallet,Female,Grocery,Married
19,13,1,4,3,0,24,20,140.95,1,Credit Card,Male,Fashion,Married
21,11,2,5,3,1,11,5,172.52,2,Debit Card,Male,Others,Single
27,14,3,5,2,0,23,8,229.81,3,Credit Card,Male,Fashion,Divorced
2,14,1,2,3,1,15,14,142.21,1,Credit Card,Male,Mobile Phone,Married
4,16,4,1,4,1,18,2,132.68,3,E Wallet,Female,Laptop & Accessory,Single
9,27,2,2,3,1,24,11,152.66,3,UPI,Male,Laptop & Accessory,Married
5,16,3,3,3,0,25,8,139.16,2,E Wallet,Male,Fashion,Divorced
25,27,2,3,3,0,22,5,181.25,2,E Wallet,Female,Fashion,Divorced
5,12,2,3,2,1,15,19,123.03,2,Debit Card,Male,Fashion,Divorced
16,13,3,4,3,0,11,3,199.05,2,E Wallet,Male,Mobile Phone,Married
4,20,2,1,4,0,15,0,141.21,3,Debit Card,Male,Laptop & Accessory,Single
22,24,3,3,3,0,24,12,169.7,1,E Wallet,Female,Fashion,Single
17,10,4,3,4,1,19,2,185.99,1,Debit Card,Male,Grocery,Married
17,13,2,1,5,0,17,3,162.41,1,E Wallet,Female,Mobile Phone,Single
15,22,2,5,5,0,18,7,163.57,3,Credit Card,Female,Others,Married
3,30,3,3,3,0,14,5,138.16,3,Credit Card,Female,Mobile Phone,Married
8,7,4,3,3,0,20,1,185.38,2,E Wallet,Female,Fashion,Married
61,14,3,3,3,1,16,16,323.57,3,Debit Card,Male,Laptop & Accessory,Divorced
61,37,5,4,3,0,16,4,281.21,1,E Wallet,Male,Laptop & Accessory,Single
13,9,3,4,5,0,14,8,173.44,1,UPI,Male,Laptop & Accessory,Divorced
18,25,1,4,2,0,23,7,156.35,3,E Wallet,Male,Laptop & Accessory,Single
6,14,4,4,3,0,13,6,148.4,1,E Wallet,Male,Grocery,Single
52,17,2,3,3,0,11,16,241.55,1,COD,Male,Laptop & Accessory,Married
2,28,2,3,3,0,22,6,145.72,1,UPI,Female,Fashion,Single
1,27,3,2,5,1,16,13,155.45,3,Credit Card,Male,Grocery,Single
4,12,3,5,4,1,11,8,134.52,2,Credit Card,Male,Others,Divorced
6,13,1,3,5,1,20,4,145.42,3,E Wallet,Female,Fashion,Married
5,21,4,3,3,1,11,15,126.29,2,Debit Card,Male,Others,Married
1,26,4,1,3,1,26,5,121.24,1,Debit Card,Female,Laptop & Accessory,Single
10,21,3,4,2,1,20,2,160.39,1,E Wallet,Male,Mobile Phone,Married
6,16,2,4,3,1,20,9,158.6,1,Credit Card,Female,Mobile Phone,Married
0,14,3,1,2,0,19,0,102.55,2,Credit Card,Male,Fashion,Single
28,13,3,5,4,0,26,12,210.03,3,Debit Card,Male,Laptop & Accessory,Married
21,14,1,3,3,0,19,17,192.73,2,Debit Card,Female,Fashion,Married
11,6,1,2,1,1,11,0,133.36,1,E Wallet,Female,Others,Married
9,24,4,3,5,0,11,4,144.66,3,COD,Male,Others,Single
5,10,3,3,3,0,19,2,110.86,2,Debit Card,Female,Fashion,Married
8,12,4,4,3,1,22,5,154.86,1,E Wallet,Male,Mobile Phone,Married
11,14,4,5,1,0,17,12,170.48,3,Credit Card,Male,Laptop & Accessory,Married
19,12,3,2,1,0,26,3,202.56,3,COD,Male,Others,Divorced
9,19,3,3,1,0,14,5,151.52,3,COD,Female,Fashion,Single
5,22,4,2,3,0,13,2,155.08,1,E Wallet,Female,Laptop & Accessory,Divorced
6,24,3,3,2,1,18,5,144.13,1,Credit Card,Female,Mobile Phone,Married
18,10,4,3,2,1,12,7,174.88,1,E Wallet,Male,Fashion,Married
18,16,2,2,5,0,21,3,161.27,1,Debit Card,Male,Laptop & Accessory,Married
37,20,4,3,2,0,24,5,242.98,1,Credit Card,Male,Mobile Phone,Single
6,20,4,5,1,0,13,4,133.84,3,Debit Card,Female,Laptop & Accessory,Single
24,11,3,6,1,0,26,9,217.34,1,Credit Card,Male,Others,Married
12,11,3,3,2,0,25,15,146.13,3,Credit Card,Female,Grocery,Married
21,12,4,2,4,0,24,2,180.96,3,Credit Card,Male,Laptop & Accessory,Single
13,21,1,2,1,1,26,7,171.6,1,E Wallet,Female,Mobile Phone,Divorced
24,27,3,3,4,1,21,2,190.44,2,E Wallet,Male,Grocery,Married
12,17,3,2,2,1,25,3,146.86,3,Debit Card,Female,Others,Divorced
6,13,4,5,2,0,11,12,154.13,1,Credit Card,Male,Laptop & Accessory,Single
0,7,4,3,1,1,15,17,146.77,2,Credit Card,Female,Laptop & Accessory,Married
4,8,1,3,2,0,21,3,147.59,3,COD,Male,Fashion,Married
6,12,2,4,1,0,26,14,137.89,1,Debit Card,Male,Mobile Phone,Married
0,16,4,3,2,0,15,7,143.32,1,E Wallet,Female,Laptop & Accessory,Married
0,10,3,5,2,0,24,12,136.01,2,Debit Card,Male,Fashion,Married
3,26,2,1,1,0,26,6,152.43,3,Debit Card,Female,Mobile Phone,Married
0,19,3,2,4,0,21,4,123.32,2,COD,Female,Laptop & Accessory,Divorced
17,13,3,3,2,1,23,4,188.55,3,Credit Card,Male,Mobile Phone,Married
2,23,3,3,3,1,17,1,146.76,1,E Wallet,Female,Fashion,Married
24,16,2,4,2,0,17,0,194.21,1,Credit Card,Female,Mobile Phone,Single
27,16,4,4,2,1,12,7,213.73,2,E Wallet,Female,Laptop & Accessory,Single
25,14,4,5,5,1,22,22,214.75,2,Credit Card,Male,Fashion,Married
4,26,3,1,2,0,15,12,139.41,2,Debit Card,Female,Grocery,Married
30,10,2,4,5,0,13,11,229.51,2,Debit Card,Female,Fashion,Married
33,32,3,2,4,0,23,14,201.63,2,Credit Card,Male,Fashion,Single
4,29,2,1,2,0,18,7,153.5,2,Credit Card,Male,Fashion,Married
3,11,1,4,3,0,22,2,141.27,1,E Wallet,Female,Laptop & Accessory,Married
4,11,2,2,3,0,17,10,150.61,2,Debit Card,Male,Laptop & Accessory,Single
12,11,1,1,1,0,17,2,192.63,2,Debit Card,Female,Laptop & Accessory,Single
8,11,1,5,4,0,20,3,128.61,1,Credit Card,Male,Others,Divorced
30,14,4,4,5,0,17,9,216.63,1,Debit Card,Male,Mobile Phone,Single
16,19,5,3,2,0,11,10,175.38,3,Debit Card,Male,Others,Single
5,20,4,5,4,1,20,4,133.96,2,Credit Card,Male,Laptop & Accessory,Married
40,22,3,2,4,0,15,12,240.8,3,Debit Card,Male,Laptop & Accessory,Married
25,26,2,4,5,0,16,13,192.54,2,E Wallet,Female,Others,Married
9,25,1,1,2,1,18,1,163.63,2,Debit Card,Male,Laptop & Accessory,Married
11,11,2,4,3,0,13,4,167.91,1,COD,Male,Fashion,Single
4,8,1,2,3,0,25,14,133.14,2,E Wallet,Male,Laptop & Accessory,Married
6,10,2,4,3,0,20,1,153.27,2,UPI,Male,Laptop & Accessory,Single
3,7,2,3,2,0,25,1,136.47,1,Debit Card,Male,Grocery,Single
5,22,1,1,2,1,24,0,133.42,3,Debit Card,Female,Laptop & Accessory,Married
23,15,4,3,4,0,13,1,201.0,3,COD,Female,Others,Divorced
6,13,4,3,1,0,22,6,153.99,2,Credit Card,Male,Fashion,Single
2,31,3,1,3,0,17,7,138.38,3,Debit Card,Male,Mobile Phone,Single
22,36,2,3,2,0,12,11,174.48,1,Credit Card,Male,Others,Single
61,8,4,5,4,1,18,5,282.21,1,Credit Card,Female,Grocery,Single
12,21,1,1,2,0,22,3,162.92,2,E Wallet,Male,Others,Divorced
6,19,3,4,3,0,23,2,163.94,1,UPI,Male,Fashion,Single
7,11,3,3,3,0,18,2,179.73,3,UPI,Female,Laptop & Accessory,Married
4,8,2,1,4,0,20,10,137.75,1,Credit Card,Female,Fashion,Single
30,15,4,3,3,0,16,6,220.48,3,Debit Card,Female,Fashion,Married
9,13,2,4,2,0,26,1,151.62,2,E Wallet,Male,Mobile Phone,Single
0,9,3,2,1,0,21,9,130.24,3,Debit Card,Female,Fashion,Divorced
17,14,4,3,2,0,11,1,157.54,1,Debit Card,Male,Laptop & Accessory,Married
3,24,3,6,3,0,19,2,175.24,2,Debit Card,Female,Others,Married
14,6,1,5,5,0,26,12,181.1,1,Credit Card,Female,Fashion,Married
28,12,3,2,1,0,22,9,225.7,2,Credit Card,Female,Mobile Phone,Single
61,17,4,3,5,1,24,21,294.06,2,E Wallet,Male,Others,Single
4,8,4,2,4,1,23,11,146.03,3,E Wallet,Male,Grocery,Single
18,16,4,3,3,1,18,3,191.99,2,Debit Card,Male,Fashion,Married
2,28,2,4,3,0,16,7,112.4,2,Debit Card,Male,Fashion,Single
12,20,1,4,3,0,22,1,149.19,1,E Wallet,Male,Mobile Phone,Married
0,9,3,6,3,0,18,2,130.05,2,Debit Card,Female,Laptop & Accessory,Married
2,23,3,2,4,0,23,8,151.66,1,UPI,Male,Laptop & Accessory,Married
5,6,5,3,3,1,19,5,145.36,2,Debit Card,Male,Mobile Phone,Divorced
6,18,3,4,3,0,22,15,154.74,3,Credit Card,Female,Others,Married
9,17,3,5,1,0,23,6,179.1,2,Debit Card,Male,Fashion,Single
7,8,3,3,3,0,24,16,146.84,2,UPI,Male,Grocery,Single
20,17,4,2,3,0,17,6,209.03,3,COD,Female,Laptop & Accessory,Married
0,19,3,3,3,0,21,15,139.97,1,Debit Card,Female,Laptop & Accessory,Single
1,13,1,3,2,0,24,3,123.69,1,Debit Card,Female,Mobile Phone,Single
2,19,4,5,5,0,24,16,138.01,2,Debit Card,Female,Mobile Phone,Divorced
9,12,2,4,2,0,16,12,141.15,2,Debit Card,Female,Laptop & Accessory,Married
13,18,4,2,1,0,12,1,168.68,3,E Wallet,Female,Laptop & Accessory,Married
11,17,4,2,3,0,22,4,144.99,3,E Wallet,Male,Laptop & Accessory,Single
4,11,2,2,2,0,26,25,139.08,1,Credit Card,Female,Fashion,Single
6,13,3,3,3,0,23,4,182.51,1,Debit Card,Male,Grocery,Married
10,22,4,2,2,1,11,18,177.93,3,Credit Card,Male,Mobile Phone,Married
10,22,2,3,3,0,15,5,148.84,2,E Wallet,Female,Laptop & Accessory,Single
16,17,1,3,3,0,11,2,197.49,3,Credit Card,Male,Others,Married
0,24,2,3,3,0,13,5,151.64,2,E Wallet,Male,Fashion,Divorced
6,12,3,3,5,0,26,9,151.85,2,Credit Card,Male,Fashion,Married
34,8,4,2,3,0,14,15,193.5,3,Credit Card,Male,Fashion,Single
3,16,3,2,5,0,13,1,142.65,2,UPI,Male,Others,Single
18,16,3,2,2,0,22,2,178.51,2,Debit Card,Male,Laptop & Accessory,Married
42,10,2,4,3,0,25,8,235.3,2,Credit Card,Male,Fashion,Single
7,11,2,3,2,0,13,5,155.79,3,Debit Card,Female,Fashion,Married
14,12,1,3,3,0,11,6,148.36,1,Credit Card,Female,Fashion,Single
24,9,1,5,3,0,15,6,176.47,2,Debit Card,Male,Others,Single
13,8,1,6,3,0,21,4,164.5,1,E Wallet,Male,Mobile Phone,Married
35,25,4,4,4,0,26,14,233.21,3,Credit Card,Male,Grocery,Married
1,14,4,3,3,0,16,5,133.13,3,UPI,Male,Laptop & Accessory,Single
23,11,2,6,4,0,23,14,182.07,1,E Wallet,Female,Laptop & Accessory,Married
1,17,4,5,4,0,25,10,101.78,1,Credit Card,Female,Fashion,Divorced
26,11,3,5,4,0,12,11,198.05,1,Debit Card,Male,Laptop & Accessory,Married
13,22,3,1,2,0,25,3,156.92,1,Debit Card,Male,Fashion,Single
3,12,4,1,2,1,14,5,145.51,1,Debit Card,Male,Fashion,Married
2,21,3,4,1,1,16,4,143.75,3,Credit Card,Male,Laptop & Accessory,Divorced
7,24,2,1,5,0,22,4,156.42,2,Credit Card,Female,Mobile Phone,Single
5,11,3,6,4,0,17,6,125.63,2,Debit Card,Female,Laptop & Accessory,Divorced
13,18,3,2,4,0,12,1,169.5,3,Credit Card,Male,Fashion,Single
20,16,4,1,3,0,21,4,189.55,2,E Wallet,Male,Mobile Phone,Married
1,15,4,6,3,0,11,10,107.77,1,Debit Card,Female,Fashion,Divorced
8,16,3,2,1,0,17,18,166.26,1,UPI,Female,Fashion,Married
6,14,5,3,3,1,24,8,140.11,1,Debit Card,Female,Grocery,Married
33,24,1,2,4,0,11,1,219.9,1,COD,Male,Fashion,Single
12,18,2,5,2,0,14,1,143.98,3,E Wallet,Female,Laptop & Accessory,Single
3,29,4,3,4,0,20,9,128.25,1,Credit Card,Male,Laptop & Accessory,Divorced
14,16,2,3,1,0,11,10,169.63,3,Debit Card,Male,Fashion,Single
9,13,3,3,4,0,26,3,167.5,2,E Wallet,Male,Mobile Phone,Single
2,17,3,3,3,1,19,8,133.16,2,Debit Card,Female,Fashion,Married
0,13,1,2,3,0,18,7,122.57,2,Debit Card,Female,Grocery,Divorced
1,15,3,3,4,0,26,8,146.87,3,Credit Card,Female,Laptop & Accessory,Single
31,7,3,4,2,0,11,8,210.51,3,Debit Card,Male,Laptop & Accessory,Divorced
0,20,3,4,2,1,12,0,133.21,3,Debit Card,Female,Laptop & Accessory,Married
37,7,1,3,1,1,24,9,233.32,1,COD,Male,Laptop & Accessory,Married
4,22,2,3,4,1,22,11,131.7,2,Debit Card,Female,Others,Married
14,18,3,4,3,0,24,11,134.2,1,UPI,Male,Mobile Phone,Married
5,14,3,3,3,0,25,9,135.74,1,Debit Card,Female,Fashion,Divorced
11,10,2,3,4,0,24,7,142.86,3,Debit Card,Female,Others,Single
1,26,3,3,1,0,21,3,121.54,3,Credit Card,Male,Others,Single
4,14,2,2,2,0,15,14,153.67,2,E Wallet,Female,Others,Married
5,10,2,4,2,1,18,10,126.82,2,Credit Card,Male,Laptop & Accessory,Single
11,7,2,1,4,0,20,13,152.33,2,Debit Card,Female,Laptop & Accessory,Divorced
2,6,3,3,5,1,23,17,152.77,2,Credit Card,Female,Laptop & Accessory,Married
2,9,3,3,3,0,18,8,115.24,3,Credit Card,Male,Laptop & Accessory,Single
0,12,2,2,5,1,20,14,110.63,1,E Wallet,Female,Grocery,Married
9,17,2,2,2,0,25,9,159.24,1,Debit Card,Female,Laptop & Accessory,Married
1,12,3,2,3,0,20,4,131.85,3,COD,Male,Grocery,Divorced
0,22,3,4,4,0,16,0,148.31,3,Debit Card,Male,Laptop & Accessory,Single
2,16,5,4,3,0,17,3,136.04,3,Debit Card,Female,Laptop & Accessory,Married
1,24,2,4,4,1,11,17,137.24,3,Credit Card,Male,Mobile Phone,Divorced
17,8,4,2,2,1,24,4,175.12,1,Credit Card,Male,Laptop & Accessory,Divorced
5,10,3,2,2,0,20,9,168.5,1,Debit Card,Female,Laptop & Accessory,Married
23,23,3,2,1,1,23,5,176.21,1,COD,Female,Mobile Phone,Married
1,22,3,3,4,0,22,8,131.63,3,Debit Card,Female,Laptop & Accessory,Married
14,18,3,3,2,0,14,21,159.35,1,Credit Card,Female,Mobile Phone,Married
9,27,5,4,3,0,19,1,162.95,2,Debit Card,Male,Fashion,Married
12,8,3,6,2,1,21,7,185.67,3,E Wallet,Male,Fashion,Divorced
1,6,2,1,3,0,17,1,132.45,2,Debit Card,Female,Fashion,Married
18,11,4,3,2,0,15,5,150.8,1,E Wallet,Female,Mobile Phone,Married
7,9,4,3,3,0,19,0,123.7,1,Debit Card,Male,Fashion,Single
16,11,4,4,3,0,11,10,173.8,1,UPI,Female,Fashion,Married
5,8,3,3,3,1,23,11,165.93,1,Credit Card,Female,Mobile Phone,Divorced
12,15,3,3,3,0,23,7,160.02,3,Credit Card,Female,Fashion,Married
45,19,5,1,2,0,12,10,243.13,3,Debit Card,Male,Fashion,Divorced
1,5,1,2,4,1,12,2,124.75,1,COD,Male,Fashion,Married
7,18,2,1,1,0,18,1,148.07,1,Credit Card,Female,Laptop & Accessory,Single
32,20,3,3,4,0,24,9,221.18,2,E Wallet,Female,Mobile Phone,Single
5,45,2,4,1,0,19,8,140.74,1,E Wallet,Male,Mobile Phone,Married
15,38,4,2,2,1,17,30,166.07,3,Credit Card,Female,Fashion,Single
4,10,2,4,3,0,13,7,138.5,1,Credit Card,Female,Grocery,Married
0,41,5,4,3,0,15,2,140.89,1,E Wallet,Female,Mobile Phone,Married
4,23,1,4,5,0,22,6,141.86,1,Credit Card,Male,Grocery,Married
4,16,2,5,3,1,13,6,144.22,2,E Wallet,Male,Fashion,Single
13,8,4,4,3,0,20,2,164.52,1,Debit Card,Male,Fashion,Married
13,24,3,3,4,0,17,3,151.19,2,Debit Card,Male,Others,Single
0,33,4,3,4,0,11,4,139.56,1,Credit Card,Female,Laptop & Accessory,Divorced
4,13,2,3,2,0,15,7,127.18,1,Debit Card,Female,Mobile Phone,Single
15,26,4,4,2,1,23,11,150.75,1,Debit Card,Male,Fashion,Divorced
9,16,3,3,2,1,25,5,145.15,3,Credit Card,Male,Others,Married
12,11,2,3,3,1,20,1,169.21,2,Debit Card,Male,Laptop & Accessory,Married
1,11,3,1,1,0,12,15,124.54,1,UPI,Female,Laptop & Accessory,Married
0,30,3,2,3,0,23,15,104.27,3,Debit Card,Female,Mobile Phone,Married
21,36,2,4,2,0,19,10,201.14,1,Credit Card,Female,Laptop & Accessory,Married
3,34,2,2,2,1,20,4,128.84,1,E Wallet,Female,Mobile Phone,Married
0,16,2,4,5,0,15,33,112.94,3,Credit Card,Male,Laptop & Accessory,Single
2,10,3,1,4,1,11,5,176.23,3,Debit Card,Female,Others,Single
12,24,3,2,3,0,22,3,126.34,3,Credit Card,Female,Mobile Phone,Married
0,14,2,2,2,0,22,5,148.85,2,Credit Card,Male,Grocery,Married
0,18,4,2,4,0,15,2,137.76,3,Debit Card,Male,Mobile Phone,Married
9,15,5,3,3,1,14,12,150.03,2,E Wallet,Female,Fashion,Divorced
1,12,1,3,2,0,24,11,144.27,3,UPI,Male,Laptop & Accessory,Married
21,16,4,4,2,1,17,3,177.81,3,UPI,Male,Mobile Phone,Married
18,25,4,3,1,0,13,7,167.95,1,COD,Male,Fashion,Married
0,15,2,1,5,1,24,10,126.97,2,Debit Card,Female,Laptop & Accessory,Single
10,11,5,2,1,0,13,5,145.02,1,UPI,Female,Mobile Phone,Married
1,12,2,4,2,1,20,10,130.65,1,Credit Card,Male,Laptop & Accessory,Married
1,26,3,4,5,0,13,11,127.08,2,Debit Card,Female,Mobile Phone,Married
8,11,2,1,2,0,21,4,161.03,2,Debit Card,Female,Others,Married
0,32,1,1,4,0,24,4,133.98,3,E Wallet,Male,Laptop & Accessory,Single
34,9,3,5,5,0,11,3,215.32,3,Debit Card,Male,Laptop & Accessory,Married
17,16,2,2,4,1,24,6,183.84,1,COD,Male,Fashion,Married
7,13,2,2,2,0,21,10,139.65,1,Credit Card,Male,Grocery,Single
3,8,3,4,2,1,20,30,132.92,3,Credit Card,Male,Mobile Phone,Single
15,11,2,1,4,0,16,2,160.93,1,Debit Card,Female,Others,Single
44,12,3,2,3,0,18,8,247.68,2,COD,Female,Mobile Phone,Single
29,14,3,3,5,0,17,6,211.6,1,Debit Card,Male,Laptop & Accessory,Divorced
10,8,4,2,3,0,22,10,173.27,2,Debit Card,Female,Laptop & Accessory,Divorced
26,8,2,3,1,1,26,13,191.45,3,Debit Card,Female,Fashion,Married
12,12,4,3,3,0,25,24,171.82,3,E Wallet,Male,Mobile Phone,Divorced
16,21,3,4,5,1,12,2,168.41,2,Debit Card,Male,Laptop & Accessory,Married
22,17,2,3,2,0,14,3,187.02,3,COD,Female,Grocery,Married
59,22,4,3,4,0,20,4,278.1,1,Debit Card,Male,Laptop & Accessory,Single
15,22,5,3,2,0,21,28,171.5,3,Debit Card,Male,Mobile Phone,Single
4,17,3,2,5,1,13,20,125.53,3,Debit Card,Female,Fashion,Married
3,11,5,3,2,0,16,5,144.75,2,COD,Male,Mobile Phone,Married
1,7,2,2,2,1,15,0,109.85,1,Debit Card,Female,Laptop & Accessory,Single
2,14,4,4,3,0,20,9,161.91,2,E Wallet,Female,Laptop & Accessory,Single
4,15,4,1,3,0,18,10,130.49,2,Debit Card,Male,Mobile Phone,Single
10,11,2,2,3,1,26,9,156.2,3,Debit Card,Male,Fashion,Married
10,32,2,2,4,0,18,2,180.14,1,Debit Card,Male,Mobile Phone,Married
14,19,2,4,3,0,26,2,188.73,2,Debit Card,Male,Fashion,Single
2,15,2,3,3,1,14,0,163.33,3,Debit Card,Male,Laptop & Accessory,Single
9,5,3,3,2,1,23,7,154.74,1,E Wallet,Female,Laptop & Accessory,Single
4,19,3,3,1,0,21,9,154.0,1,Credit Card,Female,Mobile Phone,Married
1,17,3,2,2,0,18,9,105.5,2,COD,Male,Laptop & Accessory,Single
8,23,4,3,4,0,16,2,142.54,3,Debit Card,Male,Mobile Phone,Married
1,13,2,1,2,0,23,2,129.31,1,COD,Female,Laptop & Accessory,Single
1,16,3,1,5,1,13,16,129.54,2,COD,Female,Fashion,Married
3,30,1,3,4,0,23,3,137.78,1,Debit Card,Female,Laptop & Accessory,Single
5,10,3,2,4,1,15,7,143.59,2,E Wallet,Male,Mobile Phone,Divorced
10,7,2,3,2,0,19,12,170.21,1,Credit Card,Male,Mobile Phone,Married
47,19,2,2,3,0,24,12,241.64,1,Credit Card,Male,Fashion,Married
3,25,3,2,5,0,23,4,130.58,2,E Wallet,Male,Fashion,Single
0,29,3,2,2,0,16,14,126.05,2,UPI,Male,Laptop & Accessory,Single
6,13,3,2,3,1,20,7,132.93,2,E Wallet,Male,Grocery,Married
6,11,5,5,3,0,11,2,139.71,1,Debit Card,Male,Laptop & Accessory,Married
5,8,1,2,4,0,19,6,112.27,1,Debit Card,Male,Laptop & Accessory,Single
2,20,3,5,3,0,12,4,135.99,2,Debit Card,Male,Grocery,Married
4,24,4,4,3,0,11,6,123.89,2,Debit Card,Male,Fashion,Single
42,20,4,3,3,0,20,0,238.58,1,Debit Card,Male,Fashion,Married
36,36,2,3,3,0,14,3,210.05,1,Credit Card,Female,Fashion,Single
3,12,4,3,3,0,25,5,125.78,1,COD,Male,Laptop & Accessory,Single
3,13,4,4,4,0,17,6,154.75,2,Debit Card,Male,Grocery,Single
1,14,3,3,1,0,14,0,134.05,1,Debit Card,Male,Mobile Phone,Divorced
25,17,4,5,2,0,20,16,183.56,3,UPI,Female,Fashion,Single
11,8,3,4,5,0,15,22,147.36,3,Debit Card,Male,Fashion,Married
28,8,2,4,4,0,26,11,233.89,2,Debit Card,Female,Mobile Phone,Married
1,19,2,4,3,0,24,14,117.32,3,Debit Card,Male,Grocery,Divorced
14,14,2,3,4,0,17,5,173.86,1,E Wallet,Male,Laptop & Accessory,Divorced
23,11,2,3,3,0,17,30,199.8,3,E Wallet,Female,Fashion,Single
16,10,3,2,2,1,13,6,199.95,3,Debit Card,Female,Laptop & Accessory,Single
4,15,4,2,3,0,11,7,139.46,3,Debit Card,Female,Mobile Phone,Married
6,21,3,2,5,0,19,8,126.21,3,Debit Card,Female,Fashion,Married
7,10,3,3,3,1,16,12,165.47,2,Debit Card,Female,Grocery,Divorced
12,23,4,3,3,0,17,0,200.97,1,Credit Card,Female,Mobile Phone,Married
14,8,2,4,1,0,16,10,168.13,3,Credit Card,Female,Laptop & Accessory,Single
7,13,3,2,4,0,25,14,127.49,1,Credit Card,Female,Laptop & Accessory,Married
7,15,3,2,5,0,25,5,168.02,1,Credit Card,Male,Laptop & Accessory,Married
29,24,2,2,1,0,23,7,201.9,2,E Wallet,Female,Fashion,Married
14,13,4,3,5,0,26,11,169.81,2,UPI,Male,Laptop & Accessory,Married
5,24,1,3,1,1,18,4,110.51,3,COD,Female,Mobile Phone,Married
0,22,1,3,3,0,25,4,130.11,1,E Wallet,Female,Laptop & Accessory,Married
4,14,2,3,3,0,12,0,145.67,2,Credit Card,Male,Mobile Phone,Married
4,17,5,1,4,0,14,14,136.25,3,Debit Card,Female,Fashion,Divorced
0,11,2,3,5,0,15,11,134.07,1,Debit Card,Male,Laptop & Accessory,Married
38,23,3,3,5,1,12,13,225.29,1,E Wallet,Male,Laptop & Accessory,Married
1,14,4,3,1,0,15,4,134.42,1,Debit Card,Female,Fashion,Married
8,15,3,3,4,1,25,1,161.23,2,Debit Card,Female,Laptop & Accessory,Married
2,14,4,3,2,0,14,8,145.51,1,UPI,Male,Fashion,Married
0,9,3,2,5,0,20,12,131.48,2,Debit Card,Female,Fashion,Married
14,21,3,3,3,0,11,3,180.61,2,E Wallet,Male,Laptop & Accessory,Single
1,11,3,3,2,1,26,4,153.93,3,Debit Card,Female,Grocery,Married
3,32,2,6,2,0,13,1,125.4,2,E Wallet,Male,Laptop & Accessory,Single
2,9,2,5,2,0,12,1,136.09,2,Credit Card,Male,Fashion,Single
11,13,3,3,2,1,18,7,145.84,1,Debit Card,Female,Grocery,Single
12,15,3,3,2,0,26,9,180.68,2,E Wallet,Male,Fashion,Single
18,15,2,2,3,1,14,4,154.08,1,Debit Card,Male,Mobile Phone,Single
8,27,2,4,1,1,20,14,157.52,1,COD,Male,Fashion,Married
2,14,3,3,4,0,15,2,158.85,1,Debit Card,Female,Laptop & Accessory,Single
2,11,3,2,2,0,21,13,119.29,2,UPI,Male,Fashion,Married
16,14,3,2,5,0,19,4,180.17,2,Credit Card,Female,Fashion,Married
0,11,2,2,3,0,25,5,130.94,3,Credit Card,Female,Laptop & Accessory,Divorced
3,16,2,3,2,0,18,7,118.18,3,E Wallet,Male,Others,Married
2,25,3,2,3,0,12,21,119.76,2,UPI,Female,Fashion,Married
43,8,3,3,4,0,20,5,207.64,3,E Wallet,Female,Grocery,Married
19,22,2,1,3,0,12,9,189.9,1,Credit Card,Male,Fashion,Married
12,14,4,2,4,1,22,6,160.57,2,E Wallet,Female,Grocery,Divorced
0,10,1,3,3,0,25,2,147.65,2,Credit Card,Female,Laptop & Accessory,Married
32,11,3,2,2,0,21,6,246.41,2,Debit Card,Female,Fashion,Single
3,16,1,6,5,0,23,2,118.11,2,Credit Card,Male,Others,Married
10,9,2,2,3,1,26,7,166.47,1,Credit Card,Male,Laptop & Accessory,Married
8,25,2,5,4,0,16,5,153.02,2,Debit Card,Male,Mobile Phone,Married
6,8,3,5,2,0,14,4,187.68,3,Credit Card,Male,Grocery,Single
9,10,4,5,5,0,23,5,147.85,2,Debit Card,Female,Laptop & Accessory,Single
0,9,3,2,1,1,23,4,140.5,1,Credit Card,Male,Others,Single
3,19,3,4,5,1,15,1,142.82,1,Debit Card,Male,Mobile Phone,Divorced
3,14,3,1,2,0,25,15,159.5,3,Debit Card,Female,Grocery,Single
24,16,5,4,1,0,17,2,207.86,2,E Wallet,Female,Grocery,Single
3,15,2,1,3,0,20,5,116.62,1,UPI,Female,Laptop & Accessory,Single
7,7,2,5,4,0,20,4,140.98,1,Debit Card,Male,Grocery,Married
5,17,3,2,3,0,16,10,191.6,2,E Wallet,Male,Fashion,Single
11,10,5,4,2,0,16,1,159.84,2,E Wallet,Male,Laptop & Accessory,Married
3,10,4,3,4,0,13,2,112.42,3,E Wallet,Male,Mobile Phone,Married
1,13,5,4,3,1,17,4,135.37,1,UPI,Male,Laptop & Accessory,Married
9,8,4,4,3,0,13,2,161.71,3,Debit Card,Female,Mobile Phone,Married
1,9,4,3,3,0,22,4,141.34,2,Debit Card,Male,Laptop & Accessory,Married
0,24,3,2,1,1,12,26,142.59,1,Debit Card,Male,Laptop & Accessory,Single
13,21,4,4,4,1,11,4,165.21,1,Debit Card,Male,Mobile Phone,Married
14,18,4,4,1,0,23,6,170.01,1,Debit Card,Female,Fashion,Married
48,11,2,4,3,0,11,6,244.22,1,Debit Card,Male,Mobile Phone,Married
17,9,3,2,4,0,13,4,181.26,3,Debit Card,Female,Grocery,Married
6,9,3,3,1,1,11,3,144.83,3,E Wallet,Male,Mobile Phone,Divorced
13,13,2,1,1,0,21,7,157.77,3,Debit Card,Female,Laptop & Accessory,Divorced
2,14,2,4,1,0,21,14,152.27,3,UPI,Female,Mobile Phone,Married
3,7,3,3,1,0,19,8,155.5,1,E Wallet,Male,Laptop & Accessory,Single
32,18,2,1,3,0,21,13,206.95,1,Debit Card,Female,Grocery,Single
20,19,3,3,5,1,26,4,214.89,1,E Wallet,Female,Grocery,Single
0,14,2,6,2,1,20,6,107.28,2,Credit Card,Male,Mobile Phone,Divorced
20,23,2,1,2,0,13,12,185.41,3,Debit Card,Female,Fashion,Single
12,10,2,3,5,0,15,5,137.22,2,COD,Female,Mobile Phone,Single
25,7,1,3,4,0,18,16,188.47,1,Credit Card,Male,Laptop & Accessory,Married
22,11,3,2,3,1,12,2,159.06,2,Debit Card,Male,Mobile Phone,Married
1,26,3,2,4,1,15,3,110.76,2,UPI,Male,Laptop & Accessory,Single
3,12,3,2,4,0,15,14,140.5,1,Debit Card,Female,Mobile Phone,Single
3,21,3,1,3,1,11,7,156.6,2,UPI,Male,Fashion,Married
10,29,1,2,4,0,11,1,180.75,1,Credit Card,Female,Fashion,Married
0,13,3,3,2,0,16,16,130.84,1,E Wallet,Male,Mobile Phone,Married
3,9,2,1,2,0,22,9,121.98,3,E Wallet,Male,Mobile Phone,Single
18,15,1,3,2,0,21,23,141.4,1,Debit Card,Female,Laptop & Accessory,Married
0,21,4,3,2,0,22,0,104.2,1,Credit Card,Male,Laptop & Accessory,Married
14,31,1,2,2,0,25,7,157.84,1,Credit Card,Male,Laptop & Accessory,Divorced
2,18,3,3,2,0,13,10,118.54,2,E Wallet,Female,Fashion,Married
10,44,2,1,3,0,14,7,148.38,1,Debit Card,Male,Laptop & Accessory,Married
5,10,3,3,3,0,14,5,164.53,1,UPI,Female,Fashion,Married
2,13,3,2,2,0,13,8,166.81,2,Credit Card,Female,Laptop & Accessory,Married
20,7,2,2,5,1,20,4,196.03,1,Debit Card,Male,Fashion,Single
0,11,2,4,2,0,12,8,154.36,2,E Wallet,Male,Mobile Phone,Married
22,10,2,4,4,1,13,12,199.18,1,UPI,Male,Fashion,Married
14,32,2,4,5,0,12,7,168.65,2,E Wallet,Male,Fashion,Married
27,9,2,3,5,0,14,11,189.44,2,Credit Card,Male,Grocery,Married
2,23,2,3,1,0,21,14,95.12,2,Debit Card,Male,Laptop & Accessory,Divorced
20,13,4,4,4,0,12,2,177.71,1,Debit Card,Male,Mobile Phone,Divorced
16,23,2,4,2,0,11,2,183.27,3,Credit Card,Female,Fashion,Single
2,13,2,1,2,0,25,6,143.4,3,Debit Card,Male,Fashion,Married
6,8,2,3,3,1,23,4,134.64,2,E Wallet,Male,Others,Married
1,14,3,3,2,1,24,15,127.86,2,Credit Card,Male,Laptop & Accessory,Married
21,14,3,3,3,0,19,2,210.69,2,Credit Card,Male,Fashion,Divorced
4,20,4,3,3,0,25,4,127.76,1,E Wallet,Male,Mobile Phone,Single
9,19,2,5,5,1,26,5,147.63,3,UPI,Female,Laptop & Accessory,Single
7,16,2,4,4,1,17,7,159.72,2,UPI,Female,Laptop & Accessory,Married
0,8,4,5,4,0,23,6,125.93,2,Credit Card,Female,Fashion,Single
0,12,3,3,1,1,22,5,140.12,2,Credit Card,Female,Others,Married
12,14,2,2,3,0,18,3,156.17,1,E Wallet,Female,Fashion,Single
5,17,4,6,3,0,24,8,117.26,2,Debit Card,Female,Mobile Phone,Divorced
4,13,3,4,4,0,15,1,148.88,3,Debit Card,Male,Mobile Phone,Single
5,22,1,2,3,0,19,6,144.99,1,Credit Card,Male,Others,Single
0,8,3,1,3,0,24,11,139.64,1,Credit Card,Female,Laptop & Accessory,Married
2,22,2,3,5,0,16,3,135.19,2,COD,Female,Mobile Phone,Married
5,26,5,4,3,0,11,8,167.7,1,Debit Card,Female,Mobile Phone,Single
0,30,3,3,2,1,24,17,116.81,1,Debit Card,Male,Fashion,Married
0,21,3,1,2,1,15,6,163.49,3,Debit Card,Male,Fashion,Divorced
15,13,3,3,4,1,22,4,144.56,2,E Wallet,Female,Mobile Phone,Married
0,7,3,3,4,0,19,2,128.29,3,UPI,Male,Laptop & Accessory,Married
13,14,4,1,4,0,19,0,169.87,1,E Wallet,Male,Mobile Phone,Single
20,21,3,5,3,0,21,19,180.66,1,E Wallet,Male,Mobile Phone,Single
5,24,1,3,3,1,15,3,140.32,3,Debit Card,Male,Laptop & Accessory,Married
12,18,2,3,3,0,16,5,147.83,1,COD,Female,Mobile Phone,Single
11,16,4,2,3,1,20,0,173.34,1,Credit Card,Female,Others,Divorced
0,16,4,3,2,1,18,1,137.8,3,Debit Card,Male,Fashion,Married
10,11,2,2,3,0,21,0,150.65,2,Debit Card,Female,Laptop & Accessory,Married
0,32,2,3,4,1,14,5,117.51,1,UPI,Female,Grocery,Married
1,20,4,3,3,0,20,17,156.91,1,Debit Card,Female,Mobile Phone,Married
1,22,3,2,5,0,26,13,133.39,3,Credit Card,Male,Mobile Phone,Single
4,22,3,3,5,0,15,10,149.48,2,Debit Card,Female,Others,Married
4,37,4,3,4,1,15,3,144.73,3,Credit Card,Female,Grocery,Married
25,16,1,4,3,0,14,3,188.98,3,E Wallet,Male,Others,Single
7,10,3,4,4,0,13,20,169.52,3,Debit Card,Male,Laptop & Accessory,Married
2,13,2,4,3,0,22,6,149.26,2,E Wallet,Male,Mobile Phone,Single
19,18,2,2,2,0,13,6,197.52,1,Debit Card,Male,Fashion,Divorced
3,11,4,4,1,1,18,3,130.89,2,Debit Card,Female,Mobile Phone,Single
3,9,4,4,3,1,15,20,150.05,3,Credit Card,Female,Laptop & Accessory,Married
13,18,3,3,5,0,12,6,164.41,1,COD,Female,Fashion,Married
12,29,3,2,3,1,12,1,170.97,2,Credit Card,Male,Fashion,Married
3,12,5,4,4,0,14,3,149.14,1,Credit Card,Male,Mobile Phone,Single
7,16,4,2,1,0,20,8,126.23,1,COD,Female,Others,Single
7,8,2,5,5,0,19,3,162.59,1,E Wallet,Male,Others,Single
15,21,2,3,2,0,15,2,166.56,2,UPI,Female,Mobile Phone,Married
1,14,4,4,2,0,11,1,165.87,3,Credit Card,Female,Laptop & Accessory,Single
12,18,2,2,1,0,24,12,138.96,1,Credit Card,Male,Laptop & Accessory,Married
4,20,2,3,3,0,23,7,134.45,1,Debit Card,Male,Fashion,Single
1,14,3,2,2,1,26,7,140.11,1,Credit Card,Male,Laptop & Accessory,Married
7,21,3,4,3,0,14,1,176.89,2,Debit Card,Female,Laptop & Accessory,Married
11,20,5,4,5,1,15,17,155.67,2,E Wallet,Female,Fashion,Single
14,20,3,3,1,0,19,4,164.8,3,Credit Card,Female,Grocery,Married
15,14,1,4,1,1,12,10,163.29,3,E Wallet,Female,Mobile Phone,Single
9,27,4,3,2,0,17,11,159.7,3,UPI,Female,Grocery,Divorced
1,14,2,2,5,0,22,4,108.03,1,E Wallet,Male,Laptop & Accessory,Married
8,18,4,3,4,0,11,13,168.19,1,Credit Card,Female,Laptop & Accessory,Married
20,18,3,2,3,0,14,9,206.02,2,Debit Card,Male,Fashion,Married
1,12,3,3,4,0,15,13,146.86,2,Debit Card,Male,Mobile Phone,Divorced
16,10,3,4,3,1,23,2,199.77,2,E Wallet,Male,Grocery,Divorced
11,26,2,4,5,1,14,0,185.98,2,E Wallet,Male,Mobile Phone,Single
0,19,4,2,4,1,19,10,136.69,3,E Wallet,Male,Mobile Phone,Married
9,11,4,2,2,0,19,9,164.58,2,Debit Card,Male,Mobile Phone,Single
12,17,2,4,5,0,26,4,151.26,3,Credit Card,Male,Laptop & Accessory,Divorced
25,21,1,5,3,0,26,11,188.13,3,Debit Card,Female,Mobile Phone,Single
5,12,2,4,3,0,15,4,153.43,3,E Wallet,Female,Laptop & Accessory,Married
20,28,4,3,3,0,20,9,196.91,2,COD,Female,Laptop & Accessory,Single
2,34,4,2,4,1,14,9,160.38,1,Credit Card,Female,Laptop & Accessory,Married
0,16,2,3,4,1,20,8,145.18,2,Credit Card,Female,Others,Married
5,16,4,3,4,0,22,3,144.89,2,Debit Card,Male,Laptop & Accessory,Married
0,8,3,3,1,0,21,9,166.53,1,E Wallet,Female,Fashion,Married
5,18,3,2,3,0,14,6,129.65,2,E Wallet,Male,Fashion,Single
12,10,2,5,3,0,19,6,164.76,1,E Wallet,Female,Mobile Phone,Single
2,8,2,2,2,0,14,5,139.48,2,COD,Female,Grocery,Single
11,17,3,3,5,0,12,9,153.48,3,E Wallet,Female,Laptop & Accessory,Married
1,15,2,3,3,0,19,22,112.07,2,E Wallet,Male,Laptop & Accessory,Married
1,12,3,2,4,1,26,7,134.87,1,Debit Card,Male,Laptop & Accessory,Single
13,25,2,3,5,1,16,6,164.17,1,Debit Card,Female,Mobile Phone,Single
10,21,4,4,3,0,26,30,150.51,1,Credit Card,Male,Laptop & Accessory,Single
0,15,3,4,5,1,22,8,133.95,3,E Wallet,Male,Fashion,Single
9,15,3,4,2,1,15,6,172.98,3,Credit Card,Male,Laptop & Accessory,Single
26,21,4,5,4,0,19,8,177.2,3,Debit Card,Male,Grocery,Single
8,10,2,2,3,1,14,6,154.75,3,Debit Card,Male,Fashion,Divorced
2,28,2,5,3,1,26,5,125.24,2,COD,Male,Laptop & Accessory,Single
40,10,2,5,3,0,20,15,242.13,3,Credit Card,Female,Fashion,Single
6,11,2,1,3,0,25,7,141.82,2,Credit Card,Female,Laptop & Accessory,Married
0,8,2,3,1,1,13,3,153.68,1,E Wallet,Female,Laptop & Accessory,Single
15,16,3,2,2,1,16,13,167.13,3,Debit Card,Male,Mobile Phone,Single
1,17,1,1,4,0,17,6,106.04,1,UPI,Male,Others,Single
0,20,2,3,5,0,19,4,168.11,2,E Wallet,Female,Laptop & Accessory,Married
2,23,2,3,5,1,23,14,136.48,1,E Wallet,Male,Laptop & Accessory,Single
0,13,5,1,1,0,13,3,126.91,2,Debit Card,Male,Fashion,Married
6,16,2,1,3,0,23,4,137.66,2,UPI,Female,Grocery,Single
3,13,3,2,5,0,20,5,147.42,3,Debit Card,Male,Fashion,Married
3,19,3,3,2,1,14,5,144.86,3,E Wallet,Male,Others,Married
7,26,4,4,1,0,26,12,147.86,1,E Wallet,Male,Others,Married
5,8,4,3,3,0,12,15,153.13,3,E Wallet,Female,Grocery,Divorced
20,12,2,1,4,1,13,11,175.06,1,E Wallet,Male,Fashion,Married
27,11,1,1,2,0,20,10,194.17,1,Credit Card,Female,Fashion,Married
5,10,3,2,5,0,25,3,148.68,1,Debit Card,Female,Laptop & Accessory,Single
1,9,3,2,3,0,23,11,115.57,3,UPI,Male,Others,Divorced
9,18,2,5,4,0,14,10,143.59,3,COD,Male,Fashion,Single
20,12,5,3,3,0,25,8,188.35,2,Debit Card,Female,Laptop & Accessory,Single
6,9,2,2,4,0,26,5,157.1,2,COD,Female,Laptop & Accessory,Divorced
2,21,1,3,3,0,24,1,149.18,3,Debit Card,Female,Grocery,Married
13,21,2,3,4,0,15,6,163.98,2,Debit Card,Male,Fashion,Married
8,11,3,3,3,1,20,2,142.88,2,E Wallet,Male,Fashion,Single
1,14,4,2,2,0,25,8,148.31,2,Credit Card,Male,Fashion,Single
5,26,2,2,4,0,26,30,153.26,2,Credit Card,Female,Mobile Phone,Divorced
1,14,3,2,4,0,25,14,153.01,2,Credit Card,Male,Mobile Phone,Single
29,36,3,3,4,1,11,15,194.59,1,E Wallet,Male,Grocery,Single
3,18,1,2,1,0,26,3,171.37,1,Credit Card,Male,Fashion,Married
21,21,1,4,5,0,25,7,176.83,3,COD,Male,Others,Single
10,8,1,2,4,0,19,8,179.51,1,Credit Card,Female,Others,Single
4,17,3,2,2,0,26,6,114.82,1,Credit Card,Male,Fashion,Single
6,17,3,3,1,1,21,8,132.14,3,Credit Card,Female,Grocery,Married
22,17,3,4,3,0,21,2,175.7,1,Debit Card,Male,Others,Divorced
9,27,2,3,3,0,21,9,151.97,1,E Wallet,Female,Fashion,Single
3,14,1,4,3,1,18,19,152.69,1,E Wallet,Female,Others,Single
11,17,3,5,2,0,17,12,179.14,3,COD,Male,Fashion,Married
3,10,2,2,2,0,19,4,137.26,3,E Wallet,Male,Others,Married
2,11,1,2,3,0,11,4,117.57,2,Debit Card,Male,Mobile Phone,Divorced
14,12,2,3,3,1,26,11,176.73,2,Credit Card,Male,Laptop & Accessory,Married
3,16,4,2,5,0,13,1,162.17,2,Credit Card,Male,Laptop & Accessory,Single
12,17,2,2,2,0,17,17,169.62,1,Debit Card,Male,Fashion,Single
19,9,2,4,3,1,23,3,168.1,2,Debit Card,Female,Grocery,Married
5,19,3,3,4,0,11,4,164.14,3,Debit Card,Male,Laptop & Accessory,Married
2,13,2,2,1,1,20,4,114.57,3,UPI,Female,Fashion,Single
8,19,3,4,5,0,14,4,133.79,1,COD,Male,Laptop & Accessory,Divorced
28,23,2,3,5,0,25,16,201.49,2,Credit Card,Male,Laptop & Accessory,Married
2,24,3,3,5,1,19,8,145.49,3,Debit Card,Female,Mobile Phone,Married
12,9,1,2,4,0,25,4,189.08,1,E Wallet,Female,Laptop & Accessory,Single
48,10,2,3,5,1,21,7,242.63,2,Debit Card,Male,Mobile Phone,Married
5,9,3,1,3,0,23,10,154.71,1,Credit Card,Male,Others,Divorced
41,10,2,4,2,1,19,6,217.18,3,COD,Male,Mobile Phone,Single
3,38,3,4,5,1,20,3,146.82,3,Credit Card,Male,Mobile Phone,Divorced
19,15,3,3,3,0,24,23,158.7,2,Credit Card,Female,Fashion,Married
8,18,4,2,2,0,22,4,152.61,2,Debit Card,Female,Mobile Phone,Single
6,15,4,3,1,0,25,12,169.58,1,E Wallet,Female,Grocery,Married
44,34,2,2,1,1,12,5,262.47,2,E Wallet,Female,Grocery,Single
1,13,1,4,3,0,15,1,136.49,2,UPI,Female,Laptop & Accessory,Married
2,18,2,5,3,1,26,4,155.43,2,UPI,Female,Fashion,Married
1,20,2,5,3,0,12,5,150.5,1,Credit Card,Male,Fashion,Single
11,14,3,3,5,1,15,6,155.43,2,Credit Card,Male,Others,Single
10,10,2,4,2,0,15,14,160.94,3,UPI,Male,Laptop & Accessory,Married
17,32,2,5,3,1,17,7,137.47,1,Debit Card,Male,Mobile Phone,Married
23,16,3,4,4,0,11,14,187.81,1,E Wallet,Female,Laptop & Accessory,Single
10,8,2,2,5,0,22,26,152.34,1,Credit Card,Female,Mobile Phone,Single
0,9,2,2,1,0,19,19,130.05,1,Credit Card,Male,Laptop & Accessory,Married
14,11,3,2,2,0,22,2,139.5,1,E Wallet,Female,Laptop & Accessory,Married
58,18,3,3,3,0,15,9,294.53,3,Debit Card,Female,Laptop & Accessory,Married
7,21,2,3,3,0,11,1,143.86,1,Debit Card,Male,Laptop & Accessory,Married
40,17,1,3,4,0,15,9,202.06,1,UPI,Male,Fashion,Single
7,13,4,5,3,0,18,17,155.19,3,Credit Card,Female,Mobile Phone,Married
27,11,4,3,1,0,26,11,180.4,3,Debit Card,Male,Mobile Phone,Divorced
4,20,3,3,4,1,20,6,146.06,3,Debit Card,Male,Mobile Phone,Married
31,13,1,4,3,0,16,1,198.58,1,UPI,Male,Mobile Phone,Married
33,12,2,6,3,0,15,2,213.71,1,UPI,Male,Mobile Phone,Married
5,15,3,1,1,0,23,3,169.85,3,Credit Card,Male,Grocery,Married
0,14,4,4,4,1,14,2,122.19,3,Credit Card,Female,Mobile Phone,Married
12,8,4,3,3,0,25,4,182.41,1,Credit Card,Male,Fashion,Married
1,10,3,3,3,1,20,7,137.0,1,E Wallet,Male,Mobile Phone,Single
2,26,3,2,5,1,24,8,147.93,2,E Wallet,Male,Grocery,Married
19,33,4,3,1,0,23,6,175.67,3,Debit Card,Male,Laptop & Accessory,Single
7,10,3,3,5,1,24,3,162.89,3,UPI,Male,Laptop & Accessory,Married
3,22,3,1,1,0,12,5,156.95,1,E Wallet,Female,Laptop & Accessory,Married
4,11,3,6,1,0,21,0,136.12,1,E Wallet,Male,Fashion,Married
8,7,2,4,2,0,22,4,167.09,1,E Wallet,Female,Laptop & Accessory,Married
10,20,4,4,2,1,11,8,144.98,1,Debit Card,Female,Mobile Phone,Married
3,11,3,3,3,0,14,2,140.62,1,Debit Card,Female,Grocery,Divorced
33,30,2,3,3,1,25,3,199.48,2,E Wallet,Male,Laptop & Accessory,Single
52,8,4,2,1,0,17,4,269.85,2,Debit Card,Male,Mobile Phone,Married
28,21,4,5,2,0,17,7,187.21,3,Debit Card,Male,Laptop & Accessory,Single
5,8,4,4,2,0,26,36,103.23,2,Credit Card,Male,Fashion,Single
3,14,2,3,5,0,15,1,124.21,3,Debit Card,Female,Fashion,Single
8,12,4,4,3,0,21,17,136.71,3,COD,Male,Fashion,Divorced
11,25,3,1,1,0,23,7,169.62,1,Debit Card,Male,Fashion,Divorced
10,14,1,4,3,0,16,5,165.66,2,UPI,Male,Mobile Phone,Divorced
21,19,3,2,3,0,18,0,171.43,1,Debit Card,Female,Laptop & Accessory,Married
4,8,2,3,5,0,15,0,141.4,3,Debit Card,Male,Grocery,Married
36,11,4,4,3,0,19,7,254.57,2,E Wallet,Female,Fashion,Single
1,9,4,3,3,0,26,5,135.47,1,Debit Card,Female,Laptop & Accessory,Married
1,8,3,3,5,0,17,11,145.77,3,Credit Card,Female,Mobile Phone,Married
45,26,2,3,5,0,13,9,268.97,2,COD,Female,Fashion,Married
5,12,5,3,3,0,26,2,162.81,3,Credit Card,Male,Mobile Phone,Married
21,11,3,2,4,0,26,2,167.05,1,Credit Card,Female,Laptop & Accessory,Married
20,13,3,1,3,1,11,4,189.61,2,Credit Card,Female,Mobile Phone,Married
18,14,4,2,3,0,26,4,162.75,1,Debit Card,Female,Laptop & Accessory,Married
1,20,4,3,3,1,26,4,128.15,1,E Wallet,Male,Fashion,Married
4,11,2,2,1,0,21,21,157.74,1,Credit Card,Male,Others,Divorced
0,18,2,2,2,0,14,12,121.73,2,Credit Card,Male,Fashion,Single
10,10,3,4,3,0,21,5,194.43,3,Credit Card,Male,Laptop & Accessory,Single
19,9,2,4,3,0,16,2,172.46,3,Credit Card,Male,Fashion,Single
1,27,3,5,4,1,17,11,139.13,1,Credit Card,Female,Fashion,Single
0,14,1,2,5,0,21,3,138.29,2,Debit Card,Male,Fashion,Divorced
17,8,3,4,1,0,26,4,192.15,2,Debit Card,Female,Fashion,Married
7,22,4,3,4,0,21,3,148.56,1,UPI,Male,Fashion,Married
24,12,3,2,3,1,24,8,186.72,3,Credit Card,Female,Fashion,Married
8,11,3,3,4,0,17,7,150.36,1,COD,Male,Mobile Phone,Single
26,21,3,4,5,0,25,8,194.07,2,E Wallet,Male,Grocery,Single
3,10,3,3,1,0,11,2,153.18,3,Debit Card,Female,Laptop & Accessory,Married
8,20,3,3,3,0,12,6,152.53,3,Credit Card,Female,Others,Divorced
1,11,1,4,5,1,13,5,150.49,1,Credit Card,Male,Fashion,Married
3,18,3,2,3,0,16,2,121.79,1,E Wallet,Male,Grocery,Married
16,16,2,1,4,1,15,13,163.44,2,Debit Card,Female,Laptop & Accessory,Married
20,20,3,3,2,0,22,12,190.48,3,COD,Female,Mobile Phone,Single
10,16,2,3,2,0,14,9,154.24,3,Credit Card,Female,Fashion,Married
14,17,1,2,2,1,13,9,170.69,3,Debit Card,Male,Fashion,Married
20,10,2,2,3,1,18,1,214.81,2,Debit Card,Male,Mobile Phone,Married
22,14,2,3,5,0,13,4,157.27,2,Debit Card,Female,Laptop & Accessory,Single
26,8,4,3,3,0,20,2,183.26,1,Credit Card,Male,Mobile Phone,Single
14,22,2,1,3,0,20,5,177.55,1,E Wallet,Female,Mobile Phone,Divorced
6,16,2,5,2,0,18,5,155.51,3,Debit Card,Male,Mobile Phone,Married
2,26,1,2,1,1,20,11,148.43,1,UPI,Female,Fashion,Married
22,37,3,4,3,0,20,6,165.26,2,Credit Card,Male,Laptop & Accessory,Married
23,22,3,4,5,0,22,11,167.65,3,Debit Card,Male,Laptop & Accessory,Married
9,15,3,3,5,0,18,9,162.08,2,Credit Card,Female,Fashion,Married
7,20,2,4,3,0,17,1,126.82,2,Credit Card,Female,Grocery,Married
26,15,2,3,2,0,16,7,196.93,3,Credit Card,Female,Laptop & Accessory,Married
1,14,3,1,4,0,17,1,172.65,2,E Wallet,Female,Laptop & Accessory,Married
5,20,3,1,4,0,26,2,159.52,3,Debit Card,Female,Fashion,Married
15,7,1,3,4,0,26,13,176.03,3,Debit Card,Female,Fashion,Single
20,14,3,2,4,0,19,8,180.25,1,UPI,Female,Laptop & Accessory,Single
4,13,4,3,3,0,25,8,131.66,3,E Wallet,Female,Mobile Phone,Single
0,8,4,2,4,0,21,0,121.5,2,Credit Card,Female,Laptop & Accessory,Married
10,26,3,3,2,1,17,8,183.03,2,Debit Card,Female,Laptop & Accessory,Single
6,22,3,3,3,0,12,10,130.83,3,E Wallet,Male,Mobile Phone,Single
6,15,3,2,1,0,25,9,126.6,1,Credit Card,Male,Grocery,Married
22,14,4,2,3,0,11,5,199.46,2,Credit Card,Female,Fashion,Single
5,10,3,4,4,0,12,3,155.53,2,Debit Card,Male,Laptop & Accessory,Married
7,11,4,2,4,0,17,6,114.63,1,Debit Card,Male,Laptop & Accessory,Single
23,9,3,3,4,1,25,17,178.28,3,Debit Card,Female,Mobile Phone,Single
4,32,2,5,3,0,12,7,178.84,3,Debit Card,Male,Mobile Phone,Married
2,14,2,2,3,0,26,13,140.77,2,COD,Male,Laptop & Accessory,Single
6,24,3,5,4,0,24,9,142.83,2,Debit Card,Male,Grocery,Divorced
33,24,3,3,5,0,16,7,208.05,1,Credit Card,Female,Grocery,Married
30,18,3,4,2,0,16,4,207.16,3,Debit Card,Female,Laptop & Accessory,Single
0,18,2,3,3,1,16,9,164.19,1,Debit Card,Male,Grocery,Divorced
7,15,4,3,5,0,11,19,167.9,2,Credit Card,Male,Mobile Phone,Married
61,11,3,4,4,0,21,4,306.64,2,Debit Card,Male,Mobile Phone,Married
7,16,4,1,1,0,14,5,123.52,2,Credit Card,Male,Mobile Phone,Married
41,9,2,1,2,0,19,4,222.91,1,UPI,Male,Mobile Phone,Married
45,6,2,4,4,0,13,6,241.6,1,Credit Card,Female,Mobile Phone,Married
3,9,4,3,4,1,25,5,147.38,3,E Wallet,Female,Others,Married
4,31,3,3,4,0,17,7,141.48,3,Debit Card,Female,Laptop & Accessory,Single
13,14,5,4,4,1,22,1,152.09,3,Debit Card,Male,Mobile Phone,Married
15,16,4,3,2,0,23,5,164.7,3,E Wallet,Male,Laptop & Accessory,Single
2,13,3,4,5,1,20,10,165.22,3,COD,Male,Mobile Phone,Married
11,32,3,1,1,0,18,19,142.64,1,Credit Card,Male,Laptop & Accessory,Married
0,25,2,5,4,0,21,15,156.77,1,Debit Card,Female,Mobile Phone,Single
14,23,2,4,5,0,17,12,142.86,3,COD,Male,Laptop & Accessory,Married
6,15,2,3,5,1,20,7,161.36,3,Debit Card,Male,Fashion,Married
12,22,3,3,3,1,13,9,158.51,3,Credit Card,Female,Grocery,Divorced
17,23,2,4,2,0,13,10,171.92,2,E Wallet,Male,Fashion,Married
7,14,2,5,1,1,22,11,158.37,2,Credit Card,Male,Mobile Phone,Single
14,9,4,4,4,1,21,6,171.03,1,Debit Card,Female,Laptop & Accessory,Married
13,14,3,1,4,1,17,14,156.89,2,COD,Male,Fashion,Single
7,25,4,4,5,0,12,2,146.59,3,E Wallet,Female,Mobile Phone,Married
10,16,3,3,1,0,20,8,132.12,2,COD,Female,Fashion,Married
11,12,2,3,5,1,11,7,171.95,1,Credit Card,Male,Mobile Phone,Married
19,14,4,2,5,0,19,10,180.93,1,Credit Card,Female,Mobile Phone,Married
8,11,4,2,3,0,16,15,127.49,2,Debit Card,Male,Grocery,Single
1,14,1,2,2,0,14,15,172.18,3,COD,Male,Mobile Phone,Married
1,21,3,2,2,0,12,8,132.43,2,Credit Card,Female,Mobile Phone,Married
1,27,2,5,2,1,25,8,128.48,2,Debit Card,Female,Laptop & Accessory,Single
3,13,4,5,3,0,19,12,164.24,1,Debit Card,Male,Laptop & Accessory,Divorced
4,9,3,3,1,0,11,11,131.22,2,Credit Card,Male,Fashion,Married
2,42,2,2,2,0,13,6,152.37,2,Debit Card,Male,Mobile Phone,Single
4,37,2,3,3,0,26,15,146.66,1,Debit Card,Female,Mobile Phone,Divorced
15,21,3,3,1,1,25,15,167.33,2,UPI,Male,Grocery,Married
11,16,4,5,5,1,11,5,153.88,3,Debit Card,Female,Laptop & Accessory,Married
6,18,3,1,2,1,22,8,137.24,3,E Wallet,Female,Grocery,Married
20,19,3,3,5,0,16,4,200.39,1,Credit Card,Female,Fashion,Single
3,17,4,3,3,0,16,3,135.34,1,Credit Card,Male,Grocery,Single
1,18,3,2,4,0,15,3,138.28,3,E Wallet,Female,Fashion,Divorced
17,13,2,2,5,0,20,2,183.85,3,E Wallet,Male,Fashion,Divorced
0,15,2,2,3,1,17,8,131.78,1,COD,Female,Grocery,Married
4,18,4,2,4,0,26,6,149.49,1,Credit Card,Male,Fashion,Married
2,11,3,2,4,0,20,1,131.0,2,Credit Card,Female,Laptop & Accessory,Single
5,23,3,3,3,1,23,7,154.02,2,Credit Card,Female,Others,Divorced
12,24,3,4,4,1,22,13,155.81,1,UPI,Male,Laptop & Accessory,Single
14,19,3,2,2,0,14,14,182.74,1,Credit Card,Male,Laptop & Accessory,Single
2,12,2,2,1,0,25,5,111.92,2,Debit Card,Female,Laptop & Accessory,Single
9,32,2,4,3,0,24,4,163.37,2,UPI,Male,Grocery,Married
0,31,1,4,3,0,25,3,123.86,2,Debit Card,Female,Laptop & Accessory,Single
19,18,2,3,3,1,20,5,173.47,3,UPI,Female,Grocery,Married
0,16,4,4,2,1,21,7,135.17,3,E Wallet,Female,Grocery,Single
5,11,3,3,2,1,13,7,135.22,1,Credit Card,Male,Others,Married
24,26,2,2,2,0,24,1,183.58,1,COD,Male,Laptop & Accessory,Single
7,10,2,4,5,0,22,1,144.56,1,Credit Card,Female,Mobile Phone,Single
13,19,3,4,2,0,24,8,161.29,1,Credit Card,Male,Grocery,Single
2,16,4,4,2,0,11,3,138.82,2,Credit Card,Male,Mobile Phone,Divorced
29,8,1,4,1,1,15,5,228.17,3,Debit Card,Female,Mobile Phone,Married
3,22,2,4,3,1,26,9,119.86,1,Debit Card,Female,Fashion,Single
7,21,2,2,3,1,17,8,149.42,1,Debit Card,Male,Laptop & Accessory,Married
4,11,2,4,5,1,22,7,163.51,1,Debit Card,Male,Fashion,Single
7,18,2,2,3,1,17,8,171.76,1,COD,Male,Grocery,Single
2,20,3,4,5,0,14,1,162.84,3,Credit Card,Female,Others,Single
0,8,4,4,3,0,20,10,125.45,2,Debit Card,Male,Laptop & Accessory,Single
11,6,3,1,4,0,26,13,169.4,3,UPI,Male,Grocery,Married
15,20,2,4,3,1,22,12,160.12,2,Debit Card,Male,Laptop & Accessory,Divorced
3,20,2,2,5,0,14,1,149.27,2,E Wallet,Female,Laptop & Accessory,Married
8,16,3,3,3,0,26,5,155.73,1,Debit Card,Male,Others,Divorced
35,18,3,3,5,0,23,1,226.02,1,UPI,Male,Laptop & Accessory,Married
1,18,2,2,2,0,21,22,134.03,1,E Wallet,Female,Mobile Phone,Married
25,10,3,2,4,0,23,3,180.01,2,Debit Card,Male,Others,Married
13,34,4,3,3,0,25,1,163.95,3,Debit Card,Male,Mobile Phone,Single
4,19,2,3,3,0,14,2,159.58,1,Debit Card,Female,Fashion,Single
25,10,2,4,5,0,23,7,192.8,1,Credit Card,Female,Laptop & Accessory,Single
7,13,4,4,4,1,15,7,137.22,1,E Wallet,Male,Laptop & Accessory,Single
15,11,1,2,3,0,12,8,169.35,2,E Wallet,Male,Mobile Phone,Married
0,16,2,3,4,0,17,7,124.71,3,E Wallet,Female,Fashion,Single
1,14,4,4,4,0,25,5,142.81,3,E Wallet,Female,Others,Married
9,8,4,2,2,1,11,9,140.38,1,Debit Card,Male,Fashion,Married
8,22,3,6,5,0,16,3,173.68,3,E Wallet,Male,Fashion,Married
2,13,2,2,2,0,18,8,149.1,3,Debit Card,Female,Laptop & Accessory,Single
7,28,5,2,2,0,20,4,157.1,2,Debit Card,Female,Laptop & Accessory,Married
0,8,4,2,4,1,22,6,137.55,1,Debit Card,Female,Fashion,Single
7,19,2,4,3,0,23,6,176.42,3,E Wallet,Male,Laptop & Accessory,Divorced
20,32,2,4,2,0,25,7,202.64,2,UPI,Male,Mobile Phone,Married
2,14,4,2,3,0,24,6,125.25,3,E Wallet,Female,Laptop & Accessory,Married
9,11,2,3,4,0,20,7,145.47,3,Debit Card,Female,Mobile Phone,Married
7,21,1,1,5,1,17,4,154.75,3,Debit Card,Female,Fashion,Married
3,22,1,2,3,0,21,15,141.66,2,Credit Card,Male,Fashion,Divorced
26,12,3,4,3,0,17,5,228.49,2,COD,Male,Others,Divorced
1,24,4,4,4,1,18,4,153.01,1,COD,Male,Laptop & Accessory,Single
20,14,4,4,5,0,20,4,183.94,1,UPI,Male,Mobile Phone,Married
0,7,3,2,4,0,18,6,153.42,3,E Wallet,Male,Fashion,Married
41,5,4,3,3,0,17,5,206.89,1,Debit Card,Male,Grocery,Married
12,24,3,1,3,1,23,3,188.04,2,Debit Card,Female,Mobile Phone,Divorced
0,13,3,4,4,1,23,34,147.37,1,UPI,Female,Fashion,Married
14,10,3,3,5,1,23,7,177.54,1,Debit Card,Female,Mobile Phone,Married
35,28,4,2,1,0,23,7,211.42,2,COD,Female,Grocery,Married
1,15,3,1,3,1,26,18,145.99,1,Debit Card,Male,Mobile Phone,Single
15,18,3,3,3,0,24,2,145.18,1,UPI,Male,Fashion,Married
11,5,2,2,1,0,19,2,142.76,1,Credit Card,Male,Laptop & Accessory,Single
14,15,5,4,3,1,14,3,151.52,1,Credit Card,Female,Mobile Phone,Married
13,20,3,2,1,1,17,8,147.57,3,UPI,Male,Fashion,Divorced
0,10,2,2,5,0,21,9,114.88,1,Debit Card,Female,Fashion,Married
5,12,2,3,4,0,15,3,145.58,3,UPI,Male,Fashion,Married
16,10,2,1,1,0,23,9,170.53,2,COD,Female,Grocery,Single
31,9,3,3,3,1,20,12,232.09,1,E Wallet,Male,Laptop & Accessory,Married
1,31,5,5,1,0,17,0,142.83,2,E Wallet,Female,Laptop & Accessory,Single
14,25,5,4,1,0,21,1,161.57,3,E Wallet,Male,Laptop & Accessory,Divorced
1,15,2,2,5,0,22,5,138.51,1,E Wallet,Female,Fashion,Divorced
4,30,2,2,1,0,21,3,133.07,1,UPI,Female,Laptop & Accessory,Married
17,9,3,4,5,1,20,8,175.5,2,Debit Card,Male,Others,Married
9,16,1,2,5,0,17,12,173.95,1,Credit Card,Female,Fashion,Single
6,18,2,2,1,0,12,6,137.53,2,Debit Card,Female,Mobile Phone,Single
7,18,4,2,3,0,20,3,148.93,3,Debit Card,Male,Fashion,Married
7,11,3,2,2,0,26,4,148.17,1,Credit Card,Male,Others,Single
5,14,4,1,4,1,13,3,130.31,2,Credit Card,Female,Others,Married
0,16,3,2,3,0,26,3,136.98,2,E Wallet,Male,Laptop & Accessory,Married
16,23,3,3,3,1,17,6,184.77,3,Debit Card,Male,Mobile Phone,Divorced
0,14,3,2,2,0,12,5,129.64,2,E Wallet,Female,Laptop & Accessory,Single
6,11,3,5,2,0,13,10,160.25,3,Credit Card,Male,Laptop & Accessory,Divorced
9,10,2,3,5,0,15,8,171.51,1,UPI,Male,Laptop & Accessory,Married
0,12,4,1,1,0,21,12,133.84,1,E Wallet,Male,Laptop & Accessory,Married
2,10,2,6,5,0,24,10,165.93,2,COD,Female,Mobile Phone,Married
25,11,3,2,3,0,13,11,221.47,3,E Wallet,Female,Laptop & Accessory,Single
29,8,5,4,5,0,14,5,186.12,2,COD,Female,Mobile Phone,Single
9,25,3,4,4,0,24,4,133.05,1,E Wallet,Male,Laptop & Accessory,Single
0,6,4,4,3,1,17,3,121.6,3,E Wallet,Female,Mobile Phone,Divorced
1,23,3,5,5,0,23,9,141.07,2,E Wallet,Male,Fashion,Single
8,5,3,1,4,1,21,3,154.68,1,UPI,Male,Mobile Phone,Married
4,11,2,4,3,1,18,17,159.43,3,Credit Card,Male,Mobile Phone,Single
0,19,3,4,4,0,26,12,137.32,1,Debit Card,Female,Fashion,Single
7,15,2,3,3,0,16,3,137.26,2,Credit Card,Male,Grocery,Single
17,12,2,4,4,0,16,7,195.72,3,Credit Card,Female,Mobile Phone,Married
38,12,4,2,3,1,23,23,238.89,1,UPI,Female,Grocery,Married
16,18,5,3,5,0,11,1,175.34,3,Credit Card,Male,Mobile Phone,Single
15,14,3,4,4,1,17,15,186.75,1,UPI,Male,Others,Single
15,12,3,2,3,0,13,7,173.77,2,Debit Card,Male,Laptop & Accessory,Single
13,15,5,5,2,0,20,2,179.38,1,Debit Card,Female,Fashion,Single
39,8,3,5,1,0,12,1,230.14,1,Credit Card,Male,Mobile Phone,Divorced
8,11,3,5,1,0,11,11,151.76,2,COD,Female,Grocery,Married
27,10,3,2,4,1,15,12,194.46,3,Credit Card,Male,Mobile Phone,Divorced
7,25,2,5,5,0,24,5,156.71,1,Credit Card,Male,Mobile Phone,Divorced
2,15,2,3,4,0,19,3,136.83,3,Debit Card,Female,Fashion,Divorced
10,29,2,2,4,0,19,6,166.77,1,Credit Card,Female,Mobile Phone,Divorced
15,18,2,4,4,1,17,15,152.34,3,Debit Card,Female,Mobile Phone,Married
0,24,2,1,5,0,16,16,155.28,1,Credit Card,Female,Laptop & Accessory,Single
0,10,4,3,5,0,22,8,127.77,2,Credit Card,Male,Fashion,Married
13,16,1,3,2,0,25,5,192.03,3,Credit Card,Male,Mobile Phone,Married
17,12,3,2,1,0,20,9,134.49,3,Debit Card,Male,Grocery,Single
54,13,5,2,1,1,15,12,246.92,3,Debit Card,Female,Mobile Phone,Married
19,13,3,3,5,0,16,8,176.43,1,Debit Card,Male,Mobile Phone,Single
44,16,3,6,3,1,20,10,240.05,2,E Wallet,Female,Fashion,Married
3,29,1,2,3,0,25,1,139.43,1,E Wallet,Female,Grocery,Married
11,14,3,3,2,0,18,4,134.94,2,Debit Card,Male,Fashion,Single
9,20,2,4,3,0,24,9,161.41,1,UPI,Female,Mobile Phone,Married
9,9,2,3,2,0,26,14,151.36,1,COD,Male,Laptop & Accessory,Married
5,21,3,3,4,1,24,7,147.98,1,E Wallet,Male,Fashion,Married
16,19,1,4,3,0,13,12,157.53,1,Credit Card,Female,Grocery,Divorced
5,11,3,3,4,0,24,8,127.87,1,Credit Card,Male,Grocery,Divorced
3,14,1,5,4,1,16,11,112.72,1,E Wallet,Female,Mobile Phone,Married
14,19,3,3,2,0,20,6,146.2,3,COD,Female,Fashion,Divorced
3,23,3,4,4,0,18,5,157.51,2,E Wallet,Female,Mobile Phone,Married
0,13,3,5,1,0,21,6,134.1,2,Debit Card,Female,Mobile Phone,Married
12,19,3,2,1,0,26,8,157.49,2,Credit Card,Female,Mobile Phone,Married
12,21,2,4,4,0,16,13,170.38,1,Debit Card,Female,Laptop & Accessory,Married
6,13,4,1,1,1,26,12,134.71,1,Credit Card,Female,Laptop & Accessory,Single
17,15,3,3,1,0,25,4,190.13,3,Debit Card,Male,Fashion,Divorced
1,10,2,2,2,1,26,0,110.6,3,Debit Card,Male,Laptop & Accessory,Divorced
12,15,3,4,5,1,18,7,158.58,2,COD,Female,Laptop & Accessory,Married
9,12,3,3,2,0,21,9,129.66,1,Debit Card,Female,Fashion,Married
1,20,2,3,3,0,22,18,111.64,3,Credit Card,Female,Fashion,Single
2,14,2,2,1,0,25,2,156.8,1,Credit Card,Male,Grocery,Divorced
3,43,1,3,4,0,17,10,129.16,1,Debit Card,Male,Grocery,Single
21,12,5,6,3,0,14,10,174.09,1,Credit Card,Female,Mobile Phone,Single
3,15,2,3,1,1,17,1,151.35,3,UPI,Male,Grocery,Single
4,9,5,3,4,1,15,2,118.93,1,E Wallet,Female,Laptop & Accessory,Married
14,14,2,2,1,0,15,17,155.8,1,E Wallet,Female,Laptop & Accessory,Divorced
6,14,2,2,5,0,14,5,126.7,3,Credit Card,Male,Mobile Phone,Married
18,19,4,5,3,1,16,7,188.78,1,Debit Card,Female,Fashion,Married
11,26,2,3,5,1,19,11,147.55,1,COD,Male,Laptop & Accessory,Divorced
0,23,4,2,3,0,21,9,132.12,1,Credit Card,Male,Mobile Phone,Married
27,29,4,5,3,1,16,1,184.25,2,E Wallet,Female,Others,Married
4,13,2,3,2,0,11,3,124.66,3,UPI,Female,Mobile Phone,Married
4,24,2,2,1,0,11,16,142.08,3,Credit Card,Male,Laptop & Accessory,Married
6,24,4,2,3,0,18,2,145.03,2,Credit Card,Male,Fashion,Divorced
15,16,4,2,4,0,12,2,183.37,3,E Wallet,Male,Laptop & Accessory,Divorced
2,6,5,3,2,0,26,10,126.95,2,Debit Card,Male,Others,Married
0,17,3,4,1,0,13,4,145.77,3,Credit Card,Female,Others,Divorced
4,11,3,1,2,0,16,10,147.69,2,Debit Card,Female,Fashion,Divorced
10,24,1,2,2,0,13,10,157.28,1,E Wallet,Male,Laptop & Accessory,Single
12,25,5,2,3,0,12,12,140.97,3,UPI,Female,Grocery,Married
3,12,2,4,1,0,13,9,166.21,2,Debit Card,Female,Laptop & Accessory,Married
39,32,3,3,3,0,21,27,252.78,1,COD,Male,Laptop & Accessory,Divorced
10,10,4,4,1,0,23,7,143.5,3,COD,Male,Grocery,Single
9,17,3,5,2,0,12,7,145.13,1,Debit Card,Male,Laptop & Accessory,Married
1,13,3,2,4,0,19,18,144.75,3,Debit Card,Male,Grocery,Single
1,18,3,4,5,1,20,12,145.43,1,Credit Card,Female,Laptop & Accessory,Single
18,17,4,4,5,0,16,6,176.7,1,Debit Card,Male,Laptop & Accessory,Married
13,6,3,4,5,1,16,16,172.54,1,Debit Card,Female,Fashion,Single
4,19,3,4,3,0,26,11,139.77,3,E Wallet,Male,Laptop & Accessory,Single
0,14,5,3,4,0,11,4,114.23,1,Credit Card,Male,Mobile Phone,Single
15,10,4,2,1,0,19,5,161.15,2,E Wallet,Male,Fashion,Married
3,7,4,4,2,0,12,7,136.78,2,Credit Card,Female,Laptop & Accessory,Divorced
0,27,2,2,3,1,20,5,120.31,1,Credit Card,Female,Mobile Phone,Married
7,8,4,1,1,0,17,8,153.6,2,Debit Card,Female,Grocery,Married
21,14,4,2,3,0,11,1,185.88,2,COD,Male,Others,Single
7,10,3,3,5,0,13,0,165.91,2,E Wallet,Male,Mobile Phone,Single
9,13,4,4,3,0,18,3,162.1,1,Debit Card,Female,Fashion,Single
0,20,2,3,5,1,13,1,130.09,3,Credit Card,Female,Mobile Phone,Married
15,28,4,3,4,0,11,5,171.74,1,COD,Female,Laptop & Accessory,Single
0,17,4,4,5,0,19,7,154.63,3,UPI,Female,Laptop & Accessory,Married
12,10,4,4,5,1,26,9,182.84,3,UPI,Male,Fashion,Single
36,14,2,6,4,0,11,13,205.49,2,E Wallet,Male,Mobile Phone,Divorced
2,10,4,4,1,0,21,3,162.53,3,Debit Card,Male,Grocery,Married
0,20,1,3,4,1,15,1,140.35,3,Credit Card,Male,Mobile Phone,Married
11,15,5,4,2,0,18,8,185.34,3,Credit Card,Male,Laptop & Accessory,Married
1,7,2,4,4,0,14,7,144.74,1,Debit Card,Male,Mobile Phone,Single
8,35,3,4,3,1,20,8,168.48,3,Credit Card,Male,Fashion,Single
3,10,5,3,3,1,19,9,184.81,1,COD,Male,Laptop & Accessory,Married
13,10,3,4,2,0,22,5,181.01,1,COD,Male,Others,Divorced
8,21,4,2,5,0,20,11,169.54,2,Debit Card,Male,Fashion,Single
5,25,3,3,2,0,21,9,142.64,1,Debit Card,Female,Laptop & Accessory,Married
17,15,3,2,3,0,24,11,226.73,3,E Wallet,Male,Mobile Phone,Single
15,16,2,2,3,1,25,14,146.21,1,Debit Card,Female,Fashion,Single
3,11,2,2,2,0,11,5,122.22,2,E Wallet,Male,Mobile Phone,Divorced
20,16,1,3,3,0,12,2,176.23,1,E Wallet,Male,Fashion,Married
42,16,5,3,3,1,12,3,231.63,3,COD,Male,Mobile Phone,Single
11,26,3,2,5,0,20,6,144.5,1,UPI,Female,Laptop & Accessory,Single
11,13,1,4,3,0,21,9,147.05,3,Debit Card,Female,Laptop & Accessory,Married
11,16,1,2,3,0,17,2,169.32,3,Credit Card,Male,Grocery,Divorced
6,13,3,2,5,0,20,11,160.26,2,Debit Card,Female,Laptop & Accessory,Married
2,36,3,2,3,1,18,5,129.88,3,E Wallet,Male,Laptop & Accessory,Married
0,26,2,3,3,1,25,20,139.84,2,E Wallet,Female,Laptop & Accessory,Married
5,16,3,2,3,0,20,4,139.82,1,COD,Male,Grocery,Single
18,15,1,4,3,0,17,5,173.34,2,Credit Card,Male,Laptop & Accessory,Married
16,20,2,6,4,0,11,11,185.53,2,UPI,Female,Mobile Phone,Married
5,26,3,5,1,0,16,25,141.5,3,Credit Card,Female,Others,Single
2,12,2,4,3,0,16,19,161.55,3,Credit Card,Male,Laptop & Accessory,Married
6,24,2,4,3,0,19,3,159.45,2,Credit Card,Female,Laptop & Accessory,Single
3,10,2,3,5,1,19,4,114.35,2,UPI,Female,Fashion,Married
2,13,2,4,4,0,12,6,153.78,1,Debit Card,Female,Laptop & Accessory,Divorced
2,14,4,3,5,1,24,3,120.28,1,Debit Card,Male,Laptop & Accessory,Divorced
11,11,4,3,3,1,24,1,150.3,3,Debit Card,Male,Fashion,Married
4,12,1,2,1,0,20,10,121.68,3,Debit Card,Female,Laptop & Accessory,Single
2,24,3,2,4,0,18,16,150.05,1,Debit Card,Male,Others,Married
21,17,3,2,3,0,15,8,175.72,3,E Wallet,Male,Others,Single
18,29,3,3,3,1,15,10,180.58,1,Debit Card,Female,Fashion,Single
18,16,4,2,4,0,26,3,186.06,2,Debit Card,Male,Fashion,Single
14,18,3,4,1,0,26,12,173.48,2,UPI,Male,Mobile Phone,Married
12,14,3,1,5,0,24,0,184.28,3,Credit Card,Female,Others,Married
5,12,4,4,3,1,19,9,152.35,2,Credit Card,Male,Grocery,Single
9,13,4,4,4,0,26,3,156.74,2,COD,Female,Mobile Phone,Single
2,22,3,4,3,0,23,5,149.18,1,E Wallet,Female,Mobile Phone,Single
8,24,2,4,5,0,23,6,160.57,2,COD,Male,Mobile Phone,Single
5,10,3,1,4,0,13,9,123.31,3,E Wallet,Female,Laptop & Accessory,Single
2,12,2,3,3,0,26,5,133.54,2,Debit Card,Male,Laptop & Accessory,Married
8,14,2,3,4,0,23,5,171.45,1,Debit Card,Male,Laptop & Accessory,Married
14,9,3,2,2,1,14,20,173.71,3,Debit Card,Female,Mobile Phone,Married
0,17,3,2,2,0,21,5,112.42,2,E Wallet,Female,Laptop & Accessory,Single
2,21,2,3,2,0,14,8,123.32,3,UPI,Female,Fashion,Single
7,10,4,3,3,1,13,22,189.33,2,UPI,Male,Laptop & Accessory,Married
39,17,3,4,4,0,12,3,201.64,2,UPI,Female,Grocery,Single
28,28,4,2,1,0,11,7,193.88,3,Debit Card,Female,Laptop & Accessory,Married
4,14,4,3,5,0,20,2,165.52,2,Credit Card,Male,Mobile Phone,Divorced
4,33,3,3,3,0,19,1,137.99,1,Credit Card,Male,Laptop & Accessory,Divorced
19,11,3,3,2,0,11,5,162.23,3,Debit Card,Female,Laptop & Accessory,Married
0,18,3,2,3,0,25,9,123.2,1,Credit Card,Female,Laptop & Accessory,Single
3,17,4,3,5,1,15,3,141.29,3,E Wallet,Male,Fashion,Divorced
1,9,3,1,3,0,21,0,153.68,1,Debit Card,Male,Others,Divorced
22,13,3,4,2,1,12,1,208.12,1,E Wallet,Female,Laptop & Accessory,Single
23,11,3,1,4,0,24,15,204.37,1,COD,Female,Mobile Phone,Married
7,39,3,2,1,1,20,14,169.39,1,Debit Card,Female,Laptop & Accessory,Married
36,21,1,4,5,0,24,4,220.09,3,Debit Card,Male,Laptop & Accessory,Divorced
18,27,2,1,2,0,19,5,176.4,2,UPI,Female,Mobile Phone,Married
1,35,3,2,3,0,14,13,125.22,2,COD,Male,Fashion,Married
30,11,2,3,4,0,14,6,177.1,3,Debit Card,Male,Laptop & Accessory,Single
0,18,4,2,2,0,16,1,156.71,3,Debit Card,Female,Fashion,Single
24,11,2,3,5,0,22,20,197.73,3,Debit Card,Female,Laptop & Accessory,Married
3,11,2,3,1,1,24,2,132.37,2,Debit Card,Female,Laptop & Accessory,Married
1,9,4,3,3,1,25,15,144.42,2,COD,Female,Fashion,Married
17,16,3,5,4,0,26,8,194.89,1,COD,Female,Fashion,Married
10,14,3,3,5,0,19,11,171.7,1,COD,Female,Mobile Phone,Single
9,21,4,4,4,0,23,6,173.28,3,Debit Card,Male,Fashion,Married
2,16,4,4,5,0,25,7,150.09,1,E Wallet,Female,Mobile Phone,Married
8,12,1,1,3,0,14,4,171.38,2,Debit Card,Male,Mobile Phone,Single
13,30,4,3,1,0,26,5,175.03,2,E Wallet,Male,Mobile Phone,Married
1,15,2,5,2,0,18,1,131.93,3,Debit Card,Female,Laptop & Accessory,Single
28,21,5,2,3,0,15,3,197.04,1,Credit Card,Female,Laptop & Accessory,Single
13,15,2,3,5,0,25,11,135.3,1,UPI,Female,Mobile Phone,Married
10,18,3,2,3,0,13,13,165.4,1,E Wallet,Male,Others,Married
5,8,3,3,4,1,24,10,143.11,2,E Wallet,Male,Fashion,Married
6,29,2,4,3,0,17,7,145.55,3,Debit Card,Female,Laptop & Accessory,Divorced
9,6,4,4,5,1,19,6,154.55,3,Debit Card,Male,Laptop & Accessory,Single
4,10,4,3,4,1,13,21,150.11,3,E Wallet,Male,Laptop & Accessory,Married
13,13,2,3,5,0,15,4,170.63,3,Credit Card,Female,Fashion,Divorced
11,19,3,2,4,0,25,16,152.28,1,E Wallet,Male,Laptop & Accessory,Single
1,19,4,2,3,1,21,1,125.73,3,Debit Card,Male,Grocery,Divorced
3,13,4,6,4,0,21,8,130.62,3,E Wallet,Male,Grocery,Single
11,19,2,5,4,0,26,12,144.77,1,Debit Card,Female,Mobile Phone,Married
10,13,1,3,3,0,21,8,154.93,2,UPI,Female,Others,Married
15,15,2,3,3,0,14,11,188.61,2,Debit Card,Female,Mobile Phone,Married
10,10,3,3,5,0,15,2,161.41,2,Credit Card,Female,Laptop & Accessory,Single
2,8,3,3,3,0,22,13,126.64,1,Debit Card,Male,Grocery,Single
8,6,3,4,3,0,23,18,147.12,1,Credit Card,Female,Fashion,Single
13,20,4,2,5,0,17,4,155.58,2,Credit Card,Female,Grocery,Married
5,18,2,3,3,1,26,15,131.61,2,UPI,Female,Grocery,Married
18,15,4,3,5,0,26,5,196.76,1,Credit Card,Male,Mobile Phone,Single
1,29,2,5,3,0,22,1,128.49,1,COD,Male,Laptop & Accessory,Single
8,9,3,4,2,0,19,21,143.42,3,E Wallet,Male,Fashion,Married
6,17,3,2,5,0,17,8,153.58,2,Debit Card,Male,Fashion,Married
0,32,3,2,1,1,12,9,112.92,1,Credit Card,Female,Mobile Phone,Single
12,16,2,1,3,0,25,6,153.48,1,Debit Card,Female,Others,Married
7,12,3,1,3,1,23,21,149.6,3,E Wallet,Female,Laptop & Accessory,Married
0,33,3,3,4,0,16,8,147.81,1,Debit Card,Female,Fashion,Married
6,20,3,4,5,1,17,1,178.67,2,COD,Male,Fashion,Single
5,7,4,3,2,1,22,10,137.51,2,UPI,Male,Laptop & Accessory,Married
5,19,3,3,3,0,12,3,159.98,1,COD,Female,Grocery,Married
4,28,4,4,1,0,21,16,156.12,2,Credit Card,Female,Others,Single
0,12,2,1,4,0,13,2,117.18,2,UPI,Female,Fashion,Married
2,20,1,3,3,0,18,11,136.6,3,E Wallet,Male,Mobile Phone,Married
0,15,5,2,2,0,15,1,101.39,2,Debit Card,Female,Mobile Phone,Married
23,11,4,2,1,1,15,1,174.05,2,COD,Male,Laptop & Accessory,Married
51,24,2,5,1,0,21,4,271.83,1,Credit Card,Male,Mobile Phone,Single
17,10,1,4,3,0,26,16,169.02,1,E Wallet,Female,Mobile Phone,Married
13,15,3,2,5,0,16,10,196.88,1,Debit Card,Female,Laptop & Accessory,Married
1,21,3,2,4,0,19,12,141.29,3,Credit Card,Male,Grocery,Single
14,20,3,2,3,1,19,5,151.23,3,E Wallet,Male,Fashion,Married
5,17,2,2,2,1,19,13,148.96,3,COD,Female,Grocery,Divorced
4,14,5,3,3,1,13,2,139.99,3,E Wallet,Female,Mobile Phone,Married
15,12,3,5,3,1,21,0,193.53,2,Credit Card,Female,Laptop & Accessory,Single
17,30,2,2,1,0,23,2,157.61,1,Credit Card,Female,Laptop & Accessory,Married
0,15,4,4,4,0,22,5,96.54,2,E Wallet,Female,Mobile Phone,Married
1,12,2,3,2,0,11,3,137.24,3,COD,Female,Fashion,Married
2,13,3,2,4,1,20,18,167.88,1,Debit Card,Female,Mobile Phone,Single
12,9,4,3,3,0,23,4,170.13,3,Debit Card,Male,Grocery,Divorced
6,17,1,1,3,0,12,3,111.01,1,E Wallet,Male,Laptop & Accessory,Divorced
6,28,3,2,3,1,22,3,140.81,1,E Wallet,Male,Laptop & Accessory,Single
37,12,3,3,5,1,23,3,194.21,1,Debit Card,Male,Laptop & Accessory,Married
0,15,1,4,4,0,11,9,175.72,3,E Wallet,Male,Mobile Phone,Single
11,33,3,4,3,0,23,19,164.17,3,E Wallet,Male,Others,Single
37,20,3,2,3,1,13,8,204.91,3,Debit Card,Female,Mobile Phone,Single
14,23,2,3,3,0,21,19,154.89,1,Debit Card,Male,Others,Single
29,15,3,3,4,1,17,4,199.66,3,Credit Card,Female,Laptop & Accessory,Single
37,22,2,3,2,1,24,5,202.2,2,Debit Card,Female,Mobile Phone,Married
7,36,3,3,5,0,25,19,155.19,3,COD,Female,Others,Married
0,15,4,1,3,0,22,1,155.93,2,COD,Female,Fashion,Married
7,15,3,4,4,1,13,0,170.88,3,Debit Card,Male,Fashion,Married
42,19,2,3,1,0,19,16,244.43,1,COD,Female,Mobile Phone,Married
27,13,2,5,5,0,18,12,173.56,1,E Wallet,Male,Mobile Phone,Divorced
5,19,2,3,1,0,24,17,168.87,3,UPI,Male,Laptop & Accessory,Single
10,6,2,4,4,1,15,7,150.59,2,Debit Card,Male,Fashion,Married
38,10,2,2,3,0,12,12,214.71,3,UPI,Male,Laptop & Accessory,Married
2,18,2,3,3,0,17,8,138.68,2,Credit Card,Male,Grocery,Divorced
2,24,3,1,2,0,26,24,141.89,1,Credit Card,Male,Laptop & Accessory,Married
3,26,3,3,5,1,18,22,130.06,1,Debit Card,Male,Laptop & Accessory,Single
12,20,2,2,2,0,11,4,168.06,3,E Wallet,Female,Laptop & Accessory,Married
8,22,3,2,3,0,22,5,138.09,2,E Wallet,Female,Mobile Phone,Divorced
8,8,4,2,3,0,18,5,163.71,2,Credit Card,Female,Grocery,Married
0,18,3,3,3,0,24,11,126.2,1,Debit Card,Male,Mobile Phone,Married
9,12,4,2,3,1,25,1,170.43,1,Credit Card,Female,Mobile Phone,Divorced
6,13,2,3,4,0,14,6,175.32,1,Credit Card,Male,Fashion,Married
5,16,5,4,4,0,13,2,144.31,2,Debit Card,Female,Mobile Phone,Single
11,12,2,2,2,0,15,8,153.04,1,UPI,Male,Laptop & Accessory,Single
17,17,4,6,3,0,23,19,187.58,1,Credit Card,Male,Laptop & Accessory,Single
1,14,3,2,2,1,25,2,122.61,1,E Wallet,Female,Fashion,Married
8,15,3,4,5,0,13,21,152.71,3,Credit Card,Female,Laptop & Accessory,Divorced
9,14,5,4,3,1,24,2,155.59,1,E Wallet,Male,Fashion,Married
2,19,3,1,1,0,14,5,128.81,1,Debit Card,Female,Laptop & Accessory,Married
1,8,2,5,5,0,17,3,135.38,3,E Wallet,Male,Mobile Phone,Married
0,12,4,4,4,0,11,1,133.02,2,E Wallet,Male,Laptop & Accessory,Divorced
30,18,3,2,2,0,11,2,228.01,1,E Wallet,Female,Mobile Phone,Married
4,27,3,2,1,0,11,8,163.82,2,COD,Female,Laptop & Accessory,Divorced
22,12,3,3,5,0,14,13,192.89,1,Debit Card,Female,Laptop & Accessory,Married
30,9,2,4,1,0,20,12,196.86,3,Debit Card,Female,Grocery,Single
8,8,3,4,1,0,21,4,146.58,1,E Wallet,Male,Fashion,Married
6,11,4,4,5,0,22,4,137.96,1,COD,Female,Laptop & Accessory,Married
0,10,2,3,3,0,15,15,162.99,2,Debit Card,Female,Mobile Phone,Married
25,37,1,1,3,0,25,8,197.29,1,Credit Card,Male,Others,Married
9,12,3,2,5,0,12,8,165.19,3,Credit Card,Male,Laptop & Accessory,Married
10,15,3,2,4,0,13,9,163.57,2,COD,Male,Mobile Phone,Married
9,16,4,4,2,0,23,5,176.46,3,UPI,Female,Fashion,Divorced
11,15,1,4,2,0,14,6,148.75,1,E Wallet,Male,Fashion,Married
23,15,4,4,2,0,15,8,159.8,3,Credit Card,Female,Grocery,Married
22,15,1,2,3,0,14,3,186.08,1,Debit Card,Male,Mobile Phone,Single
21,13,3,4,2,0,13,1,186.99,1,UPI,Female,Laptop & Accessory,Married
0,17,3,4,5,1,20,8,119.88,3,Credit Card,Male,Laptop & Accessory,Married
7,22,2,1,3,1,15,6,117.77,1,Credit Card,Male,Mobile Phone,Single
0,29,3,4,4,0,18,5,124.35,1,COD,Male,Mobile Phone,Divorced
16,8,1,4,4,1,19,6,214.28,1,Debit Card,Male,Fashion,Single
28,22,2,4,2,1,19,26,205.42,2,UPI,Male,Mobile Phone,Married
7,29,2,1,2,0,15,10,148.82,1,Debit Card,Female,Mobile Phone,Married
2,12,3,3,4,1,11,4,141.72,3,Credit Card,Male,Mobile Phone,Divorced
1,11,4,3,1,1,12,1,152.14,3,UPI,Female,Others,Married
15,9,2,2,1,0,12,6,175.92,1,UPI,Female,Others,Married
5,21,3,2,1,1,19,13,133.76,2,Credit Card,Female,Laptop & Accessory,Divorced
7,14,3,4,1,0,22,1,181.6,3,Debit Card,Male,Fashion,Married
15,15,2,5,3,0,14,3,161.65,1,Debit Card,Male,Laptop & Accessory,Married
12,18,2,3,5,0,15,9,130.74,1,Credit Card,Female,Fashion,Single
3,23,3,1,3,0,13,3,126.99,1,Debit Card,Female,Mobile Phone,Single
2,22,3,3,2,0,16,10,112.87,1,Credit Card,Female,Grocery,Single
3,9,3,3,1,1,20,1,128.08,1,Credit Card,Male,Fashion,Single
6,10,4,3,2,0,24,9,140.49,3,Credit Card,Female,Laptop & Accessory,Single
31,11,3,3,3,0,21,4,203.39,2,UPI,Male,Fashion,Single
4,12,2,4,4,0,24,7,137.86,2,Debit Card,Female,Grocery,Single
0,14,2,2,1,0,21,6,142.4,3,Debit Card,Female,Others,Married
39,21,3,3,4,0,22,8,216.92,1,COD,Male,Laptop & Accessory,Divorced
1,12,2,1,1,1,21,5,115.65,3,Credit Card,Male,Others,Single
7,23,1,2,2,0,11,8,147.01,1,Credit Card,Female,Mobile Phone,Married
10,8,3,4,3,0,22,7,158.02,1,UPI,Female,Laptop & Accessory,Single
0,30,3,5,3,0,12,7,130.37,2,UPI,Female,Fashion,Married
15,8,5,3,2,1,13,8,172.1,3,Credit Card,Female,Mobile Phone,Single
22,13,1,3,4,0,23,12,194.11,2,Debit Card,Male,Fashion,Married
22,33,3,3,2,0,18,11,228.81,3,Credit Card,Male,Fashion,Divorced
0,16,1,3,4,1,23,3,137.98,1,Debit Card,Male,Others,Divorced
39,15,1,4,4,0,25,1,238.24,3,E Wallet,Male,Fashion,Married
3,14,2,1,1,1,21,6,138.33,1,Credit Card,Male,Grocery,Married
11,11,2,3,4,1,25,6,177.16,2,Credit Card,Female,Grocery,Married
13,23,3,2,5,0,15,4,130.52,2,Credit Card,Female,Mobile Phone,Single
1,11,4,2,3,0,15,3,167.99,1,E Wallet,Male,Fashion,Married
4,23,5,1,1,0,11,2,158.26,3,Debit Card,Female,Mobile Phone,Single
13,17,4,2,2,0,26,2,195.02,2,Debit Card,Female,Mobile Phone,Single
12,12,1,3,5,1,24,11,170.38,1,UPI,Male,Mobile Phone,Married
26,21,5,5,5,0,15,17,200.41,3,Credit Card,Female,Laptop & Accessory,Married
17,15,3,3,4,0,23,16,155.44,3,E Wallet,Female,Laptop & Accessory,Single
7,9,2,3,1,0,15,10,140.81,1,Debit Card,Male,Mobile Phone,Married
1,23,3,2,4,0,16,11,132.13,3,Debit Card,Male,Fashion,Divorced
10,17,4,4,5,0,12,6,171.61,1,Debit Card,Male,Laptop & Accessory,Married
5,15,3,3,3,1,20,5,158.43,1,Debit Card,Female,Laptop & Accessory,Divorced
24,9,4,6,3,0,26,4,197.5,2,Debit Card,Male,Fashion,Divorced
52,19,3,3,3,0,22,6,262.62,1,Debit Card,Male,Laptop & Accessory,Divorced
0,14,2,4,3,0,12,11,148.84,3,UPI,Female,Mobile Phone,Divorced
6,13,2,3,3,0,13,10,148.57,3,Debit Card,Female,Mobile Phone,Single
28,16,4,3,3,0,17,4,198.68,2,E Wallet,Male,Fashion,Single
1,10,2,5,5,0,15,6,143.7,3,COD,Male,Laptop & Accessory,Married
6,28,3,4,3,0,25,5,147.91,1,Debit Card,Female,Fashion,Married
2,26,2,2,2,1,26,6,130.37,2,E Wallet,Male,Laptop & Accessory,Married
27,17,3,4,1,1,21,22,194.72,3,Credit Card,Male,Laptop & Accessory,Married
3,14,2,1,2,0,19,7,168.57,1,Credit Card,Female,Laptop & Accessory,Single
20,12,3,5,2,1,16,6,194.34,2,Credit Card,Female,Grocery,Married
4,10,2,3,3,1,20,8,156.09,2,COD,Female,Laptop & Accessory,Married
1,14,2,5,2,1,25,12,142.69,1,Credit Card,Female,Fashion,Married
15,6,3,2,2,1,23,0,176.45,2,E Wallet,Male,Mobile Phone,Married
9,9,2,4,5,0,20,15,178.88,2,Credit Card,Female,Mobile Phone,Divorced
0,14,3,5,3,0,12,4,130.25,1,Credit Card,Male,Grocery,Married
9,15,1,5,1,0,16,5,158.39,1,Credit Card,Male,Fashion,Married
6,9,2,3,1,0,11,4,130.03,3,Credit Card,Female,Laptop & Accessory,Married
20,18,2,3,2,0,21,8,153.73,1,E Wallet,Female,Others,Divorced
6,14,3,3,1,1,11,8,140.27,1,E Wallet,Male,Fashion,Divorced
1,10,4,4,2,0,24,3,138.05,3,Credit Card,Male,Laptop & Accessory,Single
5,10,3,3,3,1,16,1,126.1,2,Debit Card,Female,Fashion,Married
0,17,4,3,4,0,24,2,128.88,3,UPI,Female,Fashion,Married
9,18,3,3,2,0,11,2,155.41,2,E Wallet,Female,Mobile Phone,Single
5,33,4,4,5,0,24,20,148.1,1,Debit Card,Male,Fashion,Single
7,8,2,2,2,0,25,12,146.56,3,Debit Card,Female,Mobile Phone,Married
3,23,2,5,3,0,18,12,145.23,2,E Wallet,Male,Laptop & Accessory,Married
5,15,2,4,2,0,25,9,150.69,1,E Wallet,Female,Laptop & Accessory,Married
8,12,3,5,4,0,17,12,183.65,3,Credit Card,Male,Grocery,Divorced
0,15,5,3,3,0,26,8,133.42,1,Debit Card,Male,Fashion,Single
7,8,4,3,1,0,17,13,165.76,1,Credit Card,Female,Fashion,Married
13,7,1,5,5,1,13,4,167.97,3,Credit Card,Female,Fashion,Divorced
12,10,2,3,2,0,12,1,185.12,1,COD,Male,Mobile Phone,Married
1,8,4,2,3,1,21,7,140.09,2,E Wallet,Female,Laptop & Accessory,Single
5,13,2,4,2,0,12,12,125.44,3,Debit Card,Male,Laptop & Accessory,Single
3,11,2,4,5,1,16,10,112.86,1,Credit Card,Male,Laptop & Accessory,Married
13,10,3,2,4,1,24,9,181.82,2,Credit Card,Male,Mobile Phone,Single
11,52,4,4,5,0,13,10,176.11,1,Debit Card,Male,Laptop & Accessory,Married
11,11,2,5,2,0,13,6,156.8,3,Debit Card,Female,Fashion,Single
3,18,2,5,2,0,19,8,145.41,1,E Wallet,Male,Grocery,Married
6,12,3,2,1,0,20,7,149.7,3,E Wallet,Female,Others,Married
7,12,3,4,1,0,17,8,132.14,1,Credit Card,Male,Laptop & Accessory,Divorced
7,16,2,2,4,1,18,5,155.21,1,Debit Card,Male,Mobile Phone,Divorced
19,20,2,3,1,1,24,11,192.2,3,Debit Card,Male,Others,Married
1,14,2,4,1,1,25,3,144.56,2,Credit Card,Male,Fashion,Married
1,17,2,2,3,1,25,2,141.99,1,COD,Female,Fashion,Married
18,16,3,3,3,1,19,2,173.86,3,E Wallet,Male,Laptop & Accessory,Single
6,7,1,4,2,1,24,18,160.44,3,E Wallet,Female,Laptop & Accessory,Single
10,14,1,3,4,1,22,0,152.8,3,Credit Card,Female,Fashion,Single
23,10,2,3,5,1,21,8,223.32,2,E Wallet,Female,Mobile Phone,Married
31,14,2,3,2,0,25,1,213.14,2,Debit Card,Female,Mobile Phone,Single
12,25,3,3,4,0,21,9,162.64,1,Debit Card,Female,Others,Single
3,18,2,3,4,1,16,4,140.93,1,UPI,Female,Others,Single
2,20,2,1,3,0,26,6,153.27,1,Credit Card,Female,Laptop & Accessory,Married
24,11,1,2,1,1,19,7,231.78,1,E Wallet,Male,Laptop & Accessory,Divorced
0,18,5,3,3,0,12,2,136.95,1,UPI,Male,Fashion,Single
61,9,3,4,3,0,19,5,286.0,1,Debit Card,Male,Others,Single
3,15,3,2,2,0,22,5,142.94,1,Debit Card,Male,Fashion,Single
4,13,2,2,3,0,15,1,145.67,1,E Wallet,Male,Grocery,Married
4,13,4,2,1,0,26,3,127.22,2,COD,Male,Fashion,Divorced
1,36,2,3,3,0,22,7,109.23,2,Debit Card,Male,Others,Married
9,15,4,3,3,0,18,5,169.87,3,Credit Card,Female,Mobile Phone,Married
37,8,3,1,3,0,18,19,229.42,2,Credit Card,Male,Grocery,Married
0,7,4,4,4,0,22,7,137.96,2,Debit Card,Female,Mobile Phone,Married
5,19,1,2,1,1,26,1,133.75,2,Credit Card,Male,Fashion,Divorced
30,15,2,4,3,1,25,6,200.02,3,Debit Card,Male,Grocery,Married
20,13,2,3,5,1,11,11,184.2,2,COD,Male,Grocery,Married
19,9,3,6,1,0,19,7,181.22,1,Credit Card,Female,Fashion,Married
16,37,3,3,4,1,23,3,203.68,3,E Wallet,Female,Laptop & Accessory,Married
15,17,3,2,4,0,20,2,188.85,1,Debit Card,Male,Mobile Phone,Single
9,14,2,3,3,0,15,5,175.54,1,Debit Card,Male,Mobile Phone,Married
5,22,4,3,3,0,24,7,134.45,1,Credit Card,Male,Mobile Phone,Married
20,22,4,1,3,1,23,12,176.26,3,E Wallet,Male,Fashion,Single
8,38,2,3,2,0,21,3,137.42,1,E Wallet,Female,Laptop & Accessory,Single
6,25,1,4,3,0,20,8,134.72,3,UPI,Male,Fashion,Single
8,10,2,4,3,0,17,0,159.42,2,Debit Card,Female,Others,Married
15,11,1,3,4,1,21,3,149.06,1,Credit Card,Male,Others,Married
29,11,3,4,3,1,22,6,215.07,2,Credit Card,Female,Mobile Phone,Married
2,8,3,2,3,0,23,5,122.83,2,Credit Card,Female,Grocery,Married
1,20,2,3,3,0,25,2,130.39,1,Debit Card,Male,Mobile Phone,Single
14,24,4,5,1,0,12,3,158.79,2,Credit Card,Female,Grocery,Divorced
40,27,1,4,4,1,23,16,212.76,2,E Wallet,Female,Laptop & Accessory,Single
3,16,2,1,2,0,12,7,148.96,1,UPI,Male,Fashion,Divorced
13,32,2,4,4,0,23,5,174.96,1,Debit Card,Male,Mobile Phone,Divorced
0,13,2,3,3,1,17,21,124.38,1,COD,Female,Fashion,Single
29,11,3,2,1,0,19,19,232.56,3,UPI,Male,Grocery,Single
0,24,2,3,4,1,18,2,146.62,1,Debit Card,Male,Mobile Phone,Married
12,11,3,3,3,1,17,5,171.68,3,COD,Male,Mobile Phone,Divorced
0,20,4,3,5,1,21,21,127.07,3,Debit Card,Male,Grocery,Married
3,12,2,2,3,1,20,9,124.18,1,Debit Card,Female,Laptop & Accessory,Single
10,16,4,2,4,0,11,24,164.01,2,Credit Card,Female,Fashion,Married
1,16,3,3,5,0,19,4,153.12,2,Credit Card,Male,Fashion,Married
3,18,4,2,2,0,21,5,177.6,1,Credit Card,Male,Others,Married
0,9,3,1,3,0,16,1,126.45,3,UPI,Female,Fashion,Single
15,22,2,4,4,0,17,7,164.34,3,E Wallet,Female,Laptop & Accessory,Married
23,6,3,3,2,1,22,5,176.98,3,Credit Card,Male,Grocery,Married
6,13,3,5,2,0,24,1,132.44,3,Credit Card,Female,Fashion,Single
3,28,3,3,3,0,26,3,133.87,1,Credit Card,Female,Laptop & Accessory,Single
28,6,4,2,3,0,11,3,198.71,3,COD,Male,Fashion,Married
1,15,3,1,2,0,23,2,100.79,3,E Wallet,Female,Grocery,Married
19,16,1,2,4,0,26,11,194.4,2,Credit Card,Female,Fashion,Married
0,10,3,3,4,1,14,3,132.81,3,UPI,Male,Mobile Phone,Single
2,11,3,2,2,1,24,8,139.09,1,Credit Card,Male,Laptop & Accessory,Single
2,21,3,3,4,0,14,2,154.91,2,E Wallet,Male,Grocery,Single
24,19,4,1,2,0,15,18,184.52,1,Debit Card,Female,Others,Married
1,18,4,3,2,1,20,5,142.92,3,Credit Card,Male,Laptop & Accessory,Single
10,18,2,4,4,1,19,0,135.4,1,E Wallet,Male,Fashion,Single
17,14,2,3,3,0,16,4,179.56,1,Credit Card,Female,Fashion,Single
3,8,3,1,3,0,23,1,144.51,1,Debit Card,Female,Laptop & Accessory,Single
7,12,2,3,1,1,21,8,152.27,1,Debit Card,Male,Laptop & Accessory,Single
7,11,3,2,4,0,15,6,122.11,3,Debit Card,Male,Others,Single
23,9,2,2,3,1,19,22,187.04,1,COD,Female,Laptop & Accessory,Married
8,16,1,5,1,0,18,5,155.89,3,Debit Card,Female,Grocery,Married
14,8,2,3,1,1,21,13,181.69,2,Credit Card,Female,Grocery,Single
14,12,3,1,1,1,15,11,171.63,1,Credit Card,Male,Others,Single
17,10,2,3,4,0,22,16,172.09,2,UPI,Male,Laptop & Accessory,Married
5,20,2,2,2,0,18,10,156.2,1,Credit Card,Male,Mobile Phone,Divorced
16,26,3,1,1,1,14,6,160.56,1,E Wallet,Male,Laptop & Accessory,Married
28,40,2,4,1,1,15,3,223.99,1,COD,Male,Laptop & Accessory,Single
1,15,3,5,2,0,16,3,140.08,1,Debit Card,Female,Grocery,Married
3,8,3,1,3,0,20,9,164.22,2,UPI,Male,Laptop & Accessory,Single
4,13,2,2,5,0,23,9,130.77,3,E Wallet,Male,Laptop & Accessory,Married
4,10,1,5,5,1,22,19,170.73,1,COD,Female,Grocery,Married
39,14,3,3,2,0,21,8,239.51,3,E Wallet,Male,Mobile Phone,Married
4,19,2,5,4,0,16,6,142.75,1,E Wallet,Female,Mobile Phone,Single
2,12,3,2,3,0,25,8,152.83,2,Credit Card,Female,Laptop & Accessory,Married
1,11,4,3,2,0,21,16,142.68,1,Debit Card,Female,Fashion,Divorced
22,16,2,1,3,0,16,4,166.54,1,E Wallet,Female,Fashion,Married
3,6,2,2,3,0,12,13,122.38,1,Credit Card,Female,Fashion,Divorced
14,14,1,5,5,0,19,5,203.42,3,Credit Card,Male,Laptop & Accessory,Married
9,15,3,2,4,1,26,19,167.91,3,UPI,Male,Laptop & Accessory,Married
4,6,1,2,1,0,24,1,145.68,2,Credit Card,Female,Fashion,Married
20,21,4,2,1,0,25,0,196.62,1,Debit Card,Male,Mobile Phone,Single
0,16,2,3,4,0,15,2,128.75,1,Debit Card,Male,Grocery,Divorced
2,13,2,4,3,0,17,20,121.57,1,E Wallet,Male,Mobile Phone,Single
8,15,2,1,2,0,17,16,141.42,3,Debit Card,Male,Grocery,Single
1,18,3,4,5,0,25,3,127.33,2,E Wallet,Female,Laptop & Accessory,Married
8,15,3,2,3,1,11,10,164.82,3,Debit Card,Male,Laptop & Accessory,Divorced
6,26,2,3,3,0,15,9,122.65,2,Debit Card,Male,Mobile Phone,Divorced
10,8,2,2,3,0,24,18,139.98,2,Debit Card,Female,Fashion,Married
6,16,5,2,4,0,15,22,176.71,1,Debit Card,Female,Laptop & Accessory,Married
7,9,2,2,2,0,12,8,187.84,3,Debit Card,Female,Fashion,Married
1,12,5,2,4,1,24,5,134.71,3,Credit Card,Female,Fashion,Divorced
2,14,2,3,2,0,24,20,124.15,3,Credit Card,Male,Laptop & Accessory,Divorced
51,14,5,4,3,0,14,14,262.58,3,Credit Card,Male,Laptop & Accessory,Single
1,13,3,6,5,1,13,4,109.39,3,COD,Female,Fashion,Single
11,18,3,4,1,0,20,2,145.55,3,Credit Card,Male,Fashion,Single
9,26,2,6,3,0,18,6,142.47,1,UPI,Female,Laptop & Accessory,Married
21,10,2,1,3,0,17,16,144.59,3,COD,Female,Others,Married
14,20,5,3,5,1,23,2,191.99,1,Debit Card,Male,Mobile Phone,Married
12,18,3,4,5,1,21,3,136.35,1,Credit Card,Male,Mobile Phone,Single
0,24,3,2,1,1,23,2,127.92,2,Credit Card,Male,Laptop & Accessory,Married
5,16,3,2,3,0,26,9,116.01,2,COD,Female,Laptop & Accessory,Married
3,16,3,4,3,0,20,1,153.78,1,Credit Card,Female,Others,Married
17,14,2,4,2,0,21,21,181.94,3,E Wallet,Female,Fashion,Married
1,21,3,3,2,1,21,4,164.05,1,E Wallet,Male,Laptop & Accessory,Single
14,14,2,1,3,0,15,1,170.86,2,E Wallet,Female,Mobile Phone,Single
2,11,3,3,5,0,14,10,176.66,1,UPI,Female,Laptop & Accessory,Single
11,16,4,3,2,1,11,1,150.15,3,Credit Card,Female,Fashion,Married
2,16,2,3,4,0,21,1,103.12,1,UPI,Female,Grocery,Married
2,21,2,2,3,0,18,5,118.89,1,E Wallet,Female,Laptop & Accessory,Single
30,7,1,4,5,0,18,2,224.62,1,COD,Female,Mobile Phone,Divorced
10,15,5,3,3,0,11,5,147.12,3,Credit Card,Male,Fashion,Married
15,10,2,3,5,1,22,2,176.3,1,Credit Card,Male,Laptop & Accessory,Single
13,8,1,3,5,0,11,4,132.71,1,Credit Card,Female,Fashion,Married
2,10,4,2,2,0,25,14,132.95,1,Credit Card,Female,Grocery,Married
11,21,4,3,4,1,14,1,178.95,1,Credit Card,Male,Mobile Phone,Married
14,12,3,3,2,0,25,4,143.51,2,Debit Card,Female,Mobile Phone,Married
7,25,3,2,2,0,14,8,143.6,3,Debit Card,Female,Others,Single
23,15,3,4,4,0,15,4,212.78,3,Debit Card,Female,Mobile Phone,Divorced
24,17,2,3,1,0,25,6,175.58,1,UPI,Female,Mobile Phone,Single
14,26,4,3,3,0,12,4,142.38,3,Credit Card,Female,Fashion,Divorced
10,22,2,4,4,0,24,7,150.47,1,Credit Card,Female,Mobile Phone,Married
16,11,2,2,2,1,24,7,188.5,2,COD,Female,Fashion,Divorced
5,43,1,2,3,0,23,9,141.09,2,COD,Male,Grocery,Married
4,18,2,3,4,1,25,4,124.99,2,Debit Card,Male,Mobile Phone,Married
35,16,3,2,4,0,25,5,198.29,2,Credit Card,Male,Laptop & Accessory,Married
9,15,2,3,1,1,20,1,164.68,1,Credit Card,Male,Laptop & Accessory,Married
3,13,1,1,3,0,18,9,163.86,2,UPI,Male,Laptop & Accessory,Divorced
1,19,3,2,2,1,19,1,155.88,2,E Wallet,Female,Mobile Phone,Married
24,13,4,1,3,0,14,9,204.59,3,Credit Card,Male,Mobile Phone,Married
15,8,1,3,5,0,22,5,162.17,2,Credit Card,Male,Mobile Phone,Married
3,21,3,1,2,1,21,13,177.81,2,UPI,Female,Laptop & Accessory,Married
32,10,3,2,5,0,16,8,226.84,1,Credit Card,Female,Others,Married
5,9,3,5,2,0,21,5,141.76,2,Debit Card,Female,Mobile Phone,Single
12,15,2,4,2,0,22,5,151.36,3,E Wallet,Male,Mobile Phone,Married
32,15,4,4,3,0,21,4,194.03,2,Credit Card,Male,Fashion,Single
5,22,1,2,5,1,26,3,131.8,1,Credit Card,Male,Others,Married
23,17,4,2,5,0,12,20,193.37,1,Credit Card,Male,Fashion,Married
5,13,3,3,1,1,20,6,130.39,1,COD,Male,Fashion,Single
13,9,3,3,3,0,17,4,180.61,1,Debit Card,Female,Laptop & Accessory,Single
0,31,2,3,4,0,17,9,148.27,3,Credit Card,Male,Mobile Phone,Married
3,16,3,2,2,0,18,13,119.82,2,Credit Card,Female,Mobile Phone,Single
10,16,3,4,1,1,21,2,149.65,2,E Wallet,Female,Laptop & Accessory,Single
4,22,4,3,1,1,19,2,140.0,1,Credit Card,Male,Mobile Phone,Married
4,16,1,3,3,0,16,5,141.7,1,Debit Card,Male,Fashion,Single
4,24,3,5,5,0,14,4,181.77,3,Credit Card,Female,Mobile Phone,Single
4,16,2,3,2,0,11,22,162.9,1,Credit Card,Female,Mobile Phone,Married
1,38,1,2,4,0,16,4,168.92,2,UPI,Male,Mobile Phone,Married
0,6,2,5,5,0,16,4,129.66,1,Debit Card,Female,Laptop & Accessory,Single
25,11,3,3,4,0,11,4,190.85,2,Credit Card,Female,Mobile Phone,Married
3,9,2,3,3,1,20,5,136.37,2,E Wallet,Male,Others,Single
2,18,4,3,2,1,12,10,163.85,1,Credit Card,Male,Mobile Phone,Divorced
4,28,3,3,2,0,12,11,131.76,3,Debit Card,Male,Laptop & Accessory,Single
3,9,3,2,3,0,16,13,141.38,1,Credit Card,Male,Laptop & Accessory,Married
3,15,2,2,3,0,24,0,143.83,3,E Wallet,Female,Grocery,Single
15,19,4,3,3,0,14,10,189.21,2,Debit Card,Female,Fashion,Single
29,8,2,2,4,1,16,5,199.86,2,E Wallet,Male,Laptop & Accessory,Single
13,10,3,4,4,0,15,6,167.38,2,Credit Card,Male,Laptop & Accessory,Married
11,19,3,3,5,0,15,3,166.21,3,UPI,Male,Fashion,Married
6,10,3,4,1,1,20,3,166.57,2,Credit Card,Male,Laptop & Accessory,Married
12,20,2,3,5,0,19,11,157.06,3,COD,Female,Laptop & Accessory,Married
1,26,3,3,3,0,21,15,112.29,2,E Wallet,Male,Others,Married
12,16,3,3,3,0,20,4,160.15,2,E Wallet,Female,Mobile Phone,Single
0,18,2,1,2,0,19,8,140.15,1,Credit Card,Female,Fashion,Divorced
61,12,4,1,4,0,18,1,304.48,3,Credit Card,Male,Fashion,Divorced
6,10,2,3,5,0,11,19,157.98,2,Credit Card,Male,Mobile Phone,Single
15,19,3,3,3,0,11,4,154.04,1,Debit Card,Female,Fashion,Married
18,12,3,3,5,0,24,6,187.5,3,E Wallet,Female,Grocery,Single
3,22,2,2,2,0,13,4,143.42,3,Debit Card,Female,Laptop & Accessory,Married
6,15,2,3,5,0,22,7,135.02,2,Debit Card,Male,Fashion,Divorced
5,16,2,3,5,0,18,0,139.87,2,UPI,Female,Fashion,Divorced
6,18,4,3,3,0,12,2,132.65,2,Credit Card,Female,Laptop & Accessory,Single
27,15,1,4,1,0,16,6,222.87,1,UPI,Female,Grocery,Single
12,8,3,2,1,1,16,4,168.81,1,E Wallet,Female,Fashion,Married
6,12,2,2,3,1,14,3,148.33,1,Credit Card,Male,Grocery,Single
5,19,4,3,3,0,19,2,156.38,1,COD,Female,Fashion,Single
31,23,4,2,4,0,15,2,211.62,3,Debit Card,Female,Laptop & Accessory,Divorced
6,28,3,4,2,0,19,12,146.23,3,Credit Card,Male,Mobile Phone,Married
7,20,2,1,3,1,25,18,123.51,1,E Wallet,Female,Laptop & Accessory,Divorced
5,12,1,2,3,0,23,15,155.77,3,E Wallet,Male,Mobile Phone,Married
7,11,2,2,1,0,24,6,167.21,1,Debit Card,Female,Mobile Phone,Single
19,19,1,1,3,0,26,36,160.6,1,Credit Card,Male,Fashion,Divorced
3,19,4,5,3,0,22,5,140.2,1,UPI,Male,Laptop & Accessory,Married
32,15,2,4,5,0,19,3,209.41,3,COD,Male,Laptop & Accessory,Single
15,10,4,3,5,1,26,11,174.91,1,Credit Card,Female,Others,Married
7,19,2,1,5,0,22,13,154.03,3,Debit Card,Female,Laptop & Accessory,Married
25,42,3,3,2,0,26,5,213.93,3,Debit Card,Female,Laptop & Accessory,Married
31,8,1,3,4,0,12,20,210.65,3,Debit Card,Male,Fashion,Married
0,8,2,5,3,1,14,6,169.48,3,Credit Card,Male,Mobile Phone,Married
16,7,3,4,4,0,21,5,195.82,1,Credit Card,Male,Mobile Phone,Single
14,30,3,4,2,1,24,14,162.54,1,E Wallet,Male,Fashion,Married
6,12,2,3,4,1,21,14,151.11,1,E Wallet,Female,Fashion,Single
4,13,2,3,5,1,16,2,167.35,2,UPI,Female,Laptop & Accessory,Married
21,9,2,2,5,0,26,1,203.79,3,Debit Card,Male,Others,Single
13,18,4,2,2,1,15,5,176.44,1,E Wallet,Male,Laptop & Accessory,Married
4,14,3,3,5,0,15,8,140.74,3,Credit Card,Male,Fashion,Married
20,27,3,3,4,0,22,2,174.54,2,UPI,Male,Laptop & Accessory,Married
1,24,3,3,4,0,21,10,132.84,2,Credit Card,Female,Laptop & Accessory,Divorced
4,15,4,1,1,0,23,14,135.85,3,Credit Card,Female,Mobile Phone,Single
4,17,3,3,5,0,12,7,147.76,3,Credit Card,Male,Laptop & Accessory,Married
6,13,3,1,4,1,21,19,138.84,2,Credit Card,Female,Fashion,Single
13,24,2,3,5,0,18,14,181.44,1,UPI,Female,Others,Married
7,15,4,3,5,1,15,2,130.86,3,Debit Card,Female,Fashion,Single
7,16,4,2,5,0,15,8,131.46,3,Credit Card,Male,Fashion,Single
2,25,3,3,3,0,16,11,164.96,1,Credit Card,Female,Mobile Phone,Married
6,8,4,6,5,1,23,0,130.92,1,Debit Card,Male,Mobile Phone,Single
3,9,2,2,3,0,22,13,166.26,2,Credit Card,Male,Fashion,Single
15,8,2,3,2,0,26,13,162.19,2,E Wallet,Male,Fashion,Married
21,20,4,2,4,1,19,4,187.22,3,COD,Male,Mobile Phone,Single
2,32,2,3,2,0,18,3,115.32,1,Credit Card,Male,Laptop & Accessory,Single
1,16,2,3,2,1,26,3,132.55,2,Debit Card,Male,Mobile Phone,Single
9,25,4,4,2,0,14,7,148.75,2,Credit Card,Female,Mobile Phone,Married
0,16,3,3,2,0,16,5,145.51,1,Debit Card,Female,Mobile Phone,Single
9,21,2,2,2,1,26,6,160.89,1,Credit Card,Female,Laptop & Accessory,Married
2,13,4,3,2,0,17,10,114.31,1,Debit Card,Female,Laptop & Accessory,Single
22,23,2,5,1,0,13,6,203.27,3,Debit Card,Male,Others,Single
7,18,4,2,5,0,11,4,129.4,3,UPI,Male,Mobile Phone,Married
12,21,1,3,1,1,12,8,163.66,3,Credit Card,Female,Laptop & Accessory,Married
3,10,2,3,4,0,12,1,152.64,2,UPI,Male,Mobile Phone,Married
24,17,3,3,2,1,20,12,188.99,3,Debit Card,Female,Mobile Phone,Single
15,19,2,2,4,1,24,2,179.56,2,Credit Card,Female,Laptop & Accessory,Single
2,16,4,2,3,0,16,4,160.65,2,E Wallet,Male,Mobile Phone,Married
9,12,2,3,4,0,25,0,176.23,1,Credit Card,Male,Mobile Phone,Single
30,22,3,6,1,0,24,2,229.38,1,Credit Card,Male,Mobile Phone,Married
24,15,3,1,3,1,19,6,193.83,3,E Wallet,Female,Laptop & Accessory,Married
4,8,3,2,2,0,22,1,150.19,3,Credit Card,Male,Laptop & Accessory,Married
5,6,2,3,4,0,19,7,176.92,3,Debit Card,Male,Fashion,Married
0,20,2,4,3,1,16,2,111.02,1,Credit Card,Female,Others,Single
8,9,2,1,3,1,22,16,132.85,1,E Wallet,Female,Mobile Phone,Married
10,17,4,4,4,0,25,12,136.12,1,Credit Card,Female,Mobile Phone,Single
1,14,2,3,5,1,25,4,162.62,3,Credit Card,Female,Fashion,Married
18,12,3,4,1,0,12,3,169.75,3,Debit Card,Male,Laptop & Accessory,Single
20,12,4,2,4,0,20,9,200.43,2,Debit Card,Female,Laptop & Accessory,Single
12,23,3,2,2,0,11,13,145.22,1,E Wallet,Female,Fashion,Married
7,19,3,3,1,0,12,8,148.85,1,Debit Card,Female,Laptop & Accessory,Single
3,14,2,3,1,0,13,4,169.43,2,Credit Card,Male,Laptop & Accessory,Married
9,17,3,1,4,0,23,9,169.11,1,E Wallet,Male,Fashion,Divorced
4,7,2,1,2,0,15,10,146.11,1,Debit Card,Male,Fashion,Married
17,16,2,2,1,0,25,10,201.33,1,COD,Male,Laptop & Accessory,Married
13,15,4,2,2,0,21,7,158.39,3,COD,Female,Laptop & Accessory,Single
2,15,3,3,4,0,25,7,168.27,3,Credit Card,Male,Laptop & Accessory,Single
3,16,3,6,4,1,23,3,155.47,3,Credit Card,Male,Laptop & Accessory,Married
11,20,4,3,3,0,12,2,159.39,1,Debit Card,Male,Others,Single
8,17,1,2,5,0,17,6,159.6,1,E Wallet,Male,Grocery,Married
1,14,2,3,3,0,20,21,140.05,1,Debit Card,Female,Fashion,Married
23,30,1,3,2,0,24,0,168.68,2,E Wallet,Male,Mobile Phone,Married
1,17,2,2,2,0,19,7,141.19,2,Debit Card,Male,Laptop & Accessory,Married
1,19,3,3,1,0,22,24,123.54,1,Credit Card,Male,Mobile Phone,Single
9,9,3,2,3,0,15,13,129.12,2,Debit Card,Female,Mobile Phone,Single
10,18,3,3,2,0,25,5,148.18,3,UPI,Female,Mobile Phone,Married
17,20,2,4,3,0,12,2,164.83,2,E Wallet,Male,Fashion,Single
4,24,4,3,2,0,13,8,115.18,3,Debit Card,Male,Grocery,Single
2,19,2,3,1,1,19,7,139.22,3,Credit Card,Male,Fashion,Married
1,22,1,3,3,0,11,5,150.62,1,E Wallet,Female,Fashion,Single
27,23,3,3,1,0,17,12,224.57,3,UPI,Female,Others,Married
3,28,2,1,3,0,14,21,157.97,1,Debit Card,Male,Grocery,Divorced
4,26,4,2,3,0,23,10,138.78,2,Debit Card,Female,Laptop & Accessory,Married
11,11,2,4,5,1,15,1,170.92,2,Credit Card,Female,Laptop & Accessory,Divorced
2,21,2,3,4,0,21,1,146.28,1,E Wallet,Male,Mobile Phone,Divorced
7,22,4,3,3,0,26,6,132.61,3,Credit Card,Female,Grocery,Married
9,20,2,5,3,0,24,13,140.88,1,Credit Card,Female,Fashion,Married
14,14,2,4,4,0,18,17,166.27,1,Credit Card,Female,Fashion,Married
0,11,1,6,5,0,20,18,133.61,1,Debit Card,Male,Laptop & Accessory,Married
11,22,3,4,3,1,24,20,155.95,3,COD,Female,Mobile Phone,Single
0,8,3,3,3,1,14,7,136.46,1,Credit Card,Female,Fashion,Divorced
20,14,3,2,3,0,25,7,168.1,2,UPI,Male,Mobile Phone,Married
5,12,3,4,5,0,23,0,155.46,3,Debit Card,Female,Laptop & Accessory,Divorced
3,18,4,3,2,0,20,11,139.17,2,Debit Card,Male,Fashion,Single
27,25,3,5,4,0,12,3,192.99,1,Credit Card,Male,Mobile Phone,Single
4,17,3,4,3,0,19,9,137.15,3,Credit Card,Male,Grocery,Single
38,18,3,4,4,0,22,11,258.56,1,Credit Card,Female,Laptop & Accessory,Married
6,26,2,2,1,0,13,4,134.12,2,Credit Card,Female,Mobile Phone,Married
3,19,2,4,2,0,15,16,140.85,1,Credit Card,Female,Fashion,Single
18,13,3,2,1,0,25,6,171.78,3,UPI,Male,Mobile Phone,Married
12,17,2,4,3,0,16,6,156.54,2,Debit Card,Female,Fashion,Single
3,16,2,2,5,1,15,14,130.68,1,E Wallet,Male,Mobile Phone,Single
5,23,2,5,2,0,22,4,118.45,1,Debit Card,Male,Fashion,Divorced
21,11,4,3,4,0,22,6,201.04,2,E Wallet,Male,Laptop & Accessory,Single
15,7,3,2,1,0,13,7,177.13,3,Credit Card,Female,Others,Married
11,32,2,3,1,0,21,5,151.08,2,UPI,Female,Grocery,Married
50,11,3,3,1,0,11,15,277.24,3,Credit Card,Female,Laptop & Accessory,Single
16,9,4,3,1,0,17,2,157.76,1,Credit Card,Female,Others,Married
5,12,3,3,3,0,21,16,156.7,2,Credit Card,Female,Laptop & Accessory,Divorced
16,12,3,2,1,0,18,2,182.14,1,Debit Card,Female,Grocery,Single
2,11,5,3,3,1,25,11,169.29,1,Credit Card,Female,Laptop & Accessory,Married
16,14,4,3,3,0,21,7,166.46,3,COD,Female,Laptop & Accessory,Single
21,15,4,4,4,1,20,10,161.8,1,UPI,Male,Others,Married
10,21,3,1,5,0,13,12,156.56,3,E Wallet,Male,Mobile Phone,Divorced
34,15,4,3,3,1,14,4,236.16,2,Debit Card,Female,Laptop & Accessory,Married
7,14,3,3,2,0,23,3,132.13,1,Credit Card,Male,Fashion,Married
45,23,3,2,5,0,20,11,236.73,2,Debit Card,Male,Fashion,Married
3,19,2,3,2,1,21,4,140.09,3,E Wallet,Female,Mobile Phone,Married
6,12,3,1,5,0,12,4,134.39,2,E Wallet,Female,Fashion,Single
17,26,3,4,3,1,25,7,173.66,3,Debit Card,Female,Fashion,Married
1,9,2,2,4,0,20,1,144.71,1,COD,Male,Others,Married
7,9,2,3,4,1,18,14,140.91,3,Credit Card,Female,Mobile Phone,Married
8,19,3,1,3,0,26,1,140.86,1,E Wallet,Male,Laptop & Accessory,Married
1,7,2,4,3,0,22,8,108.94,3,E Wallet,Male,Laptop & Accessory,Married
1,19,2,2,2,0,18,12,161.02,1,Debit Card,Male,Laptop & Accessory,Married
26,10,3,3,3,1,22,11,177.7,1,E Wallet,Female,Mobile Phone,Divorced
11,16,3,1,4,0,23,8,160.31,3,Credit Card,Female,Mobile Phone,Single
28,8,4,2,2,0,19,12,187.95,3,E Wallet,Male,Laptop & Accessory,Married
10,28,3,3,5,1,20,11,150.34,1,Debit Card,Female,Laptop & Accessory,Married
8,14,3,2,4,0,12,15,175.03,1,Debit Card,Male,Mobile Phone,Married
38,16,2,3,1,1,19,12,216.8,1,E Wallet,Female,Fashion,Single
4,17,4,6,3,1,19,11,162.08,3,Credit Card,Male,Mobile Phone,Single
0,23,5,5,4,0,19,2,120.49,3,Debit Card,Male,Mobile Phone,Married
20,11,2,5,2,0,26,2,190.42,1,Debit Card,Female,Laptop & Accessory,Single
1,15,2,1,2,0,25,20,148.54,1,UPI,Male,Fashion,Married
2,9,2,4,5,1,11,5,156.66,1,Debit Card,Female,Mobile Phone,Married
2,14,2,3,5,0,15,3,139.66,1,E Wallet,Female,Laptop & Accessory,Divorced
4,10,2,5,4,0,25,4,142.99,3,UPI,Male,Laptop & Accessory,Married
8,10,1,3,5,1,17,11,155.84,3,Credit Card,Female,Fashion,Married
3,23,3,1,1,0,21,13,116.71,3,E Wallet,Female,Mobile Phone,Married
52,25,1,3,5,0,16,2,233.38,1,E Wallet,Female,Fashion,Single
0,26,5,1,2,0,15,7,125.0,1,Credit Card,Male,Fashion,Married
10,16,2,1,1,0,12,10,170.84,3,Debit Card,Female,Fashion,Married
1,8,4,4,5,0,24,7,147.06,1,Credit Card,Female,Others,Married
20,9,2,4,1,0,20,7,172.83,1,Debit Card,Female,Others,Married
2,32,2,5,4,1,24,9,152.24,1,Debit Card,Male,Laptop & Accessory,Single
6,19,4,3,5,1,26,11,157.32,3,UPI,Female,Laptop & Accessory,Married
5,10,3,2,4,0,14,5,142.05,2,Debit Card,Male,Laptop & Accessory,Divorced
38,6,1,2,4,1,26,8,243.78,2,Debit Card,Female,Laptop & Accessory,Divorced
5,18,3,2,3,0,17,0,152.1,1,COD,Male,Laptop & Accessory,Divorced
14,25,3,3,2,0,20,2,155.82,2,Credit Card,Male,Fashion,Single
13,14,2,2,3,0,18,20,196.38,1,E Wallet,Female,Others,Divorced
1,16,3,4,3,1,19,4,146.24,2,COD,Male,Mobile Phone,Divorced
2,16,2,4,3,1,12,3,172.03,2,COD,Female,Mobile Phone,Married
0,27,4,3,5,0,21,17,133.98,2,E Wallet,Female,Mobile Phone,Married
9,33,2,3,1,1,11,9,165.59,3,COD,Female,Laptop & Accessory,Married
8,17,4,3,2,1,16,2,169.55,1,E Wallet,Female,Grocery,Single
4,10,3,3,5,1,19,15,131.25,1,UPI,Male,Mobile Phone,Single
10,7,4,3,1,0,12,6,165.18,2,E Wallet,Female,Grocery,Married
8,10,2,3,3,0,16,8,135.8,3,Debit Card,Female,Mobile Phone,Married
4,23,1,1,3,0,15,3,137.33,1,UPI,Female,Grocery,Married
7,7,1,3,4,0,26,14,151.6,2,Credit Card,Female,Laptop & Accessory,Single
28,9,1,4,2,0,24,0,212.92,2,E Wallet,Male,Fashion,Married
0,11,3,3,4,1,21,21,134.89,1,Debit Card,Female,Fashion,Divorced
14,18,2,5,1,1,12,7,180.82,1,UPI,Male,Mobile Phone,Married
1,18,2,2,4,0,19,10,122.51,1,Credit Card,Female,Laptop & Accessory,Single
34,24,2,4,3,0,21,14,245.26,2,Credit Card,Female,Laptop & Accessory,Married
5,15,3,3,3,0,17,4,176.76,3,Debit Card,Male,Grocery,Single
27,7,1,4,1,0,15,1,203.1,1,Debit Card,Male,Fashion,Single
4,15,3,3,4,1,18,18,142.26,2,Credit Card,Female,Fashion,Single
28,14,3,3,3,0,25,7,223.44,1,Credit Card,Female,Fashion,Married
8,18,4,3,1,0,25,6,171.11,1,E Wallet,Female,Fashion,Married
2,23,2,4,4,0,22,6,114.15,2,Debit Card,Male,Fashion,Divorced
5,24,4,1,2,0,17,10,165.91,1,Debit Card,Female,Mobile Phone,Single
1,18,3,3,2,0,20,3,128.47,2,E Wallet,Male,Fashion,Married
5,13,3,5,2,0,16,11,139.68,2,Debit Card,Male,Fashion,Single
19,12,3,2,5,0,22,4,150.26,2,Credit Card,Female,Laptop & Accessory,Married
24,17,3,2,5,0,11,4,204.74,1,Debit Card,Male,Mobile Phone,Married
14,13,4,2,3,0,23,9,162.09,1,Credit Card,Female,Laptop & Accessory,Single
2,14,3,1,4,0,13,2,155.96,2,E Wallet,Female,Fashion,Divorced
0,31,2,5,4,0,25,20,128.67,2,Debit Card,Female,Laptop & Accessory,Divorced
7,7,2,2,4,0,25,1,158.36,3,Credit Card,Male,Grocery,Single
7,18,4,3,1,0,16,4,167.81,1,E Wallet,Male,Fashion,Married
11,11,3,3,4,0,11,1,152.53,1,Debit Card,Female,Laptop & Accessory,Single
8,13,4,2,4,0,25,9,162.55,3,E Wallet,Male,Fashion,Single
7,15,2,3,2,0,13,4,134.94,1,Debit Card,Female,Others,Married
34,15,3,2,5,0,21,5,202.83,2,Debit Card,Female,Others,Married
46,17,2,1,2,0,23,1,263.44,3,E Wallet,Male,Fashion,Single
4,22,2,4,3,0,23,16,121.68,3,Debit Card,Male,Others,Single
22,10,4,3,4,1,25,2,182.42,1,UPI,Male,Mobile Phone,Single
0,15,2,2,3,1,18,22,125.95,3,Credit Card,Male,Laptop & Accessory,Married
4,17,4,5,2,0,11,9,142.03,3,Debit Card,Male,Grocery,Married
8,14,2,4,3,0,19,5,169.89,1,Credit Card,Female,Laptop & Accessory,Married
15,8,2,4,2,1,14,7,173.23,2,Credit Card,Female,Laptop & Accessory,Married
4,18,2,3,5,0,26,1,136.14,1,COD,Male,Grocery,Single
10,15,3,2,5,0,20,5,180.58,3,Credit Card,Male,Fashion,Single
21,10,3,4,1,0,18,2,212.19,3,Debit Card,Male,Laptop & Accessory,Married
3,15,3,4,4,0,20,5,153.18,2,Debit Card,Male,Fashion,Divorced
9,11,1,1,3,0,21,3,170.85,2,Debit Card,Male,Laptop & Accessory,Single
2,14,4,2,3,1,23,4,135.66,3,UPI,Female,Laptop & Accessory,Married
0,21,5,2,3,1,26,2,141.69,1,Credit Card,Female,Mobile Phone,Single
8,17,1,3,3,0,17,4,170.59,2,Debit Card,Female,Fashion,Married
17,16,1,4,3,0,18,12,200.96,1,Debit Card,Female,Laptop & Accessory,Married
4,13,1,3,4,1,25,0,146.44,2,E Wallet,Female,Fashion,Single
2,16,4,1,3,0,22,8,134.35,3,E Wallet,Male,Laptop & Accessory,Married
32,30,3,3,2,0,25,12,193.52,1,Debit Card,Female,Fashion,Married
23,17,5,3,4,0,24,2,197.38,1,Debit Card,Male,Grocery,Married
10,29,3,3,2,0,16,13,154.72,2,Credit Card,Female,Mobile Phone,Single
19,25,4,4,2,0,23,8,190.02,1,E Wallet,Male,Fashion,Married
0,10,2,3,2,0,25,5,114.53,3,Credit Card,Male,Fashion,Single
3,42,2,4,3,0,17,4,134.12,1,COD,Female,Mobile Phone,Single
1,28,3,3,5,1,11,3,137.45,3,E Wallet,Female,Fashion,Single
2,17,2,3,3,0,17,8,152.07,2,Credit Card,Male,Fashion,Single
13,32,1,3,3,0,12,6,149.08,2,Debit Card,Female,Laptop & Accessory,Single
4,18,2,5,2,1,26,6,142.89,3,E Wallet,Male,Laptop & Accessory,Single
4,10,3,4,1,1,11,19,160.79,2,Debit Card,Male,Laptop & Accessory,Married
8,8,4,2,4,0,26,18,168.46,2,COD,Female,Laptop & Accessory,Married
3,30,4,2,3,0,23,24,140.83,1,Credit Card,Female,Laptop & Accessory,Married
13,16,5,2,4,0,14,15,184.21,2,E Wallet,Male,Mobile Phone,Married
14,17,2,3,1,0,17,31,151.94,1,COD,Female,Fashion,Single
17,13,4,4,3,1,26,3,161.66,2,E Wallet,Male,Grocery,Married
13,16,4,5,5,1,22,2,181.22,1,E Wallet,Male,Mobile Phone,Single
2,19,3,3,5,0,24,6,147.05,2,Credit Card,Male,Laptop & Accessory,Married
9,14,2,1,4,1,17,6,153.14,1,Debit Card,Male,Laptop & Accessory,Married
10,27,3,3,5,0,20,8,152.15,2,Debit Card,Female,Laptop & Accessory,Single
13,16,3,4,3,0,23,3,160.3,1,Credit Card,Female,Fashion,Single
0,16,4,2,5,1,17,18,116.23,1,E Wallet,Female,Laptop & Accessory,Married
15,7,2,2,2,0,19,5,179.16,3,UPI,Female,Others,Married
35,8,3,4,3,0,20,6,224.43,1,COD,Female,Grocery,Married
7,27,2,3,3,0,26,4,142.23,1,E Wallet,Female,Mobile Phone,Single
18,7,3,3,3,1,12,2,178.79,2,E Wallet,Male,Grocery,Married
47,13,1,4,3,1,11,12,256.3,3,E Wallet,Female,Mobile Phone,Married
9,27,3,3,1,0,11,1,130.71,1,Credit Card,Male,Mobile Phone,Married
3,14,5,3,4,1,17,6,152.28,2,Credit Card,Female,Grocery,Single
3,10,3,3,1,0,12,11,125.11,1,Debit Card,Male,Grocery,Single
0,9,3,3,4,0,19,5,138.72,2,Debit Card,Female,Grocery,Single
3,21,3,2,3,0,24,4,129.81,3,Credit Card,Male,Laptop & Accessory,Married
38,21,4,3,4,0,15,6,252.0,3,Credit Card,Male,Others,Divorced
29,17,3,3,2,0,26,7,226.68,1,E Wallet,Female,Others,Divorced
8,27,3,4,4,0,17,2,139.81,1,Debit Card,Female,Fashion,Married
23,23,3,1,4,1,23,3,162.85,2,Debit Card,Male,Mobile Phone,Married
1,10,1,5,3,0,22,7,143.14,2,Debit Card,Female,Fashion,Divorced
4,10,4,2,5,0,18,24,136.64,3,Debit Card,Female,Mobile Phone,Married
2,20,5,3,3,1,24,3,153.31,3,COD,Male,Mobile Phone,Married
12,24,3,4,3,0,15,12,162.75,1,Credit Card,Female,Mobile Phone,Single
13,11,3,3,3,0,13,3,166.21,1,Debit Card,Male,Laptop & Accessory,Married
18,18,3,3,3,0,22,5,163.28,2,Debit Card,Male,Mobile Phone,Single
16,9,3,4,1,0,25,3,161.34,1,Debit Card,Female,Mobile Phone,Single
2,13,2,4,3,0,24,12,156.0,3,UPI,Male,Fashion,Married
30,12,3,1,3,0,23,5,225.26,2,Credit Card,Female,Fashion,Single
34,8,3,2,5,0,24,14,216.3,2,Credit Card,Male,Mobile Phone,Married
32,8,1,4,4,0,23,3,221.44,1,E Wallet,Female,Grocery,Married
3,12,3,3,4,0,24,3,142.42,2,Credit Card,Female,Laptop & Accessory,Single
2,14,4,4,3,0,12,2,144.24,2,Credit Card,Male,Fashion,Divorced
35,15,2,4,3,0,24,7,238.83,1,Credit Card,Male,Fashion,Single
9,13,2,1,3,0,21,19,164.36,3,UPI,Male,Fashion,Married
6,26,4,5,5,1,13,4,160.93,2,UPI,Female,Mobile Phone,Divorced
44,13,3,4,3,0,14,18,225.76,1,UPI,Male,Laptop & Accessory,Married
6,9,2,5,2,0,12,1,169.5,2,Debit Card,Male,Others,Married
11,9,5,3,2,1,16,9,183.77,2,Debit Card,Female,Grocery,Married
0,13,3,4,2,0,15,13,142.45,2,E Wallet,Female,Fashion,Single
19,12,4,3,4,1,21,3,182.13,1,E Wallet,Female,Fashion,Divorced
2,13,2,3,4,1,16,14,128.39,3,Debit Card,Female,Mobile Phone,Single
5,16,4,3,5,0,26,2,126.79,1,Credit Card,Male,Fashion,Single
11,20,2,1,4,1,17,5,163.62,3,Debit Card,Male,Laptop & Accessory,Single
16,10,2,3,1,0,14,1,174.64,1,Debit Card,Male,Laptop & Accessory,Married
2,14,3,4,5,1,12,9,125.1,3,UPI,Female,Laptop & Accessory,Married
4,11,4,1,5,0,23,6,131.16,1,E Wallet,Female,Mobile Phone,Single
16,24,3,3,3,0,12,5,186.46,1,Credit Card,Female,Others,Married
3,14,2,2,4,0,17,6,114.97,1,COD,Male,Mobile Phone,Married
13,33,1,2,1,0,20,6,138.32,2,E Wallet,Male,Others,Married
1,13,4,2,1,0,13,6,126.42,1,Credit Card,Female,Mobile Phone,Married
1,15,3,3,4,0,16,8,121.73,2,E Wallet,Female,Fashion,Married
2,25,5,4,5,1,24,7,120.12,1,Debit Card,Male,Mobile Phone,Single
19,11,1,3,3,1,15,2,178.4,3,Debit Card,Female,Mobile Phone,Married
28,25,2,6,5,0,24,2,172.07,1,COD,Male,Others,Single
9,15,1,2,2,0,25,7,144.01,1,Debit Card,Male,Laptop & Accessory,Single
13,21,2,4,4,0,15,7,107.51,2,E Wallet,Female,Others,Married
9,14,2,1,3,0,21,14,133.06,2,E Wallet,Female,Fashion,Single
6,17,3,1,4,0,14,11,151.44,2,E Wallet,Male,Laptop & Accessory,Married
40,11,2,4,1,0,19,6,210.92,3,Credit Card,Male,Fashion,Single
7,24,3,2,2,0,25,7,161.13,3,UPI,Female,Fashion,Single
9,7,3,2,3,0,22,5,183.03,2,E Wallet,Male,Mobile Phone,Married
44,8,3,2,1,1,22,4,254.55,1,E Wallet,Female,Laptop & Accessory,Married
1,12,3,4,3,1,19,13,125.26,2,UPI,Male,Laptop & Accessory,Married
15,17,3,3,1,1,26,1,172.92,2,Debit Card,Male,Grocery,Married
25,8,2,1,1,0,23,8,183.37,2,E Wallet,Male,Others,Single
7,7,4,2,4,0,15,12,152.05,2,Debit Card,Male,Others,Divorced
3,9,4,4,4,0,25,21,120.2,2,UPI,Female,Others,Divorced
25,10,2,2,5,1,13,3,207.93,3,E Wallet,Female,Others,Married
2,15,3,3,3,0,17,10,153.05,2,Debit Card,Male,Laptop & Accessory,Single
6,12,4,4,2,1,23,4,167.74,1,Credit Card,Female,Others,Married
3,9,4,4,3,0,16,11,132.3,3,Credit Card,Male,Fashion,Married
18,15,2,5,4,1,17,10,176.57,3,Credit Card,Male,Fashion,Single
13,20,3,4,3,0,21,5,188.25,3,Credit Card,Male,Mobile Phone,Single
1,14,3,2,5,1,24,22,139.58,3,E Wallet,Female,Grocery,Single
2,18,2,3,2,1,16,15,128.23,2,COD,Female,Fashion,Married
32,10,3,4,4,0,23,21,205.73,2,Credit Card,Male,Fashion,Married
11,20,2,2,2,0,26,6,152.99,1,Debit Card,Male,Mobile Phone,Divorced
4,18,2,5,4,0,14,6,152.27,2,Debit Card,Male,Others,Married
3,16,3,5,2,1,17,8,145.58,3,COD,Female,Grocery,Divorced
2,16,3,2,5,0,23,9,143.35,2,E Wallet,Female,Laptop & Accessory,Married
18,9,3,3,5,1,24,4,167.79,2,Credit Card,Female,Fashion,Single
22,13,3,3,2,1,14,11,167.17,1,Debit Card,Female,Laptop & Accessory,Single
6,26,1,3,4,0,12,15,151.66,1,Debit Card,Male,Laptop & Accessory,Single
0,21,3,2,3,0,15,2,135.15,2,COD,Female,Laptop & Accessory,Divorced
0,30,4,4,3,0,19,18,136.24,3,UPI,Female,Laptop & Accessory,Single
10,16,2,1,2,1,14,8,152.4,2,Credit Card,Male,Fashion,Single
2,9,3,1,3,1,25,2,125.8,2,Credit Card,Male,Laptop & Accessory,Divorced
32,8,3,5,3,0,24,7,231.1,2,Credit Card,Female,Others,Married
14,17,1,5,3,0,25,12,192.63,1,Credit Card,Male,Fashion,Married
9,18,4,3,3,0,24,7,155.47,2,COD,Female,Laptop & Accessory,Single
21,11,3,2,5,0,17,3,173.05,1,COD,Female,Laptop & Accessory,Married
47,23,3,5,4,1,26,6,235.7,3,COD,Female,Grocery,Single
0,12,3,4,1,0,26,6,134.95,3,Credit Card,Male,Fashion,Single
2,14,3,2,3,1,20,2,112.45,3,Credit Card,Male,Mobile Phone,Married
5,21,3,4,1,0,13,11,113.23,1,Credit Card,Male,Laptop & Accessory,Single
0,13,4,3,5,0,16,8,136.22,1,Debit Card,Female,Fashion,Single
54,24,3,3,3,0,23,4,275.86,1,UPI,Female,Mobile Phone,Single
3,7,2,2,3,0,20,2,163.2,1,E Wallet,Female,Laptop & Accessory,Married
25,22,3,3,4,1,21,4,201.83,1,Debit Card,Male,Mobile Phone,Married
5,17,2,1,4,0,24,7,128.32,3,Credit Card,Male,Others,Single
0,12,3,1,1,1,21,8,136.34,1,UPI,Female,Grocery,Married
14,19,1,1,2,0,18,10,194.77,3,Debit Card,Female,Mobile Phone,Married
11,11,5,2,1,1,25,15,166.8,1,E Wallet,Male,Mobile Phone,Single
3,9,5,4,5,0,24,4,101.23,1,E Wallet,Female,Others,Married
11,24,2,4,1,0,12,2,179.18,2,Credit Card,Male,Mobile Phone,Single
10,10,3,2,5,0,21,9,134.43,1,Credit Card,Male,Fashion,Married
27,18,3,6,5,0,12,7,204.05,3,Debit Card,Female,Laptop & Accessory,Married
5,10,3,3,4,1,19,10,167.59,3,Credit Card,Female,Mobile Phone,Single
13,11,3,2,2,0,23,3,183.98,2,E Wallet,Female,Mobile Phone,Married
19,11,3,3,3,0,22,3,176.97,2,E Wallet,Male,Mobile Phone,Married
4,12,3,4,4,0,16,3,149.22,2,E Wallet,Female,Fashion,Married
14,21,3,3,1,0,19,12,166.5,1,UPI,Female,Fashion,Married
1,8,2,1,3,1,25,10,118.84,1,E Wallet,Male,Grocery,Single
17,14,3,4,4,0,23,18,185.12,3,Credit Card,Female,Laptop & Accessory,Married
7,18,3,3,3,0,19,1,168.05,2,Credit Card,Female,Fashion,Married
6,12,4,4,5,0,19,21,149.77,2,Credit Card,Female,Laptop & Accessory,Married
2,14,4,4,2,0,14,28,153.24,3,E Wallet,Male,Laptop & Accessory,Married
1,18,3,2,2,0,19,5,140.6,1,Debit Card,Male,Laptop & Accessory,Married
18,9,1,3,2,1,14,8,159.94,3,Debit Card,Male,Grocery,Divorced
20,10,2,3,1,0,20,3,204.69,2,Credit Card,Female,Laptop & Accessory,Married
35,25,3,3,1,1,14,18,228.09,1,E Wallet,Female,Laptop & Accessory,Married
3,8,2,2,1,0,20,0,120.13,1,COD,Female,Laptop & Accessory,Married
11,11,4,2,3,1,18,0,173.34,3,Credit Card,Male,Fashion,Married
5,8,2,1,5,1,15,13,154.17,1,COD,Female,Mobile Phone,Divorced
10,21,3,2,3,1,19,17,147.33,1,Debit Card,Male,Grocery,Married
8,16,2,4,3,0,24,0,163.39,2,Credit Card,Female,Others,Married
0,18,2,3,2,0,15,8,104.05,3,Debit Card,Male,Fashion,Married
22,15,2,3,2,1,22,14,186.49,2,Credit Card,Male,Others,Single
46,13,3,4,3,1,26,3,238.35,3,Debit Card,Male,Fashion,Married
6,16,2,2,3,0,20,8,146.06,1,E Wallet,Female,Laptop & Accessory,Married
10,20,2,3,3,0,24,4,168.5,3,UPI,Male,Laptop & Accessory,Married
6,11,3,3,3,1,13,2,174.56,2,Credit Card,Male,Laptop & Accessory,Single
3,10,2,2,2,0,15,4,131.04,2,COD,Male,Grocery,Married
12,18,4,2,4,0,13,16,194.72,1,Debit Card,Male,Fashion,Married
1,15,3,5,2,0,13,4,148.94,2,Credit Card,Female,Grocery,Married
0,19,4,2,4,1,15,19,114.89,2,Credit Card,Female,Mobile Phone,Single
6,12,1,3,4,0,18,2,166.89,2,Credit Card,Female,Mobile Phone,Married
0,16,3,6,2,0,15,14,140.59,3,Credit Card,Male,Mobile Phone,Divorced
0,22,2,5,1,0,15,14,85.3,1,UPI,Female,Others,Single
7,14,4,3,4,0,26,12,141.24,2,COD,Male,Others,Married
7,12,2,4,4,0,17,9,161.95,2,Credit Card,Female,Laptop & Accessory,Married
23,11,3,3,4,1,22,14,177.08,1,Credit Card,Female,Laptop & Accessory,Single
6,11,4,3,2,0,19,2,141.8,1,COD,Male,Laptop & Accessory,Married
11,23,4,2,3,0,12,10,159.23,1,UPI,Female,Grocery,Married
6,14,2,2,3,0,23,9,126.95,1,Debit Card,Female,Laptop & Accessory,Married
2,11,2,4,2,0,21,10,154.83,3,Debit Card,Male,Fashion,Divorced
6,18,4,3,1,0,16,7,147.69,2,Credit Card,Male,Others,Married
40,8,2,4,4,1,14,1,246.85,2,E Wallet,Female,Grocery,Married
2,16,3,2,5,0,15,5,149.54,1,E Wallet,Male,Laptop & Accessory,Married
5,13,2,1,3,0,11,8,141.07,2,Debit Card,Female,Laptop & Accessory,Married
10,22,4,4,3,1,22,0,149.04,1,COD,Male,Grocery,Divorced
1,14,2,1,3,0,23,1,146.33,3,Credit Card,Male,Laptop & Accessory,Single
6,13,1,3,2,0,26,2,166.01,1,E Wallet,Female,Mobile Phone,Divorced
10,19,3,1,2,0,22,2,148.93,1,Debit Card,Female,Mobile Phone,Divorced
2,16,2,2,5,0,26,1,136.47,1,Credit Card,Female,Others,Married
9,14,5,3,2,0,26,32,140.49,3,Debit Card,Female,Mobile Phone,Single
4,12,4,3,2,0,19,7,164.64,3,Credit Card,Male,Others,Married
2,13,2,3,1,0,22,3,136.81,1,E Wallet,Female,Fashion,Married
7,39,3,4,1,0,13,3,157.29,1,E Wallet,Male,Mobile Phone,Married
43,10,3,5,3,1,21,14,221.54,3,E Wallet,Male,Laptop & Accessory,Single
9,20,3,1,3,1,12,10,158.6,1,Debit Card,Female,Grocery,Married
35,12,3,2,3,0,24,5,211.89,1,Debit Card,Male,Mobile Phone,Divorced
0,39,3,2,3,0,25,4,148.39,3,E Wallet,Female,Laptop & Accessory,Single
2,13,3,2,3,1,13,8,145.66,2,Credit Card,Male,Mobile Phone,Divorced
15,10,3,1,4,0,20,6,206.62,2,Debit Card,Male,Laptop & Accessory,Married
3,25,3,3,4,0,19,9,132.95,2,Credit Card,Male,Fashion,Married
6,25,3,1,5,0,14,4,151.31,2,Debit Card,Female,Fashion,Single
32,28,1,4,4,1,21,15,235.69,3,Debit Card,Male,Grocery,Single
7,12,4,1,2,0,24,13,157.59,3,Debit Card,Male,Mobile Phone,Married
5,26,2,3,4,0,26,2,152.24,2,Debit Card,Female,Mobile Phone,Single
7,7,2,1,5,0,12,10,109.02,2,COD,Female,Mobile Phone,Single
0,13,4,4,4,0,19,2,136.14,2,Credit Card,Female,Fashion,Divorced
17,20,3,2,4,0,19,3,180.18,1,Debit Card,Female,Others,Divorced
7,15,1,3,1,0,11,21,158.56,3,E Wallet,Female,Fashion,Married
50,7,2,5,4,1,21,5,261.28,3,Debit Card,Female,Mobile Phone,Single
14,11,2,3,1,0,17,3,158.7,1,Credit Card,Male,Mobile Phone,Married
4,12,3,2,3,0,23,6,134.81,1,Debit Card,Male,Others,Divorced
0,8,2,1,5,0,26,16,142.49,1,Credit Card,Female,Fashion,Single
13,24,2,3,2,0,16,4,180.67,1,Credit Card,Female,Fashion,Single
15,33,3,3,3,1,21,32,167.72,3,Credit Card,Female,Laptop & Accessory,Divorced
7,9,2,5,2,0,25,15,146.18,3,Debit Card,Female,Mobile Phone,Single
1,17,4,3,1,0,12,5,116.11,2,Debit Card,Female,Mobile Phone,Married
2,25,2,3,5,1,17,10,131.25,1,COD,Male,Laptop & Accessory,Married
32,21,4,3,5,1,26,5,191.93,1,Credit Card,Male,Fashion,Single
22,11,4,1,2,0,20,4,191.75,1,UPI,Male,Laptop & Accessory,Married
9,35,3,2,1,0,11,14,166.17,1,E Wallet,Male,Fashion,Single
1,12,4,2,4,1,13,6,147.45,2,UPI,Male,Fashion,Single
5,24,3,2,4,0,18,10,126.57,1,Debit Card,Female,Others,Single
3,21,1,4,3,1,14,4,150.78,1,Debit Card,Female,Laptop & Accessory,Married
4,18,3,5,2,1,20,8,139.51,3,E Wallet,Male,Laptop & Accessory,Single
8,8,3,3,5,1,14,10,164.28,1,COD,Male,Laptop & Accessory,Single
2,22,1,4,3,1,18,2,139.55,1,UPI,Female,Laptop & Accessory,Married
2,9,4,1,2,0,20,7,134.42,1,Credit Card,Male,Mobile Phone,Married
5,14,2,5,3,1,16,11,129.67,3,E Wallet,Female,Mobile Phone,Married
27,21,2,4,3,0,15,5,187.22,3,E Wallet,Male,Mobile Phone,Single
7,10,2,2,2,0,21,5,107.89,2,Credit Card,Male,Mobile Phone,Single
27,51,2,1,4,0,25,3,196.93,3,Credit Card,Female,Fashion,Married
52,11,2,3,5,0,18,2,265.6,1,UPI,Male,Laptop & Accessory,Married
13,10,2,4,2,0,11,6,151.86,1,COD,Female,Grocery,Single
21,16,3,2,5,0,12,22,175.45,3,E Wallet,Male,Mobile Phone,Married
48,13,4,2,4,0,11,4,248.59,1,Credit Card,Female,Laptop & Accessory,Married
1,16,4,4,2,1,23,6,125.62,1,Debit Card,Female,Grocery,Married
4,18,2,2,2,0,15,25,178.45,1,COD,Female,Grocery,Married
7,33,2,4,3,0,11,6,121.35,2,Credit Card,Female,Laptop & Accessory,Married
27,9,4,3,3,0,23,4,171.82,2,Debit Card,Female,Laptop & Accessory,Single
12,10,4,1,2,0,16,5,133.27,2,Credit Card,Female,Others,Divorced
6,23,2,4,1,0,23,11,149.76,1,UPI,Female,Fashion,Married
42,17,3,2,2,0,23,18,247.59,1,E Wallet,Female,Mobile Phone,Single
4,16,2,1,4,0,25,5,135.23,1,Credit Card,Female,Fashion,Married
15,14,1,3,4,0,17,5,151.96,1,Credit Card,Male,Grocery,Single
23,10,4,2,3,0,20,13,221.25,1,Debit Card,Male,Grocery,Single
12,20,3,3,4,0,22,6,142.94,1,UPI,Female,Laptop & Accessory,Married
0,12,1,1,5,0,20,2,149.07,3,Debit Card,Male,Fashion,Single
6,6,5,4,4,0,24,13,103.14,2,Debit Card,Male,Laptop & Accessory,Married
0,17,3,2,1,1,16,3,141.31,3,Debit Card,Male,Mobile Phone,Single
22,19,4,1,2,0,23,1,198.46,3,Credit Card,Male,Grocery,Divorced
27,10,3,4,2,0,22,12,205.19,3,Debit Card,Female,Mobile Phone,Single
5,12,2,5,5,0,25,23,125.71,2,Credit Card,Male,Fashion,Married
42,19,3,3,5,1,19,16,271.82,2,UPI,Female,Mobile Phone,Married
2,13,1,3,1,0,13,5,148.64,1,COD,Female,Laptop & Accessory,Single
1,20,2,1,2,1,12,10,127.58,3,COD,Female,Mobile Phone,Married
10,12,1,2,3,0,25,9,153.32,2,Debit Card,Female,Fashion,Single
8,20,2,2,4,1,11,14,154.55,2,Credit Card,Female,Mobile Phone,Single
16,30,4,3,2,0,15,10,184.36,3,COD,Female,Grocery,Single
9,21,2,1,3,0,18,1,139.87,1,UPI,Male,Others,Divorced
7,24,2,3,2,0,23,17,136.82,1,Debit Card,Male,Laptop & Accessory,Married
45,15,4,3,5,0,14,5,255.67,3,Debit Card,Male,Mobile Phone,Married
7,19,2,4,5,0,25,7,160.24,2,COD,Female,Fashion,Single
19,18,1,4,5,0,18,7,166.67,2,Debit Card,Male,Fashion,Married
7,11,1,1,2,0,18,9,134.49,3,Debit Card,Female,Laptop & Accessory,Married
13,9,2,6,4,0,12,4,190.17,3,Credit Card,Female,Mobile Phone,Married
3,15,1,3,4,1,16,5,146.77,1,Credit Card,Female,Grocery,Married
2,12,4,5,3,0,14,5,165.28,2,Debit Card,Male,Fashion,Divorced
22,7,3,3,2,0,21,8,220.32,3,E Wallet,Female,Fashion,Single
42,8,2,2,5,0,12,33,221.24,3,Debit Card,Female,Grocery,Single
8,17,3,1,5,1,11,8,169.74,3,COD,Female,Grocery,Married
15,11,3,1,2,1,25,2,158.74,1,Debit Card,Female,Fashion,Married
4,8,3,4,3,0,26,8,143.67,3,E Wallet,Female,Laptop & Accessory,Married
3,23,2,3,5,0,11,4,139.81,1,E Wallet,Male,Fashion,Single
7,18,1,4,3,1,20,4,165.51,2,COD,Female,Laptop & Accessory,Single
4,35,2,2,4,0,14,2,122.14,1,E Wallet,Female,Laptop & Accessory,Married
2,16,2,3,4,1,21,14,169.9,2,UPI,Male,Mobile Phone,Married
25,47,2,2,2,1,26,6,199.65,1,Debit Card,Female,Laptop & Accessory,Divorced
9,10,2,2,4,0,11,14,151.62,3,E Wallet,Female,Laptop & Accessory,Married
14,12,2,3,5,1,16,13,160.71,2,E Wallet,Male,Mobile Phone,Married
10,35,4,1,4,0,12,5,172.81,1,Credit Card,Male,Fashion,Single
25,35,4,5,2,0,23,8,217.67,2,Credit Card,Female,Others,Married
2,10,2,3,3,0,17,1,119.71,1,Debit Card,Female,Mobile Phone,Divorced
0,9,3,2,5,0,24,5,110.2,3,Credit Card,Female,Others,Single
17,30,1,2,4,0,13,16,158.42,1,Credit Card,Male,Mobile Phone,Married
28,8,4,1,1,0,13,12,187.77,2,Debit Card,Male,Mobile Phone,Married
26,8,2,3,3,0,11,7,176.66,1,Credit Card,Male,Laptop & Accessory,Married
10,13,5,1,4,0,18,10,178.25,3,COD,Male,Laptop & Accessory,Single
7,17,2,5,3,1,14,14,145.95,3,Debit Card,Male,Laptop & Accessory,Single
8,25,5,2,3,1,24,17,117.47,2,Debit Card,Male,Fashion,Single
19,10,1,5,5,0,23,7,184.54,1,Debit Card,Female,Mobile Phone,Married
0,8,1,3,2,1,26,14,124.44,1,COD,Female,Mobile Phone,Single
10,7,3,3,4,0,15,11,139.86,2,Credit Card,Female,Mobile Phone,Single
16,10,1,4,4,0,14,4,162.27,2,COD,Female,Mobile Phone,Single
6,16,2,3,3,0,21,7,138.1,1,Debit Card,Male,Laptop & Accessory,Divorced
0,13,2,3,5,1,23,5,105.19,2,COD,Male,Mobile Phone,Married
4,9,4,2,3,0,12,17,150.39,3,Debit Card,Female,Others,Single
10,14,2,2,3,0,26,5,170.05,3,COD,Male,Mobile Phone,Single
20,11,4,3,5,1,11,4,183.91,3,Debit Card,Female,Mobile Phone,Single
1,48,4,1,1,0,15,5,160.51,1,Debit Card,Male,Grocery,Married
0,23,3,2,2,0,22,12,125.91,2,E Wallet,Male,Grocery,Divorced
17,13,5,4,3,0,16,10,179.57,2,E Wallet,Female,Fashion,Divorced
18,14,3,3,5,0,19,3,185.73,3,COD,Female,Laptop & Accessory,Single
33,22,2,3,5,0,16,10,165.96,2,COD,Female,Fashion,Single
32,22,3,6,4,1,17,6,220.43,3,COD,Male,Mobile Phone,Married
9,12,4,4,3,1,13,14,150.23,3,Credit Card,Male,Grocery,Married
0,16,3,3,3,0,24,5,138.85,3,Credit Card,Male,Laptop & Accessory,Single
39,12,4,1,5,0,21,7,237.03,1,Credit Card,Female,Fashion,Married
11,18,2,3,5,0,12,12,165.41,1,Debit Card,Female,Laptop & Accessory,Single
14,14,3,4,3,0,14,8,185.81,3,E Wallet,Male,Fashion,Single
7,12,4,5,1,1,25,3,150.76,1,Debit Card,Female,Fashion,Single
32,10,5,3,1,0,24,4,236.41,3,E Wallet,Female,Mobile Phone,Married
3,13,2,2,1,0,13,9,136.05,3,Credit Card,Male,Mobile Phone,Divorced
24,8,3,6,4,1,17,2,196.93,1,E Wallet,Female,Fashion,Single
33,16,4,5,4,1,13,2,204.82,3,Credit Card,Female,Mobile Phone,Married
13,9,3,1,5,0,12,2,191.39,2,COD,Male,Grocery,Married
3,11,1,4,5,0,25,3,159.89,3,E Wallet,Male,Mobile Phone,Married
27,13,2,3,3,0,22,9,201.9,2,E Wallet,Male,Fashion,Single
19,17,4,4,4,0,22,0,175.08,1,E Wallet,Male,Mobile Phone,Married
10,16,2,3,1,1,26,15,163.33,1,Debit Card,Female,Fashion,Married
8,27,3,2,2,0,11,18,132.62,2,UPI,Female,Laptop & Accessory,Single
24,7,2,2,4,0,16,12,205.89,1,Credit Card,Male,Laptop & Accessory,Married
9,7,3,3,4,1,12,5,170.85,1,COD,Male,Fashion,Married
19,13,2,3,1,0,25,14,149.78,2,Debit Card,Female,Fashion,Single
7,22,2,4,4,0,23,3,145.61,2,Credit Card,Female,Mobile Phone,Single
5,7,4,2,4,0,13,2,135.71,3,COD,Female,Mobile Phone,Single
7,9,2,4,4,1,13,10,151.55,1,Debit Card,Female,Fashion,Divorced
10,15,3,2,2,1,14,13,185.51,1,E Wallet,Male,Mobile Phone,Single
6,21,1,3,2,0,22,4,124.34,1,Credit Card,Male,Others,Married
4,16,4,3,3,1,20,1,143.26,1,Debit Card,Female,Laptop & Accessory,Married
6,11,2,3,3,0,20,6,128.54,1,Credit Card,Male,Mobile Phone,Married
3,12,2,2,1,0,17,7,139.53,3,Debit Card,Male,Others,Married
2,14,2,3,3,0,24,21,162.57,3,Credit Card,Female,Fashion,Single
26,21,3,1,1,1,14,6,174.66,3,COD,Female,Grocery,Single
24,26,2,4,5,0,25,11,205.29,2,Credit Card,Male,Mobile Phone,Single
10,15,1,2,1,1,14,10,132.19,3,Debit Card,Male,Laptop & Accessory,Married
0,19,2,4,1,0,20,7,124.62,3,Debit Card,Male,Laptop & Accessory,Single
6,22,2,3,5,1,26,12,172.3,1,Credit Card,Male,Mobile Phone,Single
4,15,4,4,4,0,17,2,151.23,1,Debit Card,Male,Others,Married
13,17,2,1,3,0,13,1,165.69,3,Debit Card,Male,Fashion,Single
24,14,3,2,5,0,15,9,190.25,3,COD,Male,Others,Single
19,13,3,1,5,0,23,6,158.12,1,Debit Card,Female,Mobile Phone,Married
36,14,4,4,3,0,20,6,201.72,3,Debit Card,Female,Laptop & Accessory,Single
10,26,4,2,3,0,14,6,165.95,1,Credit Card,Female,Fashion,Married
12,10,3,3,4,0,19,18,150.56,1,Credit Card,Male,Fashion,Divorced
5,18,4,1,1,1,20,14,146.17,2,Credit Card,Male,Mobile Phone,Married
0,29,3,3,4,1,14,3,126.51,2,COD,Female,Mobile Phone,Married
14,13,4,4,1,1,24,3,154.26,2,UPI,Female,Laptop & Accessory,Single
5,18,2,2,2,0,25,5,132.2,3,Credit Card,Male,Laptop & Accessory,Married
20,23,1,2,1,0,16,7,165.23,3,Debit Card,Female,Mobile Phone,Single
5,10,2,2,3,0,22,9,156.1,2,Credit Card,Female,Laptop & Accessory,Divorced
17,8,4,6,2,1,16,1,155.18,3,E Wallet,Male,Others,Single
5,7,2,3,4,0,13,2,142.06,2,Debit Card,Male,Others,Married
1,15,3,5,4,1,11,2,109.5,3,Credit Card,Female,Fashion,Married
26,18,3,3,4,0,11,7,217.71,2,UPI,Female,Mobile Phone,Single
1,18,3,3,5,0,16,9,122.57,2,E Wallet,Male,Laptop & Accessory,Single
1,15,3,5,4,1,22,11,111.92,1,Debit Card,Female,Others,Single
33,10,4,1,2,1,23,5,195.67,1,UPI,Male,Mobile Phone,Single
1,21,3,1,2,0,19,4,147.6,1,Credit Card,Male,Mobile Phone,Married
35,12,1,4,2,0,18,12,206.53,2,E Wallet,Female,Fashion,Divorced
26,19,3,2,3,0,13,0,209.78,1,E Wallet,Female,Mobile Phone,Single
2,12,2,5,3,1,11,10,136.33,3,UPI,Male,Mobile Phone,Married
27,18,4,3,5,0,11,6,222.62,2,COD,Male,Mobile Phone,Single
3,12,2,3,4,0,11,9,153.91,3,E Wallet,Female,Others,Single
17,28,2,3,5,1,17,3,173.94,1,UPI,Male,Fashion,Married
0,20,3,1,3,1,12,8,127.74,2,Credit Card,Male,Laptop & Accessory,Divorced
8,23,1,5,4,1,20,4,153.12,1,E Wallet,Male,Others,Single
7,29,3,3,4,0,19,2,154.85,2,Debit Card,Female,Laptop & Accessory,Single
14,17,2,3,5,0,24,3,204.42,3,Credit Card,Female,Fashion,Divorced
32,12,3,3,2,1,11,18,213.29,3,Debit Card,Female,Laptop & Accessory,Single
41,15,4,3,3,0,22,11,226.4,1,Credit Card,Male,Fashion,Married
3,39,3,3,3,0,23,6,139.75,1,Credit Card,Male,Mobile Phone,Married
8,9,1,3,5,1,22,5,129.01,3,E Wallet,Male,Fashion,Divorced
3,8,3,3,4,1,20,3,134.9,1,Debit Card,Female,Laptop & Accessory,Married
7,24,4,3,4,0,15,4,148.32,1,Debit Card,Male,Laptop & Accessory,Married
9,26,3,4,3,0,25,2,167.76,1,Credit Card,Male,Fashion,Married
14,12,2,4,2,0,16,1,158.11,1,Credit Card,Male,Fashion,Married
0,10,3,4,1,1,25,3,145.14,3,Credit Card,Male,Mobile Phone,Married
25,16,3,3,1,0,21,3,178.06,2,Credit Card,Male,Laptop & Accessory,Single
10,47,3,2,5,1,12,15,165.53,1,COD,Male,Mobile Phone,Single
13,12,4,1,2,0,23,3,186.34,1,E Wallet,Male,Mobile Phone,Married
22,11,3,3,5,1,17,0,191.76,3,Credit Card,Male,Mobile Phone,Married
11,20,5,2,4,0,12,17,172.64,1,Credit Card,Male,Laptop & Accessory,Married
8,17,2,2,5,0,23,7,160.36,2,Debit Card,Female,Fashion,Divorced
10,13,4,3,2,0,12,2,135.98,1,COD,Female,Mobile Phone,Married
9,11,3,2,4,0,21,2,160.0,2,E Wallet,Male,Laptop & Accessory,Divorced
9,18,4,2,3,0,12,4,135.43,3,Credit Card,Female,Laptop & Accessory,Married
3,11,2,5,3,0,14,18,126.24,1,Debit Card,Female,Fashion,Single
7,19,4,2,1,0,18,6,144.89,1,E Wallet,Female,Laptop & Accessory,Married
8,13,2,2,1,0,13,12,157.07,3,Debit Card,Male,Others,Married
11,23,2,2,2,0,11,5,156.98,1,E Wallet,Female,Laptop & Accessory,Single
17,21,3,3,3,0,24,10,197.1,1,Credit Card,Male,Mobile Phone,Single
13,10,2,6,1,0,11,7,147.09,1,Credit Card,Male,Mobile Phone,Single
3,10,3,3,3,0,14,21,124.81,3,E Wallet,Female,Mobile Phone,Married
11,12,3,2,3,0,12,8,158.16,1,E Wallet,Male,Mobile Phone,Single
39,14,3,4,2,0,22,10,235.89,3,Debit Card,Female,Mobile Phone,Divorced
10,20,3,4,1,1,20,17,145.74,2,E Wallet,Female,Laptop & Accessory,Single
2,7,2,3,4,0,19,5,113.27,1,Credit Card,Female,Others,Single
6,16,2,2,5,0,11,8,142.75,1,Credit Card,Male,Fashion,Divorced
15,16,3,3,1,1,21,6,172.25,2,COD,Female,Fashion,Married
5,10,3,3,5,0,17,17,139.16,3,E Wallet,Male,Grocery,Married
19,9,4,3,5,1,18,30,220.58,3,E Wallet,Female,Mobile Phone,Divorced
4,19,3,2,2,0,18,6,151.91,1,E Wallet,Female,Fashion,Married
3,14,5,4,2,0,20,3,155.77,1,Credit Card,Male,Others,Married
46,24,3,4,5,0,21,13,246.86,1,Credit Card,Male,Others,Divorced
14,15,4,2,1,0,20,14,179.84,3,UPI,Female,Mobile Phone,Divorced
0,11,2,2,3,0,11,9,117.91,2,Credit Card,Male,Fashion,Married
19,24,4,1,4,0,12,5,171.67,1,E Wallet,Male,Others,Married
8,13,4,2,4,0,12,4,143.51,2,Debit Card,Male,Fashion,Married
29,27,3,1,5,0,19,2,175.19,1,Credit Card,Female,Laptop & Accessory,Married
8,14,2,2,2,1,24,7,132.84,2,Debit Card,Male,Others,Married
10,12,4,5,5,0,18,4,160.17,1,Debit Card,Female,Laptop & Accessory,Divorced
6,8,3,3,3,0,22,3,152.96,2,E Wallet,Female,Laptop & Accessory,Married
21,8,2,2,4,0,25,5,169.8,2,Credit Card,Female,Fashion,Single
5,12,3,3,5,0,20,13,165.17,1,Credit Card,Female,Grocery,Married
11,27,4,3,2,0,24,6,164.29,1,E Wallet,Female,Mobile Phone,Single
15,22,2,6,4,1,21,10,172.5,1,E Wallet,Male,Laptop & Accessory,Divorced
1,26,3,6,1,0,18,2,125.35,3,Credit Card,Female,Mobile Phone,Single
40,8,2,3,4,0,14,5,234.23,2,E Wallet,Female,Grocery,Divorced
26,27,2,2,2,1,26,3,200.77,3,Debit Card,Female,Laptop & Accessory,Single
3,13,3,3,1,0,14,17,158.62,1,UPI,Male,Others,Single
14,21,4,1,1,1,24,9,142.55,3,Debit Card,Female,Laptop & Accessory,Married
20,13,3,4,1,0,21,8,161.89,1,Debit Card,Male,Laptop & Accessory,Single
11,8,3,2,2,0,13,3,147.54,1,Credit Card,Female,Fashion,Married
12,9,3,3,4,0,25,1,138.14,2,UPI,Male,Grocery,Married
7,26,3,5,2,0,23,11,142.2,1,UPI,Female,Others,Married
2,20,2,3,1,0,13,3,130.38,2,Credit Card,Male,Mobile Phone,Single
7,22,3,2,2,0,23,19,144.23,2,UPI,Male,Fashion,Married
1,16,4,5,1,0,26,7,129.62,3,Credit Card,Female,Laptop & Accessory,Single
5,20,3,3,2,0,18,2,143.08,3,Credit Card,Female,Laptop & Accessory,Married
1,13,2,3,4,0,21,5,134.89,1,E Wallet,Female,Laptop & Accessory,Single
25,17,4,5,4,0,26,2,209.6,1,Debit Card,Male,Fashion,Married
34,21,2,4,5,0,11,11,210.59,3,Debit Card,Female,Laptop & Accessory,Single
16,13,2,5,2,0,22,4,186.6,1,COD,Male,Fashion,Married
0,25,3,2,3,0,14,3,114.68,1,Credit Card,Male,Laptop & Accessory,Divorced
11,15,4,2,4,1,24,20,156.81,2,UPI,Male,Fashion,Married
22,11,3,4,4,1,24,5,201.13,2,E Wallet,Male,Others,Married
1,7,4,3,5,1,13,2,147.59,3,Credit Card,Male,Fashion,Divorced
16,10,4,3,3,1,11,8,180.15,1,E Wallet,Male,Fashion,Married
2,13,3,6,5,1,17,21,124.85,3,UPI,Female,Fashion,Married
14,6,3,2,2,1,21,3,168.89,3,E Wallet,Female,Mobile Phone,Married
0,23,4,4,4,0,16,6,147.42,3,Credit Card,Female,Laptop & Accessory,Married
3,8,2,5,4,0,24,8,127.51,1,Credit Card,Female,Fashion,Single
0,22,3,5,3,0,12,12,152.16,1,Debit Card,Male,Fashion,Divorced
11,14,3,3,3,1,22,2,156.41,3,E Wallet,Female,Fashion,Married
3,11,2,3,2,1,21,1,152.24,3,Credit Card,Female,Laptop & Accessory,Married
4,11,3,4,4,1,12,1,128.93,3,E Wallet,Male,Mobile Phone,Married
4,9,3,1,5,0,25,5,176.25,2,COD,Male,Mobile Phone,Single
1,22,5,2,5,0,19,4,102.54,2,Credit Card,Male,Fashion,Single
24,8,4,5,3,0,13,7,204.28,2,Debit Card,Female,Laptop & Accessory,Divorced
23,23,4,3,3,0,14,11,166.65,1,COD,Male,Mobile Phone,Married
30,26,3,3,1,0,17,2,207.33,3,Credit Card,Male,Others,Single
1,15,3,2,3,0,26,7,122.58,2,Credit Card,Female,Others,Single
13,9,3,5,5,0,22,5,159.44,1,UPI,Female,Grocery,Divorced
17,14,2,3,2,1,25,1,185.32,3,COD,Male,Grocery,Married
6,18,3,1,2,0,23,12,129.03,2,UPI,Male,Mobile Phone,Divorced
7,17,3,3,1,0,22,1,167.71,2,Debit Card,Male,Laptop & Accessory,Married
9,22,2,3,2,0,11,4,147.11,1,E Wallet,Male,Others,Divorced
8,10,2,3,2,0,11,3,153.97,3,Debit Card,Female,Fashion,Married
0,14,3,1,3,1,19,12,152.78,2,Debit Card,Female,Fashion,Married
2,8,2,2,2,0,12,4,144.25,3,Debit Card,Male,Laptop & Accessory,Married
36,16,3,3,1,0,20,3,202.67,1,Credit Card,Male,Fashion,Single
1,14,4,3,1,1,19,8,133.16,3,Debit Card,Male,Others,Single
24,21,2,5,1,1,24,0,183.36,3,Credit Card,Female,Fashion,Married
7,6,4,3,3,0,26,3,157.12,3,Debit Card,Male,Fashion,Divorced
9,18,4,3,4,0,24,6,149.79,3,Credit Card,Female,Laptop & Accessory,Married
2,17,3,3,4,0,18,2,125.53,1,UPI,Male,Fashion,Single
0,16,2,1,5,1,13,5,162.84,1,Credit Card,Female,Laptop & Accessory,Married
8,18,2,3,2,0,12,10,142.86,3,Credit Card,Male,Mobile Phone,Married
61,19,3,4,2,0,26,21,298.56,1,E Wallet,Male,Grocery,Married
16,17,5,1,4,0,22,4,198.45,1,Debit Card,Male,Others,Single
6,8,3,1,3,0,20,12,166.04,1,Debit Card,Male,Mobile Phone,Divorced
5,16,3,3,5,0,24,5,134.94,2,Debit Card,Male,Mobile Phone,Single
1,19,1,5,4,1,13,9,135.54,1,Debit Card,Male,Mobile Phone,Married
19,17,3,2,2,0,24,7,175.34,2,Debit Card,Male,Grocery,Married
9,14,1,4,5,0,13,4,163.47,3,COD,Male,Others,Married
2,9,3,4,4,0,16,11,130.41,1,COD,Female,Mobile Phone,Single
9,25,2,3,2,0,22,5,157.44,1,Credit Card,Male,Grocery,Single
2,14,4,5,5,0,11,3,138.6,2,Credit Card,Male,Laptop & Accessory,Single
3,11,2,4,5,1,26,17,111.68,3,Debit Card,Female,Others,Single
1,16,3,3,3,0,12,3,151.2,3,E Wallet,Female,Others,Divorced
1,7,3,4,5,0,12,4,161.39,2,COD,Male,Mobile Phone,Single
55,25,2,2,3,0,16,6,278.99,3,Debit Card,Male,Fashion,Married
8,11,2,5,4,0,19,4,144.06,1,E Wallet,Female,Laptop & Accessory,Married
18,12,3,2,3,0,17,14,168.3,1,E Wallet,Female,Grocery,Married
32,24,2,3,2,1,25,12,203.77,2,E Wallet,Male,Fashion,Married
4,37,2,4,3,1,17,9,127.78,2,Debit Card,Male,Fashion,Single
9,20,2,3,5,1,21,11,171.68,1,Credit Card,Female,Grocery,Married
9,15,3,1,5,0,24,8,176.66,1,COD,Male,Mobile Phone,Married
31,18,3,3,4,0,18,4,214.1,1,E Wallet,Female,Fashion,Single
35,13,4,3,2,1,24,2,175.76,1,Credit Card,Male,Laptop & Accessory,Single
26,16,4,3,5,0,19,3,190.28,1,Credit Card,Male,Fashion,Married
61,17,2,3,4,0,12,5,278.3,1,Credit Card,Female,Fashion,Single
23,6,2,3,3,1,22,4,199.36,2,E Wallet,Male,Mobile Phone,Married
49,25,2,3,3,0,17,1,234.29,2,UPI,Female,Others,Divorced
15,14,3,2,1,1,22,3,168.74,1,Credit Card,Male,Mobile Phone,Married
4,21,4,4,2,0,26,4,173.67,3,Credit Card,Female,Mobile Phone,Single
15,15,3,5,2,0,18,10,181.79,2,Debit Card,Male,Mobile Phone,Married
18,13,4,3,3,1,12,0,181.2,2,Credit Card,Male,Laptop & Accessory,Married
19,15,2,1,4,0,24,3,174.3,2,UPI,Female,Fashion,Single
6,15,2,4,3,0,15,16,153.99,3,Credit Card,Female,Laptop & Accessory,Married
6,21,4,4,5,1,17,9,184.83,1,Debit Card,Male,Grocery,Married
0,16,2,2,2,0,21,7,155.35,2,Debit Card,Female,Others,Married
7,16,4,5,2,0,17,8,139.86,2,COD,Male,Fashion,Single
16,28,1,3,1,0,23,7,178.58,1,Credit Card,Female,Mobile Phone,Married
31,15,4,4,4,1,26,5,235.84,3,Debit Card,Male,Laptop & Accessory,Divorced
2,34,4,2,3,1,18,5,138.73,1,Credit Card,Male,Fashion,Single
11,18,4,3,1,1,14,12,143.62,2,Credit Card,Female,Laptop & Accessory,Single
12,20,3,4,4,0,17,5,172.4,1,Debit Card,Male,Mobile Phone,Divorced
1,19,4,5,2,0,19,3,154.98,3,E Wallet,Male,Laptop & Accessory,Married
2,10,1,3,3,1,13,7,165.41,3,Debit Card,Male,Laptop & Accessory,Married
5,10,2,2,4,1,12,7,154.65,3,COD,Male,Grocery,Single
7,11,2,2,3,0,22,9,161.5,3,Debit Card,Female,Laptop & Accessory,Single
5,28,2,5,5,0,11,6,136.08,3,E Wallet,Female,Mobile Phone,Single
17,24,3,2,3,0,15,0,209.52,3,Credit Card,Female,Grocery,Single
7,8,2,2,5,1,23,6,154.03,3,Credit Card,Male,Laptop & Accessory,Single
6,12,1,3,5,0,11,10,157.98,3,Debit Card,Female,Mobile Phone,Divorced
57,8,4,3,3,0,12,8,266.46,3,Credit Card,Female,Fashion,Married
8,9,4,5,4,1,20,2,163.59,1,Credit Card,Male,Fashion,Single
0,12,4,3,3,1,17,10,129.52,3,E Wallet,Female,Mobile Phone,Single
13,50,3,1,3,0,11,5,161.55,3,COD,Female,Mobile Phone,Married
9,19,4,3,2,1,24,3,165.85,2,Debit Card,Male,Laptop & Accessory,Married
8,15,3,4,5,1,15,5,128.39,2,Credit Card,Male,Laptop & Accessory,Married
27,30,2,3,3,1,21,16,187.5,1,Credit Card,Male,Laptop & Accessory,Single
38,18,2,3,3,0,24,4,192.58,2,UPI,Male,Fashion,Married
10,19,2,2,3,1,14,5,149.42,2,Debit Card,Male,Laptop & Accessory,Married
17,11,2,1,3,0,23,12,178.41,2,UPI,Female,Grocery,Single
0,20,1,4,2,0,13,6,136.35,1,E Wallet,Female,Laptop & Accessory,Single
28,11,3,2,2,1,24,15,196.51,1,Debit Card,Female,Grocery,Married
2,12,3,3,5,0,18,3,139.82,2,COD,Female,Mobile Phone,Married
8,22,4,3,4,0,17,11,153.23,3,Debit Card,Female,Laptop & Accessory,Married
8,17,3,1,4,1,13,7,134.22,3,COD,Male,Mobile Phone,Divorced
37,23,3,2,2,0,21,21,211.2,1,Debit Card,Female,Laptop & Accessory,Married
2,10,1,3,2,1,17,2,159.2,1,Debit Card,Male,Grocery,Married
25,12,4,3,3,0,22,2,193.09,3,COD,Female,Fashion,Single
2,37,2,3,5,0,12,3,159.84,1,COD,Female,Laptop & Accessory,Married
61,15,3,3,3,0,21,19,277.31,2,Credit Card,Female,Fashion,Married
21,20,2,5,5,0,24,3,209.98,2,Debit Card,Male,Laptop & Accessory,Married
18,15,3,3,2,0,16,5,147.14,3,COD,Female,Mobile Phone,Married
3,10,4,4,4,0,22,4,177.39,3,UPI,Male,Fashion,Married
2,37,2,3,3,1,22,3,143.65,1,COD,Female,Mobile Phone,Single
15,40,2,3,4,0,13,0,184.91,2,Debit Card,Female,Fashion,Married
1,18,3,5,5,0,13,4,136.44,2,Credit Card,Male,Others,Single
44,20,3,4,1,0,24,5,240.03,1,Debit Card,Female,Laptop & Accessory,Single
4,10,4,6,3,0,25,4,112.21,3,Credit Card,Male,Fashion,Married
0,19,3,2,1,0,18,9,128.04,3,Credit Card,Female,Fashion,Single
13,18,1,6,1,0,17,2,176.44,3,Debit Card,Female,Grocery,Married
0,17,4,3,2,1,17,1,138.23,2,E Wallet,Female,Fashion,Single
2,42,3,1,4,1,13,6,124.69,3,Credit Card,Female,Laptop & Accessory,Divorced
10,14,3,3,1,0,14,7,172.02,3,Credit Card,Male,Fashion,Divorced
2,9,3,5,1,0,17,7,146.3,1,E Wallet,Male,Others,Married
17,10,4,2,5,0,16,2,161.66,2,E Wallet,Female,Laptop & Accessory,Single
16,8,2,2,2,1,26,6,147.28,3,UPI,Male,Laptop & Accessory,Single
7,9,1,3,3,0,20,23,157.44,2,COD,Female,Fashion,Married
29,10,2,2,5,1,16,21,195.29,1,Debit Card,Female,Fashion,Married
29,12,2,1,2,1,12,3,209.99,3,Credit Card,Male,Laptop & Accessory,Single
2,12,3,3,5,1,17,9,136.28,3,Credit Card,Male,Grocery,Single
24,20,1,3,3,0,13,0,170.46,2,E Wallet,Male,Fashion,Single
9,20,3,2,1,0,19,10,122.99,2,COD,Male,Fashion,Single
1,9,3,3,4,0,14,7,119.46,3,Credit Card,Male,Laptop & Accessory,Married
2,16,2,4,2,0,13,11,153.6,3,UPI,Female,Grocery,Married
17,20,4,4,1,0,13,4,142.31,2,Credit Card,Male,Laptop & Accessory,Married
7,27,4,3,1,0,22,8,141.49,1,Credit Card,Male,Fashion,Single
26,8,3,2,1,0,16,2,196.66,2,Credit Card,Male,Others,Single
14,10,4,1,5,1,26,4,160.74,2,Credit Card,Male,Mobile Phone,Married
9,17,5,2,4,0,12,8,152.99,3,COD,Male,Fashion,Single
2,18,2,5,5,0,21,2,146.93,1,UPI,Female,Mobile Phone,Married
15,31,3,2,2,0,26,4,173.57,2,Debit Card,Male,Mobile Phone,Divorced
4,16,4,2,2,0,15,2,167.14,1,E Wallet,Female,Fashion,Divorced
23,8,4,2,2,0,18,5,202.41,3,Debit Card,Female,Fashion,Married
12,10,5,4,4,0,20,11,166.3,2,Debit Card,Female,Laptop & Accessory,Married
5,28,4,2,4,0,17,10,155.97,1,UPI,Female,Fashion,Single
0,11,3,2,2,0,26,8,127.05,2,Credit Card,Female,Mobile Phone,Married
2,19,5,4,3,0,26,6,105.03,1,E Wallet,Male,Fashion,Divorced
0,8,3,2,2,0,23,0,140.21,2,Credit Card,Male,Mobile Phone,Divorced
8,7,2,3,3,0,16,10,131.1,1,Credit Card,Male,Grocery,Married
6,8,1,2,2,1,25,2,135.01,1,Debit Card,Male,Fashion,Single
36,12,3,2,1,0,22,4,241.28,1,E Wallet,Female,Mobile Phone,Married
0,14,2,3,3,0,20,16,119.11,3,Credit Card,Female,Grocery,Married
10,9,4,3,2,1,21,13,165.51,3,COD,Female,Laptop & Accessory,Single
1,17,2,3,5,1,13,1,134.05,3,UPI,Male,Fashion,Divorced
1,7,3,3,3,0,17,0,137.39,3,E Wallet,Female,Laptop & Accessory,Married
11,19,4,1,5,0,22,3,162.59,2,Debit Card,Male,Laptop & Accessory,Married
7,29,4,4,2,1,24,9,160.04,1,COD,Female,Grocery,Single
1,22,3,5,4,0,21,15,131.68,2,UPI,Female,Grocery,Single
1,22,3,1,3,0,25,14,129.9,1,UPI,Male,Laptop & Accessory,Married
14,8,4,6,3,0,13,9,150.71,2,COD,Male,Laptop & Accessory,Married
3,13,4,6,4,0,18,6,144.17,2,Debit Card,Female,Fashion,Divorced
0,10,4,3,4,1,25,1,151.26,1,Debit Card,Male,Fashion,Single
41,24,1,2,1,0,16,3,210.24,1,Debit Card,Female,Mobile Phone,Married
9,17,2,3,3,0,24,3,173.29,1,UPI,Male,Laptop & Accessory,Married
0,11,4,2,3,0,17,2,133.08,3,Credit Card,Female,Mobile Phone,Married
5,16,3,3,1,0,26,15,140.35,1,Debit Card,Male,Grocery,Single
4,10,2,4,4,0,21,17,137.21,2,COD,Female,Mobile Phone,Married
3,18,4,3,4,0,18,2,143.73,1,Debit Card,Female,Others,Married
3,9,3,3,5,0,18,4,114.65,3,UPI,Male,Mobile Phone,Married
18,26,2,4,5,0,24,12,170.88,3,Debit Card,Female,Others,Single
6,29,2,1,2,0,19,1,140.57,1,UPI,Male,Laptop & Accessory,Single
5,12,2,4,1,0,15,11,138.57,2,Debit Card,Male,Others,Divorced
4,18,3,3,3,0,22,3,132.21,3,E Wallet,Female,Fashion,Single
0,18,2,3,4,1,21,5,126.63,3,Credit Card,Male,Fashion,Married
4,39,3,3,4,0,19,0,150.03,2,COD,Male,Mobile Phone,Married
5,46,2,3,5,0,19,3,135.0,3,E Wallet,Female,Laptop & Accessory,Divorced
3,15,3,2,3,1,12,1,111.28,3,Debit Card,Female,Mobile Phone,Married
8,21,3,4,3,0,11,9,137.99,1,Credit Card,Female,Grocery,Single
23,18,4,1,3,0,15,5,190.51,1,Debit Card,Male,Grocery,Divorced
15,17,3,2,3,0,22,3,165.56,2,E Wallet,Female,Others,Single
4,17,3,2,2,0,24,2,122.88,2,E Wallet,Female,Laptop & Accessory,Married
17,40,1,5,3,0,19,10,158.67,3,E Wallet,Female,Fashion,Married
21,17,4,3,4,1,16,14,178.4,3,Credit Card,Female,Laptop & Accessory,Single
2,10,1,3,1,0,14,6,139.28,3,UPI,Male,Grocery,Single
1,22,3,3,3,0,17,7,123.0,3,E Wallet,Female,Others,Married
18,10,3,4,2,0,21,8,187.51,2,Debit Card,Male,Mobile Phone,Single
4,18,3,3,4,1,17,10,134.54,3,COD,Female,Mobile Phone,Married
43,19,1,4,3,0,25,7,257.14,2,Credit Card,Male,Mobile Phone,Married
4,10,1,3,4,1,20,18,130.01,3,Debit Card,Male,Grocery,Single
1,26,2,3,5,1,11,9,168.31,3,Credit Card,Male,Laptop & Accessory,Married
1,20,2,2,5,1,25,3,175.6,2,E Wallet,Male,Fashion,Single
25,14,4,2,3,0,24,7,236.52,1,UPI,Female,Laptop & Accessory,Married
4,28,4,6,3,1,21,2,119.27,1,Credit Card,Male,Laptop & Accessory,Married
10,18,4,5,4,0,16,9,162.95,2,Credit Card,Female,Laptop & Accessory,Married
4,15,3,2,3,1,23,7,147.61,1,E Wallet,Male,Laptop & Accessory,Divorced
2,16,4,3,5,0,12,1,144.42,1,UPI,Male,Fashion,Single
1,28,1,3,3,0,19,9,148.8,1,Credit Card,Female,Laptop & Accessory,Married
8,30,4,3,2,1,16,2,165.0,1,Debit Card,Male,Fashion,Married
7,7,2,3,5,0,14,13,171.15,3,Debit Card,Male,Laptop & Accessory,Married
8,12,3,2,4,0,16,3,126.49,2,UPI,Female,Laptop & Accessory,Married
13,16,2,2,1,1,26,1,155.73,3,Debit Card,Female,Laptop & Accessory,Single
5,13,3,3,4,0,11,4,122.97,3,Credit Card,Male,Mobile Phone,Single
30,28,2,3,2,0,19,24,220.87,2,COD,Male,Laptop & Accessory,Divorced
11,20,3,2,2,0,14,4,186.55,2,Credit Card,Male,Laptop & Accessory,Divorced
11,12,4,4,3,0,22,10,160.37,3,Credit Card,Female,Mobile Phone,Single
20,15,3,4,2,1,26,1,176.62,2,E Wallet,Male,Mobile Phone,Single
2,7,4,2,3,1,11,5,149.22,2,Debit Card,Male,Mobile Phone,Married
23,19,2,4,3,1,16,8,216.13,1,E Wallet,Female,Laptop & Accessory,Married
4,16,4,2,2,1,26,19,112.29,2,E Wallet,Female,Others,Single
7,9,4,5,3,0,11,5,133.39,1,Debit Card,Female,Laptop & Accessory,Married
4,14,2,5,3,1,21,1,129.16,1,E Wallet,Male,Fashion,Divorced
23,13,4,2,2,1,20,13,227.65,2,E Wallet,Female,Mobile Phone,Married
8,18,1,4,2,0,16,2,162.5,3,Debit Card,Male,Laptop & Accessory,Single
16,18,5,2,5,1,26,5,138.58,1,Debit Card,Male,Mobile Phone,Married
0,39,5,3,3,1,12,9,117.6,2,Credit Card,Female,Grocery,Married
36,20,1,3,3,0,23,2,245.37,3,Debit Card,Male,Fashion,Divorced
0,18,3,1,1,0,15,8,111.76,2,Debit Card,Male,Fashion,Single
3,16,2,3,5,0,24,8,145.65,2,Debit Card,Male,Laptop & Accessory,Married
0,12,4,5,3,0,19,0,133.46,1,COD,Female,Fashion,Single
1,29,4,3,1,0,13,2,146.66,1,Credit Card,Male,Mobile Phone,Divorced
61,23,3,3,3,0,18,5,281.88,1,Debit Card,Male,Mobile Phone,Single
1,18,3,4,4,0,19,9,121.83,3,Credit Card,Female,Laptop & Accessory,Married
8,21,3,3,4,1,15,2,151.03,1,Debit Card,Male,Fashion,Divorced
15,21,2,2,1,0,24,6,170.91,1,COD,Female,Mobile Phone,Single
23,24,2,4,3,0,14,11,201.68,1,Credit Card,Male,Laptop & Accessory,Married
0,32,3,6,4,1,12,14,126.21,3,COD,Female,Fashion,Married
2,27,3,3,4,0,23,3,168.98,2,UPI,Male,Laptop & Accessory,Married
11,18,4,3,3,1,18,11,160.57,1,COD,Female,Laptop & Accessory,Single
40,9,2,5,4,0,11,15,246.05,3,Debit Card,Female,Laptop & Accessory,Married
8,20,1,2,5,0,16,8,166.7,1,Credit Card,Male,Fashion,Divorced
3,11,2,2,1,1,22,8,137.37,1,Debit Card,Female,Grocery,Married
17,18,3,3,4,0,17,9,169.84,1,Debit Card,Male,Mobile Phone,Married
1,24,3,2,2,0,18,13,143.25,3,Debit Card,Female,Fashion,Single
1,6,2,5,5,1,18,7,129.98,2,Debit Card,Male,Fashion,Divorced
12,19,2,2,3,0,14,2,158.12,2,Credit Card,Male,Laptop & Accessory,Married
6,8,2,3,1,0,19,9,150.88,1,Debit Card,Male,Others,Married
10,18,4,2,4,1,15,5,162.03,1,Credit Card,Female,Mobile Phone,Married
17,17,4,2,2,0,23,2,166.88,3,Credit Card,Female,Laptop & Accessory,Married
4,18,4,1,3,0,15,20,149.81,1,E Wallet,Female,Grocery,Single
61,14,3,5,2,0,11,20,296.81,3,UPI,Male,Laptop & Accessory,Married
10,20,2,3,3,0,22,5,146.67,2,Credit Card,Male,Others,Single
7,25,3,2,1,0,16,16,154.93,1,UPI,Female,Fashion,Married
20,10,1,3,4,0,17,7,160.2,2,COD,Female,Laptop & Accessory,Married
3,20,3,3,5,0,26,7,156.24,1,Credit Card,Male,Fashion,Married
5,15,5,2,5,0,26,15,142.03,3,Credit Card,Male,Fashion,Married
2,34,3,5,2,0,16,1,119.71,3,Debit Card,Male,Laptop & Accessory,Married
10,22,3,5,5,1,14,10,152.82,1,Credit Card,Female,Mobile Phone,Married
8,10,2,3,3,0,20,6,137.41,3,E Wallet,Female,Mobile Phone,Single
11,16,3,3,4,0,24,0,184.73,2,E Wallet,Male,Others,Married
1,11,2,2,1,0,25,6,145.39,1,E Wallet,Male,Laptop & Accessory,Divorced
24,22,2,5,4,1,21,9,197.16,2,UPI,Male,Laptop & Accessory,Single
4,5,1,1,4,0,23,1,114.85,1,UPI,Male,Others,Divorced
3,14,3,2,2,0,25,6,128.29,1,Debit Card,Male,Laptop & Accessory,Married
4,15,3,3,1,0,23,2,132.26,1,Debit Card,Male,Laptop & Accessory,Married
4,12,2,1,3,0,19,7,130.76,1,E Wallet,Male,Laptop & Accessory,Married
3,9,2,2,3,0,24,2,113.69,1,Credit Card,Female,Laptop & Accessory,Married
2,13,2,1,1,0,23,12,128.29,3,Credit Card,Male,Laptop & Accessory,Married
31,15,4,5,3,0,25,11,204.92,1,UPI,Female,Mobile Phone,Single
2,8,2,3,3,1,15,10,144.82,2,Debit Card,Female,Fashion,Single
5,13,2,2,3,1,22,13,158.66,3,Credit Card,Female,Fashion,Married
27,17,3,3,3,0,16,10,199.96,3,Debit Card,Female,Mobile Phone,Single
1,38,3,4,3,1,24,9,139.63,1,Credit Card,Male,Laptop & Accessory,Single
2,7,1,5,2,0,13,3,129.08,2,Credit Card,Female,Grocery,Single
6,10,3,3,4,1,20,14,160.57,1,Credit Card,Female,Fashion,Single
7,23,4,3,4,1,23,2,139.23,1,COD,Male,Fashion,Married
6,16,1,2,3,0,15,2,147.31,3,UPI,Male,Laptop & Accessory,Single
28,20,4,6,5,0,11,6,218.26,1,E Wallet,Male,Laptop & Accessory,Single
23,23,3,5,2,0,15,5,196.17,3,E Wallet,Female,Mobile Phone,Single
38,23,4,3,5,0,14,2,242.13,2,E Wallet,Female,Others,Married
18,12,4,3,4,0,13,2,148.76,3,E Wallet,Male,Others,Married
3,19,3,3,1,0,21,11,117.6,1,Debit Card,Female,Mobile Phone,Married
1,26,2,3,2,1,11,12,147.55,2,Debit Card,Female,Fashion,Married
23,17,4,3,3,1,16,6,171.89,1,Credit Card,Female,Grocery,Single
3,21,4,5,4,0,25,5,129.09,3,Debit Card,Male,Laptop & Accessory,Married
6,15,4,3,1,0,26,1,143.52,1,Credit Card,Male,Fashion,Single
3,17,1,1,4,0,13,17,165.35,3,Credit Card,Female,Laptop & Accessory,Divorced
38,27,4,2,5,0,18,14,211.54,1,Credit Card,Female,Mobile Phone,Divorced
3,14,4,3,1,0,12,1,133.48,1,Debit Card,Male,Mobile Phone,Single
2,19,3,3,3,0,14,14,130.98,2,UPI,Female,Fashion,Single
3,29,3,4,5,0,24,9,110.79,3,COD,Male,Mobile Phone,Divorced
9,20,2,3,1,0,11,8,142.34,3,Debit Card,Male,Fashion,Single
21,12,1,2,3,0,16,10,173.7,1,UPI,Male,Fashion,Married
9,19,3,3,3,0,20,3,161.19,1,Debit Card,Female,Grocery,Single
2,21,2,2,3,0,18,17,124.53,1,COD,Female,Mobile Phone,Married
15,30,3,3,4,0,25,5,164.88,1,Credit Card,Male,Fashion,Single
11,14,1,5,3,0,18,2,156.02,2,Credit Card,Male,Others,Single
43,24,2,3,4,1,26,2,251.29,3,Credit Card,Female,Others,Divorced
1,8,2,3,3,0,21,12,132.22,1,COD,Female,Mobile Phone,Married
11,10,4,3,3,0,17,0,181.42,3,Credit Card,Male,Mobile Phone,Married
26,9,3,5,2,1,14,3,233.01,3,Credit Card,Male,Others,Divorced
8,14,2,4,2,0,16,23,146.82,2,Credit Card,Female,Mobile Phone,Divorced
19,11,4,2,2,0,17,12,201.53,1,COD,Male,Mobile Phone,Single
1,22,1,1,4,1,23,3,97.67,1,Credit Card,Female,Others,Single
3,16,4,1,3,1,21,5,153.49,1,Debit Card,Male,Fashion,Single
3,15,3,1,4,0,17,20,135.89,1,Credit Card,Male,Laptop & Accessory,Single
4,12,4,3,2,1,22,7,143.63,2,Debit Card,Female,Laptop & Accessory,Married
10,13,3,4,5,1,19,1,162.41,2,Credit Card,Female,Fashion,Single
1,17,3,4,5,0,16,3,140.24,2,Debit Card,Female,Mobile Phone,Married
13,16,2,4,1,1,22,17,188.85,1,Credit Card,Male,Mobile Phone,Divorced
8,22,4,4,4,1,18,8,164.96,3,Debit Card,Male,Laptop & Accessory,Single
14,14,4,2,4,0,15,3,172.39,1,Debit Card,Male,Laptop & Accessory,Married
18,16,2,4,3,1,21,7,177.87,1,Credit Card,Female,Grocery,Married
2,10,3,5,1,1,16,7,127.59,2,COD,Female,Fashion,Married
1,20,2,2,4,0,12,14,119.67,1,E Wallet,Male,Fashion,Married
0,19,2,1,3,1,20,9,123.62,3,Debit Card,Male,Laptop & Accessory,Divorced
8,30,3,2,5,0,15,7,140.14,1,UPI,Male,Mobile Phone,Divorced
16,13,3,4,3,1,26,15,136.79,1,Credit Card,Female,Others,Divorced
6,16,2,3,3,1,22,10,161.32,1,E Wallet,Female,Others,Single
12,11,1,4,3,0,17,3,134.71,3,Credit Card,Male,Laptop & Accessory,Married
2,8,2,5,1,1,19,4,138.9,2,E Wallet,Male,Fashion,Married
7,8,2,3,4,0,13,12,151.92,2,Credit Card,Female,Fashion,Married
9,13,4,4,1,0,13,4,166.81,3,E Wallet,Male,Others,Married
6,6,2,4,4,0,24,6,134.03,3,COD,Female,Fashion,Divorced
22,20,1,1,3,1,21,8,208.37,2,Debit Card,Female,Grocery,Divorced
2,11,4,2,1,0,16,4,165.71,1,Debit Card,Male,Mobile Phone,Married
18,33,2,3,4,0,13,5,199.09,1,Credit Card,Male,Fashion,Single
2,24,3,3,1,0,26,6,117.59,2,Debit Card,Male,Laptop & Accessory,Single
10,10,1,3,4,1,14,2,122.18,3,Credit Card,Male,Laptop & Accessory,Married
18,16,5,6,4,0,19,17,206.03,1,Debit Card,Male,Laptop & Accessory,Divorced
12,11,2,3,1,0,18,1,158.24,2,E Wallet,Male,Mobile Phone,Married
3,9,2,3,5,1,19,6,152.68,1,UPI,Female,Mobile Phone,Divorced
2,22,3,3,1,0,22,8,135.93,3,Debit Card,Male,Laptop & Accessory,Divorced
8,21,2,2,4,0,24,3,144.79,3,Debit Card,Female,Mobile Phone,Married
4,13,4,3,5,0,25,8,168.09,3,E Wallet,Female,Laptop & Accessory,Divorced
3,20,5,2,1,1,23,5,141.29,1,Credit Card,Male,Fashion,Single
19,14,4,1,3,0,20,5,199.24,1,E Wallet,Male,Laptop & Accessory,Single
39,15,4,2,5,0,13,4,219.25,3,Debit Card,Male,Others,Married
1,32,3,3,2,1,21,2,99.63,3,Debit Card,Male,Laptop & Accessory,Single
18,11,1,2,2,0,19,6,150.71,3,E Wallet,Male,Mobile Phone,Divorced
10,8,2,3,3,0,15,10,150.72,3,Credit Card,Male,Fashion,Single
25,26,2,3,3,0,16,7,197.04,2,E Wallet,Female,Fashion,Single
24,14,3,3,3,1,23,5,185.96,2,Credit Card,Male,Fashion,Married
36,11,3,2,2,0,22,2,221.09,1,Credit Card,Female,Laptop & Accessory,Single
13,21,2,1,3,0,21,5,148.16,1,Credit Card,Female,Mobile Phone,Single
20,14,4,4,5,0,20,10,169.39,3,E Wallet,Male,Others,Single
28,12,2,3,2,0,14,16,198.59,2,Debit Card,Male,Laptop & Accessory,Single
7,10,2,3,4,0,13,1,171.03,1,Credit Card,Female,Laptop & Accessory,Divorced
18,31,1,1,3,0,14,10,194.74,2,Debit Card,Male,Mobile Phone,Divorced
2,24,1,2,5,0,14,13,163.61,3,Debit Card,Male,Laptop & Accessory,Married
14,9,1,3,3,1,23,8,190.11,1,Debit Card,Male,Laptop & Accessory,Married
16,26,3,3,4,0,11,18,159.06,2,Debit Card,Male,Laptop & Accessory,Single
18,9,4,3,4,0,17,12,182.83,1,E Wallet,Male,Others,Married
16,13,3,4,4,0,15,5,158.74,1,E Wallet,Female,Fashion,Single
0,8,1,4,3,1,22,3,123.36,1,COD,Female,Laptop & Accessory,Divorced
4,18,4,1,4,0,26,4,134.45,1,E Wallet,Male,Mobile Phone,Married
32,40,3,4,4,0,21,3,215.43,2,E Wallet,Female,Mobile Phone,Divorced
3,9,1,2,1,1,13,8,157.46,2,Debit Card,Male,Fashion,Married
4,14,3,3,4,1,16,11,157.71,3,UPI,Female,Others,Married
8,12,1,4,2,0,17,1,153.73,3,Credit Card,Female,Grocery,Single
25,12,5,3,2,0,11,7,207.16,3,UPI,Male,Mobile Phone,Single
2,24,4,2,4,1,23,2,120.19,2,UPI,Female,Grocery,Married
53,24,2,4,4,1,15,6,269.52,2,Credit Card,Male,Others,Divorced
13,14,4,3,2,0,21,7,130.81,1,Debit Card,Male,Laptop & Accessory,Married
14,19,5,4,2,0,18,11,159.07,2,Debit Card,Male,Fashion,Single
11,9,3,5,5,0,19,3,176.11,3,Credit Card,Female,Grocery,Married
10,25,2,3,2,0,11,5,153.29,2,Credit Card,Female,Laptop & Accessory,Divorced
7,8,2,2,5,0,13,3,165.75,3,Debit Card,Female,Mobile Phone,Married
25,10,3,3,4,0,21,14,198.66,3,Debit Card,Male,Mobile Phone,Divorced
2,16,2,3,3,0,26,2,148.68,2,Debit Card,Male,Mobile Phone,Single
2,22,1,4,2,0,11,6,120.42,2,Debit Card,Male,Laptop & Accessory,Single
6,15,1,3,1,0,15,1,132.3,1,Credit Card,Male,Others,Single
20,12,4,1,1,1,19,8,187.82,1,E Wallet,Male,Fashion,Married
12,14,1,5,2,0,16,7,169.17,3,Debit Card,Male,Fashion,Single
5,8,1,3,2,1,26,3,141.23,3,Debit Card,Female,Fashion,Single
13,15,3,4,3,1,14,9,158.7,1,Debit Card,Female,Laptop & Accessory,Married
6,19,4,5,5,0,19,17,129.22,3,E Wallet,Female,Laptop & Accessory,Divorced
12,21,3,5,3,0,14,2,142.6,2,Debit Card,Female,Fashion,Married
23,7,1,2,2,0,24,1,188.55,1,Credit Card,Female,Mobile Phone,Married
5,19,1,2,3,0,21,6,139.24,2,Credit Card,Male,Fashion,Married
12,5,4,4,3,0,12,4,153.4,2,Debit Card,Male,Mobile Phone,Married
8,23,4,2,1,0,21,3,160.18,2,Debit Card,Male,Grocery,Married
24,9,3,3,3,0,18,16,178.31,2,E Wallet,Female,Fashion,Married
4,18,2,6,3,1,24,22,148.02,1,Credit Card,Male,Mobile Phone,Married
8,20,3,3,3,0,13,10,176.93,3,Debit Card,Female,Fashion,Single
61,14,5,3,5,0,23,11,309.28,3,E Wallet,Male,Fashion,Married
4,22,3,3,3,0,12,0,194.39,2,E Wallet,Female,Laptop & Accessory,Single
23,15,3,2,1,1,26,5,184.24,2,E Wallet,Male,Fashion,Divorced
24,12,1,5,4,1,20,5,186.49,2,Credit Card,Female,Mobile Phone,Single
4,12,3,4,2,0,18,10,126.41,1,Debit Card,Female,Fashion,Married
9,10,4,4,5,1,23,4,179.73,3,Credit Card,Female,Laptop & Accessory,Married
4,21,1,2,5,0,11,4,130.5,2,Credit Card,Female,Fashion,Married
21,14,5,4,2,0,19,4,191.74,1,Debit Card,Female,Laptop & Accessory,Single
4,12,1,2,5,1,20,5,159.46,2,Debit Card,Female,Grocery,Married
1,11,2,3,5,0,23,9,148.35,2,Credit Card,Male,Grocery,Divorced
2,17,3,3,3,0,20,18,137.19,2,Credit Card,Male,Grocery,Married
19,8,3,4,5,0,23,14,178.19,3,Debit Card,Male,Mobile Phone,Married
2,18,5,3,4,0,26,10,127.03,1,Debit Card,Male,Fashion,Married
9,12,4,6,3,0,25,9,132.02,3,Debit Card,Female,Fashion,Married
21,12,1,3,5,0,24,14,188.01,1,Debit Card,Male,Fashion,Single
2,15,3,3,3,1,25,5,134.23,2,Debit Card,Male,Laptop & Accessory,Married
29,20,2,2,3,0,20,6,208.38,1,Credit Card,Female,Mobile Phone,Single
9,15,2,3,3,0,13,4,166.9,1,COD,Female,Laptop & Accessory,Married
32,11,2,4,5,1,18,7,222.9,2,E Wallet,Male,Others,Married
3,18,4,4,3,0,15,20,129.36,1,E Wallet,Female,Others,Married
28,29,2,2,4,1,23,5,209.24,1,Debit Card,Male,Mobile Phone,Married
4,15,1,2,4,0,12,3,143.93,1,Credit Card,Female,Others,Single
15,10,2,3,4,0,12,1,168.04,1,Credit Card,Male,Mobile Phone,Married
7,11,1,3,5,0,22,5,147.6,2,Credit Card,Male,Grocery,Married
0,17,1,5,5,1,22,2,127.02,1,Credit Card,Male,Mobile Phone,Married
14,7,2,3,3,1,15,5,182.31,2,Credit Card,Male,Others,Divorced
23,22,3,3,4,0,12,4,198.12,2,Debit Card,Female,Fashion,Single
2,9,3,3,4,0,12,3,118.74,1,Credit Card,Male,Others,Single
18,11,2,3,2,0,11,19,164.82,3,UPI,Male,Grocery,Divorced
16,8,2,3,4,1,26,5,209.05,1,Credit Card,Female,Grocery,Single
3,15,3,2,5,0,16,23,115.23,3,Credit Card,Female,Laptop & Accessory,Married
6,17,2,4,4,0,18,5,152.42,2,E Wallet,Male,Fashion,Single
2,18,2,4,4,1,19,8,152.28,2,COD,Female,Fashion,Single
5,7,5,4,2,0,23,8,130.66,1,Debit Card,Female,Laptop & Accessory,Married
12,26,2,2,3,1,13,12,184.04,1,Credit Card,Female,Laptop & Accessory,Single
6,15,4,3,1,0,23,6,156.14,1,COD,Male,Fashion,Married
12,12,2,4,4,1,21,4,179.12,3,Debit Card,Female,Others,Married
14,21,3,2,5,0,13,22,170.95,1,UPI,Male,Laptop & Accessory,Single
5,20,3,2,4,0,19,13,147.33,2,COD,Female,Laptop & Accessory,Single
5,8,4,2,1,0,16,1,145.36,2,Debit Card,Male,Mobile Phone,Married
8,14,2,1,2,0,14,8,166.98,1,Debit Card,Female,Mobile Phone,Married
4,10,3,2,2,0,22,4,138.84,2,COD,Female,Fashion,Single
23,12,4,3,2,0,24,1,193.75,2,Debit Card,Female,Fashion,Single
1,23,2,3,5,0,25,5,123.02,2,COD,Female,Mobile Phone,Married
0,19,4,5,4,0,17,10,126.43,1,COD,Male,Fashion,Divorced
17,11,4,3,2,0,11,3,167.78,2,COD,Male,Grocery,Married
1,20,3,3,3,0,24,11,141.36,3,E Wallet,Female,Grocery,Married
16,19,3,5,3,0,24,4,146.14,1,Credit Card,Female,Laptop & Accessory,Divorced
1,9,3,3,2,0,24,8,131.46,1,Debit Card,Female,Fashion,Single
2,12,2,4,1,0,25,13,171.94,3,E Wallet,Female,Others,Married
34,18,3,3,2,1,19,11,201.7,2,Debit Card,Male,Others,Married
3,20,1,4,3,1,12,1,153.29,3,UPI,Female,Laptop & Accessory,Married
4,31,1,1,5,0,23,11,145.7,1,Credit Card,Male,Mobile Phone,Single
29,14,2,3,2,0,22,1,206.82,3,Credit Card,Male,Mobile Phone,Married
7,5,3,3,4,1,26,3,167.57,3,E Wallet,Female,Laptop & Accessory,Married
10,11,3,3,3,0,20,5,158.77,3,UPI,Male,Others,Divorced
2,13,2,1,4,0,13,10,124.72,1,Credit Card,Male,Others,Divorced
0,10,3,3,1,1,22,6,156.63,3,COD,Female,Laptop & Accessory,Married
26,23,5,3,3,1,14,6,203.53,1,Credit Card,Male,Fashion,Single
16,21,3,1,3,1,17,6,185.05,1,Debit Card,Female,Mobile Phone,Married
7,12,2,4,5,0,12,3,116.82,2,E Wallet,Female,Mobile Phone,Married
14,23,3,5,3,1,12,9,176.97,1,Credit Card,Female,Others,Married
17,7,2,1,5,1,14,9,183.15,3,E Wallet,Male,Grocery,Single
8,21,4,4,2,1,11,9,151.49,3,Debit Card,Female,Mobile Phone,Married
5,22,2,4,3,1,21,8,122.23,2,Debit Card,Female,Laptop & Accessory,Single
39,10,1,3,3,0,23,6,204.94,3,COD,Female,Fashion,Divorced
9,20,3,4,3,0,20,13,142.89,3,Credit Card,Female,Mobile Phone,Single
0,14,5,4,1,0,16,11,129.43,2,UPI,Female,Grocery,Single
1,29,2,4,5,1,25,12,120.9,2,UPI,Male,Laptop & Accessory,Divorced
1,14,1,2,3,1,15,10,132.55,2,Credit Card,Male,Fashion,Divorced
9,46,3,3,5,0,25,12,156.4,3,Credit Card,Male,Laptop & Accessory,Divorced
8,16,4,2,1,0,26,23,151.43,2,COD,Female,Others,Single
0,16,3,2,3,0,21,6,119.38,2,Debit Card,Male,Others,Divorced
32,11,5,5,5,1,16,0,221.31,1,E Wallet,Male,Mobile Phone,Divorced
11,17,2,1,2,1,25,13,192.64,1,UPI,Male,Mobile Phone,Divorced
8,7,3,4,3,0,20,20,152.82,1,E Wallet,Male,Laptop & Accessory,Single
15,24,4,2,3,0,17,4,172.67,1,E Wallet,Female,Mobile Phone,Married
22,15,1,2,2,1,21,13,181.69,3,E Wallet,Female,Laptop & Accessory,Single
28,20,4,3,1,0,13,5,204.82,1,Credit Card,Female,Laptop & Accessory,Single
3,37,2,5,1,0,21,6,132.85,3,E Wallet,Male,Laptop & Accessory,Married
27,21,3,1,3,0,11,6,206.82,1,Credit Card,Female,Laptop & Accessory,Married
3,18,5,2,3,1,19,4,152.49,3,E Wallet,Male,Mobile Phone,Divorced
2,13,5,2,3,1,23,12,123.1,1,Debit Card,Male,Mobile Phone,Single
12,13,2,6,2,0,24,4,164.05,1,Debit Card,Female,Fashion,Married
5,24,3,4,3,0,12,30,145.09,1,UPI,Female,Others,Single
15,13,4,2,1,0,22,5,167.47,3,Credit Card,Male,Fashion,Single
6,29,4,3,3,1,24,4,157.58,2,UPI,Male,Fashion,Married
31,9,2,3,2,1,23,6,215.56,3,Credit Card,Female,Laptop & Accessory,Single
18,13,2,3,4,0,21,9,153.2,3,Credit Card,Female,Mobile Phone,Single
12,18,3,4,4,0,13,3,179.36,1,Debit Card,Male,Laptop & Accessory,Single
13,19,3,1,1,0,12,19,178.35,3,E Wallet,Female,Others,Single
3,10,3,4,3,0,14,8,117.44,2,UPI,Male,Laptop & Accessory,Divorced
3,28,3,3,1,0,13,21,145.23,2,COD,Female,Others,Single
3,15,2,3,3,0,16,4,153.25,2,Debit Card,Male,Others,Married
5,12,3,6,4,0,25,2,178.85,3,UPI,Female,Fashion,Single
19,10,3,3,2,0,25,11,186.85,3,Debit Card,Male,Laptop & Accessory,Divorced
4,20,1,5,2,1,24,2,151.97,1,UPI,Male,Fashion,Married
5,19,3,1,4,0,20,2,162.77,3,Credit Card,Male,Laptop & Accessory,Single
2,12,3,3,3,0,25,2,116.95,2,Debit Card,Male,Laptop & Accessory,Divorced
1,9,2,5,2,0,12,4,137.0,1,Debit Card,Male,Mobile Phone,Divorced
2,14,3,2,5,0,14,14,143.65,3,Debit Card,Male,Fashion,Divorced
13,15,3,4,3,0,12,1,160.52,2,COD,Male,Laptop & Accessory,Single
0,14,3,3,1,1,24,1,134.93,1,Debit Card,Female,Laptop & Accessory,Single
11,14,3,3,2,0,23,3,141.24,2,Credit Card,Male,Laptop & Accessory,Single
1,20,1,3,1,0,14,5,143.64,3,Debit Card,Male,Fashion,Divorced
0,25,4,1,1,0,18,6,135.79,2,Credit Card,Female,Mobile Phone,Single
12,22,2,3,2,0,23,12,152.05,3,Debit Card,Female,Grocery,Single
2,16,3,2,2,1,20,16,151.58,1,Credit Card,Female,Mobile Phone,Married
3,13,2,1,3,0,20,11,139.04,1,Debit Card,Male,Grocery,Single
6,6,2,5,3,0,21,4,161.98,1,E Wallet,Female,Mobile Phone,Single
2,29,2,3,2,1,26,6,145.13,1,COD,Female,Mobile Phone,Single
1,22,3,3,4,0,17,6,125.29,1,Credit Card,Male,Fashion,Divorced
21,14,2,3,2,0,18,2,194.83,1,Credit Card,Female,Laptop & Accessory,Single
7,12,3,4,2,0,19,17,176.69,3,Credit Card,Male,Mobile Phone,Married
8,11,5,2,1,0,22,5,164.37,1,UPI,Female,Laptop & Accessory,Married
4,19,3,3,5,0,13,5,134.8,3,Debit Card,Male,Mobile Phone,Divorced
44,6,3,2,4,0,15,4,231.05,3,Credit Card,Female,Laptop & Accessory,Single
3,18,2,5,2,0,25,2,145.88,3,E Wallet,Male,Grocery,Married
29,24,4,2,4,0,22,8,229.79,1,Debit Card,Male,Mobile Phone,Single
59,15,4,3,3,0,11,4,285.11,1,Debit Card,Female,Mobile Phone,Divorced
0,20,3,3,4,0,13,16,133.27,1,Debit Card,Female,Fashion,Single
8,22,4,3,3,0,21,3,148.03,1,E Wallet,Male,Mobile Phone,Divorced
5,12,4,3,3,0,22,16,154.74,1,Debit Card,Female,Mobile Phone,Single
4,6,2,3,1,0,24,4,145.94,2,Credit Card,Female,Grocery,Single
1,32,3,1,1,0,17,9,129.02,1,Credit Card,Female,Laptop & Accessory,Single
5,19,3,6,3,0,26,10,121.11,2,Credit Card,Male,Mobile Phone,Married
0,12,4,2,1,0,26,15,163.52,1,COD,Male,Laptop & Accessory,Married
0,15,4,3,3,0,14,2,123.53,2,Credit Card,Male,Laptop & Accessory,Single
12,18,1,3,1,0,12,2,155.89,2,Debit Card,Female,Laptop & Accessory,Single
3,14,3,3,4,0,19,12,142.87,1,E Wallet,Female,Fashion,Married
7,16,4,4,5,0,11,10,154.57,3,COD,Female,Mobile Phone,Divorced
37,21,3,3,3,0,25,15,230.16,2,Credit Card,Male,Others,Single
13,18,3,4,3,1,15,5,188.71,1,UPI,Male,Fashion,Married
8,21,3,3,2,1,17,12,157.64,3,UPI,Male,Laptop & Accessory,Married
2,10,2,3,2,0,13,6,145.08,1,Debit Card,Male,Laptop & Accessory,Married
13,10,4,2,5,0,25,10,174.77,1,Debit Card,Female,Fashion,Married
15,15,1,5,5,0,24,5,197.99,3,Credit Card,Male,Mobile Phone,Married
5,16,2,1,5,0,22,4,139.39,3,Debit Card,Male,Others,Divorced
0,18,2,1,1,1,24,2,168.82,3,E Wallet,Female,Mobile Phone,Single
0,14,3,2,5,0,15,2,152.74,3,E Wallet,Female,Others,Married
2,21,3,1,2,0,12,5,133.84,3,Debit Card,Female,Laptop & Accessory,Married
0,16,1,5,2,0,20,12,142.63,2,Debit Card,Male,Fashion,Divorced
11,18,2,3,1,0,26,9,150.5,2,UPI,Female,Mobile Phone,Married
19,18,2,3,4,0,22,3,195.51,1,E Wallet,Female,Others,Married
8,15,2,4,4,1,14,8,154.05,3,Credit Card,Female,Mobile Phone,Married
1,33,2,4,2,1,14,10,137.15,3,Debit Card,Male,Laptop & Accessory,Married
22,11,4,4,5,0,22,18,185.62,1,E Wallet,Female,Mobile Phone,Single
5,24,2,1,1,0,21,17,145.04,1,Debit Card,Male,Mobile Phone,Single
17,26,3,2,2,1,24,11,194.52,1,Debit Card,Female,Laptop & Accessory,Divorced
2,19,4,4,3,1,12,6,126.28,3,Credit Card,Female,Fashion,Married
9,12,4,4,3,0,25,2,174.49,2,COD,Female,Laptop & Accessory,Married
30,13,3,1,2,1,23,7,212.65,1,COD,Female,Grocery,Divorced
0,7,2,3,4,0,24,12,130.72,3,COD,Male,Mobile Phone,Married
3,11,4,2,2,0,18,8,153.58,2,Credit Card,Male,Grocery,Single
46,18,4,1,3,1,20,8,259.46,1,UPI,Female,Fashion,Married
2,20,4,2,5,0,25,5,157.51,1,E Wallet,Female,Laptop & Accessory,Married
7,15,4,2,3,1,16,7,157.33,3,Credit Card,Male,Laptop & Accessory,Married
5,22,5,4,4,0,18,7,137.47,1,Debit Card,Female,Fashion,Divorced
7,21,4,4,3,0,15,3,159.68,2,Debit Card,Female,Fashion,Divorced
2,16,2,1,5,0,16,18,140.98,2,Debit Card,Male,Grocery,Single
5,28,3,2,4,0,25,5,135.43,3,COD,Female,Fashion,Married
0,21,5,5,4,1,26,11,113.81,3,Credit Card,Male,Grocery,Married
58,26,4,3,3,0,19,9,243.26,3,Debit Card,Male,Others,Divorced
5,19,3,1,5,0,12,21,158.63,3,E Wallet,Male,Fashion,Married
13,15,3,1,2,0,23,5,168.46,1,Credit Card,Male,Mobile Phone,Married
17,15,3,4,3,1,15,5,181.23,1,E Wallet,Female,Mobile Phone,Single
6,27,2,3,1,0,21,12,146.87,3,Debit Card,Female,Mobile Phone,Divorced
5,8,4,4,2,0,24,4,134.11,1,Debit Card,Male,Grocery,Married
4,13,3,3,1,0,25,2,124.19,2,Debit Card,Female,Mobile Phone,Married
1,12,4,3,3,0,24,3,147.6,3,UPI,Female,Mobile Phone,Married
10,15,4,2,3,0,19,2,147.23,2,Credit Card,Female,Fashion,Single
21,15,2,3,3,0,13,15,168.86,2,Debit Card,Female,Mobile Phone,Single
12,24,2,4,4,0,22,8,142.37,3,Credit Card,Female,Laptop & Accessory,Single
55,9,3,2,5,0,21,1,249.42,3,Debit Card,Female,Mobile Phone,Married
3,28,3,3,4,0,22,6,168.98,3,COD,Male,Laptop & Accessory,Single
0,19,2,3,4,0,17,8,135.2,3,Debit Card,Female,Mobile Phone,Single
21,11,2,4,3,1,15,6,197.99,1,Credit Card,Female,Fashion,Single
8,9,4,4,4,0,15,10,156.85,1,E Wallet,Female,Grocery,Married
7,13,4,4,1,1,20,4,135.64,1,UPI,Female,Mobile Phone,Single
8,10,2,3,5,0,16,38,160.95,1,Debit Card,Male,Mobile Phone,Single
0,11,3,1,4,0,12,3,119.48,3,COD,Male,Others,Married
0,27,3,3,2,0,24,5,120.54,1,COD,Male,Fashion,Single
43,16,3,2,3,0,17,4,258.91,2,E Wallet,Female,Others,Single
9,12,2,3,1,0,19,9,174.83,1,COD,Male,Fashion,Divorced
11,21,3,4,3,0,11,14,144.15,2,COD,Female,Fashion,Married
14,12,4,3,3,0,25,2,153.02,3,UPI,Female,Others,Married
1,13,3,2,3,1,12,5,106.12,1,E Wallet,Female,Mobile Phone,Single
37,36,2,3,4,1,20,8,189.25,1,Debit Card,Male,Grocery,Married
5,21,5,3,3,0,16,2,129.37,1,Credit Card,Female,Laptop & Accessory,Single
6,7,1,3,4,0,19,6,145.97,2,UPI,Female,Laptop & Accessory,Single
3,11,4,3,1,1,15,4,124.98,3,Debit Card,Female,Fashion,Married
28,10,3,2,3,0,24,4,196.95,2,UPI,Female,Laptop & Accessory,Divorced
20,6,4,3,5,1,23,19,186.55,3,Credit Card,Female,Mobile Phone,Single
9,19,3,3,5,0,23,8,144.42,2,Debit Card,Male,Mobile Phone,Single
13,11,2,2,1,1,24,9,192.26,2,Debit Card,Male,Fashion,Divorced
1,11,3,2,2,0,15,5,111.73,1,UPI,Female,Mobile Phone,Single
5,15,4,4,1,1,16,2,170.84,1,UPI,Female,Mobile Phone,Married
2,19,2,3,1,0,26,7,156.4,2,E Wallet,Female,Laptop & Accessory,Married
9,10,3,3,2,0,25,9,172.09,1,Debit Card,Male,Grocery,Married
9,15,2,1,5,0,26,24,157.73,3,E Wallet,Male,Mobile Phone,Married
11,10,4,2,2,1,26,11,153.39,1,Credit Card,Male,Laptop & Accessory,Married
26,9,4,3,1,0,24,6,188.89,2,Debit Card,Male,Laptop & Accessory,Married
4,11,2,3,4,0,24,12,128.12,3,Debit Card,Male,Fashion,Married
49,35,3,3,5,0,15,3,269.53,2,Credit Card,Male,Fashion,Married
4,28,3,3,5,0,25,6,143.74,2,UPI,Male,Grocery,Single
1,10,2,2,3,1,24,8,95.55,3,E Wallet,Male,Fashion,Divorced
8,9,2,4,5,1,23,11,164.79,1,Debit Card,Female,Grocery,Married
4,7,4,4,1,0,12,10,161.01,3,Debit Card,Female,Fashion,Single
8,38,4,2,1,0,20,6,136.25,2,Debit Card,Male,Grocery,Married
8,15,4,2,2,0,12,9,135.65,2,Credit Card,Female,Laptop & Accessory,Divorced
4,8,4,4,4,1,12,0,144.47,2,Credit Card,Female,Mobile Phone,Single
25,8,2,1,3,0,24,0,155.68,2,Credit Card,Male,Laptop & Accessory,Divorced
26,9,2,2,4,0,20,7,203.64,1,E Wallet,Female,Fashion,Married
4,14,3,2,1,0,25,13,135.84,3,Debit Card,Male,Fashion,Single
14,13,2,5,4,0,14,11,138.77,2,Credit Card,Male,Fashion,Divorced
2,15,3,4,3,0,26,8,117.78,1,Debit Card,Female,Fashion,Married
17,18,3,5,2,0,18,3,191.22,1,Credit Card,Female,Mobile Phone,Single
5,19,1,2,3,0,19,4,153.39,3,UPI,Female,Mobile Phone,Single
21,7,3,2,5,0,24,13,179.28,1,Credit Card,Female,Mobile Phone,Married
0,8,4,1,3,0,16,9,150.06,2,UPI,Male,Laptop & Accessory,Married
3,6,3,2,2,0,22,0,183.79,3,Debit Card,Female,Laptop & Accessory,Married
4,14,2,4,1,1,17,7,129.68,1,Credit Card,Male,Laptop & Accessory,Divorced
8,17,1,3,5,0,15,10,145.99,1,Debit Card,Male,Fashion,Single
14,24,4,2,5,0,22,9,138.6,3,Debit Card,Male,Mobile Phone,Single
4,11,3,3,2,0,19,8,130.54,3,Credit Card,Male,Fashion,Single
5,19,3,2,1,0,12,2,124.36,1,Credit Card,Female,Laptop & Accessory,Married
6,16,3,2,5,0,21,1,158.22,2,E Wallet,Male,Laptop & Accessory,Divorced
7,18,3,3,5,0,18,0,116.27,1,UPI,Female,Fashion,Married
19,30,2,3,2,0,12,4,185.0,2,UPI,Male,Others,Single
0,13,4,2,4,0,24,13,116.65,3,UPI,Female,Fashion,Single
5,14,2,4,4,1,23,10,111.47,1,COD,Male,Grocery,Married
57,32,2,2,2,1,17,16,277.02,1,Debit Card,Male,Others,Single
5,15,3,4,1,0,25,2,138.22,1,UPI,Male,Laptop & Accessory,Married
14,32,3,2,3,1,12,4,158.15,2,UPI,Female,Mobile Phone,Married
9,19,2,5,2,0,17,20,153.67,1,E Wallet,Female,Mobile Phone,Single
0,10,5,4,4,1,21,0,131.92,1,Credit Card,Male,Laptop & Accessory,Married
4,20,3,2,2,0,17,10,148.33,2,Debit Card,Male,Fashion,Married
15,15,4,3,3,0,11,15,157.82,1,Credit Card,Female,Mobile Phone,Married
2,8,4,4,3,1,12,9,146.22,3,Credit Card,Female,Mobile Phone,Divorced
3,13,3,3,2,0,19,5,142.03,2,Credit Card,Male,Laptop & Accessory,Divorced
1,9,2,4,3,1,26,5,108.14,3,UPI,Female,Mobile Phone,Divorced
1,17,4,2,5,1,11,10,110.23,1,Debit Card,Female,Mobile Phone,Married
10,15,4,3,2,0,23,9,139.55,2,COD,Male,Laptop & Accessory,Married
1,7,3,3,5,0,15,2,143.09,1,Debit Card,Male,Laptop & Accessory,Married
1,28,2,1,3,0,24,14,126.87,2,UPI,Female,Fashion,Married
2,32,5,3,4,0,16,21,118.98,2,E Wallet,Male,Laptop & Accessory,Married
6,28,3,3,1,1,23,11,122.17,2,Credit Card,Female,Laptop & Accessory,Single
1,10,3,2,3,0,20,7,154.87,3,Debit Card,Female,Fashion,Married
6,23,3,3,5,1,17,3,145.72,3,Debit Card,Female,Laptop & Accessory,Married
12,11,4,1,4,0,13,2,176.67,3,E Wallet,Male,Laptop & Accessory,Single
10,25,1,3,1,0,14,7,193.75,3,Credit Card,Female,Laptop & Accessory,Married
13,8,4,2,3,0,22,11,164.28,2,Debit Card,Male,Grocery,Married
32,8,1,2,3,0,22,11,211.38,1,E Wallet,Female,Grocery,Divorced
18,13,1,3,3,0,15,14,170.29,1,COD,Male,Mobile Phone,Married
10,19,4,3,1,0,15,3,128.66,2,E Wallet,Female,Mobile Phone,Married
10,27,2,1,3,1,20,1,147.4,3,Credit Card,Female,Fashion,Single
2,22,1,3,4,1,17,2,121.92,1,Debit Card,Male,Laptop & Accessory,Married
3,22,4,2,3,0,22,3,139.18,1,Credit Card,Male,Mobile Phone,Single
11,20,4,3,3,0,26,2,181.75,2,E Wallet,Male,Grocery,Divorced
7,16,3,4,4,1,19,11,163.33,1,E Wallet,Male,Laptop & Accessory,Divorced
26,8,2,3,4,0,14,8,204.5,2,Debit Card,Male,Mobile Phone,Single
19,14,1,1,5,0,23,3,189.75,3,Credit Card,Male,Others,Married
35,43,3,3,3,1,22,7,200.65,3,COD,Male,Grocery,Married
8,12,2,2,4,0,13,1,164.0,2,Debit Card,Female,Laptop & Accessory,Married
7,9,2,5,5,0,11,2,176.35,2,E Wallet,Male,Laptop & Accessory,Married
1,20,5,4,2,0,25,13,106.32,1,UPI,Female,Others,Single
1,15,4,3,5,0,24,2,171.14,1,Debit Card,Female,Fashion,Single
11,18,4,5,5,0,20,3,143.86,1,E Wallet,Male,Laptop & Accessory,Single
12,15,3,2,1,0,14,2,175.24,2,UPI,Male,Fashion,Married
1,19,2,3,1,0,14,4,145.96,3,COD,Male,Laptop & Accessory,Divorced
9,24,5,2,5,0,19,6,165.34,3,Debit Card,Female,Mobile Phone,Divorced
5,16,2,4,3,0,11,2,155.46,3,UPI,Female,Laptop & Accessory,Married
5,6,2,4,3,0,14,1,137.0,1,Credit Card,Male,Grocery,Married
3,10,3,3,2,0,12,5,141.9,2,Debit Card,Male,Mobile Phone,Single
8,12,2,3,2,0,16,8,171.66,2,Debit Card,Male,Mobile Phone,Divorced
14,12,3,3,3,0,24,9,203.29,1,E Wallet,Male,Mobile Phone,Single
10,33,1,2,5,0,22,5,157.89,1,Debit Card,Female,Grocery,Married
0,29,4,4,1,0,23,2,136.93,1,Debit Card,Female,Others,Single
15,8,3,3,4,0,22,11,149.94,2,E Wallet,Male,Laptop & Accessory,Single
19,16,4,3,3,1,21,7,208.7,1,COD,Female,Fashion,Single
35,19,4,3,5,1,25,6,228.9,1,Credit Card,Male,Laptop & Accessory,Single
18,20,4,3,4,0,11,15,164.57,1,E Wallet,Female,Laptop & Accessory,Married
15,16,5,1,3,1,20,2,168.4,1,Debit Card,Female,Fashion,Divorced
16,15,5,3,4,1,19,18,189.99,1,Credit Card,Male,Laptop & Accessory,Married
39,8,2,5,1,0,20,11,225.16,2,UPI,Male,Laptop & Accessory,Divorced
11,14,3,3,5,1,24,4,163.17,3,Debit Card,Male,Laptop & Accessory,Divorced
12,24,3,3,5,0,22,4,165.22,1,Credit Card,Male,Mobile Phone,Married
0,32,1,2,1,0,19,9,126.36,1,Debit Card,Male,Grocery,Married
15,23,2,4,3,0,16,18,187.93,1,Credit Card,Male,Laptop & Accessory,Married
36,17,4,3,4,0,12,9,188.57,1,Debit Card,Male,Laptop & Accessory,Single
22,8,3,4,3,0,24,3,211.2,1,Debit Card,Male,Fashion,Married
1,28,2,4,2,1,17,4,118.36,3,Debit Card,Male,Fashion,Married
23,23,3,3,1,1,26,3,161.35,2,UPI,Male,Fashion,Single
3,14,2,2,3,0,20,12,135.03,3,E Wallet,Female,Grocery,Married
4,18,1,3,3,0,12,5,148.37,1,E Wallet,Female,Fashion,Married
11,15,3,3,4,0,20,6,131.83,1,Credit Card,Female,Laptop & Accessory,Divorced
17,21,3,4,5,0,17,12,180.84,2,UPI,Male,Grocery,Married
9,13,3,2,1,0,15,8,154.33,3,Debit Card,Male,Laptop & Accessory,Single
0,10,2,1,1,1,13,4,159.59,1,E Wallet,Female,Others,Single
0,7,2,3,1,0,24,6,147.97,2,E Wallet,Male,Others,Single
8,12,4,3,2,1,23,6,158.51,2,Debit Card,Male,Laptop & Accessory,Single
16,15,3,3,2,0,18,5,195.38,1,Credit Card,Male,Laptop & Accessory,Single
11,18,3,2,2,0,24,8,171.03,2,Credit Card,Male,Others,Married
8,12,3,4,5,0,23,6,152.22,2,Credit Card,Female,Fashion,Single
15,15,4,3,3,0,26,12,156.56,1,E Wallet,Male,Laptop & Accessory,Single
18,16,2,1,5,0,17,4,180.91,3,Credit Card,Female,Laptop & Accessory,Divorced
2,22,3,5,1,0,18,3,166.37,2,Debit Card,Female,Laptop & Accessory,Divorced
5,27,3,1,1,1,23,2,132.81,3,Debit Card,Female,Laptop & Accessory,Married
20,11,3,3,3,0,16,8,189.94,2,COD,Male,Laptop & Accessory,Single
19,13,3,2,2,0,23,7,165.9,3,E Wallet,Male,Others,Single
10,31,1,3,5,0,15,17,160.66,3,Credit Card,Male,Laptop & Accessory,Married
2,12,2,3,4,0,19,3,140.06,2,Credit Card,Male,Mobile Phone,Single
0,21,4,5,3,0,18,9,158.81,1,COD,Female,Mobile Phone,Married
4,13,2,5,4,0,17,10,124.58,3,Credit Card,Female,Laptop & Accessory,Married
46,21,1,2,3,1,21,7,238.31,1,E Wallet,Female,Laptop & Accessory,Divorced
18,8,1,3,4,0,19,5,168.47,1,E Wallet,Male,Laptop & Accessory,Married
22,8,4,4,3,0,22,3,196.12,1,Credit Card,Female,Laptop & Accessory,Divorced
5,14,5,5,2,0,22,9,133.69,3,UPI,Male,Fashion,Divorced
4,15,3,2,2,0,16,12,164.29,2,COD,Male,Others,Single
9,20,3,2,4,1,20,8,155.36,1,Debit Card,Female,Fashion,Divorced
8,38,4,3,2,0,13,4,148.19,3,Credit Card,Male,Mobile Phone,Single
8,20,2,2,2,0,13,4,155.66,1,Credit Card,Male,Mobile Phone,Divorced
0,10,4,1,3,0,12,12,137.0,3,Credit Card,Female,Mobile Phone,Divorced
3,15,3,3,3,1,14,11,149.89,1,Credit Card,Female,Fashion,Divorced
11,18,3,2,4,0,20,7,149.8,2,COD,Female,Fashion,Married
31,31,5,4,4,1,19,6,212.02,2,Credit Card,Female,Others,Married
7,9,2,2,5,0,22,17,142.06,1,UPI,Female,Mobile Phone,Married
6,15,2,1,1,0,18,19,153.25,2,Debit Card,Male,Mobile Phone,Single
4,18,4,6,2,0,21,8,150.05,1,Credit Card,Male,Laptop & Accessory,Single
61,12,3,4,1,1,25,4,308.49,2,Credit Card,Female,Mobile Phone,Divorced
0,16,3,1,3,0,20,30,100.45,2,Credit Card,Female,Fashion,Married
1,9,3,1,3,1,16,4,123.38,1,Credit Card,Male,Fashion,Divorced
10,14,3,6,3,0,17,11,122.47,1,Debit Card,Male,Mobile Phone,Single
3,11,4,3,4,0,18,3,143.87,3,Debit Card,Female,Mobile Phone,Divorced
1,40,1,2,5,0,19,8,116.69,2,E Wallet,Male,Fashion,Divorced
23,15,4,3,4,1,11,3,187.53,3,Credit Card,Female,Fashion,Divorced
25,7,3,3,3,0,20,17,212.64,2,Credit Card,Male,Laptop & Accessory,Married
3,30,3,3,4,0,12,4,143.3,1,UPI,Female,Grocery,Divorced
5,20,2,4,1,0,26,8,116.64,3,Credit Card,Male,Others,Married
12,29,5,3,4,0,20,19,170.07,2,Credit Card,Female,Laptop & Accessory,Divorced
4,20,3,5,3,1,26,5,148.51,3,Credit Card,Female,Laptop & Accessory,Married
49,12,4,1,5,0,23,5,252.05,2,COD,Male,Fashion,Married
0,14,4,2,2,0,22,8,123.46,1,Credit Card,Female,Laptop & Accessory,Married
0,8,1,4,2,0,23,7,143.33,2,Debit Card,Male,Fashion,Single
6,13,4,1,3,0,17,46,131.72,3,Credit Card,Male,Laptop & Accessory,Single
7,17,3,4,1,0,16,4,147.55,1,Debit Card,Female,Fashion,Single
3,17,2,3,2,0,11,2,130.66,2,Debit Card,Female,Mobile Phone,Married
2,13,3,3,4,0,18,3,168.07,2,E Wallet,Male,Mobile Phone,Single
1,13,2,3,1,1,24,2,143.16,2,Debit Card,Female,Fashion,Married
36,10,4,1,4,1,24,3,230.34,2,Credit Card,Female,Laptop & Accessory,Married
5,18,3,2,4,0,26,2,125.72,3,E Wallet,Male,Others,Single
2,19,1,4,1,0,23,15,139.22,2,E Wallet,Female,Laptop & Accessory,Married
5,18,2,4,2,1,14,10,144.01,1,COD,Male,Laptop & Accessory,Single
1,13,2,2,4,0,26,2,156.9,3,Debit Card,Male,Grocery,Single
17,22,3,5,2,0,24,6,200.6,1,E Wallet,Female,Laptop & Accessory,Single
8,15,3,3,5,0,22,18,141.0,2,E Wallet,Male,Others,Married
10,11,5,5,3,0,26,8,161.15,3,Credit Card,Female,Laptop & Accessory,Married
12,10,4,5,1,0,25,8,158.23,2,Debit Card,Male,Fashion,Married
17,20,4,4,4,0,26,3,180.71,1,COD,Female,Mobile Phone,Married
0,18,4,4,1,1,11,5,116.23,2,Credit Card,Female,Laptop & Accessory,Single
3,13,4,3,3,1,21,10,149.28,1,E Wallet,Female,Mobile Phone,Single
1,26,2,4,3,0,20,5,142.63,2,Credit Card,Male,Laptop & Accessory,Married
9,10,3,5,1,0,14,2,146.61,2,Debit Card,Male,Mobile Phone,Married
6,24,2,3,3,0,24,9,154.33,2,Credit Card,Female,Others,Single
10,20,3,4,4,0,17,4,158.43,3,Debit Card,Male,Mobile Phone,Single
1,10,2,4,5,1,23,6,143.09,1,UPI,Female,Laptop & Accessory,Married
19,11,4,2,1,0,26,6,198.87,1,Credit Card,Male,Mobile Phone,Single
17,29,2,3,5,0,20,10,180.52,2,Debit Card,Male,Laptop & Accessory,Married
5,7,3,3,4,0,17,1,147.41,1,Credit Card,Male,Others,Divorced
7,6,2,3,4,1,16,4,158.52,1,E Wallet,Male,Laptop & Accessory,Married
1,20,2,4,2,0,15,14,127.79,3,Debit Card,Female,Fashion,Married
6,16,2,2,4,0,21,7,149.85,1,Debit Card,Female,Laptop & Accessory,Single
12,27,2,3,2,0,16,3,183.41,1,E Wallet,Male,Mobile Phone,Single
21,16,1,2,3,0,25,3,199.93,1,Debit Card,Male,Others,Single
26,10,3,5,5,1,14,6,187.64,2,Debit Card,Male,Grocery,Single
1,15,3,4,5,0,25,0,142.43,1,E Wallet,Female,Laptop & Accessory,Single
0,15,2,2,3,0,23,1,142.75,3,Credit Card,Male,Laptop & Accessory,Divorced
6,22,2,2,2,0,16,1,116.47,1,Debit Card,Female,Fashion,Divorced
0,21,2,2,2,0,13,3,109.75,1,Debit Card,Male,Fashion,Single
16,19,3,2,3,0,15,3,182.49,2,COD,Female,Laptop & Accessory,Married
9,14,5,2,5,0,17,1,163.85,2,Credit Card,Female,Fashion,Divorced
3,14,3,3,3,0,17,1,132.99,1,Credit Card,Male,Mobile Phone,Married
12,36,3,2,3,0,23,4,162.71,3,Credit Card,Female,Others,Single
0,14,2,3,4,0,13,17,159.62,2,Debit Card,Male,Mobile Phone,Single
2,10,3,3,4,0,22,2,133.78,2,E Wallet,Female,Grocery,Married
1,11,2,5,1,1,22,9,119.92,3,Credit Card,Male,Fashion,Single
8,17,1,2,1,0,14,7,158.11,1,Credit Card,Female,Others,Married
1,12,3,3,3,0,25,9,109.81,1,Credit Card,Male,Mobile Phone,Married
30,13,3,4,3,0,11,7,193.66,2,UPI,Male,Laptop & Accessory,Divorced
0,22,2,3,4,0,26,11,109.98,3,Credit Card,Male,Fashion,Divorced
5,8,4,2,4,1,17,7,141.25,3,UPI,Female,Laptop & Accessory,Married
5,15,1,2,5,0,16,11,142.01,3,Debit Card,Female,Mobile Phone,Married
12,13,4,2,4,0,22,8,150.95,2,Credit Card,Male,Mobile Phone,Married
15,20,4,6,1,0,20,3,187.94,1,Debit Card,Male,Others,Divorced
34,9,3,5,1,1,13,18,221.37,1,Credit Card,Female,Laptop & Accessory,Single
13,18,2,5,3,0,22,8,156.01,2,Credit Card,Male,Fashion,Married
0,18,5,1,3,0,16,1,128.41,2,Credit Card,Female,Laptop & Accessory,Married
3,21,3,4,3,0,24,17,139.2,3,Debit Card,Female,Laptop & Accessory,Married
12,15,2,4,2,0,19,2,146.44,1,COD,Female,Laptop & Accessory,Married
1,12,2,2,4,0,26,13,134.47,1,E Wallet,Male,Mobile Phone,Married
4,11,3,5,3,0,24,11,166.04,3,E Wallet,Male,Mobile Phone,Married
37,16,2,3,2,0,18,2,246.42,1,Credit Card,Male,Fashion,Divorced
0,14,4,3,4,0,22,7,129.58,1,E Wallet,Female,Mobile Phone,Single
23,12,4,2,1,0,11,5,206.77,3,E Wallet,Female,Grocery,Divorced
9,15,4,4,3,0,11,4,151.24,1,COD,Male,Grocery,Divorced
3,9,2,3,5,0,23,13,138.01,3,Credit Card,Male,Mobile Phone,Single
5,10,2,1,4,0,16,11,144.83,1,Credit Card,Male,Laptop & Accessory,Single
10,24,3,5,4,0,17,1,141.43,3,Debit Card,Female,Others,Single
35,23,4,4,4,0,18,1,211.4,1,UPI,Female,Laptop & Accessory,Married
6,37,1,3,5,0,24,3,149.28,1,Credit Card,Male,Mobile Phone,Married
11,7,4,4,5,0,11,12,149.12,1,Credit Card,Female,Laptop & Accessory,Single
3,23,4,6,2,0,19,11,124.71,1,UPI,Female,Mobile Phone,Single
16,22,1,3,3,0,14,2,187.06,1,E Wallet,Male,Laptop & Accessory,Married
3,19,2,4,4,1,18,8,151.75,3,UPI,Female,Mobile Phone,Married
5,22,5,4,4,0,15,5,129.93,1,Debit Card,Female,Others,Single
21,14,3,3,3,0,12,2,172.39,3,Debit Card,Male,Laptop & Accessory,Divorced
1,31,2,3,4,1,23,1,132.78,3,COD,Female,Laptop & Accessory,Divorced
1,9,3,3,5,0,24,20,128.25,2,E Wallet,Male,Laptop & Accessory,Divorced
5,13,3,3,2,1,24,6,153.56,1,E Wallet,Male,Mobile Phone,Single
0,18,2,5,2,1,24,3,118.07,1,UPI,Female,Laptop & Accessory,Married
1,23,4,2,5,0,15,12,146.2,1,Debit Card,Female,Mobile Phone,Married
2,13,3,3,3,1,23,16,130.67,1,Debit Card,Male,Fashion,Married
13,15,4,2,3,1,25,14,144.57,1,Debit Card,Male,Laptop & Accessory,Single
16,16,2,3,4,0,11,6,214.74,1,Credit Card,Male,Mobile Phone,Divorced
10,19,5,4,2,1,22,2,164.77,1,E Wallet,Male,Mobile Phone,Married
12,18,2,4,5,1,18,11,131.28,2,Debit Card,Female,Grocery,Married
6,19,3,3,3,0,19,9,130.75,3,E Wallet,Female,Mobile Phone,Single
28,9,2,1,4,0,26,2,214.38,3,Debit Card,Female,Laptop & Accessory,Married
13,13,2,3,4,1,25,6,175.73,1,UPI,Female,Fashion,Divorced
7,10,3,2,5,0,17,3,162.06,1,Credit Card,Male,Mobile Phone,Divorced
3,19,4,4,3,0,14,3,158.65,2,COD,Female,Laptop & Accessory,Divorced
4,8,5,1,4,1,18,12,119.44,2,Credit Card,Male,Mobile Phone,Single
37,14,2,3,2,1,14,3,239.9,2,COD,Female,Grocery,Divorced
10,31,4,6,3,1,22,7,135.31,3,Credit Card,Male,Mobile Phone,Married
0,8,3,4,1,1,11,10,145.12,3,COD,Male,Laptop & Accessory,Married
24,27,4,2,3,0,12,4,184.79,1,Credit Card,Female,Mobile Phone,Married
14,12,2,2,1,0,11,2,141.14,1,UPI,Female,Fashion,Married
0,11,3,4,5,0,20,4,130.53,3,E Wallet,Female,Laptop & Accessory,Single
16,8,2,5,1,0,23,2,172.97,2,E Wallet,Male,Mobile Phone,Divorced
23,22,4,5,3,0,18,3,207.48,2,E Wallet,Male,Fashion,Married
31,11,3,1,3,1,16,7,192.69,2,Debit Card,Female,Fashion,Single
19,14,2,2,1,0,17,6,202.49,3,Credit Card,Female,Fashion,Single
57,10,4,1,2,1,14,3,283.17,3,Credit Card,Female,Mobile Phone,Single
21,8,2,4,2,0,21,3,217.05,1,Debit Card,Male,Grocery,Married
19,21,3,6,1,0,14,6,192.41,1,COD,Female,Laptop & Accessory,Married
23,14,5,4,5,0,23,9,188.52,2,E Wallet,Female,Mobile Phone,Single
6,16,5,2,3,0,12,5,157.73,2,Credit Card,Female,Laptop & Accessory,Single
28,14,2,5,2,1,14,3,211.41,2,UPI,Female,Fashion,Married
23,8,2,4,1,0,24,4,174.91,1,Credit Card,Female,Mobile Phone,Married
3,15,3,4,3,0,23,7,127.65,1,E Wallet,Female,Laptop & Accessory,Single
6,16,2,5,3,0,25,0,148.49,2,E Wallet,Female,Laptop & Accessory,Married
2,14,2,4,1,1,24,8,138.52,3,Debit Card,Male,Fashion,Single
11,21,4,2,2,0,26,0,148.53,1,Debit Card,Male,Others,Divorced
20,28,3,4,3,0,18,4,144.65,2,E Wallet,Female,Fashion,Married
21,9,3,2,4,0,14,7,177.03,2,Credit Card,Male,Laptop & Accessory,Divorced
22,26,3,5,4,0,21,3,165.45,3,E Wallet,Female,Laptop & Accessory,Single
11,22,2,2,5,0,12,8,146.36,3,Credit Card,Female,Grocery,Single
21,13,3,2,3,0,20,15,201.54,2,UPI,Male,Others,Married
11,27,3,3,2,0,26,22,191.44,2,Credit Card,Female,Laptop & Accessory,Single
48,17,3,2,3,1,11,1,248.36,2,Credit Card,Female,Laptop & Accessory,Single
43,18,2,3,4,0,24,3,291.82,2,COD,Female,Laptop & Accessory,Divorced
0,21,1,3,2,1,23,12,119.2,2,Debit Card,Male,Fashion,Married
1,11,2,3,3,1,15,8,103.94,3,UPI,Female,Mobile Phone,Married
7,8,2,3,5,1,26,8,158.64,3,Credit Card,Male,Fashion,Married
29,13,3,3,5,0,13,11,195.34,2,Debit Card,Female,Fashion,Single
35,14,5,3,1,0,26,2,216.63,2,E Wallet,Female,Mobile Phone,Married
22,9,3,2,3,1,18,18,201.04,2,Credit Card,Female,Laptop & Accessory,Married
1,8,3,4,2,1,11,12,122.39,3,Credit Card,Female,Grocery,Divorced
7,19,2,2,4,0,18,13,160.83,2,Debit Card,Male,Others,Married
6,9,1,5,4,0,21,2,141.84,2,Debit Card,Male,Fashion,Single
8,15,3,1,3,0,14,9,161.82,3,Debit Card,Male,Mobile Phone,Single
3,13,2,2,4,0,16,6,124.99,1,Credit Card,Female,Fashion,Divorced
12,9,1,1,5,0,22,3,171.66,3,E Wallet,Female,Mobile Phone,Married
19,22,3,3,1,1,17,6,212.8,1,Credit Card,Male,Others,Married
13,12,3,2,1,0,23,4,172.12,1,Credit Card,Female,Fashion,Married
18,18,3,1,2,0,20,2,175.55,2,Credit Card,Female,Fashion,Divorced
0,20,3,2,3,1,18,9,119.31,1,E Wallet,Female,Laptop & Accessory,Single
4,19,4,2,3,1,14,3,150.92,1,Credit Card,Female,Mobile Phone,Married
5,15,1,2,4,0,16,20,140.35,2,Debit Card,Female,Grocery,Married
5,40,1,6,1,0,20,15,156.74,1,E Wallet,Male,Mobile Phone,Married
6,23,1,3,3,0,17,13,134.66,3,Debit Card,Female,Others,Divorced
4,13,3,3,1,0,26,3,149.54,1,E Wallet,Male,Laptop & Accessory,Single
5,22,4,1,4,0,19,4,150.22,2,E Wallet,Female,Mobile Phone,Single
33,30,4,5,3,0,15,10,221.88,2,Credit Card,Female,Fashion,Married
26,12,2,3,5,0,22,7,182.99,2,Credit Card,Male,Others,Married
8,22,4,5,3,0,12,8,152.76,3,Debit Card,Female,Mobile Phone,Single
13,9,2,1,4,0,24,1,204.73,1,UPI,Male,Grocery,Single
26,11,3,1,4,0,13,7,215.22,3,Debit Card,Female,Mobile Phone,Married
11,18,3,3,5,0,23,6,168.32,1,UPI,Female,Others,Married
8,21,2,1,4,1,23,4,165.36,1,Credit Card,Female,Laptop & Accessory,Single
5,27,3,3,2,0,24,8,147.66,2,E Wallet,Male,Fashion,Married
12,10,2,5,2,0,19,4,127.57,2,Debit Card,Female,Laptop & Accessory,Single
3,11,2,4,3,1,17,18,104.38,1,E Wallet,Male,Fashion,Divorced
7,9,2,3,3,0,17,18,132.37,2,Credit Card,Male,Laptop & Accessory,Married
14,9,1,2,4,0,22,2,165.57,3,UPI,Female,Others,Married
4,9,3,4,1,0,12,5,146.86,3,Credit Card,Female,Others,Single
6,17,3,5,2,0,21,7,156.09,1,Credit Card,Female,Fashion,Married
0,11,4,2,3,0,20,7,136.24,1,E Wallet,Male,Laptop & Accessory,Divorced
3,21,2,4,1,0,20,21,151.93,3,Credit Card,Female,Fashion,Single
0,14,3,4,4,0,25,4,113.48,2,UPI,Male,Mobile Phone,Married
3,47,1,3,3,1,14,20,135.43,1,Debit Card,Male,Fashion,Divorced
3,19,2,5,2,0,16,1,158.03,1,COD,Male,Fashion,Married
14,7,2,3,3,1,26,2,155.66,1,UPI,Male,Mobile Phone,Single
6,10,3,1,4,0,14,6,154.24,1,COD,Female,Fashion,Married
6,14,1,3,2,0,20,2,161.16,3,Debit Card,Female,Laptop & Accessory,Single
15,17,3,4,5,1,19,6,182.37,3,Credit Card,Male,Laptop & Accessory,Single
4,9,4,2,2,1,14,15,167.02,1,UPI,Male,Laptop & Accessory,Single
4,25,3,4,1,1,25,0,143.2,3,Credit Card,Female,Mobile Phone,Married
33,9,3,3,2,0,18,4,228.74,2,COD,Male,Mobile Phone,Single
4,19,2,2,2,0,11,10,159.86,3,E Wallet,Male,Mobile Phone,Single
5,13,1,2,3,0,21,10,124.78,2,Debit Card,Female,Laptop & Accessory,Married
40,8,1,1,1,1,24,11,240.3,3,Credit Card,Female,Grocery,Married
19,8,3,3,3,0,24,6,188.81,3,Credit Card,Male,Fashion,Married
10,19,3,4,3,0,26,7,141.04,3,Credit Card,Female,Mobile Phone,Married
3,21,2,3,2,0,11,9,161.14,3,Debit Card,Female,Fashion,Married
7,18,2,1,2,1,20,16,151.66,2,Credit Card,Male,Fashion,Divorced
5,16,3,3,2,0,15,6,155.48,2,Credit Card,Female,Laptop & Accessory,Single
53,15,2,3,1,0,22,1,256.16,2,Debit Card,Female,Laptop & Accessory,Married
33,14,3,3,5,1,23,0,200.29,3,E Wallet,Female,Others,Married
17,28,2,2,3,0,18,2,187.61,3,E Wallet,Female,Laptop & Accessory,Married
1,16,3,1,5,0,16,15,129.19,1,Credit Card,Female,Mobile Phone,Married
23,21,4,3,2,0,11,3,212.11,3,Debit Card,Female,Laptop & Accessory,Married
2,22,4,1,4,1,23,2,172.64,2,Credit Card,Female,Laptop & Accessory,Single
5,14,4,3,3,1,12,6,161.42,1,E Wallet,Male,Mobile Phone,Divorced
36,19,3,3,2,0,14,0,221.29,2,E Wallet,Male,Mobile Phone,Married
9,22,3,1,4,1,11,3,151.25,1,Debit Card,Male,Fashion,Married
7,17,3,2,2,0,13,13,125.14,2,Credit Card,Female,Fashion,Married
4,15,1,1,5,0,26,6,138.22,3,Credit Card,Male,Laptop & Accessory,Single
40,14,3,2,2,1,11,3,239.0,3,E Wallet,Female,Mobile Phone,Divorced
33,21,3,2,3,0,26,12,231.6,1,COD,Female,Fashion,Married
27,16,5,2,4,1,23,15,205.23,3,Debit Card,Female,Laptop & Accessory,Divorced
61,18,3,2,5,0,17,12,273.16,3,Credit Card,Female,Grocery,Married
12,9,3,3,3,0,21,12,132.61,3,E Wallet,Male,Fashion,Divorced
14,17,3,6,4,0,21,13,165.97,1,Debit Card,Female,Grocery,Single
11,7,4,2,5,0,17,26,168.81,3,Credit Card,Male,Laptop & Accessory,Single
8,18,1,2,3,0,25,6,150.53,1,Credit Card,Female,Laptop & Accessory,Single
5,13,4,3,3,0,25,11,114.91,1,Debit Card,Female,Mobile Phone,Married
10,9,2,3,5,0,15,1,157.11,2,E Wallet,Female,Fashion,Married
8,12,3,2,3,0,14,5,161.76,1,UPI,Male,Fashion,Single
0,32,2,1,5,1,19,9,151.31,2,COD,Female,Mobile Phone,Single
6,18,1,4,5,0,24,16,144.78,1,Credit Card,Female,Mobile Phone,Single
14,25,3,3,3,1,13,16,189.37,1,Debit Card,Female,Mobile Phone,Single
8,14,4,4,5,0,18,7,148.77,1,E Wallet,Male,Others,Single
1,21,1,1,3,0,22,0,114.36,3,E Wallet,Male,Mobile Phone,Married
6,11,4,2,4,1,25,23,149.85,1,E Wallet,Female,Laptop & Accessory,Married
0,15,4,5,3,0,13,1,133.46,2,Credit Card,Male,Mobile Phone,Single
1,16,2,3,1,0,22,11,132.07,1,UPI,Female,Fashion,Divorced
39,20,3,1,4,0,12,7,213.15,1,COD,Male,Mobile Phone,Married
3,12,2,5,2,0,14,7,139.72,1,E Wallet,Male,Fashion,Married
8,16,2,3,3,0,22,2,147.57,2,Debit Card,Male,Fashion,Married
61,10,4,3,1,0,11,11,320.3,2,UPI,Male,Fashion,Married
5,10,5,4,5,1,16,11,155.72,2,E Wallet,Male,Mobile Phone,Married
2,25,4,2,4,0,19,0,141.85,2,Credit Card,Male,Mobile Phone,Married
3,14,4,3,2,0,25,6,127.7,3,COD,Female,Fashion,Married
1,9,2,3,4,1,14,0,139.51,2,E Wallet,Female,Laptop & Accessory,Divorced
8,6,4,3,5,1,12,3,137.66,2,E Wallet,Female,Mobile Phone,Single
12,15,2,4,5,0,13,4,196.23,3,E Wallet,Female,Fashion,Married
3,22,3,4,1,0,18,3,157.35,2,Debit Card,Male,Mobile Phone,Single
7,15,3,4,1,1,13,8,164.79,3,E Wallet,Female,Laptop & Accessory,Single
32,12,1,4,2,0,18,2,219.46,1,E Wallet,Female,Mobile Phone,Married
22,20,3,3,3,1,12,3,180.25,1,Credit Card,Female,Fashion,Married
2,10,3,2,3,0,25,5,148.05,3,Debit Card,Male,Mobile Phone,Divorced
1,15,3,3,1,0,26,9,146.01,1,E Wallet,Female,Mobile Phone,Married
21,40,3,2,5,0,18,3,182.94,2,COD,Female,Fashion,Married
1,21,5,1,1,1,24,3,162.9,1,E Wallet,Male,Laptop & Accessory,Married
0,10,5,1,1,0,22,3,116.22,1,Debit Card,Female,Mobile Phone,Married
41,15,4,3,2,0,26,1,247.88,1,Debit Card,Female,Mobile Phone,Married
10,8,3,1,5,0,15,2,142.37,1,Debit Card,Male,Mobile Phone,Married
2,13,1,1,2,0,14,7,135.91,3,Credit Card,Male,Laptop & Accessory,Married
2,10,3,2,4,1,16,1,140.74,1,E Wallet,Female,Fashion,Single
7,28,2,2,2,1,18,16,147.5,3,Debit Card,Male,Mobile Phone,Divorced
1,15,2,5,5,0,15,6,138.38,1,Debit Card,Female,Mobile Phone,Divorced
3,10,2,4,1,0,16,3,143.06,3,Credit Card,Female,Laptop & Accessory,Married
7,26,3,2,5,1,15,9,166.73,1,Debit Card,Male,Mobile Phone,Married
13,11,3,3,4,0,11,11,199.32,2,Credit Card,Male,Laptop & Accessory,Single
23,12,3,3,5,1,23,2,172.37,1,Debit Card,Female,Mobile Phone,Married
11,14,3,5,3,0,15,11,157.18,2,Credit Card,Female,Grocery,Divorced
20,10,4,4,4,1,23,4,182.16,1,Credit Card,Male,Laptop & Accessory,Married
9,27,2,3,2,1,25,10,145.06,2,Credit Card,Female,Mobile Phone,Single
0,12,3,4,2,0,11,13,117.35,1,COD,Female,Others,Married
3,14,3,3,3,0,17,6,131.79,2,Debit Card,Male,Laptop & Accessory,Single
6,20,3,3,2,1,17,13,149.22,1,Debit Card,Male,Mobile Phone,Divorced
2,14,4,4,3,0,15,6,148.08,2,Credit Card,Male,Laptop & Accessory,Divorced
5,24,2,1,3,0,18,1,171.25,3,Credit Card,Male,Fashion,Married
10,16,3,5,1,0,23,3,148.32,3,Credit Card,Female,Others,Single
28,19,3,2,3,1,15,7,233.68,3,Credit Card,Female,Mobile Phone,Married
52,29,3,3,5,0,12,3,261.04,3,Credit Card,Female,Laptop & Accessory,Divorced
3,17,2,4,1,1,21,8,134.47,1,Debit Card,Male,Mobile Phone,Single
19,41,4,1,5,0,16,7,177.73,3,Debit Card,Male,Fashion,Single
8,11,3,1,3,0,12,16,159.27,3,Credit Card,Female,Mobile Phone,Married
13,15,2,6,3,0,18,6,148.19,1,UPI,Female,Fashion,Married
7,16,3,3,1,0,26,6,152.98,1,Debit Card,Female,Laptop & Accessory,Single
6,23,1,4,1,0,19,4,145.01,2,E Wallet,Male,Fashion,Single
12,12,4,4,1,0,20,5,133.44,1,E Wallet,Female,Fashion,Single
10,17,1,4,2,0,26,1,148.81,2,Debit Card,Female,Fashion,Single
3,14,1,1,4,1,15,7,142.37,1,Debit Card,Male,Laptop & Accessory,Married
5,17,5,1,1,0,12,15,149.39,2,Credit Card,Female,Fashion,Single
7,19,3,2,3,0,24,4,128.23,1,UPI,Female,Mobile Phone,Married
5,33,2,4,3,1,24,2,116.62,1,E Wallet,Male,Laptop & Accessory,Single
16,36,4,3,5,0,13,12,168.87,3,Credit Card,Male,Laptop & Accessory,Single
28,12,4,4,3,0,25,13,220.68,3,COD,Female,Fashion,Married
3,10,3,3,5,0,16,10,98.62,3,Credit Card,Male,Fashion,Single
6,15,4,2,3,1,13,0,128.43,2,Debit Card,Female,Laptop & Accessory,Single
52,12,2,1,1,1,13,17,264.57,2,Debit Card,Female,Laptop & Accessory,Divorced
11,14,3,2,4,1,22,3,147.91,2,Debit Card,Female,Mobile Phone,Married
0,14,4,5,5,0,26,9,136.71,2,E Wallet,Male,Grocery,Single
6,20,1,3,2,1,18,3,150.12,1,Credit Card,Female,Laptop & Accessory,Married
7,19,2,2,4,0,12,3,120.74,2,Credit Card,Male,Fashion,Married
47,43,2,1,4,0,19,6,268.61,1,Debit Card,Female,Mobile Phone,Single
12,13,3,3,2,0,14,12,177.71,3,E Wallet,Female,Laptop & Accessory,Single
26,9,2,1,4,0,16,3,187.41,3,E Wallet,Male,Mobile Phone,Married
1,21,1,2,1,1,17,1,94.38,1,Credit Card,Male,Mobile Phone,Married
0,12,4,3,1,0,20,3,138.9,2,Debit Card,Female,Fashion,Single
48,21,3,3,3,1,19,4,235.6,1,Credit Card,Male,Laptop & Accessory,Divorced
18,12,3,2,2,0,22,3,172.21,1,UPI,Female,Others,Married
2,17,5,4,1,0,21,2,154.3,3,Debit Card,Female,Laptop & Accessory,Single
34,16,3,5,3,0,15,8,222.2,2,Debit Card,Female,Laptop & Accessory,Divorced
0,23,3,5,4,0,20,9,145.26,1,COD,Female,Grocery,Married
6,10,4,3,3,1,12,0,133.39,3,E Wallet,Female,Mobile Phone,Married
0,8,1,4,3,0,13,7,143.97,1,Debit Card,Female,Laptop & Accessory,Married
0,16,1,4,4,0,24,15,120.92,1,UPI,Female,Laptop & Accessory,Single
20,14,4,2,2,1,17,13,195.94,3,Debit Card,Female,Others,Married
21,24,4,2,1,1,17,3,175.34,2,UPI,Male,Laptop & Accessory,Single
8,9,3,2,3,1,16,2,158.21,3,Debit Card,Female,Laptop & Accessory,Single
0,10,2,2,5,0,24,5,113.08,1,Credit Card,Male,Laptop & Accessory,Married
8,12,4,3,2,1,23,10,133.39,1,Debit Card,Male,Mobile Phone,Divorced
11,20,4,3,1,0,20,5,151.92,3,Debit Card,Female,Fashion,Divorced
7,17,3,4,4,1,19,2,149.81,2,Debit Card,Male,Mobile Phone,Single
0,31,2,3,4,1,23,12,111.03,1,E Wallet,Male,Laptop & Accessory,Married
21,22,3,4,3,1,14,12,185.49,2,Debit Card,Female,Mobile Phone,Single
44,35,2,2,4,0,22,2,247.31,2,E Wallet,Female,Others,Single
14,13,3,2,5,0,15,16,148.5,3,Debit Card,Male,Mobile Phone,Single
14,11,3,2,1,1,22,13,159.92,2,UPI,Male,Mobile Phone,Married
2,39,3,2,2,0,24,14,123.58,3,COD,Female,Fashion,Married
9,9,2,2,5,0,24,9,164.74,3,Debit Card,Male,Fashion,Single
6,14,3,3,1,0,23,18,160.84,1,Debit Card,Female,Laptop & Accessory,Married
1,22,4,3,2,0,24,7,117.17,2,Debit Card,Male,Laptop & Accessory,Married
0,7,2,5,3,0,25,5,126.1,3,Credit Card,Male,Laptop & Accessory,Married
5,11,3,2,1,0,18,24,156.13,3,E Wallet,Male,Fashion,Married
4,15,2,3,3,0,26,10,149.11,1,UPI,Male,Fashion,Married
2,17,5,4,4,0,11,4,93.64,2,Credit Card,Female,Laptop & Accessory,Single
5,12,2,5,3,0,13,17,128.56,3,COD,Male,Mobile Phone,Divorced
46,17,3,2,2,0,12,9,248.44,1,Debit Card,Female,Laptop & Accessory,Divorced
2,13,3,3,1,0,25,4,130.31,1,E Wallet,Female,Laptop & Accessory,Single
6,16,5,2,2,0,19,2,142.64,1,Debit Card,Female,Fashion,Single
1,6,3,5,3,1,12,4,145.4,1,Credit Card,Male,Fashion,Single
5,19,1,6,1,1,20,16,145.19,3,Credit Card,Male,Laptop & Accessory,Married
1,17,3,3,1,1,16,2,119.82,2,Debit Card,Female,Mobile Phone,Single
8,14,3,3,3,0,12,4,145.92,1,Debit Card,Male,Laptop & Accessory,Divorced
9,9,3,2,2,0,25,5,173.72,1,Credit Card,Male,Laptop & Accessory,Married
8,28,4,2,5,0,22,2,149.04,2,Debit Card,Female,Fashion,Married
7,9,1,3,5,0,24,6,136.14,3,Credit Card,Female,Grocery,Single
6,22,2,6,1,0,26,18,148.7,3,Credit Card,Male,Laptop & Accessory,Single
14,21,3,3,1,1,19,8,154.09,3,Credit Card,Male,Mobile Phone,Married
6,21,5,4,4,1,16,24,139.94,2,E Wallet,Female,Fashion,Single
17,7,2,3,2,1,20,4,174.66,2,Credit Card,Male,Mobile Phone,Single
33,14,3,4,4,0,22,17,211.75,3,Credit Card,Male,Grocery,Single
11,23,4,2,4,0,22,11,154.38,3,Credit Card,Female,Fashion,Married
16,14,2,2,1,0,22,6,170.44,2,COD,Female,Laptop & Accessory,Single
16,23,3,3,5,0,26,9,208.69,2,Debit Card,Male,Mobile Phone,Married
27,9,5,3,4,0,17,9,208.88,1,Credit Card,Female,Laptop & Accessory,Married
55,8,2,3,2,0,20,6,288.46,1,E Wallet,Female,Laptop & Accessory,Married
6,7,2,4,4,1,22,4,158.95,2,Debit Card,Female,Fashion,Married
0,15,3,5,5,0,25,2,137.17,1,E Wallet,Female,Mobile Phone,Single
12,14,3,4,2,0,12,6,160.51,2,Credit Card,Female,Laptop & Accessory,Single
3,23,3,3,3,1,23,2,150.06,3,Credit Card,Female,Mobile Phone,Single
4,14,3,2,1,0,21,0,150.08,3,Debit Card,Male,Fashion,Married
18,39,3,3,5,0,16,3,162.39,3,Debit Card,Female,Mobile Phone,Married
6,26,3,2,1,0,26,4,141.34,1,Credit Card,Female,Laptop & Accessory,Married
3,22,3,2,2,1,26,3,117.71,2,Debit Card,Male,Grocery,Married
16,19,2,4,3,0,19,9,180.04,1,Credit Card,Male,Laptop & Accessory,Single
10,10,2,2,1,1,14,21,173.33,3,COD,Female,Mobile Phone,Single
21,8,4,2,5,0,12,7,196.77,2,Credit Card,Female,Mobile Phone,Married
20,10,2,4,4,0,17,8,181.05,3,Debit Card,Female,Grocery,Married
43,16,2,3,3,0,20,2,224.12,2,Credit Card,Male,Mobile Phone,Divorced
4,11,2,5,1,1,20,1,136.78,2,Credit Card,Female,Fashion,Married
0,36,3,2,2,0,15,4,136.54,3,E Wallet,Female,Laptop & Accessory,Married
12,30,4,3,4,0,13,12,180.46,1,Credit Card,Male,Laptop & Accessory,Married
23,20,3,1,4,1,24,21,186.03,1,Debit Card,Male,Laptop & Accessory,Married
9,6,3,4,3,0,26,10,147.55,2,E Wallet,Male,Laptop & Accessory,Married
26,10,4,3,5,0,25,5,221.72,2,Debit Card,Male,Fashion,Married
8,15,2,4,2,0,15,7,150.01,3,Credit Card,Female,Mobile Phone,Single
18,27,3,5,1,0,23,6,188.28,1,COD,Female,Laptop & Accessory,Single
13,21,1,3,3,0,12,9,180.42,1,Debit Card,Female,Fashion,Single
1,14,3,6,3,0,16,7,162.27,1,Credit Card,Male,Others,Married
2,11,3,3,2,1,21,9,131.2,3,Debit Card,Female,Laptop & Accessory,Single
22,10,2,2,3,0,11,2,193.13,2,Debit Card,Male,Mobile Phone,Divorced
6,16,1,1,1,0,17,8,142.85,3,UPI,Male,Laptop & Accessory,Married
14,26,2,3,2,0,23,22,150.86,2,Debit Card,Male,Laptop & Accessory,Married
5,8,3,4,3,0,26,3,139.81,2,Debit Card,Male,Laptop & Accessory,Married
7,16,3,2,5,0,23,24,174.27,1,Credit Card,Male,Others,Single
18,9,2,3,2,0,26,7,190.86,3,E Wallet,Female,Laptop & Accessory,Single
0,24,3,1,3,0,23,10,148.55,3,E Wallet,Female,Mobile Phone,Married
2,24,1,2,3,0,22,1,134.57,1,Debit Card,Female,Others,Married
3,14,3,3,4,0,16,16,126.2,1,Credit Card,Female,Fashion,Married
1,20,3,2,3,0,24,13,153.53,3,Debit Card,Male,Mobile Phone,Divorced
8,8,2,5,4,1,12,4,139.01,1,Debit Card,Female,Mobile Phone,Single
3,21,1,3,4,0,13,2,151.24,3,Debit Card,Female,Grocery,Married
0,7,3,2,4,0,23,9,124.71,2,COD,Male,Fashion,Divorced
13,12,3,3,3,0,26,13,160.97,1,Debit Card,Female,Fashion,Married
13,20,1,4,4,0,14,5,150.19,1,E Wallet,Male,Grocery,Single
9,17,4,4,5,0,20,21,143.45,3,UPI,Female,Laptop & Accessory,Single
11,12,2,3,5,0,16,12,168.37,1,E Wallet,Male,Mobile Phone,Married
1,17,2,4,3,0,11,16,121.08,2,Credit Card,Female,Fashion,Married
40,21,4,3,4,0,13,11,231.92,1,E Wallet,Female,Others,Single
2,15,3,4,4,1,25,7,126.58,3,Debit Card,Female,Laptop & Accessory,Divorced
13,12,2,1,2,0,20,3,151.84,1,Credit Card,Female,Mobile Phone,Single
1,18,4,2,1,0,12,3,128.74,3,Debit Card,Male,Laptop & Accessory,Married
5,29,2,4,4,0,13,6,145.58,2,Credit Card,Female,Others,Divorced
22,13,1,3,5,0,20,3,183.35,1,Credit Card,Male,Mobile Phone,Married
49,22,5,4,2,1,13,6,244.27,2,Debit Card,Female,Laptop & Accessory,Married
1,19,3,3,5,0,14,5,160.84,3,E Wallet,Female,Others,Divorced
2,8,1,3,3,0,17,3,135.29,3,Debit Card,Female,Mobile Phone,Married
10,25,2,3,1,1,13,11,175.59,1,E Wallet,Male,Laptop & Accessory,Married
10,18,4,4,3,0,23,2,156.6,2,Credit Card,Male,Laptop & Accessory,Married
3,15,4,5,3,0,19,2,161.83,1,COD,Female,Laptop & Accessory,Single
24,7,2,2,5,1,26,6,192.78,3,COD,Female,Mobile Phone,Divorced
61,30,1,5,3,0,25,13,290.33,3,COD,Male,Fashion,Single
6,9,2,1,2,0,25,2,147.21,1,Debit Card,Male,Laptop & Accessory,Single
19,14,3,3,1,0,11,13,180.82,2,Credit Card,Female,Laptop & Accessory,Divorced
3,6,2,1,3,0,24,5,133.16,2,Debit Card,Female,Laptop & Accessory,Single
0,13,4,3,5,1,17,9,116.14,3,Credit Card,Male,Mobile Phone,Divorced
3,15,4,2,1,0,18,5,137.14,1,Credit Card,Male,Fashion,Married
12,16,4,3,4,1,22,0,168.7,1,Credit Card,Male,Mobile Phone,Single
0,10,3,4,3,0,26,5,125.58,3,Debit Card,Female,Laptop & Accessory,Married
21,20,2,3,1,0,20,3,190.81,1,Debit Card,Male,Fashion,Divorced
1,17,3,4,2,1,16,2,144.64,3,Credit Card,Male,Laptop & Accessory,Single
7,7,3,1,5,0,25,8,134.56,1,Credit Card,Female,Mobile Phone,Married
13,19,2,3,1,1,11,12,159.56,1,Debit Card,Female,Laptop & Accessory,Single
1,31,5,3,5,0,20,1,116.03,1,UPI,Female,Laptop & Accessory,Divorced
51,7,3,2,5,1,15,12,251.82,1,Debit Card,Male,Laptop & Accessory,Divorced
29,17,4,3,2,0,13,4,187.61,1,Debit Card,Male,Laptop & Accessory,Divorced
20,7,4,3,4,0,18,17,147.12,3,Debit Card,Female,Others,Married
9,18,2,1,3,1,17,7,121.15,2,E Wallet,Female,Fashion,Married
23,28,1,3,4,0,12,9,195.65,1,E Wallet,Male,Grocery,Single
13,37,4,3,2,0,17,8,182.03,2,E Wallet,Female,Grocery,Single
2,15,1,1,5,0,24,0,170.96,3,UPI,Female,Fashion,Single
15,12,5,4,2,0,16,10,169.78,1,Credit Card,Female,Laptop & Accessory,Single
0,10,2,3,5,0,24,5,136.23,2,COD,Female,Grocery,Married
2,10,3,3,1,0,23,17,112.94,3,Credit Card,Male,Mobile Phone,Married
21,7,3,3,3,0,24,2,198.98,3,UPI,Male,Laptop & Accessory,Single
36,12,4,2,2,0,20,5,217.22,2,Debit Card,Female,Fashion,Married
9,10,4,3,4,0,17,6,161.36,1,E Wallet,Male,Mobile Phone,Single
14,16,3,4,2,0,12,9,150.48,2,E Wallet,Male,Laptop & Accessory,Married
8,19,2,5,1,1,15,3,150.87,1,Credit Card,Female,Fashion,Divorced
16,16,2,1,1,0,22,24,146.76,2,Credit Card,Male,Laptop & Accessory,Married
4,12,4,3,3,1,21,12,139.27,1,Debit Card,Female,Others,Single
6,33,3,1,4,0,23,9,153.14,1,Debit Card,Male,Laptop & Accessory,Married
12,13,4,4,3,0,23,4,150.42,1,Credit Card,Female,Laptop & Accessory,Single
2,7,3,4,4,1,18,5,143.8,2,COD,Male,Mobile Phone,Divorced
29,12,3,1,5,0,19,4,201.25,1,Credit Card,Female,Fashion,Married
31,16,3,2,5,0,22,7,208.08,1,E Wallet,Female,Fashion,Married
12,20,3,3,5,0,12,10,172.95,3,Credit Card,Female,Fashion,Single
0,15,1,2,4,0,16,27,117.36,3,Debit Card,Female,Fashion,Married
1,15,3,3,3,0,17,10,99.56,3,COD,Female,Laptop & Accessory,Married
0,14,2,2,3,0,12,14,117.78,3,COD,Male,Laptop & Accessory,Single
12,14,3,3,4,1,16,4,151.74,1,Credit Card,Female,Grocery,Single
4,13,3,2,2,0,18,4,147.66,1,Debit Card,Male,Grocery,Single
11,13,4,3,1,0,23,5,147.75,1,Credit Card,Male,Fashion,Married
4,16,3,2,3,0,22,1,124.26,3,Debit Card,Male,Others,Married
22,10,2,4,2,0,16,6,193.28,1,UPI,Male,Others,Single
15,30,3,2,1,1,21,11,151.74,1,Credit Card,Female,Grocery,Divorced
6,25,3,5,4,0,17,5,152.77,1,UPI,Female,Mobile Phone,Single
32,24,5,2,3,0,15,10,202.26,3,Credit Card,Female,Fashion,Single
20,14,3,1,2,1,13,8,165.19,1,Credit Card,Male,Mobile Phone,Married
2,9,3,3,1,0,20,11,151.69,2,Credit Card,Female,Fashion,Married
4,9,1,3,2,0,21,0,112.96,1,E Wallet,Male,Mobile Phone,Married
14,9,2,4,4,0,26,7,216.15,1,E Wallet,Female,Laptop & Accessory,Divorced
8,19,5,1,3,0,23,2,141.53,3,E Wallet,Female,Laptop & Accessory,Divorced
21,14,2,4,4,0,24,3,210.14,3,Debit Card,Male,Fashion,Married
1,17,2,3,2,1,14,1,103.66,2,Debit Card,Male,Others,Single
10,17,2,2,2,0,20,5,133.36,3,Credit Card,Female,Mobile Phone,Single
10,8,2,2,3,0,17,4,139.35,2,COD,Male,Fashion,Single
0,18,2,4,3,0,18,4,172.49,3,Debit Card,Male,Laptop & Accessory,Single
27,27,3,4,1,1,14,4,190.36,2,Debit Card,Female,Laptop & Accessory,Married
20,12,3,4,4,0,16,6,214.56,2,Credit Card,Female,Fashion,Single
6,9,2,4,5,1,20,3,155.6,1,E Wallet,Male,Mobile Phone,Married
0,20,5,3,3,1,11,2,129.63,1,COD,Male,Mobile Phone,Married
8,15,3,4,4,0,14,5,140.85,1,Credit Card,Male,Mobile Phone,Single
9,17,2,4,4,0,21,3,178.35,2,Debit Card,Female,Fashion,Divorced
1,8,3,3,5,1,21,8,137.62,3,E Wallet,Female,Others,Married
16,21,1,4,4,0,15,20,161.45,1,E Wallet,Female,Others,Single
42,19,3,2,3,0,11,11,240.05,3,Credit Card,Female,Grocery,Married
11,13,4,3,3,0,18,15,136.46,3,Debit Card,Male,Mobile Phone,Single
3,21,4,3,2,0,20,7,135.87,2,UPI,Male,Others,Married
21,18,4,2,2,1,22,10,186.33,1,COD,Female,Mobile Phone,Divorced
7,21,4,3,2,0,21,22,124.95,3,Credit Card,Male,Mobile Phone,Married
1,9,3,5,2,0,17,8,136.0,3,Credit Card,Female,Fashion,Single
6,16,2,5,3,0,16,4,177.85,3,UPI,Male,Others,Single
9,12,1,2,4,0,12,4,166.3,3,Credit Card,Female,Fashion,Divorced
17,20,2,2,5,0,24,1,185.15,2,Credit Card,Female,Mobile Phone,Married
16,7,3,3,5,0,26,3,158.69,2,Credit Card,Female,Grocery,Single
0,10,1,3,4,0,11,2,126.73,1,E Wallet,Male,Fashion,Single
7,12,2,2,3,0,25,7,135.73,1,Debit Card,Female,Mobile Phone,Married
11,24,2,4,2,0,13,0,158.77,1,UPI,Male,Mobile Phone,Single
24,12,2,3,5,0,11,2,188.57,2,Credit Card,Male,Others,Married
5,9,5,4,3,0,23,9,166.43,2,E Wallet,Female,Fashion,Divorced
2,13,4,3,5,0,22,2,155.64,1,Credit Card,Male,Fashion,Married
14,14,2,6,5,0,25,9,192.48,1,Debit Card,Male,Mobile Phone,Single
21,14,1,6,2,0,16,8,193.55,1,UPI,Male,Laptop & Accessory,Single
3,23,3,1,4,0,12,2,151.98,1,Credit Card,Female,Grocery,Married
8,34,2,3,3,0,18,5,164.65,2,Credit Card,Male,Laptop & Accessory,Married
19,20,3,2,3,1,21,11,190.03,1,Debit Card,Male,Grocery,Divorced
2,15,2,5,4,1,19,9,170.05,3,Credit Card,Male,Laptop & Accessory,Single
0,19,4,2,2,0,16,11,140.59,2,E Wallet,Male,Fashion,Married
11,13,3,3,4,0,26,6,130.71,2,Debit Card,Male,Grocery,Married
4,6,2,4,2,1,17,6,149.07,3,Credit Card,Male,Mobile Phone,Married
3,22,1,3,1,0,14,16,135.8,3,COD,Male,Mobile Phone,Married
1,11,2,3,4,0,22,15,124.12,1,COD,Male,Others,Single
1,6,1,2,2,0,14,4,142.12,2,Debit Card,Male,Fashion,Married
2,17,5,4,1,0,13,1,117.8,1,UPI,Male,Laptop & Accessory,Single
7,18,2,1,4,0,13,7,161.94,2,Debit Card,Male,Laptop & Accessory,Married
5,15,4,5,2,0,23,3,129.6,3,Debit Card,Female,Mobile Phone,Married
20,18,1,4,4,0,18,5,184.27,2,Credit Card,Male,Mobile Phone,Divorced
13,17,2,3,3,0,18,5,154.22,1,UPI,Male,Mobile Phone,Single
9,20,2,3,1,0,18,3,170.85,3,E Wallet,Female,Fashion,Single
7,15,4,4,1,0,22,7,155.45,1,UPI,Female,Mobile Phone,Married
0,21,5,2,4,0,18,2,149.95,2,E Wallet,Female,Grocery,Single
0,8,3,4,2,1,25,10,142.42,2,E Wallet,Male,Mobile Phone,Single
5,10,3,4,3,0,22,20,160.1,1,UPI,Female,Mobile Phone,Married
2,24,1,3,3,0,22,4,124.64,1,Debit Card,Male,Mobile Phone,Married
16,22,4,5,3,0,20,14,155.17,1,Credit Card,Male,Others,Married
8,11,3,2,3,0,17,11,172.55,2,E Wallet,Female,Fashion,Married
7,13,4,2,2,0,20,1,149.96,2,Credit Card,Female,Laptop & Accessory,Divorced
23,16,3,3,2,0,25,5,193.73,1,UPI,Female,Mobile Phone,Divorced
1,15,3,3,2,0,23,5,117.98,1,Credit Card,Female,Grocery,Married
3,10,4,2,4,0,18,3,126.03,3,UPI,Female,Fashion,Married
25,11,3,5,5,0,16,4,174.28,2,E Wallet,Male,Grocery,Single
15,16,2,4,2,0,20,18,187.3,2,Debit Card,Female,Fashion,Married
3,21,2,3,2,1,15,3,157.36,1,E Wallet,Female,Fashion,Married
21,18,3,2,2,0,12,4,159.02,2,UPI,Male,Laptop & Accessory,Single
19,15,2,3,3,0,24,2,163.36,2,Credit Card,Female,Laptop & Accessory,Married
2,11,4,3,1,1,13,3,155.86,1,Debit Card,Male,Laptop & Accessory,Married
8,18,4,2,3,0,17,6,158.04,1,E Wallet,Female,Fashion,Divorced
4,10,3,3,1,0,22,10,124.61,1,Credit Card,Male,Fashion,Single
19,8,1,3,4,0,17,9,179.46,2,Credit Card,Male,Others,Married
5,20,5,2,3,0,11,7,135.94,3,Credit Card,Female,Fashion,Married
1,19,3,5,3,0,16,6,122.33,1,Credit Card,Female,Laptop & Accessory,Married
17,14,2,3,5,0,23,3,165.19,1,Credit Card,Female,Laptop & Accessory,Divorced
11,9,4,2,5,1,14,2,153.0,3,Debit Card,Male,Mobile Phone,Divorced
27,16,4,1,1,1,18,6,187.08,2,E Wallet,Female,Laptop & Accessory,Married
3,13,2,2,1,0,11,7,143.57,1,Credit Card,Female,Grocery,Divorced
10,10,1,4,4,1,13,7,150.86,3,E Wallet,Male,Mobile Phone,Married
22,20,3,1,3,0,20,1,188.99,3,Credit Card,Male,Fashion,Married
4,16,4,3,5,0,20,6,160.28,3,Credit Card,Female,Fashion,Married
0,24,2,3,1,0,17,7,145.75,1,Debit Card,Female,Grocery,Single
23,15,4,2,1,0,13,19,193.03,2,Debit Card,Male,Laptop & Accessory,Married
18,14,3,3,4,0,25,8,184.97,1,Credit Card,Male,Others,Married
3,9,3,3,3,1,18,4,137.64,2,Credit Card,Male,Laptop & Accessory,Married
2,10,2,2,3,0,15,1,142.96,3,Credit Card,Male,Mobile Phone,Single
6,17,2,5,5,0,13,1,172.94,1,Debit Card,Female,Fashion,Married
8,23,3,3,2,1,23,1,179.6,3,E Wallet,Male,Grocery,Single
1,18,2,3,5,0,15,12,133.38,2,E Wallet,Female,Mobile Phone,Single
5,9,4,2,4,0,20,38,148.62,3,UPI,Female,Fashion,Single
0,16,3,6,2,0,26,6,122.9,3,Debit Card,Female,Fashion,Married
22,15,2,3,1,0,25,11,201.51,3,Debit Card,Female,Fashion,Married
12,12,4,3,3,0,15,8,169.47,2,COD,Male,Laptop & Accessory,Divorced
30,22,2,3,4,0,16,2,216.22,2,E Wallet,Male,Fashion,Single
35,10,3,2,5,1,18,6,206.81,2,Credit Card,Female,Grocery,Married
5,11,1,1,3,0,11,6,143.56,1,COD,Female,Fashion,Married
14,15,4,4,2,0,20,5,176.91,1,E Wallet,Female,Laptop & Accessory,Single
2,8,1,3,5,1,11,1,141.23,1,Credit Card,Male,Others,Single
16,15,4,3,3,0,19,8,202.05,2,Debit Card,Female,Laptop & Accessory,Divorced
18,8,2,4,5,0,21,5,170.52,2,Debit Card,Female,Mobile Phone,Single
0,7,3,1,2,0,24,5,159.91,3,Debit Card,Male,Laptop & Accessory,Single
17,9,4,2,4,0,24,4,177.24,2,E Wallet,Female,Laptop & Accessory,Married
2,24,1,3,4,0,23,4,128.87,1,Debit Card,Female,Others,Married
3,14,3,2,1,1,19,12,116.63,1,Debit Card,Male,Laptop & Accessory,Single
27,16,2,4,5,0,19,15,174.83,3,Debit Card,Female,Laptop & Accessory,Single
2,20,2,3,4,0,13,23,149.92,1,Credit Card,Male,Grocery,Married
39,15,2,6,1,1,19,6,216.75,3,E Wallet,Female,Fashion,Divorced
18,10,3,2,3,0,12,1,160.1,2,E Wallet,Female,Mobile Phone,Single
3,18,2,4,3,0,14,1,119.9,3,Debit Card,Female,Laptop & Accessory,Single
1,12,2,2,1,0,14,9,130.86,3,Credit Card,Male,Fashion,Single
18,22,3,3,3,0,20,4,165.21,2,Credit Card,Female,Mobile Phone,Married
36,9,2,3,1,1,13,2,211.42,3,Credit Card,Female,Mobile Phone,Divorced
3,11,4,1,4,0,17,16,133.1,1,Credit Card,Male,Mobile Phone,Married
9,10,2,2,5,1,13,3,157.23,2,Credit Card,Male,Fashion,Single
27,26,5,3,3,0,16,13,185.3,1,E Wallet,Female,Grocery,Married
24,8,3,3,5,1,14,3,217.04,2,Debit Card,Male,Others,Married
2,19,2,5,4,1,14,4,139.0,3,Credit Card,Female,Mobile Phone,Married
7,23,1,1,1,0,16,7,144.35,2,Credit Card,Male,Laptop & Accessory,Married
5,20,2,3,3,0,13,4,151.23,3,Credit Card,Male,Fashion,Married
22,14,3,4,5,0,11,4,207.82,2,Debit Card,Male,Laptop & Accessory,Single
37,13,3,3,2,0,16,1,210.45,1,Credit Card,Female,Fashion,Single
7,14,5,3,3,1,12,2,138.63,3,E Wallet,Male,Mobile Phone,Divorced
6,13,4,2,4,0,15,4,154.72,1,UPI,Male,Fashion,Married
4,9,4,4,2,0,15,9,131.78,1,Debit Card,Female,Fashion,Married
3,18,2,2,1,1,26,6,108.19,3,UPI,Female,Grocery,Single
9,9,3,3,2,0,15,13,163.74,3,UPI,Male,Others,Single
18,14,1,3,3,0,22,22,161.78,1,Debit Card,Male,Fashion,Married
8,18,3,3,3,0,20,28,137.2,1,Credit Card,Male,Grocery,Married
3,15,3,5,2,1,25,1,150.53,1,E Wallet,Female,Laptop & Accessory,Divorced
35,21,4,4,3,1,11,7,214.41,2,UPI,Male,Others,Single
11,7,5,5,4,0,16,4,172.52,1,Credit Card,Male,Laptop & Accessory,Single
5,13,4,3,5,0,24,7,140.44,3,Credit Card,Female,Laptop & Accessory,Single
1,26,4,6,3,0,11,5,100.37,3,Debit Card,Female,Laptop & Accessory,Married
5,14,2,4,4,0,19,10,140.58,1,Debit Card,Female,Grocery,Single
1,15,1,3,2,0,12,12,149.97,2,UPI,Male,Mobile Phone,Married
8,28,4,3,2,0,20,5,157.44,3,E Wallet,Male,Mobile Phone,Single
8,16,1,4,2,0,25,4,173.85,3,Debit Card,Female,Grocery,Married
9,16,3,2,2,1,11,4,148.85,3,Debit Card,Male,Laptop & Accessory,Single
5,11,2,2,3,0,21,2,147.98,3,E Wallet,Male,Mobile Phone,Married
20,5,3,3,2,0,19,1,171.42,1,Credit Card,Male,Mobile Phone,Married
13,12,1,2,2,0,18,4,143.46,1,Credit Card,Male,Grocery,Divorced
1,19,5,5,2,0,11,4,135.89,3,COD,Female,Others,Single
27,17,4,2,3,0,25,6,191.79,3,UPI,Male,Others,Married
9,25,3,2,2,1,18,8,153.95,2,Debit Card,Male,Others,Single
10,17,2,4,1,1,16,7,179.03,3,E Wallet,Male,Mobile Phone,Single
1,9,4,2,2,1,21,4,130.47,1,UPI,Male,Others,Married
2,17,2,3,1,0,26,12,145.23,1,UPI,Male,Laptop & Accessory,Married
4,7,2,2,2,0,23,3,163.01,1,Debit Card,Female,Laptop & Accessory,Married
4,15,3,4,4,0,17,10,127.96,1,Debit Card,Female,Fashion,Married
10,17,2,2,3,1,21,6,190.1,3,Debit Card,Female,Fashion,Divorced
6,20,1,2,3,1,11,0,167.22,1,Debit Card,Female,Grocery,Married
16,24,2,3,3,0,15,4,181.3,1,Debit Card,Male,Laptop & Accessory,Single
0,20,1,1,2,0,22,6,151.28,1,E Wallet,Male,Laptop & Accessory,Married
10,8,3,4,2,0,14,9,166.8,2,UPI,Female,Grocery,Single
23,12,2,2,3,0,16,8,194.3,2,Credit Card,Female,Grocery,Married
5,20,2,2,4,0,24,1,146.45,3,Credit Card,Female,Fashion,Married
8,31,2,2,4,0,15,1,171.42,1,Credit Card,Female,Laptop & Accessory,Divorced
8,12,3,3,2,0,17,6,147.24,1,Debit Card,Female,Fashion,Married
37,16,2,2,1,1,26,30,224.86,3,Debit Card,Female,Mobile Phone,Married
0,6,2,2,1,1,13,4,115.67,2,Debit Card,Male,Fashion,Married
22,7,2,5,1,1,15,6,181.4,2,Credit Card,Female,Fashion,Married
1,18,3,4,2,1,14,8,123.04,1,Credit Card,Female,Mobile Phone,Divorced
2,17,2,2,4,0,21,23,125.05,3,Credit Card,Female,Fashion,Married
0,32,3,3,3,1,20,4,130.45,2,UPI,Male,Grocery,Single
6,23,1,4,3,0,13,3,152.41,2,Debit Card,Female,Mobile Phone,Married
1,17,2,3,4,0,14,19,122.72,1,UPI,Male,Fashion,Single
2,14,4,3,4,1,16,8,158.37,1,E Wallet,Male,Grocery,Married
3,13,4,5,1,0,11,44,141.17,1,Credit Card,Female,Laptop & Accessory,Married
1,27,2,3,4,0,11,9,130.64,1,Credit Card,Male,Laptop & Accessory,Married
17,29,1,5,4,0,19,15,186.29,1,Credit Card,Male,Laptop & Accessory,Married
14,19,5,3,4,0,14,13,179.4,1,Debit Card,Male,Fashion,Married
9,9,5,2,5,1,26,23,157.34,1,E Wallet,Female,Fashion,Married
13,21,5,3,3,0,23,6,185.72,1,E Wallet,Male,Others,Divorced
10,9,2,1,1,0,17,4,169.09,2,Credit Card,Female,Fashion,Single
8,24,5,2,2,0,25,7,137.79,2,UPI,Male,Fashion,Married
8,13,1,3,1,1,15,0,151.93,2,Credit Card,Male,Mobile Phone,Married
9,19,2,3,1,0,25,4,173.62,1,Debit Card,Female,Fashion,Single
8,17,3,3,4,1,26,15,151.34,2,Debit Card,Male,Fashion,Single
36,13,1,2,2,0,21,8,234.32,1,Credit Card,Male,Mobile Phone,Married
9,11,3,5,2,1,16,6,138.52,3,COD,Male,Grocery,Divorced
2,9,3,6,1,0,11,9,140.6,1,E Wallet,Female,Mobile Phone,Married
51,17,3,3,3,0,23,11,255.25,2,Debit Card,Female,Grocery,Single
6,24,4,3,3,0,16,1,145.84,1,Credit Card,Female,Others,Married
50,10,4,2,3,0,24,9,251.91,1,Debit Card,Female,Laptop & Accessory,Married
0,11,3,1,5,0,15,1,113.84,2,COD,Male,Others,Married
7,9,3,4,3,0,20,12,141.34,3,UPI,Female,Laptop & Accessory,Married
5,15,2,2,2,1,12,10,151.7,1,E Wallet,Female,Others,Married
4,20,4,4,1,1,16,5,149.26,1,Debit Card,Male,Grocery,Single
6,23,2,1,1,0,22,8,156.69,2,Credit Card,Female,Laptop & Accessory,Married
12,21,1,3,2,1,20,6,146.43,1,Credit Card,Male,Others,Single
29,19,1,3,2,0,23,1,219.22,1,Credit Card,Male,Laptop & Accessory,Divorced
1,15,4,4,3,0,23,3,123.77,1,Credit Card,Female,Laptop & Accessory,Married
2,15,4,3,5,0,14,9,137.4,1,Debit Card,Female,Grocery,Married
3,9,2,1,2,0,24,3,139.07,3,Credit Card,Female,Mobile Phone,Married
8,28,2,2,5,0,23,3,114.09,1,COD,Male,Fashion,Divorced
9,16,2,3,1,0,11,14,152.03,1,E Wallet,Male,Fashion,Single
26,9,3,3,4,1,12,9,205.72,1,Debit Card,Male,Fashion,Married
5,11,4,3,2,0,15,7,140.82,1,Credit Card,Male,Laptop & Accessory,Divorced
24,20,2,5,3,0,21,10,175.26,2,Credit Card,Male,Others,Married
12,16,2,2,5,0,17,9,157.14,2,UPI,Female,Mobile Phone,Married
19,7,2,5,3,0,15,1,170.62,2,UPI,Female,Mobile Phone,Single
11,21,3,2,1,0,13,11,161.18,1,UPI,Female,Mobile Phone,Divorced
35,12,2,3,4,1,25,14,205.32,3,Debit Card,Male,Others,Single
3,18,1,4,4,0,22,9,130.04,1,Credit Card,Female,Laptop & Accessory,Married
8,13,3,2,2,0,18,4,135.59,2,Credit Card,Male,Laptop & Accessory,Married
6,48,2,1,3,1,20,17,137.62,1,E Wallet,Female,Fashion,Single
6,26,2,1,3,0,14,10,144.91,2,E Wallet,Female,Mobile Phone,Married
4,17,2,5,2,0,21,10,118.75,2,Credit Card,Female,Laptop & Accessory,Married
10,12,3,1,3,1,22,1,164.88,2,Debit Card,Male,Fashion,Married
51,15,2,1,3,0,18,7,244.99,1,UPI,Male,Mobile Phone,Single
1,9,3,4,4,1,20,0,133.05,1,UPI,Female,Laptop & Accessory,Married
0,35,5,3,4,0,21,19,141.38,1,E Wallet,Male,Others,Single
15,6,1,4,3,1,20,5,180.14,3,Debit Card,Male,Mobile Phone,Single
4,16,3,3,2,0,21,5,143.69,1,Debit Card,Male,Laptop & Accessory,Single
0,33,2,2,5,0,23,13,147.39,3,Debit Card,Male,Mobile Phone,Single
31,23,3,5,3,1,13,6,189.74,1,UPI,Male,Mobile Phone,Married
10,16,4,4,4,0,21,4,160.83,1,E Wallet,Female,Grocery,Married
5,17,2,2,2,0,20,7,153.84,1,UPI,Female,Mobile Phone,Single
4,6,3,3,2,0,15,1,158.8,1,E Wallet,Female,Laptop & Accessory,Married
6,15,1,3,2,0,24,9,162.62,1,E Wallet,Male,Mobile Phone,Divorced
4,10,2,2,4,1,14,15,159.31,3,Debit Card,Female,Fashion,Divorced
2,13,3,2,3,0,26,2,118.77,3,Credit Card,Female,Fashion,Single
3,23,3,4,1,1,25,2,148.12,1,E Wallet,Male,Mobile Phone,Single
6,21,4,3,1,0,18,3,130.92,2,Credit Card,Female,Fashion,Married
5,9,4,2,5,0,11,7,116.13,2,Debit Card,Male,Mobile Phone,Single
6,22,3,4,3,0,25,17,141.49,2,Credit Card,Female,Mobile Phone,Married
3,22,5,1,4,0,20,3,137.93,1,Credit Card,Female,Fashion,Divorced
4,19,4,1,4,0,26,7,148.52,2,E Wallet,Male,Laptop & Accessory,Married
8,9,1,1,2,1,13,6,169.07,3,Credit Card,Female,Mobile Phone,Married
31,10,3,2,3,0,18,8,224.36,3,Credit Card,Male,Mobile Phone,Married
5,22,4,4,4,0,19,3,151.09,3,E Wallet,Female,Laptop & Accessory,Single
0,17,3,3,4,1,21,2,133.36,1,Credit Card,Male,Laptop & Accessory,Married
3,9,5,1,5,0,17,4,141.49,3,Credit Card,Female,Mobile Phone,Single
3,12,3,3,3,0,13,12,114.68,1,Debit Card,Male,Fashion,Married
34,12,3,6,5,0,14,2,207.35,2,COD,Female,Mobile Phone,Married
2,17,4,4,4,0,25,10,171.0,1,Credit Card,Female,Fashion,Single
1,19,4,2,3,0,26,5,106.53,2,Credit Card,Male,Fashion,Single
39,27,4,4,3,0,17,3,233.13,3,Debit Card,Male,Fashion,Single
12,13,2,2,1,0,26,15,151.73,2,Debit Card,Male,Mobile Phone,Single
11,24,3,3,2,1,22,11,153.09,2,Credit Card,Male,Mobile Phone,Married
0,21,3,3,3,0,11,8,126.18,1,E Wallet,Male,Fashion,Single
0,11,3,3,3,0,23,7,126.49,2,COD,Male,Fashion,Single
5,18,4,2,2,0,24,5,138.47,3,Debit Card,Male,Grocery,Married
26,11,3,2,5,0,13,6,206.92,2,Credit Card,Male,Mobile Phone,Single
15,12,2,2,4,0,14,8,176.9,3,E Wallet,Male,Laptop & Accessory,Married
13,13,5,1,2,1,12,18,198.24,3,UPI,Male,Laptop & Accessory,Married
23,18,1,3,2,0,24,10,213.4,1,COD,Male,Grocery,Married
19,19,2,4,3,0,12,4,187.78,1,Credit Card,Male,Grocery,Single
11,6,4,3,4,0,11,6,130.95,2,Debit Card,Female,Laptop & Accessory,Married
61,16,2,3,3,1,13,5,302.41,3,COD,Male,Laptop & Accessory,Single
12,19,3,3,2,0,24,9,166.05,3,Credit Card,Female,Others,Married
22,10,3,4,3,1,21,8,203.22,2,Debit Card,Male,Fashion,Married
4,9,1,3,3,0,17,5,139.79,3,COD,Female,Laptop & Accessory,Single
57,10,2,3,1,0,23,9,279.8,3,Debit Card,Female,Laptop & Accessory,Divorced
7,14,2,3,1,0,17,12,135.16,1,UPI,Male,Fashion,Single
20,21,3,5,2,1,26,1,149.35,1,Debit Card,Male,Fashion,Married
39,7,1,2,1,0,18,0,245.52,2,Debit Card,Male,Laptop & Accessory,Married
11,18,3,2,5,1,20,3,154.09,3,UPI,Male,Laptop & Accessory,Single
2,18,1,3,2,1,25,7,155.16,3,E Wallet,Male,Mobile Phone,Single
5,11,3,2,4,0,19,7,136.61,2,E Wallet,Male,Mobile Phone,Married
7,8,3,4,4,1,14,10,178.12,3,Debit Card,Female,Laptop & Accessory,Married
9,43,5,5,4,0,18,5,143.15,3,Credit Card,Female,Laptop & Accessory,Married
4,13,4,5,1,0,25,6,139.56,1,UPI,Male,Grocery,Single
1,11,3,1,4,0,12,2,143.21,1,Debit Card,Male,Mobile Phone,Single
10,14,3,2,2,0,15,10,139.95,2,Debit Card,Male,Fashion,Married
4,46,3,1,1,0,17,9,139.66,1,Debit Card,Female,Fashion,Married
25,17,4,4,2,1,15,17,208.59,2,Credit Card,Female,Grocery,Divorced
1,11,2,2,3,0,18,8,128.79,1,UPI,Female,Fashion,Married
8,7,1,3,4,0,23,3,163.72,3,Debit Card,Female,Mobile Phone,Single
6,21,4,2,4,1,24,9,141.34,1,Debit Card,Male,Others,Married
11,18,4,6,2,0,19,3,160.09,1,Debit Card,Male,Grocery,Single
16,21,3,3,3,1,24,11,150.29,3,Credit Card,Female,Fashion,Single
4,12,4,5,2,0,13,19,163.81,3,E Wallet,Female,Mobile Phone,Single
3,17,3,4,5,0,17,5,104.49,2,COD,Male,Laptop & Accessory,Married
6,8,4,4,2,0,16,5,140.24,3,COD,Male,Others,Married
7,10,2,4,3,0,20,4,136.29,3,Credit Card,Male,Fashion,Single
7,8,3,4,4,0,17,8,115.27,2,Credit Card,Female,Others,Single
4,14,4,3,4,0,16,7,131.84,2,Debit Card,Male,Laptop & Accessory,Single
5,7,2,3,4,0,26,4,126.18,2,UPI,Male,Grocery,Single
26,12,3,4,3,0,22,10,209.63,3,UPI,Female,Grocery,Married
32,22,2,2,3,0,17,23,202.1,1,Debit Card,Female,Fashion,Single
1,8,2,6,2,1,11,1,139.5,1,Credit Card,Female,Laptop & Accessory,Single
11,9,3,3,3,0,14,5,127.39,2,Debit Card,Male,Grocery,Single
0,23,3,3,4,1,17,14,134.4,2,Credit Card,Male,Mobile Phone,Single
29,9,3,2,4,0,20,3,202.13,2,COD,Female,Mobile Phone,Married
4,14,3,2,4,0,13,11,142.27,1,Debit Card,Male,Laptop & Accessory,Married
1,10,3,1,3,1,13,4,146.67,3,Debit Card,Male,Fashion,Single
15,12,4,2,4,0,24,3,152.76,3,Credit Card,Male,Mobile Phone,Divorced
8,9,3,3,2,0,22,8,150.38,1,Debit Card,Male,Grocery,Single
2,14,3,4,3,0,26,10,107.33,3,Debit Card,Male,Fashion,Married
6,13,4,3,2,0,13,10,116.63,2,COD,Female,Mobile Phone,Married
9,14,4,5,5,0,16,11,167.05,3,Debit Card,Male,Laptop & Accessory,Single
2,23,2,6,2,1,26,7,162.26,3,E Wallet,Male,Grocery,Married
9,25,2,4,4,1,13,10,143.15,2,Debit Card,Female,Others,Married
1,24,3,4,3,0,23,2,150.74,2,Debit Card,Female,Fashion,Divorced
7,16,5,3,5,1,23,9,123.31,3,UPI,Male,Fashion,Single
2,13,5,3,3,1,25,8,165.39,3,Credit Card,Male,Laptop & Accessory,Divorced
9,10,3,4,3,0,21,18,145.0,1,Debit Card,Male,Laptop & Accessory,Married
4,25,2,3,1,0,21,18,144.47,2,Credit Card,Female,Mobile Phone,Divorced
1,12,4,3,4,0,13,1,148.19,2,UPI,Female,Fashion,Married
1,10,3,3,3,0,13,1,134.6,1,Credit Card,Female,Laptop & Accessory,Married
8,20,4,5,1,0,15,6,113.51,1,Debit Card,Male,Others,Single
3,19,2,3,2,0,12,3,118.95,1,Credit Card,Male,Others,Divorced
44,34,3,3,3,0,25,8,250.95,3,Debit Card,Male,Laptop & Accessory,Married
7,31,2,2,4,0,17,3,155.2,2,Credit Card,Male,Laptop & Accessory,Married
19,11,1,1,3,0,16,10,170.24,1,Debit Card,Male,Fashion,Married
2,18,5,1,3,1,26,7,124.16,2,Credit Card,Female,Laptop & Accessory,Married
7,28,3,3,5,0,22,1,146.81,1,Debit Card,Male,Fashion,Married
27,21,3,4,1,1,23,2,202.27,3,UPI,Male,Mobile Phone,Single
11,34,4,4,4,1,16,9,149.36,3,COD,Female,Laptop & Accessory,Married
3,10,4,1,2,0,13,4,142.93,3,UPI,Female,Fashion,Single
12,16,2,3,5,0,23,4,180.37,2,E Wallet,Female,Laptop & Accessory,Divorced
18,24,2,3,2,1,24,2,189.04,1,Credit Card,Male,Mobile Phone,Married
9,7,2,3,1,0,18,7,126.15,3,Debit Card,Male,Grocery,Married
13,16,2,2,1,0,22,21,148.12,1,Credit Card,Male,Fashion,Single
4,10,4,4,5,0,22,3,153.03,3,E Wallet,Female,Mobile Phone,Married
5,17,4,3,3,1,11,12,134.58,1,Debit Card,Male,Grocery,Married
1,18,2,1,5,1,20,8,104.88,1,COD,Male,Fashion,Married
29,17,1,2,3,0,15,7,217.87,3,COD,Male,Others,Single
21,9,1,3,4,1,16,16,177.32,1,Debit Card,Female,Grocery,Married
6,23,3,2,5,0,12,2,137.63,2,Credit Card,Female,Laptop & Accessory,Married
2,13,3,3,4,0,25,1,155.08,3,COD,Male,Others,Divorced
11,12,2,4,1,1,14,11,175.2,2,E Wallet,Male,Mobile Phone,Married
15,26,3,4,5,0,16,4,153.93,1,Credit Card,Female,Grocery,Single
34,23,1,2,5,0,18,11,228.43,1,Credit Card,Male,Mobile Phone,Married
13,19,2,2,3,0,12,24,157.32,1,Credit Card,Female,Fashion,Married
0,22,4,4,2,0,11,9,152.05,1,Credit Card,Female,Fashion,Married
3,6,4,3,3,0,19,3,123.85,1,COD,Male,Laptop & Accessory,Divorced
0,21,4,3,5,0,20,2,141.38,1,Credit Card,Male,Mobile Phone,Divorced
1,24,3,2,3,0,21,10,134.53,1,COD,Female,Mobile Phone,Married
17,20,2,4,4,0,24,5,189.83,1,Credit Card,Female,Mobile Phone,Married
2,12,5,4,1,0,12,4,140.76,3,Credit Card,Male,Grocery,Single
13,31,2,4,4,1,19,9,166.36,1,Credit Card,Female,Laptop & Accessory,Married
31,10,4,1,4,0,11,21,230.55,2,Credit Card,Female,Fashion,Married
9,15,2,2,3,0,18,3,141.09,1,Credit Card,Male,Fashion,Married
0,11,5,3,5,1,11,16,139.13,3,Credit Card,Female,Mobile Phone,Married
2,20,4,3,3,1,11,9,112.0,3,Debit Card,Female,Mobile Phone,Married
46,11,3,2,4,1,23,4,286.23,1,Credit Card,Female,Others,Married
11,10,2,4,2,0,22,8,158.17,1,UPI,Male,Fashion,Married
24,13,1,4,1,0,22,3,192.67,3,Credit Card,Male,Laptop & Accessory,Single
4,15,4,2,3,1,20,16,133.32,2,Debit Card,Male,Fashion,Married
6,11,3,3,4,1,21,15,125.91,1,E Wallet,Male,Mobile Phone,Married
0,12,2,4,4,0,25,6,150.07,2,COD,Male,Grocery,Divorced
22,19,2,2,4,1,11,4,204.89,1,Debit Card,Male,Laptop & Accessory,Married
22,16,2,3,3,1,21,1,177.14,1,Credit Card,Male,Fashion,Single
0,7,3,1,2,0,14,6,124.47,1,Debit Card,Male,Fashion,Divorced
3,25,2,3,2,0,24,9,136.39,2,Credit Card,Female,Others,Single
1,15,3,3,3,0,11,7,110.97,1,E Wallet,Male,Fashion,Single
19,11,3,2,2,0,24,4,156.65,3,Credit Card,Female,Fashion,Married
10,26,3,2,5,0,24,10,140.36,2,Credit Card,Male,Laptop & Accessory,Divorced
1,43,3,2,3,0,19,1,127.75,3,Credit Card,Male,Laptop & Accessory,Married
16,15,2,3,1,0,24,5,163.23,3,Credit Card,Male,Mobile Phone,Married
16,8,3,4,1,0,22,11,165.47,3,COD,Male,Laptop & Accessory,Divorced
8,23,3,4,3,1,17,3,160.86,2,E Wallet,Female,Others,Single
5,14,4,3,1,0,20,14,178.0,2,Debit Card,Male,Mobile Phone,Single
11,15,2,2,3,0,14,2,168.65,3,E Wallet,Female,Fashion,Married
3,24,5,5,4,1,12,2,152.26,2,UPI,Female,Others,Married
11,16,1,4,4,0,12,3,181.52,3,Debit Card,Male,Grocery,Divorced
4,25,5,4,1,0,24,6,160.79,2,Credit Card,Female,Grocery,Married
10,25,2,4,4,0,12,4,143.17,1,E Wallet,Male,Laptop & Accessory,Single
3,23,4,2,4,1,18,2,136.17,3,Credit Card,Male,Fashion,Married
12,15,2,1,2,0,22,11,146.73,2,Credit Card,Female,Grocery,Single
14,21,4,5,5,1,12,6,156.18,1,Debit Card,Female,Laptop & Accessory,Married
3,28,4,1,4,1,14,6,138.17,2,Debit Card,Female,Others,Single
0,14,1,3,3,0,14,4,141.19,2,Debit Card,Male,Mobile Phone,Married
14,10,4,1,5,0,13,0,146.1,1,E Wallet,Female,Fashion,Single
19,9,2,3,4,0,24,7,170.67,3,E Wallet,Male,Laptop & Accessory,Single
1,22,1,3,4,1,23,5,108.08,2,Debit Card,Female,Mobile Phone,Married
0,7,3,3,1,0,14,2,155.53,1,COD,Male,Laptop & Accessory,Married
3,13,3,1,5,0,15,12,168.56,2,COD,Male,Mobile Phone,Divorced
6,14,2,4,2,0,22,11,137.76,3,Debit Card,Male,Laptop & Accessory,Married
1,12,2,4,3,0,20,8,164.85,3,Credit Card,Male,Fashion,Married
28,30,2,2,3,0,21,17,197.84,2,Debit Card,Male,Grocery,Divorced
1,29,5,3,5,1,12,2,147.9,1,Credit Card,Male,Others,Married
16,20,3,3,5,0,22,15,174.6,3,Debit Card,Female,Laptop & Accessory,Single
4,20,4,2,2,1,11,8,153.71,2,Credit Card,Male,Mobile Phone,Married
1,17,2,4,4,0,11,12,106.23,3,Credit Card,Male,Mobile Phone,Divorced
5,24,4,3,2,0,26,5,149.78,3,Credit Card,Female,Mobile Phone,Married
9,22,2,1,1,1,13,5,155.02,1,Credit Card,Male,Fashion,Married
7,18,1,5,5,1,15,7,158.45,2,COD,Male,Grocery,Married
9,28,5,2,2,0,14,6,147.89,1,E Wallet,Male,Laptop & Accessory,Married
14,9,1,1,3,0,13,4,192.84,2,Credit Card,Male,Fashion,Married
0,11,5,3,2,0,15,5,134.93,3,Credit Card,Male,Laptop & Accessory,Married
15,11,2,1,1,0,11,9,178.43,1,Credit Card,Male,Fashion,Married
1,16,1,2,3,0,18,4,120.06,1,Debit Card,Female,Laptop & Accessory,Single
14,17,3,2,4,1,20,11,168.13,3,E Wallet,Female,Laptop & Accessory,Married
0,33,3,4,3,0,15,11,144.38,1,COD,Female,Grocery,Divorced
2,14,2,3,2,1,12,2,123.73,1,Credit Card,Female,Grocery,Divorced
7,16,3,3,3,0,26,1,183.03,1,COD,Male,Mobile Phone,Married
18,17,3,2,1,0,23,7,165.11,1,Credit Card,Male,Mobile Phone,Married
0,23,2,2,4,0,11,7,134.09,2,Credit Card,Male,Mobile Phone,Married
3,10,3,5,1,0,17,9,143.6,1,COD,Male,Fashion,Married
2,20,3,3,2,0,16,6,159.61,1,Debit Card,Male,Mobile Phone,Married
7,24,2,4,1,1,12,19,147.02,1,Credit Card,Female,Laptop & Accessory,Divorced
9,15,3,2,3,0,18,10,187.26,3,Credit Card,Female,Others,Married
8,16,3,2,2,1,18,7,158.48,2,COD,Male,Grocery,Divorced
7,15,4,3,3,1,26,5,138.41,1,Debit Card,Female,Fashion,Divorced
1,9,4,5,2,0,16,7,148.12,1,E Wallet,Male,Mobile Phone,Married
2,20,4,2,1,0,21,4,144.86,1,Debit Card,Female,Laptop & Accessory,Married
1,8,2,3,5,0,22,6,166.76,1,UPI,Female,Laptop & Accessory,Divorced
0,7,2,2,4,0,24,4,131.65,3,COD,Male,Fashion,Single
9,12,4,1,3,0,11,4,169.79,1,E Wallet,Male,Laptop & Accessory,Married
10,18,1,5,5,0,26,5,147.61,2,Debit Card,Male,Mobile Phone,Married
23,14,2,2,3,0,25,9,182.95,3,COD,Female,Others,Single
1,13,4,4,3,1,26,0,139.23,1,Credit Card,Male,Grocery,Divorced
3,20,4,3,1,0,18,9,166.34,3,COD,Female,Others,Married
0,21,5,2,4,0,20,18,150.16,1,COD,Male,Laptop & Accessory,Single
21,9,2,3,3,0,19,8,204.87,2,Credit Card,Male,Mobile Phone,Married
7,15,3,1,2,0,24,7,165.67,1,Credit Card,Male,Fashion,Married
10,16,3,3,1,0,23,6,170.94,2,Debit Card,Male,Grocery,Single
11,18,3,2,3,0,25,9,134.5,1,E Wallet,Male,Mobile Phone,Single
1,12,4,3,2,1,20,6,119.01,2,UPI,Male,Fashion,Divorced
2,21,4,2,3,1,22,7,163.27,3,E Wallet,Female,Laptop & Accessory,Married
12,20,2,4,1,0,21,13,166.54,2,COD,Female,Mobile Phone,Divorced
1,8,4,3,3,0,21,3,110.68,2,Debit Card,Female,Mobile Phone,Married
5,11,1,3,4,1,14,1,117.89,1,Debit Card,Female,Grocery,Married
5,9,1,2,3,0,12,3,122.51,1,Credit Card,Female,Mobile Phone,Married
2,7,1,5,1,0,15,5,142.79,2,Debit Card,Female,Fashion,Married
0,8,2,2,4,0,13,2,149.92,2,Debit Card,Male,Laptop & Accessory,Married
5,10,3,3,2,0,21,6,137.66,3,E Wallet,Female,Mobile Phone,Married
10,12,4,3,3,1,15,16,138.28,1,Debit Card,Female,Mobile Phone,Single
13,18,2,2,3,0,18,5,169.54,2,E Wallet,Male,Laptop & Accessory,Divorced
19,15,4,3,2,1,26,12,191.05,2,E Wallet,Male,Fashion,Married
5,18,2,1,4,0,15,6,166.76,2,Debit Card,Female,Fashion,Single
35,12,5,3,5,0,25,3,226.56,3,Credit Card,Female,Fashion,Married
3,15,2,3,5,1,15,10,135.13,1,E Wallet,Female,Mobile Phone,Divorced
0,14,3,4,2,0,23,6,130.85,2,COD,Female,Laptop & Accessory,Married
10,20,2,5,2,0,24,9,158.26,1,Debit Card,Female,Mobile Phone,Divorced
8,10,4,2,4,0,16,4,178.73,1,COD,Female,Laptop & Accessory,Divorced
20,18,2,3,3,0,16,9,208.86,2,Debit Card,Female,Laptop & Accessory,Married
4,15,1,1,3,1,17,4,164.46,2,E Wallet,Female,Grocery,Married
3,11,4,3,3,0,16,3,139.61,2,E Wallet,Female,Fashion,Married
1,15,4,2,3,0,20,4,155.99,3,COD,Male,Laptop & Accessory,Married
4,19,5,3,2,1,15,23,167.06,2,Debit Card,Female,Mobile Phone,Married
28,19,3,2,5,1,24,13,213.65,2,Debit Card,Female,Others,Single
1,13,5,2,1,0,22,6,144.69,3,COD,Male,Fashion,Married
3,17,3,5,2,0,14,5,137.1,1,COD,Male,Laptop & Accessory,Married
7,24,2,3,2,1,13,11,148.52,2,COD,Male,Grocery,Single
5,15,2,2,3,1,21,16,148.1,3,Credit Card,Male,Laptop & Accessory,Married
2,8,4,4,3,1,25,10,110.09,3,COD,Female,Mobile Phone,Single
0,10,3,2,2,0,11,2,141.26,2,E Wallet,Female,Fashion,Married
5,34,2,1,5,0,11,6,144.45,2,Credit Card,Male,Fashion,Married
18,30,4,2,4,0,17,3,177.23,2,Credit Card,Male,Laptop & Accessory,Single
9,14,4,3,3,0,13,16,146.01,3,UPI,Male,Fashion,Single
14,16,3,3,3,1,19,10,164.91,1,Debit Card,Female,Mobile Phone,Married
16,11,4,2,2,0,26,2,170.85,3,Debit Card,Female,Others,Married
4,15,2,6,2,0,17,6,126.42,2,UPI,Male,Mobile Phone,Single
61,11,1,3,2,0,21,8,276.08,3,Debit Card,Male,Others,Married
0,14,2,1,4,0,11,2,144.53,3,E Wallet,Male,Laptop & Accessory,Divorced
3,17,2,2,2,0,21,9,121.08,1,Debit Card,Male,Others,Divorced
2,12,1,1,1,0,11,24,121.33,1,Debit Card,Male,Fashion,Married
25,8,2,3,3,0,25,6,203.59,1,E Wallet,Female,Fashion,Married
3,17,2,2,5,0,25,3,159.29,3,Debit Card,Male,Fashion,Single
16,11,4,3,2,0,15,5,196.54,2,Debit Card,Male,Fashion,Single
27,9,2,4,2,0,15,5,196.07,1,E Wallet,Female,Mobile Phone,Married
6,10,4,3,3,0,20,16,133.71,2,Debit Card,Male,Laptop & Accessory,Married
1,44,1,4,2,0,13,5,128.3,1,E Wallet,Female,Fashion,Married
3,21,2,2,3,0,17,4,153.04,3,Debit Card,Female,Laptop & Accessory,Married
6,25,4,4,4,0,26,5,175.7,2,E Wallet,Female,Laptop & Accessory,Divorced
14,11,4,4,3,0,12,5,163.63,3,Credit Card,Male,Mobile Phone,Married
0,15,3,5,2,0,18,5,130.25,1,E Wallet,Male,Laptop & Accessory,Single
5,9,3,2,4,0,17,12,155.52,2,COD,Female,Laptop & Accessory,Single
14,24,4,3,5,0,25,2,127.31,1,COD,Male,Mobile Phone,Divorced
15,20,1,4,3,1,19,5,169.21,3,Debit Card,Female,Fashion,Single
9,16,4,1,2,0,23,3,141.55,1,UPI,Female,Fashion,Married
0,17,2,3,2,0,23,3,139.38,2,Debit Card,Female,Fashion,Single
1,8,3,4,3,0,24,2,152.98,1,Credit Card,Male,Mobile Phone,Single
7,9,2,2,4,0,19,11,138.49,3,E Wallet,Male,Laptop & Accessory,Married
7,17,3,2,5,1,25,21,140.28,2,Credit Card,Male,Fashion,Single
0,11,2,4,2,1,20,10,118.57,3,E Wallet,Male,Grocery,Married
27,25,4,4,2,0,17,7,200.38,2,Credit Card,Female,Fashion,Married
1,7,4,3,3,0,12,5,146.4,1,Debit Card,Female,Laptop & Accessory,Married
9,15,4,1,1,0,25,7,122.43,1,Debit Card,Female,Grocery,Married
9,42,3,3,4,0,23,1,131.31,3,UPI,Male,Laptop & Accessory,Single
5,9,3,4,3,0,24,8,174.53,1,E Wallet,Male,Laptop & Accessory,Married
12,20,4,4,1,0,16,4,154.6,3,Debit Card,Male,Laptop & Accessory,Married
0,13,2,1,3,1,21,4,132.71,1,Credit Card,Female,Fashion,Married
9,12,2,2,2,0,18,8,180.05,1,E Wallet,Male,Grocery,Single
2,25,2,5,2,1,26,7,139.06,1,Debit Card,Female,Grocery,Married
18,16,4,3,5,0,17,9,176.3,1,Debit Card,Male,Fashion,Single
15,19,3,1,3,0,24,13,158.46,2,Debit Card,Male,Laptop & Accessory,Single
0,11,4,3,5,1,22,14,140.22,3,Debit Card,Male,Laptop & Accessory,Married
6,22,2,3,3,0,11,3,166.78,1,Debit Card,Male,Others,Married
0,43,3,3,1,1,19,6,148.84,3,UPI,Female,Fashion,Single
2,13,4,3,4,0,11,19,136.66,2,Debit Card,Male,Mobile Phone,Single
10,23,2,3,3,0,26,11,160.22,3,E Wallet,Male,Mobile Phone,Divorced
9,22,1,5,5,0,17,12,170.05,1,Debit Card,Female,Fashion,Divorced
29,11,2,2,2,0,13,5,199.7,1,Credit Card,Male,Mobile Phone,Divorced
22,11,3,3,4,1,18,1,201.92,1,Debit Card,Female,Fashion,Single
30,12,2,4,2,1,21,5,203.77,2,E Wallet,Male,Grocery,Married
4,15,3,3,3,0,25,18,134.2,2,COD,Male,Grocery,Divorced
18,18,2,3,4,1,21,9,192.39,1,Debit Card,Male,Fashion,Single
4,33,2,4,5,0,22,9,169.21,3,E Wallet,Female,Fashion,Married
8,8,2,3,5,0,23,12,147.54,1,Credit Card,Male,Mobile Phone,Married
3,10,4,3,1,0,12,3,140.08,2,COD,Male,Laptop & Accessory,Married
15,25,4,3,1,0,20,2,179.3,1,E Wallet,Female,Laptop & Accessory,Single
5,22,1,3,1,0,18,5,109.11,2,Credit Card,Male,Laptop & Accessory,Single
1,7,3,5,2,1,14,7,135.4,2,COD,Male,Fashion,Married
3,9,2,5,4,0,14,15,121.82,1,Debit Card,Male,Mobile Phone,Married
23,24,2,3,2,0,18,7,207.22,1,Debit Card,Male,Laptop & Accessory,Single
6,8,3,2,2,0,12,3,138.61,3,UPI,Female,Laptop & Accessory,Married
24,14,4,2,3,1,18,20,196.92,3,COD,Female,Laptop & Accessory,Married
13,9,4,5,1,1,23,15,159.14,3,Credit Card,Male,Mobile Phone,Single
22,22,1,2,1,0,20,15,190.61,1,UPI,Female,Mobile Phone,Divorced
10,17,3,2,5,0,20,3,160.6,3,Credit Card,Male,Laptop & Accessory,Single
40,12,3,2,1,0,17,2,228.48,3,COD,Male,Laptop & Accessory,Married
2,16,4,1,5,0,17,1,121.72,1,Credit Card,Male,Others,Married
8,7,2,1,2,0,12,3,150.88,2,Credit Card,Male,Mobile Phone,Divorced
24,15,4,4,4,1,15,7,194.48,1,E Wallet,Female,Fashion,Single
22,19,2,3,3,0,11,6,212.89,1,Debit Card,Male,Mobile Phone,Divorced
0,13,2,2,3,1,15,16,139.28,3,E Wallet,Female,Fashion,Married
13,6,2,4,3,0,21,8,178.09,3,Credit Card,Male,Laptop & Accessory,Divorced
34,16,4,2,3,1,17,1,235.65,2,Debit Card,Male,Laptop & Accessory,Married
16,10,3,3,4,0,15,3,173.12,2,Debit Card,Male,Fashion,Divorced
1,10,3,1,2,0,18,2,163.16,2,Credit Card,Female,Fashion,Single
7,26,4,2,3,1,22,10,170.71,2,Debit Card,Male,Grocery,Married
2,27,1,4,5,1,13,6,153.7,2,E Wallet,Male,Others,Single
4,36,3,5,1,1,20,2,144.66,2,Debit Card,Female,Others,Married
1,8,2,3,4,1,20,2,143.07,1,COD,Female,Fashion,Single
10,10,2,2,5,1,13,9,182.57,3,Debit Card,Male,Others,Married
17,18,2,4,1,0,23,5,186.93,1,Debit Card,Male,Laptop & Accessory,Single
17,25,3,2,2,0,26,5,187.35,1,Credit Card,Male,Others,Married
32,12,3,4,3,0,11,20,216.32,3,Credit Card,Female,Fashion,Single
6,24,3,3,4,0,15,5,138.32,3,Credit Card,Female,Others,Single
2,11,2,2,3,0,19,5,139.13,1,E Wallet,Male,Grocery,Divorced
0,18,5,5,5,1,14,12,100.93,2,Credit Card,Male,Laptop & Accessory,Married
2,18,4,4,5,0,24,15,143.08,1,COD,Male,Laptop & Accessory,Married
14,10,4,3,3,0,25,8,167.94,1,Credit Card,Male,Laptop & Accessory,Married
4,11,2,3,4,0,24,5,121.35,2,Debit Card,Female,Fashion,Married
2,21,4,3,2,0,12,15,122.1,2,COD,Female,Grocery,Married
1,12,3,3,3,0,20,1,136.23,3,Credit Card,Female,Mobile Phone,Divorced
14,24,1,3,4,0,13,17,168.21,1,Credit Card,Female,Mobile Phone,Married
1,26,3,1,4,0,18,1,122.89,2,Credit Card,Female,Mobile Phone,Single
31,16,4,3,3,0,13,14,203.79,1,Credit Card,Female,Fashion,Married
42,8,4,3,1,0,24,5,249.08,2,Credit Card,Male,Others,Married
12,10,2,4,2,1,14,15,170.56,3,UPI,Female,Laptop & Accessory,Single
44,12,3,2,3,0,11,5,266.55,3,Credit Card,Male,Laptop & Accessory,Married
6,21,4,4,2,0,14,1,149.06,3,E Wallet,Female,Laptop & Accessory,Married
12,12,2,4,3,0,18,2,166.22,1,COD,Female,Grocery,Married
0,16,3,1,2,1,17,1,126.42,1,Credit Card,Female,Laptop & Accessory,Single
1,15,4,4,2,1,12,13,134.07,3,Credit Card,Female,Grocery,Married
10,12,1,5,1,0,21,14,164.59,1,Credit Card,Male,Mobile Phone,Married
3,11,3,3,1,0,18,1,150.17,1,Debit Card,Male,Mobile Phone,Married
3,10,5,3,5,0,24,7,128.06,2,UPI,Female,Laptop & Accessory,Single
21,15,2,3,2,0,19,14,181.74,1,E Wallet,Male,Fashion,Single
2,22,2,2,1,0,23,4,89.92,1,Credit Card,Male,Laptop & Accessory,Married
0,22,3,3,2,1,25,2,142.15,1,Credit Card,Female,Laptop & Accessory,Married
5,22,3,4,4,0,23,3,139.17,2,Credit Card,Female,Laptop & Accessory,Married
21,19,2,2,2,0,14,7,168.62,2,Debit Card,Female,Mobile Phone,Single
2,11,3,3,3,1,14,4,139.83,1,Credit Card,Male,Laptop & Accessory,Married
2,26,4,1,5,0,19,7,132.82,3,Debit Card,Male,Others,Single
8,10,3,4,5,1,17,4,146.45,3,Debit Card,Male,Laptop & Accessory,Single
18,16,2,3,3,0,25,15,193.2,2,Debit Card,Male,Fashion,Married
59,17,1,2,3,0,14,1,253.36,3,E Wallet,Male,Mobile Phone,Married
2,17,2,3,4,0,26,7,144.8,3,Credit Card,Female,Fashion,Married
15,24,4,1,4,1,13,8,161.8,3,Credit Card,Male,Fashion,Married
15,9,5,3,4,0,20,5,147.37,1,Credit Card,Female,Laptop & Accessory,Single
5,18,4,3,3,1,23,22,147.59,2,Debit Card,Female,Laptop & Accessory,Single
5,9,2,1,3,1,17,11,110.53,3,E Wallet,Male,Fashion,Married
4,24,1,4,3,0,12,3,134.74,1,E Wallet,Female,Mobile Phone,Married
21,15,4,3,2,0,11,11,185.9,3,COD,Male,Mobile Phone,Married
8,13,2,2,2,0,11,0,164.76,1,Debit Card,Male,Fashion,Single
31,6,2,2,3,0,23,6,212.25,1,Debit Card,Male,Laptop & Accessory,Single
11,15,3,1,5,1,24,2,165.26,1,Debit Card,Male,Laptop & Accessory,Married
7,12,1,2,2,1,19,7,184.76,1,Credit Card,Male,Fashion,Single
18,8,3,2,1,1,20,10,166.98,2,Credit Card,Male,Mobile Phone,Married
0,8,2,4,3,0,18,2,144.02,2,E Wallet,Male,Fashion,Married
9,15,3,4,4,0,18,7,126.84,3,Credit Card,Female,Mobile Phone,Divorced
2,20,4,3,3,0,18,9,124.19,1,E Wallet,Male,Mobile Phone,Single
