CustomerID,Tenure,PreferredLoginDevice,CityTier,WarehouseToHome,PreferredPaymentMode,Gender,HourSpendOnApp,NumberOfDeviceRegistered,PreferedOrderCat,SatisfactionScore,MaritalStatus,NumberOfAddress,Complain,OrderAmountHikeFromlastYear,CouponUsed,OrderCount,DaySinceLastOrder,CashBackAmount,Churn
50001,5,Mobile Phone,3,12,UPI,Male,2,3,Fashion,4,Married,2,0,15,0,1,3,145.58,0
50002,36,Mobile Phone,1,36,Credit Card,Female,2,3,Fashion,3,Single,2,0,14,1,3,3,210.05,0
50003,15,Mobile Phone,1,30,Credit Card,Male,3,3,Fashion,4,Single,1,0,25,1,2,5,164.88,0
50004,10,Computer,2,21,UPI,Female,4,1,Laptop & Accessory,5,Single,1,0,19,3,7,12,176.56,0
50005,2,Mobile Phone,2,9,Debit Card,Female,3,2,Laptop & Accessory,1,Single,2,0,20,2,3,6,149.37,0
50006,2,Computer,3,24,Debit Card,Male,4,2,Laptop & Accessory,2,Married,1,0,15,0,1,5,132.06,0
50007,0,Mobile Phone,3,24,COD,Male,4,3,Laptop & Accessory,3,Single,3,0,19,3,4,6,156.47,1
50008,24,Computer,1,13,Credit Card,Male,4,2,Mobile Phone,4,Married,3,1,20,4,5,16,179.79,0
50009,11,Computer,3,9,Debit Card,Female,2,3,Laptop & Accessory,3,Married,5,0,14,2,4,9,160.62,1
50010,14,Computer,1,23,Debit Card,Male,2,3,Mobile Phone,2,Single,1,0,20,1,3,11,150.72,1
50011,0,Computer,2,32,UPI,Male,3,3,Grocery,3,Single,4,1,20,1,5,4,130.45,1
50012,42,Computer,1,11,Credit Card,Female,3,3,Fashion,3,Married,6,0,19,2,6,11,226.99,0
50013,21,Phone,1,20,Debit Card,Male,2,3,Fashion,1,Divorced,3,0,20,3,7,3,190.81,0
50014,2,Mobile Phone,1,11,UPI,Female,2,3,Fashion,3,Married,5,0,23,4,8,1,122.43,0
50015,2,Mobile Phone,1,11,Credit Card,Male,3,3,Fashion,3,Divorced,3,0,17,0,3,14,146.39,0
50016,2,Mobile Phone,3,17,COD,Female,3,1,Laptop & Accessory,5,Single,4,0,21,0,3,5,140.91,1
50017,4,Mobile Phone,3,11,Debit Card,Male,2,3,Fashion,4,Married,1,0,24,1,2,12,128.12,1
50018,8,Mobile Phone,3,15,Credit Card,Female,3,2,Fashion,3,Single,1,1,19,1,5,1,154.31,0
50019,6,Mobile Phone,2,25,Debit Card,Female,3,1,Fashion,5,Single,1,0,14,0,3,4,151.31,0
50020,4,Mobile Phone,1,8,Credit Card,Female,2,1,Fashion,4,Single,6,0,20,1,2,10,137.75,0
50021,11,Mobile Phone,1,21,Debit Card,Male,4,2,Others,2,Divorced,3,0,26,2,5,0,148.53,0
50022,1,Mobile Phone,1,16,Credit Card,Female,1,3,Fashion,3,Married,2,0,23,0,1,3,125.17,0
50023,4,Phone,1,18,Debit Card,Female,3,3,Others,4,Married,3,0,17,4,6,4,148.84,0
50024,5,Mobile Phone,2,16,Debit Card,Female,5,4,Mobile Phone,4,Single,1,0,13,3,4,2,144.31,0
50025,7,Computer,2,26,COD,Male,2,3,Laptop & Accessory,2,Married,4,0,20,1,5,14,136.01,0
50026,18,Mobile Phone,1,18,Debit Card,Male,2,3,Fashion,4,Single,2,1,21,3,7,9,192.39,1
50027,2,Phone,1,13,Credit Card,Male,2,1,Others,4,Divorced,2,0,13,1,3,10,124.72,0
50028,8,Computer,1,16,E Wallet,Male,2,2,Fashion,1,Married,2,0,26,1,3,1,148.73,0
50029,10,Computer,1,13,E Wallet,Female,2,3,Others,2,Single,2,1,20,0,4,4,132.72,1
50030,0,Computer,1,11,E Wallet,Male,4,2,Laptop & Accessory,3,Divorced,4,0,20,2,3,7,136.24,0
50031,11,Mobile Phone,3,24,E Wallet,Male,2,3,Laptop & Accessory,3,Single,3,0,13,1,2,3,142.83,1
50032,2,Phone,1,13,COD,Female,1,3,Laptop & Accessory,1,Single,3,0,13,2,5,5,148.64,1
50033,0,Computer,3,8,E Wallet,Male,4,2,Mobile Phone,1,Married,2,0,20,1,3,4,150.89,0
50034,35,Computer,1,18,UPI,Male,3,3,Laptop & Accessory,5,Married,4,0,23,2,3,1,226.02,0
50035,40,Computer,1,13,Credit Card,Male,3,2,Others,2,Single,9,1,14,0,1,2,193.89,1
50036,19,Mobile Phone,3,29,E Wallet,Male,2,4,Fashion,3,Married,3,1,20,0,2,18,167.36,1
50037,4,Computer,2,19,Credit Card,Female,4,1,Laptop & Accessory,3,Single,3,0,20,3,5,17,151.82,0
50038,1,Mobile Phone,1,28,Debit Card,Female,2,1,Laptop & Accessory,1,Single,1,0,22,1,2,7,108.8,0
50039,13,Computer,3,21,Credit Card,Male,3,4,Fashion,1,Married,1,0,12,2,3,10,172.37,1
50040,6,Mobile Phone,1,24,Credit Card,Female,4,3,Others,3,Married,2,0,16,3,6,1,145.84,0
50041,1,Phone,1,18,Credit Card,Female,2,2,Laptop & Accessory,4,Single,3,0,19,2,3,10,122.51,0
50042,8,Mobile Phone,3,22,Credit Card,Male,4,3,Mobile Phone,4,Divorced,2,1,17,3,5,5,137.58,0
50043,0,Mobile Phone,3,11,Debit Card,Male,4,3,Laptop & Accessory,5,Married,9,1,22,2,6,14,140.22,0
50044,28,Computer,1,21,Credit Card,Female,5,2,Laptop & Accessory,3,Single,3,0,15,0,1,3,197.04,0
50045,3,Computer,1,9,COD,Male,4,4,Fashion,2,Divorced,2,0,12,2,6,13,142.7,0
50046,13,Computer,3,15,Credit Card,Female,2,3,Grocery,3,Single,4,1,20,2,5,17,189.76,0
50047,4,Mobile Phone,1,12,Debit Card,Male,3,2,Others,3,Divorced,2,0,23,2,4,6,134.81,0
50048,8,Mobile Phone,1,17,Credit Card,Male,4,5,Fashion,2,Divorced,6,0,15,3,4,2,175.34,1
50049,9,Computer,2,13,UPI,Male,1,2,Laptop & Accessory,4,Married,3,0,25,2,6,6,181.07,0
50050,2,Phone,3,9,COD,Female,3,2,Mobile Phone,2,Married,3,0,23,1,4,0,125.5,0
50051,41,Computer,1,9,UPI,Male,2,1,Mobile Phone,2,Married,2,0,19,2,5,4,222.91,0
50052,17,Mobile Phone,3,9,Debit Card,Female,3,2,Laptop & Accessory,5,Married,1,1,11,2,3,3,198.58,0
50053,33,Phone,2,17,Credit Card,Male,4,2,Mobile Phone,3,Divorced,10,0,20,1,2,2,206.94,0
50054,27,Mobile Phone,2,17,COD,Female,3,3,Laptop & Accessory,2,Married,4,0,16,3,6,7,215.84,0
50055,10,Mobile Phone,3,13,Credit Card,Male,5,3,Grocery,4,Married,4,0,14,3,5,3,153.31,0
50056,30,Mobile Phone,3,18,Debit Card,Female,3,4,Laptop & Accessory,2,Single,2,0,16,1,4,4,207.16,0
50057,1,Mobile Phone,1,14,Debit Card,Male,3,3,Mobile Phone,1,Divorced,3,0,14,0,2,0,134.05,0
50058,2,Computer,1,18,COD,Female,3,3,Laptop & Accessory,5,Married,2,0,25,4,5,2,146.79,0
50059,0,Mobile Phone,3,15,Credit Card,Male,5,3,Mobile Phone,3,Single,1,0,21,1,2,16,128.2,1
50060,4,Mobile Phone,2,21,COD,Male,4,4,Mobile Phone,4,Married,4,0,13,1,3,11,159.23,0
50061,5,Mobile Phone,2,11,Debit Card,Female,5,2,Fashion,5,Single,1,0,12,1,4,10,163.62,0
50062,3,Mobile Phone,2,7,E Wallet,Female,5,4,Mobile Phone,3,Single,3,1,23,2,5,18,143.39,1
50063,21,Computer,3,14,Debit Card,Female,4,2,Grocery,1,Divorced,3,0,21,1,4,11,182.63,0
50064,5,Mobile Phone,3,16,Debit Card,Male,4,2,Mobile Phone,2,Divorced,2,0,21,1,3,10,173.52,0
50065,3,Mobile Phone,3,10,E Wallet,Male,2,2,Others,2,Married,1,0,19,2,4,4,137.26,0
50066,9,Computer,2,10,Credit Card,Male,2,3,Laptop & Accessory,3,Married,3,0,23,0,3,2,154.34,0
50067,1,Computer,1,19,E Wallet,Male,4,5,Laptop & Accessory,3,Married,4,0,12,1,5,22,159.78,1
50068,19,Computer,2,19,COD,Male,3,2,Grocery,3,Single,1,0,15,2,4,9,188.62,1
50069,0,Mobile Phone,2,14,Debit Card,Female,4,3,Fashion,4,Single,2,0,17,1,2,5,119.49,1
50070,52,Computer,2,8,Debit Card,Male,4,2,Mobile Phone,1,Married,3,0,17,4,8,4,269.85,0
50071,17,Phone,2,19,E Wallet,Female,2,3,Mobile Phone,1,Single,8,0,12,4,7,6,187.15,1
50072,2,Computer,1,16,UPI,Male,4,3,Fashion,5,Single,3,0,12,0,2,1,144.42,0
50073,0,Computer,2,12,E Wallet,Male,4,4,Laptop & Accessory,4,Divorced,5,0,11,2,6,1,133.02,0
50074,20,Mobile Phone,2,22,Credit Card,Male,3,4,Fashion,5,Married,2,1,24,2,4,8,184.57,1
50075,14,Phone,3,6,E Wallet,Female,3,2,Mobile Phone,2,Married,1,1,21,2,4,3,168.89,1
50076,15,Mobile Phone,2,15,Debit Card,Male,3,5,Mobile Phone,2,Married,2,0,18,3,7,10,181.79,1
50077,17,Mobile Phone,1,19,Debit Card,Male,2,3,Fashion,1,Married,2,1,12,1,4,3,154.47,0
50078,0,Mobile Phone,2,9,Credit Card,Female,4,5,Fashion,3,Single,3,0,20,1,4,6,109.95,0
50079,5,Mobile Phone,3,9,UPI,Female,4,2,Fashion,4,Single,2,0,20,4,6,38,148.62,1
50080,1,Phone,2,30,Credit Card,Male,2,4,Others,3,Divorced,2,1,12,2,3,13,105.59,1
50081,23,Computer,2,19,Credit Card,Female,1,2,Others,3,Divorced,2,1,23,2,4,8,189.71,0
50082,11,Computer,2,26,Credit Card,Female,2,4,Mobile Phone,4,Married,1,0,26,0,3,10,165.11,0
50083,4,Computer,1,22,Credit Card,Male,4,5,Laptop & Accessory,1,Married,4,0,23,0,3,11,152.02,1
50084,0,Mobile Phone,3,17,UPI,Female,4,5,Laptop & Accessory,4,Divorced,2,0,19,0,2,1,108.71,1
50085,4,Mobile Phone,1,32,Credit Card,Female,2,3,Fashion,5,Married,2,0,17,5,7,3,154.5,0
50086,4,Computer,2,16,Debit Card,Male,2,2,Laptop & Accessory,3,Married,1,1,14,1,4,8,141.54,0
50087,15,Computer,1,14,E Wallet,Female,4,3,Mobile Phone,4,Married,6,0,21,2,6,8,180.22,0
50088,12,Mobile Phone,1,22,E Wallet,Female,2,4,Fashion,3,Divorced,4,0,24,5,9,0,172.46,0
50089,26,Computer,2,23,E Wallet,Female,2,3,Others,4,Single,4,1,17,0,1,3,178.46,0
50090,7,Mobile Phone,2,18,COD,Female,1,4,Laptop & Accessory,3,Single,4,1,20,3,6,4,165.51,0
50091,1,Mobile Phone,3,12,Debit Card,Female,4,1,Laptop & Accessory,5,Married,1,0,18,2,6,7,126.09,1
50092,14,Mobile Phone,3,22,Credit Card,Female,2,3,Laptop & Accessory,2,Married,1,1,14,2,5,0,183.65,0
50093,17,Mobile Phone,3,12,E Wallet,Female,2,3,Laptop & Accessory,1,Single,7,0,16,4,8,11,203.74,0
50094,9,Computer,2,15,Credit Card,Male,5,1,Others,1,Divorced,1,1,14,2,4,10,131.93,1
50095,17,Computer,2,10,UPI,Male,2,1,Laptop & Accessory,1,Divorced,5,0,14,1,2,17,168.72,0
50096,8,Mobile Phone,2,11,E Wallet,Male,3,3,Fashion,3,Single,6,1,20,1,5,2,142.88,1
50097,8,Computer,2,7,E Wallet,Male,2,2,Laptop & Accessory,3,Divorced,3,0,26,0,2,6,135.17,0
50098,6,Computer,2,14,UPI,Male,3,4,Laptop & Accessory,3,Married,2,1,13,0,4,1,157.5,0
50099,0,Mobile Phone,3,17,Debit Card,Male,2,5,Laptop & Accessory,3,Married,3,0,18,0,1,10,131.66,0
50100,1,Mobile Phone,1,31,E Wallet,Female,3,2,Laptop & Accessory,2,Single,3,0,21,2,4,1,154.21,0
50101,0,Phone,3,11,E Wallet,Female,3,4,Laptop & Accessory,5,Single,8,0,20,3,5,4,130.53,0
50102,12,Computer,1,16,UPI,Male,4,3,Laptop & Accessory,2,Single,2,1,26,1,4,13,150.08,1
50103,4,Phone,1,14,Credit Card,Female,3,3,Fashion,4,Married,3,0,11,2,4,3,148.33,0
50104,8,Mobile Phone,1,18,Credit Card,Female,4,3,Laptop & Accessory,4,Married,3,0,11,4,6,13,168.19,1
50105,28,Computer,2,13,Debit Card,Male,2,4,Laptop & Accessory,3,Single,1,1,26,1,5,8,200.15,1
50106,3,Mobile Phone,1,19,UPI,Male,4,5,Laptop & Accessory,3,Married,5,0,22,5,8,5,140.2,1
50107,6,Mobile Phone,3,10,Credit Card,Female,5,3,Fashion,4,Married,2,0,12,3,6,17,150.94,1
50108,16,Mobile Phone,3,15,Credit Card,Female,2,4,Laptop & Accessory,5,Single,3,0,24,2,4,8,177.89,0
50109,3,Mobile Phone,2,17,Debit Card,Female,2,3,Mobile Phone,2,Married,2,0,11,1,5,2,130.66,0
50110,0,Mobile Phone,2,23,E Wallet,Female,4,3,Laptop & Accessory,4,Married,5,0,15,0,2,9,121.14,1
50111,4,Mobile Phone,3,20,Debit Card,Female,3,1,Mobile Phone,1,Single,5,1,18,2,5,6,146.46,0
50112,2,Mobile Phone,3,15,COD,Male,2,2,Mobile Phone,1,Single,1,1,18,1,2,8,110.73,1
50113,31,Computer,2,11,UPI,Male,3,3,Fashion,3,Single,7,0,21,2,5,4,203.39,0
50114,19,Mobile Phone,3,33,Debit Card,Male,4,3,Laptop & Accessory,1,Single,1,0,23,3,4,6,175.67,0
50115,12,Mobile Phone,2,11,Credit Card,Female,1,1,Mobile Phone,5,Single,3,0,24,2,3,5,179.47,0
50116,24,Mobile Phone,2,9,E Wallet,Female,3,3,Fashion,3,Married,4,0,18,0,2,16,178.31,1
50117,19,Mobile Phone,1,12,UPI,Male,2,1,Laptop & Accessory,3,Married,2,0,15,1,2,4,139.41,0
50118,2,Computer,2,8,E Wallet,Female,4,4,Laptop & Accessory,2,Married,3,0,11,2,4,0,129.03,1
50119,26,Mobile Phone,1,17,COD,Male,2,3,Fashion,2,Married,10,0,13,1,3,7,210.34,0
50120,9,Computer,1,15,Credit Card,Female,1,3,Others,1,Married,2,0,18,3,5,5,143.46,1
50121,19,Mobile Phone,2,14,Debit Card,Female,5,3,Others,3,Single,4,0,17,2,3,0,180.8,0
50122,27,Mobile Phone,3,14,Credit Card,Male,3,5,Fashion,2,Divorced,4,0,23,0,4,8,229.81,0
50123,4,Computer,3,12,E Wallet,Female,4,5,Mobile Phone,2,Single,7,0,13,4,7,19,163.81,1
50124,1,Computer,2,7,Debit Card,Male,3,4,Fashion,2,Divorced,1,0,15,1,5,8,130.65,1
50125,3,Mobile Phone,2,22,Debit Card,Male,3,2,Grocery,2,Married,2,1,26,3,4,3,117.71,1
50126,6,Computer,1,12,UPI,Male,4,2,Laptop & Accessory,5,Single,4,0,21,3,4,12,121.09,0
50127,20,Mobile Phone,2,9,E Wallet,Male,5,2,Fashion,3,Divorced,5,0,20,3,5,7,200.17,0
50128,23,Computer,1,8,Debit Card,Female,3,4,Fashion,3,Married,4,1,16,1,5,3,186.91,0
50129,0,Computer,1,25,UPI,Female,4,3,Laptop & Accessory,4,Married,1,0,24,4,8,10,142.46,1
50130,8,Computer,2,13,Debit Card,Female,4,4,Grocery,2,Divorced,2,0,19,2,6,16,157.04,0
50131,6,Phone,1,13,Debit Card,Male,3,2,Laptop & Accessory,4,Married,2,0,20,2,4,11,120.95,0
50132,3,Mobile Phone,1,18,Credit Card,Male,4,2,Others,2,Married,4,0,21,3,6,5,177.6,0
50133,1,Computer,3,12,UPI,Female,2,3,Mobile Phone,4,Married,5,0,11,1,3,8,103.57,0
50134,4,Mobile Phone,1,8,E Wallet,Female,4,3,Grocery,1,Married,3,0,19,0,4,11,90.73,0
50135,34,Mobile Phone,1,12,Credit Card,Male,2,3,Laptop & Accessory,4,Single,1,1,26,2,3,8,221.82,0
50136,4,Mobile Phone,1,16,Debit Card,Male,1,3,Fashion,3,Single,5,0,16,2,3,5,141.7,0
50137,8,Mobile Phone,1,11,E Wallet,Female,4,4,Laptop & Accessory,1,Single,2,1,14,0,1,6,130.42,1
50138,14,Computer,1,10,Credit Card,Male,4,3,Laptop & Accessory,3,Married,1,0,25,3,5,8,167.94,0
50139,5,Computer,3,10,COD,Male,2,2,Grocery,4,Single,3,1,12,3,7,7,154.65,1
50140,42,Computer,1,17,E Wallet,Female,3,2,Mobile Phone,2,Single,1,0,23,3,7,18,247.59,0
50141,39,Mobile Phone,3,16,Debit Card,Female,3,3,Fashion,5,Single,3,1,26,0,1,1,249.61,0
50142,3,Mobile Phone,1,18,E Wallet,Male,2,5,Grocery,2,Married,8,0,19,3,6,8,145.41,0
50143,8,Phone,2,14,Debit Card,Male,2,5,Mobile Phone,2,Single,3,0,15,6,8,15,155.37,1
50144,4,Mobile Phone,2,12,COD,Male,2,2,Fashion,4,Married,5,0,26,1,3,2,146.35,0
50145,4,Computer,2,11,Debit Card,Female,3,1,Fashion,2,Divorced,5,0,16,2,5,10,147.69,1
50146,0,Computer,2,13,Debit Card,Female,3,3,Laptop & Accessory,5,Single,1,0,12,1,5,9,152.79,0
50147,11,Computer,3,8,Credit Card,Female,2,3,Laptop & Accessory,3,Married,4,1,14,1,5,2,189.16,1
50148,8,Mobile Phone,1,17,Debit Card,Male,4,2,Fashion,4,Married,3,0,11,2,5,2,140.36,0
50149,0,Computer,2,12,Credit Card,Female,3,3,Others,1,Married,1,1,22,3,4,5,140.12,0
50150,3,Mobile Phone,3,23,Credit Card,Male,4,2,Fashion,4,Married,1,1,18,2,4,2,136.17,0
50151,28,Computer,1,14,Credit Card,Female,3,3,Fashion,3,Married,1,0,25,1,5,7,223.44,0
50152,3,Mobile Phone,1,7,Credit Card,Female,3,4,Fashion,4,Divorced,3,0,16,3,5,5,149.11,0
50153,1,Mobile Phone,1,16,UPI,Female,2,3,Fashion,1,Divorced,1,0,22,1,5,11,132.07,1
50154,8,Mobile Phone,2,34,Credit Card,Male,2,3,Laptop & Accessory,3,Married,2,0,18,2,6,5,164.65,0
50155,50,Computer,1,17,COD,Female,2,5,Grocery,4,Divorced,1,0,13,3,4,2,236.55,0
50156,3,Mobile Phone,1,20,Debit Card,Male,3,2,Fashion,3,Single,1,1,14,2,6,19,175.78,1
50157,13,Mobile Phone,2,24,Debit Card,Male,3,3,Others,4,Single,10,0,17,1,2,3,151.19,0
50158,17,Mobile Phone,2,10,E Wallet,Female,4,2,Laptop & Accessory,5,Single,2,0,16,5,6,2,161.66,0
50159,3,Phone,1,14,Debit Card,Male,3,2,Laptop & Accessory,2,Married,3,0,25,2,6,6,128.29,0
50160,15,Computer,1,11,Credit Card,Female,2,3,Laptop & Accessory,1,Single,1,1,15,3,4,17,173.45,1
50161,5,Computer,2,19,COD,Male,4,1,Grocery,4,Married,1,0,14,4,8,4,157.5,0
50162,12,Computer,3,11,Credit Card,Female,3,3,Grocery,3,Married,3,0,21,2,3,21,154.16,0
50163,12,Mobile Phone,2,14,Credit Card,Female,2,1,Fashion,1,Divorced,2,1,12,1,3,6,159.8,0
50164,9,Mobile Phone,3,20,E Wallet,Female,2,3,Fashion,1,Single,3,0,18,3,4,3,170.85,1
50165,1,Phone,1,19,Debit Card,Male,2,2,Laptop & Accessory,2,Married,2,0,18,4,8,12,161.02,0
50166,21,Mobile Phone,1,16,Credit Card,Female,2,1,Mobile Phone,1,Single,3,0,17,0,4,2,194.45,0
50167,4,Mobile Phone,2,24,Debit Card,Male,4,4,Fashion,3,Single,6,0,11,1,3,6,123.89,0
50168,2,Mobile Phone,3,20,Debit Card,Male,3,3,Mobile Phone,3,Divorced,3,0,25,2,6,2,108.84,0
50169,0,Mobile Phone,2,12,Debit Card,Female,4,3,Fashion,1,Single,4,0,20,1,5,3,138.9,0
50170,10,Mobile Phone,3,9,COD,Female,4,3,Laptop & Accessory,2,Single,6,1,21,5,6,13,165.51,1
50171,13,Mobile Phone,3,10,Debit Card,Male,2,1,Mobile Phone,4,Divorced,4,0,25,1,3,3,170.92,0
50172,0,Mobile Phone,1,21,Credit Card,Female,3,3,Mobile Phone,4,Single,3,0,26,0,3,2,142.78,0
50173,8,Mobile Phone,1,17,Debit Card,Female,5,3,Others,1,Married,5,1,15,2,6,16,165.87,1
50174,3,Mobile Phone,1,24,Credit Card,Female,2,5,Mobile Phone,1,Married,4,0,19,2,6,6,153.52,0
50175,12,Mobile Phone,1,18,Credit Card,Male,1,4,Laptop & Accessory,5,Single,3,1,23,5,8,6,183.61,0
50176,2,Mobile Phone,1,20,Credit Card,Female,2,1,Laptop & Accessory,3,Married,2,0,26,2,5,6,153.27,1
50177,14,Computer,3,17,E Wallet,Female,3,2,Laptop & Accessory,4,Married,1,1,20,0,1,11,168.13,0
50178,5,Mobile Phone,1,11,COD,Female,1,1,Fashion,3,Married,2,0,11,2,3,6,143.56,0
50179,33,Computer,1,11,Credit Card,Male,3,2,Fashion,3,Married,5,0,23,0,1,8,196.16,0
50180,1,Computer,1,10,Debit Card,Female,2,3,Others,3,Married,3,0,16,2,5,6,128.78,0
50181,5,Computer,3,11,UPI,Male,2,2,Fashion,2,Divorced,1,0,19,0,1,3,162.92,0
50182,1,Mobile Phone,2,25,COD,Male,2,3,Fashion,4,Married,2,1,20,3,6,7,149.34,1
50183,31,Mobile Phone,3,19,Credit Card,Male,2,1,Fashion,3,Married,3,0,26,4,8,4,234.98,0
50184,25,Mobile Phone,3,14,Credit Card,Female,1,4,Others,5,Married,2,1,15,1,5,8,190.96,0
50185,3,Computer,2,17,Debit Card,Female,3,3,Mobile Phone,1,Single,1,0,26,3,5,9,110.4,0
50186,12,Mobile Phone,1,17,Credit Card,Female,4,5,Fashion,5,Married,3,0,17,0,1,8,164.68,0
50187,20,Computer,1,25,Credit Card,Female,4,5,Others,5,Married,1,0,16,0,4,4,176.36,0
50188,9,Computer,1,13,COD,Female,4,3,Laptop & Accessory,1,Married,1,1,19,0,2,4,158.73,0
50189,9,Mobile Phone,3,16,Debit Card,Male,3,2,Laptop & Accessory,2,Single,4,1,11,1,3,4,148.85,1
50190,3,Mobile Phone,1,20,Credit Card,Male,5,2,Fashion,1,Single,3,1,23,0,4,5,141.29,1
50191,1,Computer,1,11,E Wallet,Male,5,2,Mobile Phone,2,Married,1,0,20,2,4,15,149.06,0
50192,27,Mobile Phone,2,26,Credit Card,Male,4,3,Laptop & Accessory,3,Married,3,0,21,2,5,10,196.34,0
50193,27,Mobile Phone,2,20,Credit Card,Male,3,3,Fashion,2,Married,1,1,11,2,6,6,203.16,0
50194,12,Computer,2,10,COD,Female,2,3,Mobile Phone,5,Single,2,0,15,1,3,5,137.22,0
50195,4,Mobile Phone,1,31,Credit Card,Male,1,1,Mobile Phone,5,Single,1,0,23,0,1,11,145.7,0
50196,5,Phone,3,24,COD,Female,1,3,Mobile Phone,1,Married,2,1,18,1,2,4,110.51,0
50197,15,Computer,2,19,Debit Card,Male,3,1,Laptop & Accessory,3,Single,1,0,24,2,5,13,158.46,1
50198,27,Computer,1,7,Debit Card,Male,1,4,Fashion,1,Single,8,0,15,5,7,1,203.1,1
50199,26,Mobile Phone,3,12,COD,Male,4,1,Mobile Phone,3,Divorced,1,0,21,3,6,13,159.56,0
50200,18,Mobile Phone,3,16,Debit Card,Female,2,3,Fashion,2,Single,7,1,14,1,3,14,153.37,1
50201,12,Mobile Phone,1,16,E Wallet,Female,2,3,Laptop & Accessory,4,Single,3,1,24,2,3,1,177.14,1
50202,1,Mobile Phone,1,15,Credit Card,Male,3,3,Laptop & Accessory,5,Married,1,0,15,3,6,10,140.05,0
50203,2,Mobile Phone,2,9,Credit Card,Male,3,1,Laptop & Accessory,3,Divorced,5,1,25,2,3,2,125.8,0
50204,27,Mobile Phone,1,13,E Wallet,Male,2,5,Mobile Phone,5,Divorced,2,0,18,0,3,12,173.56,0
50205,11,Mobile Phone,3,14,E Wallet,Female,2,3,Grocery,5,Married,1,0,13,3,7,4,173.49,0
50206,0,Mobile Phone,1,7,COD,Male,3,3,Laptop & Accessory,1,Married,2,0,14,3,6,2,155.53,1
50207,1,Computer,3,19,Debit Card,Male,4,2,Grocery,3,Divorced,2,1,21,4,6,1,125.73,0
50208,13,Mobile Phone,2,28,E Wallet,Female,3,4,Laptop & Accessory,2,Married,3,0,15,1,5,6,147.8,0
50209,0,Mobile Phone,2,14,Credit Card,Male,3,1,Fashion,2,Single,8,0,19,3,5,0,102.55,1
50210,2,Computer,1,19,E Wallet,Female,4,2,Grocery,4,Married,1,0,15,3,7,10,165.52,1
50211,9,Phone,1,10,Debit Card,Male,3,3,Grocery,2,Married,2,0,25,4,6,9,172.09,0
50212,14,Mobile Phone,1,17,Credit Card,Male,1,5,Fashion,3,Married,7,0,25,1,2,12,192.63,0
50213,12,Mobile Phone,1,17,Debit Card,Male,2,1,Laptop & Accessory,1,Married,2,0,17,4,7,6,178.24,0
50214,3,Computer,1,23,Credit Card,Female,4,1,Mobile Phone,3,Married,2,0,16,3,4,3,135.35,0
50215,14,Phone,3,25,E Wallet,Male,5,4,Laptop & Accessory,1,Divorced,10,0,21,0,1,1,161.57,0
50216,3,Computer,1,19,Debit Card,Male,3,4,Mobile Phone,5,Divorced,4,1,15,1,3,1,142.82,0
50217,4,Computer,3,11,E Wallet,Male,3,4,Mobile Phone,4,Married,2,1,12,1,5,1,128.93,1
50218,16,Mobile Phone,2,11,Credit Card,Female,1,3,Fashion,2,Single,2,0,24,0,2,10,150.44,0
50219,12,Mobile Phone,3,25,Debit Card,Male,3,3,Fashion,1,Married,3,0,21,2,4,12,147.21,1
50220,22,Mobile Phone,3,8,Credit Card,Female,2,3,Mobile Phone,1,Single,2,1,16,1,3,24,184.13,1
50221,12,Computer,1,9,UPI,Female,2,3,Fashion,2,Married,1,0,25,0,2,4,137.78,0
50222,10,Computer,3,12,COD,Female,2,5,Laptop & Accessory,3,Married,1,1,21,2,6,14,183.37,1
50223,1,Phone,2,18,Credit Card,Male,3,3,Grocery,4,Married,3,1,18,1,4,15,157.32,0
50224,5,Mobile Phone,3,27,Debit Card,Female,3,1,Laptop & Accessory,1,Married,2,1,23,3,4,2,132.81,0
50225,3,Mobile Phone,2,28,Debit Card,Male,2,2,Mobile Phone,4,Single,7,0,18,2,3,4,137.75,1
50226,3,Mobile Phone,2,6,E Wallet,Male,3,5,Grocery,3,Single,4,0,26,2,6,25,159.94,1
50227,43,Computer,1,17,E Wallet,Male,4,3,Mobile Phone,3,Single,8,0,13,0,1,6,237.12,0
50228,5,Computer,1,15,Debit Card,Male,4,2,Fashion,5,Married,5,0,13,4,8,3,157.85,0
50229,26,Mobile Phone,2,11,Credit Card,Male,3,2,Mobile Phone,5,Single,2,0,13,0,4,6,206.92,0
50230,11,Mobile Phone,3,6,UPI,Male,3,1,Grocery,4,Married,4,0,26,0,3,13,169.4,0
50231,19,Mobile Phone,3,15,Credit Card,Female,4,3,Others,4,Married,3,0,15,4,7,12,196.07,1
50232,8,Mobile Phone,1,9,E Wallet,Female,4,4,Grocery,4,Married,3,0,15,5,8,10,156.85,0
50233,10,Computer,3,18,Debit Card,Female,3,3,Laptop & Accessory,4,Single,3,0,15,1,3,3,165.45,0
50234,8,Mobile Phone,3,15,E Wallet,Male,2,4,Laptop & Accessory,1,Married,4,0,18,2,5,12,162.52,0
50235,2,Computer,1,7,Credit Card,Male,4,4,Mobile Phone,5,Single,2,1,16,3,5,4,142.6,1
50236,15,Computer,1,14,Credit Card,Female,2,3,Others,3,Single,4,0,17,2,6,17,153.95,0
50237,3,Computer,1,8,Credit Card,Male,4,4,Mobile Phone,3,Single,1,0,25,4,8,3,155.66,1
50238,0,Mobile Phone,3,16,Credit Card,Male,4,4,Laptop & Accessory,3,Married,2,1,23,5,7,5,136.83,1
50239,12,Computer,3,19,Credit Card,Female,3,3,Others,2,Married,4,0,24,4,7,9,166.05,0
50240,2,Mobile Phone,1,13,Debit Card,Female,3,3,Fashion,3,Married,5,0,22,1,4,6,113.33,1
50241,33,Mobile Phone,1,24,COD,Male,1,2,Fashion,4,Single,5,0,11,2,5,1,219.9,0
50242,36,Mobile Phone,3,17,COD,Female,2,3,Laptop & Accessory,2,Married,2,0,25,1,2,13,214.89,0
50243,29,Mobile Phone,3,15,Credit Card,Female,3,3,Laptop & Accessory,4,Single,2,1,17,1,3,4,199.66,0
50244,5,Mobile Phone,3,15,Debit Card,Female,4,5,Mobile Phone,2,Married,2,0,23,2,4,3,129.6,0
50245,0,Mobile Phone,2,14,Debit Card,Male,1,2,Fashion,5,Divorced,3,0,21,1,3,3,138.29,0
50246,31,Phone,1,13,UPI,Male,1,4,Mobile Phone,3,Married,2,0,16,3,4,1,198.58,0
50247,6,Mobile Phone,2,9,COD,Female,2,2,Laptop & Accessory,4,Divorced,6,0,26,3,7,5,157.1,0
50248,40,Computer,1,27,Debit Card,Male,3,5,Mobile Phone,3,Single,2,0,17,1,4,19,224.97,0
50249,39,Phone,3,14,E Wallet,Male,3,3,Mobile Phone,2,Married,4,0,21,2,5,8,239.51,0
50250,23,Mobile Phone,1,28,E Wallet,Male,1,3,Grocery,4,Single,4,0,12,2,4,9,195.65,0
50251,4,Computer,3,19,Credit Card,Male,2,2,Others,3,Married,3,0,15,2,3,9,156.61,0
50252,5,Mobile Phone,1,14,Credit Card,Female,4,2,Laptop & Accessory,5,Married,1,0,11,1,5,4,151.32,1
50253,22,Mobile Phone,3,16,E Wallet,Female,2,4,Laptop & Accessory,4,Married,2,0,25,3,6,9,186.77,0
50254,4,Mobile Phone,1,19,Debit Card,Female,2,3,Fashion,3,Single,4,0,14,2,4,2,159.58,0
50255,2,Phone,2,22,Debit Card,Male,1,4,Laptop & Accessory,2,Single,2,0,11,2,5,6,120.42,1
50256,9,Mobile Phone,2,15,Debit Card,Male,4,3,Laptop & Accessory,3,Married,1,0,20,3,5,4,160.37,0
50257,33,Computer,1,21,COD,Female,3,2,Fashion,3,Married,5,0,26,2,3,12,231.6,0
50258,14,Mobile Phone,3,19,Credit Card,Male,3,3,Mobile Phone,5,Divorced,3,0,18,4,7,4,200.71,0
50259,10,Computer,2,20,Credit Card,Female,1,4,Fashion,4,Single,1,1,19,1,4,20,155.21,1
50260,1,Mobile Phone,2,21,E Wallet,Female,3,6,Laptop & Accessory,2,Divorced,1,0,17,0,3,16,142.42,1
50261,11,Computer,3,12,COD,Female,3,3,Mobile Phone,2,Divorced,1,0,23,1,3,4,139.27,1
50262,55,Computer,3,25,Debit Card,Male,2,2,Fashion,3,Married,10,0,16,0,2,6,278.99,0
50263,1,Computer,2,17,Debit Card,Female,4,3,Mobile Phone,1,Married,2,0,12,4,5,5,116.11,0
50264,8,Phone,3,22,Debit Card,Female,4,3,Laptop & Accessory,4,Married,4,0,17,1,3,11,153.23,0
50265,25,Computer,1,15,COD,Female,4,3,Laptop & Accessory,1,Single,1,0,16,1,4,21,202.03,0
50266,16,Mobile Phone,1,16,Credit Card,Female,3,1,Fashion,3,Divorced,2,0,13,1,4,1,144.81,0
50267,14,Mobile Phone,2,12,E Wallet,Male,2,2,Laptop & Accessory,5,Single,1,1,23,1,3,2,157.65,0
50268,14,Mobile Phone,1,10,Debit Card,Female,3,3,Mobile Phone,5,Married,5,1,23,2,6,7,177.54,0
50269,5,Mobile Phone,2,14,Credit Card,Female,2,4,Mobile Phone,4,Single,10,0,20,3,4,4,149.33,0
50270,4,Mobile Phone,1,20,Debit Card,Male,2,2,Fashion,4,Single,2,1,16,3,5,3,144.07,0
50271,19,Mobile Phone,2,12,Credit Card,Female,3,2,Laptop & Accessory,5,Married,2,0,22,1,3,4,150.26,1
50272,19,Mobile Phone,3,8,Debit Card,Male,3,4,Mobile Phone,5,Married,1,0,23,4,8,14,178.19,0
50273,24,Phone,2,23,Credit Card,Male,2,3,Mobile Phone,2,Married,2,0,15,5,8,2,208.29,0
50274,29,Mobile Phone,3,9,E Wallet,Female,3,3,Laptop & Accessory,2,Single,2,0,14,4,8,12,229.86,0
50275,8,Phone,3,17,COD,Female,3,1,Grocery,5,Married,4,1,11,4,8,8,169.74,0
50276,8,Mobile Phone,1,30,Debit Card,Male,4,3,Fashion,2,Married,4,1,16,2,6,2,165.0,1
50277,19,Computer,1,50,E Wallet,Female,4,4,Fashion,3,Single,3,0,25,1,3,9,162.97,0
50278,12,Computer,1,14,UPI,Female,2,1,Laptop & Accessory,1,Single,2,0,12,2,5,5,166.94,0
50279,14,Mobile Phone,3,24,Debit Card,Male,4,2,Mobile Phone,5,Single,3,0,22,2,3,9,138.6,0
50280,19,Mobile Phone,1,17,Credit Card,Female,5,4,Mobile Phone,1,Married,3,0,19,0,1,9,176.1,0
50281,26,Mobile Phone,1,10,E Wallet,Female,3,3,Mobile Phone,3,Divorced,3,1,22,1,2,11,177.7,0
50282,4,Mobile Phone,3,14,Debit Card,Male,4,3,Laptop & Accessory,2,Divorced,4,0,26,0,1,2,127.91,1
50283,5,Phone,2,12,Debit Card,Male,2,4,Others,1,Divorced,3,0,15,1,5,11,138.57,1
50284,1,Computer,1,23,Debit Card,Male,5,2,Others,2,Single,2,0,19,1,4,1,147.51,0
50285,10,Mobile Phone,1,29,Credit Card,Female,2,2,Mobile Phone,4,Divorced,3,0,19,1,2,6,166.77,0
50286,0,Mobile Phone,3,13,Debit Card,Male,4,2,Grocery,1,Single,2,1,23,2,3,7,131.79,1
50287,7,Mobile Phone,3,8,Debit Card,Female,2,2,Mobile Phone,5,Married,3,0,13,2,5,3,165.75,0
50288,9,Mobile Phone,1,16,E Wallet,Female,2,2,Fashion,4,Single,3,1,21,1,2,5,165.9,1
50289,4,Computer,2,11,Credit Card,Female,2,5,Fashion,1,Married,2,1,20,2,3,1,136.78,1
50290,10,Mobile Phone,3,10,Debit Card,Female,3,1,Mobile Phone,3,Married,4,0,13,4,5,3,147.18,0
50291,0,Mobile Phone,3,11,Credit Card,Male,4,2,Laptop & Accessory,4,Married,1,0,22,2,6,3,146.64,0
50292,0,Mobile Phone,3,11,COD,Female,4,2,Mobile Phone,5,Single,2,0,23,1,4,19,107.16,0
50293,20,Mobile Phone,2,18,Debit Card,Male,3,2,Fashion,3,Married,4,0,14,1,4,9,206.02,0
50294,5,Computer,3,20,Debit Card,Female,3,1,Fashion,4,Married,4,0,26,0,4,2,159.52,0
50295,1,Mobile Phone,1,17,Debit Card,Female,4,2,Mobile Phone,5,Married,7,1,11,2,4,10,110.23,1
50296,8,Phone,1,11,Debit Card,Male,1,3,Mobile Phone,3,Married,3,1,17,4,8,3,167.66,1
50297,17,Computer,3,11,Credit Card,Male,5,3,Laptop & Accessory,4,Single,3,1,12,3,5,12,177.32,1
50298,2,Mobile Phone,2,15,COD,Male,2,2,Laptop & Accessory,3,Married,4,0,14,3,4,16,145.33,0
50299,11,Mobile Phone,3,13,E Wallet,Male,4,3,Laptop & Accessory,4,Married,5,0,13,1,5,8,141.61,1
50300,1,Computer,1,15,Credit Card,Female,5,1,Mobile Phone,5,Single,3,0,15,1,3,4,139.03,0
50301,0,Phone,3,18,Credit Card,Male,2,3,Fashion,4,Married,4,1,21,4,5,5,126.63,0
50302,9,Computer,1,15,Debit Card,Female,4,1,Grocery,1,Married,2,0,25,1,2,7,122.43,1
50303,9,Mobile Phone,2,19,Debit Card,Male,3,3,Mobile Phone,5,Single,2,0,23,2,3,8,144.42,0
50304,12,Phone,1,16,E Wallet,Male,4,3,Fashion,1,Married,1,0,13,2,3,3,178.98,0
50305,15,Mobile Phone,2,19,Credit Card,Female,2,2,Laptop & Accessory,4,Single,2,1,24,4,5,2,179.56,0
50306,44,Computer,3,10,Debit Card,Female,4,1,Laptop & Accessory,2,Single,3,0,21,1,4,13,245.54,0
50307,8,Phone,1,8,Debit Card,Male,3,1,Mobile Phone,4,Married,4,0,12,3,7,2,146.48,0
50308,4,Mobile Phone,1,10,Credit Card,Male,3,3,Fashion,1,Single,3,0,22,2,3,10,124.61,0
50309,19,Phone,2,22,E Wallet,Female,3,4,Laptop & Accessory,2,Married,4,0,23,5,6,3,204.09,0
50310,3,Mobile Phone,3,16,Credit Card,Male,3,4,Laptop & Accessory,1,Married,3,1,25,2,3,6,114.15,0
50311,6,Phone,1,12,E Wallet,Female,2,3,Fashion,4,Single,3,1,21,2,5,14,151.11,1
50312,0,Mobile Phone,1,11,E Wallet,Male,4,4,Laptop & Accessory,2,Divorced,3,0,13,3,4,2,116.89,0
50313,0,Phone,1,20,Debit Card,Female,2,4,Mobile Phone,5,Married,3,1,18,1,3,6,134.53,0
50314,39,Mobile Phone,3,17,COD,Male,4,3,Others,3,Divorced,2,0,16,1,2,0,201.35,0
50315,21,Computer,1,9,Debit Card,Female,1,3,Grocery,4,Married,3,1,16,0,3,16,177.32,0
50316,14,Mobile Phone,1,9,Debit Card,Female,4,4,Laptop & Accessory,4,Married,2,1,21,1,3,6,171.03,1
50317,6,Mobile Phone,3,19,UPI,Female,4,3,Laptop & Accessory,5,Married,3,1,26,3,5,11,157.32,0
50318,2,Mobile Phone,2,12,Debit Card,Male,2,3,Laptop & Accessory,3,Married,2,0,26,1,4,5,133.54,0
50319,2,Computer,1,8,Credit Card,Male,3,3,Laptop & Accessory,4,Single,1,0,11,2,3,8,136.89,0
50320,3,Mobile Phone,3,8,UPI,Male,2,5,Laptop & Accessory,3,Single,1,1,26,4,7,6,156.42,0
50321,9,Computer,2,18,E Wallet,Female,3,3,Mobile Phone,2,Single,1,0,11,1,2,2,155.41,1
50322,15,Mobile Phone,2,12,Credit Card,Female,1,2,Laptop & Accessory,4,Married,1,1,21,4,6,7,191.61,0
50323,12,Phone,1,20,E Wallet,Male,2,2,Mobile Phone,3,Married,3,0,26,0,2,2,150.32,0
50324,3,Mobile Phone,3,15,UPI,Male,5,2,Mobile Phone,3,Married,5,0,25,4,8,2,159.2,0
50325,37,Mobile Phone,1,13,Credit Card,Female,3,3,Fashion,2,Single,5,0,16,0,2,1,210.45,0
50326,16,Mobile Phone,1,15,Credit Card,Male,1,2,Mobile Phone,4,Single,4,0,17,1,5,4,171.26,1
50327,9,Mobile Phone,1,31,COD,Female,3,4,Laptop & Accessory,5,Single,3,1,19,0,4,12,147.24,1
50328,11,Mobile Phone,3,10,COD,Female,5,3,Fashion,3,Single,3,0,14,3,6,7,142.8,1
50329,6,Mobile Phone,2,24,Credit Card,Female,2,3,Others,3,Single,1,0,24,1,5,9,154.33,0
50330,3,Computer,2,19,Debit Card,Male,2,2,Mobile Phone,5,Married,1,0,12,1,4,5,174.6,0
50331,5,Computer,1,12,E Wallet,Male,3,3,Laptop & Accessory,2,Married,7,0,18,3,5,5,145.59,0
50332,17,Computer,2,19,Debit Card,Male,4,3,Fashion,3,Married,2,1,22,0,4,5,157.1,1
50333,0,Mobile Phone,3,16,E Wallet,Female,4,4,Grocery,2,Single,3,1,21,2,3,7,135.17,1
50334,1,Computer,1,14,Credit Card,Male,3,6,Others,3,Married,3,0,16,2,6,7,162.27,0
50335,0,Mobile Phone,3,13,E Wallet,Female,2,2,Laptop & Accessory,3,Single,2,0,22,2,6,13,141.99,0
50336,0,Computer,1,22,Credit Card,Male,4,1,Mobile Phone,5,Single,4,0,14,3,5,12,138.61,0
50337,23,Mobile Phone,3,15,COD,Female,4,3,Others,4,Divorced,1,0,13,1,2,1,201.0,0
50338,14,Mobile Phone,1,11,Debit Card,Male,4,5,Laptop & Accessory,3,Single,2,0,22,2,5,3,158.49,0
50339,7,Mobile Phone,2,15,Debit Card,Male,3,2,Mobile Phone,4,Single,3,0,13,1,2,16,159.08,0
50340,1,Computer,3,8,E Wallet,Male,3,4,Fashion,3,Single,3,0,23,2,6,7,137.68,0
50341,8,Mobile Phone,3,12,Credit Card,Female,2,2,Fashion,3,Married,4,1,22,5,8,4,152.2,1
50342,7,Computer,1,19,Credit Card,Female,4,3,Grocery,1,Married,7,0,20,3,7,3,160.88,0
50343,2,Mobile Phone,2,10,COD,Female,3,5,Fashion,1,Married,2,1,16,1,4,7,127.59,1
50344,6,Computer,1,37,Credit Card,Male,1,3,Mobile Phone,5,Married,1,0,24,2,6,3,149.28,0
50345,6,Phone,3,7,E Wallet,Female,1,4,Laptop & Accessory,2,Single,2,1,24,1,5,18,160.44,0
50346,11,Mobile Phone,2,13,Debit Card,Female,5,3,Others,3,Divorced,5,0,19,1,3,4,148.75,1
50347,12,Mobile Phone,1,20,E Wallet,Male,1,4,Mobile Phone,3,Married,4,0,22,2,4,1,149.19,1
50348,0,Phone,1,9,Credit Card,Female,3,2,Fashion,1,Married,3,0,11,0,1,4,117.67,0
50349,5,Mobile Phone,3,20,Credit Card,Male,3,4,Mobile Phone,5,Married,3,1,26,0,4,5,146.79,1
50350,11,Mobile Phone,2,19,UPI,Female,4,3,Fashion,1,Married,2,0,12,2,6,3,158.9,0
50351,8,Computer,1,13,Credit Card,Male,1,2,Fashion,5,Single,2,0,22,1,4,16,148.83,0
50352,23,Computer,1,11,COD,Female,3,1,Mobile Phone,4,Married,2,0,24,0,2,15,204.37,0
50353,12,Mobile Phone,1,15,E Wallet,Male,3,1,Mobile Phone,5,Single,1,0,19,0,4,6,175.31,0
50354,2,Computer,2,19,E Wallet,Male,4,3,Grocery,1,Divorced,1,0,26,3,7,21,134.17,1
50355,0,Mobile Phone,3,11,Credit Card,Male,3,2,Fashion,3,Single,5,0,24,1,4,6,137.32,0
50356,12,Mobile Phone,3,14,Credit Card,Female,3,1,Others,5,Married,2,0,24,1,4,0,184.28,0
50357,0,Computer,2,9,Debit Card,Male,3,3,Fashion,3,Single,1,1,16,3,6,11,131.36,1
50358,10,Mobile Phone,3,21,Debit Card,Female,5,6,Mobile Phone,3,Divorced,3,0,22,0,2,1,136.71,0
50359,33,Mobile Phone,2,29,Debit Card,Female,3,3,Grocery,4,Married,2,1,14,3,5,26,203.56,0
50360,10,Computer,1,13,COD,Female,4,3,Mobile Phone,2,Married,2,0,12,1,3,2,135.98,0
50361,5,Computer,3,11,Credit Card,Male,1,2,Laptop & Accessory,4,Single,7,0,17,2,4,6,149.55,1
50362,12,Computer,1,23,E Wallet,Female,3,2,Fashion,2,Married,1,0,11,1,2,13,145.22,0
50363,7,Phone,1,23,Credit Card,Female,1,2,Mobile Phone,2,Married,2,0,11,0,1,8,147.01,1
50364,9,Computer,3,20,Credit Card,Female,2,4,Laptop & Accessory,3,Divorced,3,0,11,4,5,4,166.4,0
50365,34,Mobile Phone,1,9,Credit Card,Female,3,5,Laptop & Accessory,1,Single,2,1,13,1,4,18,221.37,1
50366,5,Mobile Phone,3,6,Credit Card,Female,2,4,Laptop & Accessory,1,Divorced,1,0,14,3,7,1,176.29,0
50367,38,Computer,3,14,UPI,Female,3,1,Fashion,1,Married,4,0,17,2,5,14,221.12,0
50368,28,Mobile Phone,2,18,COD,Female,3,3,Fashion,4,Single,3,1,25,1,2,6,179.87,0
50369,2,Computer,1,13,E Wallet,Female,2,3,Fashion,1,Married,2,0,22,1,2,3,136.81,0
50370,0,Computer,1,22,UPI,Female,2,5,Others,1,Single,4,0,15,1,3,14,85.3,1
50371,1,Mobile Phone,1,12,Debit Card,Male,4,4,Laptop & Accessory,3,Divorced,2,0,12,1,3,11,119.93,0
50372,0,Phone,2,8,Debit Card,Male,4,4,Laptop & Accessory,3,Single,2,0,20,2,5,10,125.45,0
50373,1,Mobile Phone,3,13,Credit Card,Male,3,3,Others,3,Married,4,0,13,1,2,13,98.05,1
50374,13,Mobile Phone,2,17,UPI,Male,3,3,Fashion,3,Single,1,1,11,1,2,4,140.53,1
50375,0,Phone,2,10,Credit Card,Male,4,3,Fashion,5,Married,6,0,22,2,4,8,127.77,0
50376,4,Mobile Phone,2,16,Credit Card,Female,1,3,Fashion,1,Divorced,1,0,11,1,5,6,153.02,0
50377,22,Mobile Phone,2,14,Debit Card,Male,3,4,Laptop & Accessory,5,Single,1,0,11,3,4,4,207.82,0
50378,0,Mobile Phone,3,29,COD,Female,4,1,Fashion,2,Single,2,0,25,2,3,13,124.99,0
50379,20,Computer,1,21,E Wallet,Male,3,5,Mobile Phone,3,Single,4,0,21,0,4,19,180.66,0
50380,3,Computer,3,38,Credit Card,Male,3,4,Mobile Phone,5,Divorced,4,1,20,3,4,3,146.82,0
50381,1,Computer,2,9,COD,Male,3,3,Grocery,3,Single,10,1,13,1,2,13,115.46,1
50382,14,Computer,1,24,Debit Card,Male,3,4,Laptop & Accessory,2,Married,3,0,11,2,3,0,133.42,0
50383,11,Mobile Phone,1,7,Credit Card,Female,4,4,Laptop & Accessory,5,Single,5,0,11,2,4,12,149.12,1
50384,25,Computer,1,22,Debit Card,Male,3,3,Mobile Phone,4,Married,3,1,21,0,4,4,201.83,0
50385,15,Computer,2,8,Credit Card,Female,2,4,Laptop & Accessory,2,Married,3,1,14,3,7,7,173.23,1
50386,19,Mobile Phone,1,20,Debit Card,Male,3,2,Grocery,3,Divorced,1,1,21,3,7,11,190.03,0
50387,3,Mobile Phone,3,17,Credit Card,Male,3,3,Laptop & Accessory,3,Single,5,0,20,1,3,5,119.2,0
50388,2,Phone,2,17,COD,Female,3,2,Others,3,Single,4,0,17,2,3,3,132.53,1
50389,16,Computer,3,7,Credit Card,Male,2,2,Laptop & Accessory,1,Married,3,0,23,1,3,5,202.5,0
50390,19,Computer,1,19,Credit Card,Male,2,4,Grocery,3,Single,2,0,12,2,3,4,187.78,0
50391,55,Computer,1,8,E Wallet,Female,2,3,Laptop & Accessory,2,Married,2,0,20,3,4,6,288.46,0
50392,6,Mobile Phone,1,29,E Wallet,Male,2,3,Laptop & Accessory,2,Married,2,0,15,4,6,9,161.58,0
50393,5,Computer,1,11,COD,Female,3,3,Mobile Phone,3,Divorced,4,0,23,2,6,10,135.33,0
50394,17,Mobile Phone,3,13,Credit Card,Male,3,3,Mobile Phone,2,Married,10,1,23,3,5,4,188.55,0
50395,5,Mobile Phone,1,24,E Wallet,Male,5,2,Fashion,5,Single,1,0,20,0,1,1,137.23,0
50396,32,Computer,2,15,Credit Card,Male,4,4,Fashion,3,Single,1,0,21,3,4,4,194.03,0
50397,23,Mobile Phone,1,16,Debit Card,Female,4,4,Others,2,Single,2,0,20,1,3,11,174.36,0
50398,6,Computer,2,18,Credit Card,Male,4,3,Others,1,Married,3,0,16,3,6,7,147.69,0
50399,16,Mobile Phone,3,10,Credit Card,Male,3,4,Mobile Phone,4,Married,4,0,24,3,4,2,184.81,0
50400,16,Mobile Phone,2,11,Credit Card,Male,2,3,Laptop & Accessory,4,Married,3,1,13,2,5,4,166.58,0
50401,1,Mobile Phone,3,16,E Wallet,Female,3,4,Laptop & Accessory,1,Divorced,9,0,16,2,4,10,156.35,1
50402,27,Mobile Phone,1,30,Credit Card,Male,2,3,Laptop & Accessory,3,Single,4,1,21,1,2,16,187.5,0
50403,8,Mobile Phone,3,20,COD,Male,3,3,Laptop & Accessory,4,Divorced,1,0,18,1,5,14,127.41,1
50404,21,Mobile Phone,3,21,COD,Male,1,4,Others,5,Single,2,0,25,4,5,7,176.83,0
50405,4,Phone,2,25,Credit Card,Female,2,3,Mobile Phone,1,Divorced,5,0,21,1,4,18,144.47,1
50406,27,Mobile Phone,2,23,Credit Card,Female,3,4,Fashion,2,Single,5,0,22,3,6,11,187.24,0
50407,5,Mobile Phone,3,20,Credit Card,Male,2,4,Others,1,Married,3,0,26,0,3,8,116.64,0
50408,0,Computer,2,14,Credit Card,Female,3,3,Laptop & Accessory,3,Single,3,0,19,3,7,7,152.04,0
50409,28,Computer,3,6,COD,Male,4,2,Fashion,3,Married,1,0,11,1,2,3,198.71,0
50410,1,Mobile Phone,2,10,Debit Card,Female,1,5,Fashion,3,Divorced,2,0,22,4,5,7,143.14,0
50411,4,Computer,1,10,Credit Card,Male,1,1,Grocery,4,Single,4,0,26,2,6,2,162.89,0
50412,35,Computer,3,23,Debit Card,Male,2,4,Laptop & Accessory,5,Married,1,0,22,2,6,12,212.78,0
50413,36,Mobile Phone,2,19,E Wallet,Male,3,3,Mobile Phone,2,Married,3,0,14,0,4,0,221.29,0
50414,10,Mobile Phone,2,6,Debit Card,Male,2,4,Fashion,4,Married,2,1,15,8,10,7,150.59,0
50415,11,Phone,2,15,UPI,Male,4,2,Fashion,4,Married,2,1,24,0,1,20,156.81,0
50416,7,Computer,1,7,Credit Card,Male,2,3,Fashion,3,Married,2,0,16,5,6,4,178.22,0
50417,4,Computer,3,14,COD,Female,2,2,Fashion,4,Married,3,0,26,0,2,7,128.85,0
50418,4,Mobile Phone,3,23,COD,Male,2,5,Mobile Phone,2,Single,3,0,19,3,5,6,135.44,0
50419,13,Mobile Phone,3,19,E Wallet,Female,3,1,Others,1,Single,1,0,12,1,4,19,178.35,1
50420,16,Computer,1,13,E Wallet,Female,4,3,Laptop & Accessory,2,Married,2,0,21,2,6,17,164.42,0
50421,18,Mobile Phone,2,16,Debit Card,Male,3,2,Laptop & Accessory,2,Married,1,0,22,0,4,2,178.51,0
50422,18,Mobile Phone,3,11,COD,Male,2,4,Laptop & Accessory,5,Married,3,0,18,2,4,11,170.39,0
50423,1,Computer,2,9,E Wallet,Male,3,3,Laptop & Accessory,5,Divorced,1,0,24,1,2,20,128.25,1
50424,8,Mobile Phone,2,11,Debit Card,Male,4,2,Grocery,3,Single,5,0,16,1,2,15,127.49,1
50425,0,Computer,3,22,Credit Card,Male,2,3,Fashion,4,Divorced,1,0,26,4,6,11,109.98,0
50426,9,Computer,2,25,Debit Card,Male,3,2,Others,2,Single,3,1,18,0,3,8,153.95,1
50427,6,Mobile Phone,2,22,E Wallet,Female,2,1,Grocery,3,Married,4,1,11,3,4,8,124.26,0
50428,26,Computer,1,21,Debit Card,Male,3,3,Mobile Phone,3,Single,5,0,14,3,6,3,208.41,0
50429,5,Mobile Phone,1,10,E Wallet,Female,4,3,Fashion,5,Single,2,0,12,2,4,28,155.25,1
50430,1,Computer,1,13,E Wallet,Female,3,2,Mobile Phone,3,Single,4,1,12,3,4,5,106.12,1
50431,1,Mobile Phone,3,14,Credit Card,Female,4,2,Grocery,4,Single,4,0,21,2,6,3,142.87,0
50432,17,Mobile Phone,2,12,COD,Female,3,3,Fashion,2,Divorced,3,0,24,3,5,7,181.47,0
50433,11,Computer,2,10,E Wallet,Male,5,4,Laptop & Accessory,2,Married,5,0,16,1,5,1,159.84,1
50434,1,Mobile Phone,3,17,Credit Card,Male,3,4,Laptop & Accessory,2,Single,3,1,16,1,3,2,144.64,1
50435,1,Phone,2,16,COD,Female,3,1,Fashion,5,Married,4,1,13,3,4,16,129.54,1
50436,14,Mobile Phone,2,13,UPI,Female,4,4,Laptop & Accessory,1,Single,1,1,24,2,6,3,154.26,0
50437,0,Mobile Phone,1,27,E Wallet,Female,1,1,Mobile Phone,4,Single,7,0,15,1,4,3,114.62,0
50438,20,Mobile Phone,3,13,Debit Card,Female,2,3,Laptop & Accessory,3,Married,3,1,16,1,4,4,186.23,1
50439,14,Mobile Phone,1,14,Credit Card,Female,2,4,Fashion,4,Married,4,0,18,0,1,17,166.27,0
50440,1,Mobile Phone,1,8,UPI,Female,2,3,Laptop & Accessory,5,Divorced,2,0,22,3,6,6,166.76,0
50441,1,Computer,1,20,E Wallet,Male,4,3,Fashion,3,Married,2,1,26,2,5,4,128.15,1
50442,51,Computer,1,24,Credit Card,Male,2,5,Mobile Phone,1,Single,1,0,21,4,5,4,271.83,0
50443,5,Computer,1,8,COD,Female,2,1,Mobile Phone,5,Divorced,7,1,15,2,5,13,154.17,0
50444,5,Phone,2,18,Debit Card,Female,2,2,Mobile Phone,2,Divorced,6,1,17,2,5,3,147.5,0
50445,20,Mobile Phone,1,13,Debit Card,Male,3,4,Laptop & Accessory,1,Single,1,0,21,0,3,8,161.89,1
50446,35,Computer,2,21,UPI,Male,4,4,Others,3,Single,2,1,11,2,6,7,214.41,0
50447,51,Mobile Phone,1,17,Debit Card,Female,3,3,Laptop & Accessory,3,Married,3,0,13,3,7,6,269.84,0
50448,16,Computer,1,17,Credit Card,Male,3,3,Mobile Phone,5,Married,1,0,11,4,8,12,178.4,0
50449,5,Mobile Phone,2,16,COD,Female,3,2,Laptop & Accessory,3,Married,3,0,26,0,3,9,116.01,0
50450,1,Phone,3,31,E Wallet,Male,5,4,Mobile Phone,1,Single,2,0,17,4,8,4,149.2,1
50451,18,Computer,3,9,E Wallet,Female,2,3,Laptop & Accessory,2,Single,3,0,26,2,5,7,190.86,1
50452,9,Phone,3,7,E Wallet,Male,2,3,Mobile Phone,2,Married,1,0,15,2,4,21,164.74,0
50453,6,Computer,2,20,Credit Card,Female,4,2,Laptop & Accessory,4,Married,1,0,15,5,7,10,140.08,0
50454,28,Phone,2,10,Credit Card,Male,2,3,Fashion,1,Divorced,3,0,21,2,4,1,224.59,0
50455,1,Computer,2,21,E Wallet,Female,4,3,Laptop & Accessory,2,Married,4,0,16,1,3,9,111.66,1
50456,8,Mobile Phone,2,20,Credit Card,Female,2,2,Mobile Phone,4,Single,3,1,11,1,5,14,154.55,1
50457,0,Mobile Phone,1,11,E Wallet,Male,2,4,Laptop & Accessory,3,Single,2,0,18,4,6,4,134.88,1
50458,7,Mobile Phone,2,43,Credit Card,Male,3,2,Mobile Phone,3,Single,3,1,16,2,5,9,167.26,0
50459,0,Mobile Phone,1,26,Debit Card,Male,4,4,Mobile Phone,3,Single,2,1,23,1,5,13,146.34,1
50460,1,Mobile Phone,2,15,Debit Card,Male,2,4,Fashion,2,Married,7,0,19,0,2,6,127.83,1
50461,1,Mobile Phone,2,16,Credit Card,Male,3,4,Fashion,4,Married,1,0,17,4,5,7,147.6,0
50462,12,Mobile Phone,1,24,COD,Male,3,3,Mobile Phone,5,Divorced,3,1,15,1,2,2,187.48,0
50463,16,Phone,1,9,Credit Card,Female,4,3,Others,1,Married,3,0,17,1,2,2,157.76,0
50464,10,Phone,1,18,Debit Card,Female,2,2,Fashion,3,Single,2,0,12,0,2,2,147.79,0
50465,39,Mobile Phone,3,14,Debit Card,Female,3,4,Mobile Phone,2,Divorced,3,0,22,2,3,10,235.89,0
50466,5,Mobile Phone,1,27,Credit Card,Male,4,2,Laptop & Accessory,1,Divorced,1,0,18,1,5,3,149.06,0
50467,4,Mobile Phone,1,7,Debit Card,Male,2,1,Fashion,2,Married,2,0,15,2,6,10,146.11,0
50468,24,Mobile Phone,3,17,Debit Card,Male,5,2,Fashion,1,Married,5,0,24,3,5,11,204.68,0
50469,3,Computer,2,9,E Wallet,Male,3,4,Laptop & Accessory,3,Married,1,1,14,4,7,2,148.72,1
50470,39,Mobile Phone,1,18,E Wallet,Male,2,4,Grocery,3,Married,3,1,15,3,5,13,236.69,0
50471,0,Computer,1,15,UPI,Male,1,2,Mobile Phone,3,Single,4,0,14,1,4,3,149.9,0
50472,42,Computer,1,16,UPI,Male,2,2,Laptop & Accessory,2,Divorced,5,0,16,6,8,4,246.36,0
50473,0,Computer,1,21,Credit Card,Male,4,3,Mobile Phone,5,Divorced,1,0,20,3,5,2,141.38,1
50474,26,Mobile Phone,1,19,E Wallet,Female,3,2,Mobile Phone,3,Single,4,0,13,0,2,0,209.78,0
50475,9,Computer,2,11,Credit Card,Male,2,3,Fashion,5,Married,4,0,25,6,10,9,171.52,0
50476,59,Mobile Phone,3,7,Debit Card,Female,4,2,Laptop & Accessory,2,Single,3,0,17,1,5,6,276.45,0
50477,0,Mobile Phone,2,8,Credit Card,Female,4,2,Laptop & Accessory,4,Married,2,0,21,1,4,0,121.5,0
50478,9,Mobile Phone,2,12,Debit Card,Female,2,2,Mobile Phone,1,Married,1,0,18,2,3,21,146.61,0
50479,41,Mobile Phone,1,16,Debit Card,Male,2,2,Laptop & Accessory,4,Married,1,0,15,3,4,10,270.26,0
50480,8,Mobile Phone,1,15,Debit Card,Female,2,2,Laptop & Accessory,4,Single,3,0,21,3,4,2,186.65,0
50481,11,Mobile Phone,3,17,COD,Male,3,5,Fashion,2,Married,2,0,17,0,2,12,179.14,1
50482,14,Computer,1,24,UPI,Female,3,3,Laptop & Accessory,5,Single,2,0,23,1,4,3,179.2,0
50483,7,Computer,3,12,Credit Card,Male,2,2,Grocery,3,Married,1,0,16,3,6,2,143.03,0
50484,11,Mobile Phone,2,21,Debit Card,Male,3,3,Mobile Phone,3,Married,6,1,23,1,3,20,158.96,0
50485,10,Mobile Phone,3,16,Debit Card,Female,5,2,Fashion,2,Divorced,1,0,24,1,5,20,169.29,0
50486,27,Computer,1,25,Credit Card,Female,3,3,Mobile Phone,2,Married,4,1,21,2,4,9,210.19,0
50487,0,Mobile Phone,1,17,E Wallet,Male,3,4,Laptop & Accessory,2,Single,1,0,11,1,5,7,130.37,1
50488,3,Phone,3,29,E Wallet,Male,2,3,Laptop & Accessory,3,Divorced,4,1,21,0,3,4,129.02,1
50489,36,Computer,3,20,Debit Card,Male,1,3,Fashion,3,Divorced,4,0,23,1,4,2,245.37,0
50490,26,Mobile Phone,1,23,Credit Card,Male,5,3,Fashion,3,Single,6,1,14,2,6,6,203.53,0
50491,7,Mobile Phone,3,12,COD,Male,4,3,Mobile Phone,5,Divorced,3,0,24,1,3,9,146.13,1
50492,11,Mobile Phone,1,25,Debit Card,Male,3,1,Fashion,1,Divorced,1,0,23,5,8,7,169.62,0
50493,3,Mobile Phone,1,29,Credit Card,Male,1,3,Grocery,2,Married,7,0,17,2,3,1,142.88,0
50494,2,Mobile Phone,2,19,Debit Card,Female,4,5,Mobile Phone,5,Divorced,1,0,24,1,2,16,138.01,0
50495,7,Computer,3,14,Debit Card,Male,3,4,Fashion,1,Married,2,0,22,4,5,1,181.6,0
50496,5,Mobile Phone,3,23,UPI,Male,3,4,Others,2,Single,4,0,14,1,5,9,141.69,0
50497,10,Mobile Phone,2,21,E Wallet,Male,3,2,Laptop & Accessory,2,Married,4,1,24,1,2,18,135.85,1
50498,0,Computer,1,33,Credit Card,Female,4,3,Laptop & Accessory,4,Divorced,4,0,11,3,7,4,139.56,1
50499,43,Mobile Phone,2,19,Credit Card,Male,1,4,Mobile Phone,3,Married,2,0,25,2,3,7,257.14,0
50500,51,Mobile Phone,1,15,UPI,Male,2,1,Mobile Phone,3,Single,2,0,18,0,3,7,244.99,0
50501,14,Mobile Phone,2,16,Debit Card,Female,4,4,Laptop & Accessory,5,Married,3,1,21,1,5,7,166.02,0
50502,9,Mobile Phone,2,11,Debit Card,Male,1,1,Laptop & Accessory,3,Single,2,0,21,0,2,3,170.85,1
50503,4,Computer,1,13,COD,Female,4,6,Laptop & Accessory,5,Married,1,1,24,1,5,13,161.21,1
50504,20,Mobile Phone,2,7,UPI,Male,1,1,Laptop & Accessory,1,Married,1,1,16,3,5,2,178.59,0
50505,13,Computer,2,14,E Wallet,Female,4,3,Mobile Phone,3,Married,2,0,20,3,6,13,168.76,0
50506,2,Mobile Phone,3,23,E Wallet,Female,4,1,Laptop & Accessory,4,Single,5,1,24,1,2,6,119.24,1
50507,29,Mobile Phone,2,35,Debit Card,Female,3,1,Fashion,2,Married,6,0,17,2,5,27,201.94,0
50508,20,Mobile Phone,1,13,COD,Male,3,4,Fashion,2,Divorced,5,0,22,2,3,3,200.5,0
50509,35,Computer,1,20,Credit Card,Male,1,1,Fashion,3,Single,2,0,24,5,9,2,223.44,0
50510,15,Mobile Phone,1,15,Debit Card,Female,2,4,Grocery,5,Married,3,1,22,6,10,6,172.93,1
50511,11,Mobile Phone,1,13,Credit Card,Female,4,5,Laptop & Accessory,2,Married,4,0,11,3,5,3,154.71,0
50512,6,Computer,2,10,Debit Card,Male,4,5,Laptop & Accessory,5,Married,3,1,19,3,5,2,177.12,0
50513,32,Mobile Phone,3,28,Debit Card,Male,1,4,Grocery,4,Single,3,1,21,0,4,15,235.69,0
50514,24,Mobile Phone,2,8,Debit Card,Female,4,5,Laptop & Accessory,3,Divorced,1,0,13,3,7,7,204.28,1
50515,0,Computer,2,18,Debit Card,Female,3,1,Fashion,1,Divorced,5,1,16,2,5,12,148.12,1
50516,0,Mobile Phone,2,9,Debit Card,Female,3,6,Laptop & Accessory,3,Married,1,0,18,4,7,2,130.05,0
50517,5,Computer,1,12,Debit Card,Male,2,1,Mobile Phone,3,Single,5,0,22,5,9,1,168.27,0
50518,19,Mobile Phone,3,27,Debit Card,Female,2,2,Others,4,Married,1,1,12,4,8,8,188.66,1
50519,52,Computer,3,10,Debit Card,Female,3,1,Fashion,3,Single,2,0,11,4,8,4,306.42,0
50520,1,Computer,2,17,Debit Card,Female,3,4,Mobile Phone,5,Married,1,0,16,1,5,3,140.24,1
50521,10,Mobile Phone,1,25,Debit Card,Male,3,1,Fashion,1,Married,1,1,23,1,2,10,174.35,0
50522,5,Computer,3,18,Credit Card,Male,3,2,Laptop & Accessory,5,Single,4,0,16,0,1,2,115.52,0
50523,42,Computer,1,18,Credit Card,Male,1,3,Others,3,Single,5,0,26,4,5,4,248.69,0
50524,22,Mobile Phone,3,18,Credit Card,Male,2,3,Mobile Phone,3,Married,4,0,19,1,5,5,200.32,0
50525,21,Mobile Phone,3,9,Debit Card,Male,2,2,Others,5,Single,2,0,26,4,8,1,203.79,0
50526,7,Computer,1,23,COD,Male,4,3,Fashion,4,Married,3,1,23,2,3,2,139.23,1
50527,6,Computer,3,25,Credit Card,Female,4,2,Laptop & Accessory,5,Single,2,0,25,2,4,12,149.11,0
50528,3,Mobile Phone,3,17,E Wallet,Male,4,3,Fashion,5,Divorced,1,1,15,0,2,3,141.29,1
50529,0,Computer,3,16,E Wallet,Male,2,3,Mobile Phone,3,Married,1,0,13,3,5,9,134.32,0
50530,24,Mobile Phone,2,9,Debit Card,Male,4,6,Fashion,3,Divorced,1,0,26,3,7,4,197.5,0
50531,20,Computer,1,11,Credit Card,Female,2,4,Fashion,2,Single,4,0,15,1,4,5,182.25,0
50532,61,Computer,2,18,E Wallet,Female,3,1,Mobile Phone,2,Divorced,1,1,26,2,5,3,285.35,0
50533,61,Phone,2,7,Credit Card,Male,3,2,Laptop & Accessory,2,Single,3,0,25,1,5,7,297.63,0
50534,9,Mobile Phone,1,11,E Wallet,Male,1,5,Others,4,Divorced,1,0,17,2,4,7,152.89,0
50535,17,Computer,2,13,E Wallet,Male,3,3,Mobile Phone,3,Married,4,0,12,5,7,14,164.12,0
50536,34,Mobile Phone,2,9,Credit Card,Male,2,4,Laptop & Accessory,4,Divorced,2,0,21,1,3,14,190.81,0
50537,22,Mobile Phone,1,11,Debit Card,Female,3,3,Fashion,4,Single,3,1,18,4,8,1,201.92,0
50538,3,Mobile Phone,1,18,Credit Card,Female,2,4,Fashion,5,Married,2,0,21,1,3,5,134.24,0
50539,7,Computer,1,14,Debit Card,Female,3,2,Grocery,1,Divorced,3,0,23,4,6,3,138.3,0
50540,1,Mobile Phone,3,20,Debit Card,Female,3,4,Laptop & Accessory,5,Married,1,0,14,0,1,8,149.13,0
50541,36,Mobile Phone,2,13,Credit Card,Male,2,4,Mobile Phone,3,Married,3,1,12,2,6,7,224.35,0
50542,11,Computer,1,14,Debit Card,Female,4,2,Mobile Phone,5,Married,5,0,17,3,6,1,150.42,0
50543,3,Computer,3,17,COD,Female,5,3,Others,5,Divorced,3,0,21,0,1,9,105.41,1
50544,13,Computer,1,11,E Wallet,Female,4,3,Mobile Phone,3,Married,2,0,16,0,3,1,153.78,0
50545,11,Phone,2,19,Credit Card,Female,3,4,Mobile Phone,4,Married,3,0,23,0,1,5,142.85,0
50546,5,Mobile Phone,3,10,Debit Card,Female,4,5,Laptop & Accessory,4,Single,2,0,24,3,6,4,151.62,0
50547,1,Phone,3,11,Debit Card,Female,3,3,Grocery,2,Married,2,1,26,1,2,4,153.93,1
50548,13,Computer,1,12,E Wallet,Female,2,3,Laptop & Accessory,3,Single,2,1,17,3,5,3,154.08,0
50549,8,Mobile Phone,3,12,Credit Card,Female,1,4,Grocery,2,Single,2,0,17,0,4,1,153.73,0
50550,17,Mobile Phone,3,16,Debit Card,Female,3,2,Fashion,1,Married,4,0,14,5,9,10,185.57,0
50551,8,Mobile Phone,2,12,UPI,Male,4,4,Fashion,4,Married,2,0,16,1,5,6,175.19,0
50552,22,Mobile Phone,2,14,Credit Card,Female,4,2,Fashion,3,Single,2,0,11,5,7,5,199.46,0
50553,9,Computer,1,24,Credit Card,Female,4,3,Fashion,3,Married,3,1,22,2,4,10,172.55,1
50554,9,Computer,2,25,COD,Female,3,5,Fashion,2,Divorced,4,0,11,2,4,7,139.5,1
50555,25,Computer,2,5,Debit Card,Male,2,3,Fashion,2,Single,5,0,21,2,3,20,219.93,0
50556,6,Mobile Phone,3,18,E Wallet,Female,3,1,Grocery,2,Married,3,1,22,2,4,8,137.24,1
50557,1,Mobile Phone,2,7,COD,Male,3,4,Mobile Phone,5,Single,3,0,12,3,4,4,161.39,0
50558,0,Computer,2,19,Debit Card,Female,2,3,Fashion,5,Married,4,0,23,2,3,2,88.0,0
50559,16,Mobile Phone,1,22,UPI,Female,4,1,Others,4,Single,1,0,26,0,2,3,180.73,0
50560,11,Phone,1,12,Credit Card,Female,2,1,Mobile Phone,1,Married,3,0,15,4,7,11,185.25,0
50561,14,Mobile Phone,1,25,UPI,Female,3,2,Fashion,4,Divorced,2,0,17,0,2,5,169.14,0
50562,2,Phone,1,11,Credit Card,Male,3,2,Mobile Phone,4,Married,3,0,18,2,6,8,153.59,0
50563,1,Mobile Phone,2,23,COD,Female,2,3,Mobile Phone,5,Married,2,0,25,3,7,5,123.02,0
50564,0,Mobile Phone,3,22,E Wallet,Male,3,3,Mobile Phone,3,Single,1,0,11,0,4,10,141.37,1
50565,5,Mobile Phone,2,8,E Wallet,Male,2,4,Laptop & Accessory,3,Single,2,0,23,2,6,9,133.85,0
50566,10,Computer,2,13,UPI,Female,1,3,Others,3,Married,4,0,21,3,6,8,154.93,0
50567,5,Computer,2,8,Credit Card,Male,1,2,Mobile Phone,3,Married,2,0,18,2,6,2,154.66,0
50568,6,Mobile Phone,1,9,Debit Card,Male,2,1,Laptop & Accessory,2,Single,4,0,25,0,3,2,147.21,0
50569,28,Phone,1,26,Debit Card,Female,4,1,Fashion,2,Single,4,0,21,1,2,2,202.06,0
50570,5,Computer,1,19,Credit Card,Female,3,5,Laptop & Accessory,4,Divorced,1,0,20,5,7,5,154.71,0
50571,8,Computer,3,12,E Wallet,Female,2,2,Mobile Phone,5,Single,6,0,26,2,4,3,155.05,0
50572,18,Computer,1,7,UPI,Female,4,3,Fashion,4,Married,1,0,11,2,3,2,181.27,0
50573,6,Mobile Phone,1,8,Credit Card,Female,3,4,Laptop & Accessory,4,Married,3,0,20,3,5,10,157.11,0
50574,11,Mobile Phone,2,14,Credit Card,Male,1,5,Others,3,Single,7,0,18,0,3,2,156.02,0
50575,23,Phone,3,26,E Wallet,Male,4,2,Fashion,3,Married,1,0,24,3,6,8,194.42,0
50576,35,Phone,2,21,Debit Card,Female,3,2,Laptop & Accessory,5,Single,1,1,11,4,6,8,209.31,1
50577,1,Phone,3,14,E Wallet,Female,3,2,Grocery,5,Single,2,1,24,0,4,22,139.58,1
50578,31,Phone,2,14,Debit Card,Female,3,2,Mobile Phone,3,Married,5,0,25,2,4,2,240.28,0
50579,8,Mobile Phone,2,17,Debit Card,Female,1,3,Fashion,3,Married,5,0,17,6,8,4,170.59,0
50580,3,Computer,3,24,E Wallet,Female,4,3,Fashion,3,Divorced,6,0,22,2,6,9,147.13,0
50581,7,Mobile Phone,3,10,Debit Card,Female,2,4,Laptop & Accessory,4,Married,3,0,12,2,3,3,113.81,1
50582,46,Phone,1,17,Debit Card,Female,3,2,Laptop & Accessory,2,Divorced,6,0,12,3,7,9,248.44,0
50583,8,Mobile Phone,1,9,E Wallet,Female,4,3,Fashion,5,Divorced,2,1,22,1,5,10,166.83,0
50584,4,Computer,1,16,Credit Card,Female,2,1,Fashion,4,Married,3,0,25,0,1,5,135.23,1
50585,12,Mobile Phone,2,14,Credit Card,Female,3,4,Laptop & Accessory,2,Single,2,0,12,0,1,6,160.51,0
50586,3,Mobile Phone,3,8,COD,Female,5,4,Laptop & Accessory,3,Single,2,1,16,5,6,8,151.99,0
50587,0,Mobile Phone,1,17,E Wallet,Female,4,3,Laptop & Accessory,2,Married,4,0,22,2,3,4,133.81,0
50588,1,Computer,1,12,Credit Card,Female,4,2,Laptop & Accessory,1,Married,4,0,13,4,6,3,137.62,0
50589,1,Computer,3,13,Credit Card,Male,3,5,Fashion,3,Married,4,0,12,2,3,12,140.63,1
50590,1,Mobile Phone,2,10,E Wallet,Male,3,4,Laptop & Accessory,1,Married,3,0,14,4,7,4,127.51,0
50591,1,Computer,2,16,Debit Card,Female,3,1,Laptop & Accessory,3,Married,2,0,22,2,3,2,113.4,1
50592,12,Computer,3,16,Credit Card,Female,3,3,Fashion,4,Single,4,0,25,2,6,2,165.25,0
50593,2,Mobile Phone,2,20,Debit Card,Female,2,2,Mobile Phone,2,Married,2,0,18,4,8,3,168.85,0
50594,5,Mobile Phone,2,18,Debit Card,Female,4,2,Grocery,5,Married,2,1,12,1,3,14,141.65,0
50595,27,Computer,1,11,Credit Card,Female,1,1,Fashion,2,Married,7,0,20,3,6,10,194.17,0
50596,7,Computer,1,21,E Wallet,Female,2,3,Laptop & Accessory,3,Single,3,1,25,2,6,5,154.81,0
50597,13,Mobile Phone,2,23,Credit Card,Female,3,2,Mobile Phone,5,Single,4,0,15,0,2,4,130.52,0
50598,2,Computer,2,11,Credit Card,Male,2,2,Laptop & Accessory,1,Single,3,1,11,2,5,2,136.72,1
50599,2,Mobile Phone,3,13,Credit Card,Male,2,1,Laptop & Accessory,1,Married,1,0,23,1,5,12,128.29,0
50600,0,Mobile Phone,3,12,E Wallet,Male,2,1,Laptop & Accessory,1,Married,3,0,19,1,5,4,102.59,1
50601,2,Mobile Phone,3,15,Debit Card,Male,2,4,Mobile Phone,3,Married,3,1,19,2,4,23,113.15,1
50602,3,Mobile Phone,1,11,Credit Card,Female,2,3,Laptop & Accessory,4,Married,1,0,16,2,4,3,143.51,0
50603,2,Computer,3,20,Debit Card,Male,3,3,Laptop & Accessory,3,Married,2,0,16,2,6,5,138.59,0
50604,1,Phone,2,10,Credit Card,Female,3,1,Fashion,2,Single,1,0,18,2,3,2,163.16,1
50605,1,Mobile Phone,1,13,Credit Card,Male,4,4,Grocery,3,Divorced,5,1,26,1,2,0,139.23,1
50606,7,Mobile Phone,3,17,Debit Card,Male,2,5,Laptop & Accessory,3,Single,1,1,14,3,4,14,145.95,0
50607,2,Computer,1,15,Credit Card,Female,2,3,Laptop & Accessory,3,Married,4,1,15,1,5,1,121.9,1
50608,5,Computer,1,16,COD,Male,3,2,Grocery,3,Single,2,0,20,0,4,4,139.82,0
50609,8,Computer,3,9,E Wallet,Female,1,3,Laptop & Accessory,3,Married,1,0,20,3,5,4,182.42,1
50610,14,Computer,2,14,E Wallet,Female,2,1,Mobile Phone,3,Single,2,0,15,1,5,1,170.86,0
50611,0,Mobile Phone,1,23,Credit Card,Male,4,2,Mobile Phone,3,Married,8,0,21,3,7,9,132.12,0
50612,19,Computer,2,20,UPI,Female,3,3,Grocery,2,Single,2,0,11,2,3,6,176.45,0
50613,11,Mobile Phone,3,13,Debit Card,Male,1,2,Laptop & Accessory,2,Single,2,0,14,0,1,16,138.9,0
50614,1,Mobile Phone,2,15,Credit Card,Female,3,5,Grocery,2,Married,6,0,13,2,6,4,148.94,0
50615,24,Mobile Phone,1,16,Credit Card,Female,2,4,Mobile Phone,2,Single,1,0,17,2,6,0,194.21,0
50616,30,Mobile Phone,1,25,UPI,Male,2,2,Fashion,2,Divorced,4,0,14,2,4,10,229.29,0
50617,0,Phone,1,12,Credit Card,Male,2,5,Fashion,5,Single,2,0,18,1,4,6,125.31,0
50618,3,Computer,3,20,Debit Card,Female,2,3,Fashion,2,Married,4,1,13,3,7,2,135.12,1
50619,19,Mobile Phone,2,15,COD,Female,3,3,Laptop & Accessory,3,Divorced,1,1,25,1,5,2,159.19,0
50620,16,Mobile Phone,2,23,Debit Card,Male,3,3,Mobile Phone,5,Married,1,0,26,1,4,9,208.69,0
50621,2,Mobile Phone,2,24,Debit Card,Male,3,3,Laptop & Accessory,1,Single,4,0,26,1,2,6,117.59,0
50622,2,Mobile Phone,3,16,Credit Card,Female,4,2,Laptop & Accessory,3,Divorced,2,1,22,3,6,6,141.08,0
50623,5,Computer,2,12,Credit Card,Male,2,5,Fashion,5,Married,9,0,25,4,5,23,125.71,0
50624,7,Phone,2,22,UPI,Male,3,2,Fashion,2,Married,3,0,23,1,5,19,144.23,0
50625,11,Phone,1,15,Credit Card,Female,3,3,Laptop & Accessory,4,Divorced,1,0,20,3,4,6,131.83,0
50626,5,Computer,1,9,Credit Card,Female,3,4,Fashion,3,Single,1,0,12,2,4,18,123.52,0
50627,7,Computer,3,8,Debit Card,Female,3,4,Laptop & Accessory,4,Married,5,1,14,3,4,10,178.12,0
50628,16,Mobile Phone,3,15,Credit Card,Male,2,3,Mobile Phone,1,Married,1,0,24,1,2,5,163.23,0
50629,0,Mobile Phone,3,6,Credit Card,Male,3,4,Others,1,Married,3,0,25,1,3,18,119.1,1
50630,3,Mobile Phone,3,12,Debit Card,Male,2,1,Laptop & Accessory,1,Married,1,0,19,2,6,3,161.38,1
50631,14,Computer,3,23,COD,Male,2,4,Laptop & Accessory,5,Married,4,0,17,1,2,12,142.86,0
50632,27,Computer,2,25,Debit Card,Male,4,4,Laptop & Accessory,5,Single,1,1,26,2,6,3,222.05,0
50633,8,Mobile Phone,3,23,E Wallet,Female,3,3,Others,3,Single,1,0,13,2,5,7,164.52,0
50634,9,Mobile Phone,2,15,COD,Female,2,2,Laptop & Accessory,3,Single,2,1,14,2,6,10,175.15,0
50635,1,Mobile Phone,1,11,Debit Card,Female,4,3,Fashion,2,Divorced,1,0,21,3,6,16,142.68,0
50636,7,Phone,1,24,Debit Card,Male,3,1,Fashion,2,Single,3,1,13,2,6,2,132.34,1
50637,9,Mobile Phone,3,16,Credit Card,Male,3,3,Others,2,Married,8,1,25,0,4,5,145.15,0
50638,3,Computer,1,9,Debit Card,Male,2,5,Mobile Phone,4,Married,4,0,14,0,1,15,121.82,1
50639,3,Computer,3,16,E Wallet,Female,2,3,Mobile Phone,3,Single,7,1,25,4,5,2,157.05,0
50640,5,Mobile Phone,1,22,Credit Card,Male,3,3,Grocery,3,Married,1,0,11,0,3,7,138.87,0
50641,0,Computer,1,7,COD,Female,3,6,Laptop & Accessory,4,Single,2,0,11,0,3,9,132.16,1
50642,4,Computer,1,14,UPI,Male,2,3,Mobile Phone,1,Married,2,0,16,1,3,3,139.97,0
50643,2,Mobile Phone,1,26,UPI,Female,1,2,Fashion,1,Married,4,1,20,2,5,11,148.43,1
50644,4,Phone,1,15,Debit Card,Female,3,4,Fashion,4,Married,10,0,17,2,3,10,127.96,1
50645,1,Mobile Phone,1,9,Debit Card,Female,4,3,Laptop & Accessory,3,Married,5,0,26,4,8,5,135.47,0
50646,26,Mobile Phone,3,21,Debit Card,Male,4,5,Grocery,4,Single,3,0,19,1,4,8,177.2,0
50647,10,Computer,1,19,E Wallet,Male,3,4,Grocery,3,Married,3,0,11,2,3,5,126.28,0
50648,13,Computer,1,16,Debit Card,Female,2,5,Mobile Phone,3,Married,4,0,18,2,6,0,170.31,0
50649,18,Phone,1,10,UPI,Male,4,1,Mobile Phone,1,Married,1,0,19,0,3,8,158.14,0
50650,8,Computer,2,17,Credit Card,Male,3,2,Mobile Phone,3,Married,5,1,20,1,2,2,162.88,0
50651,1,Phone,2,20,Credit Card,Male,1,3,Others,1,Single,4,0,23,2,4,6,123.72,0
50652,9,Computer,2,9,Credit Card,Male,3,2,Fashion,3,Single,1,0,16,4,8,1,167.12,0
50653,10,Computer,1,17,Credit Card,Female,1,3,Laptop & Accessory,1,Married,1,0,14,1,5,2,170.39,0
50654,16,Computer,1,13,Debit Card,Male,2,4,Fashion,2,Married,1,1,22,0,4,8,190.24,1
50655,6,Mobile Phone,3,8,Debit Card,Female,1,3,Grocery,5,Single,4,0,26,1,3,5,163.96,0
50656,1,Phone,3,14,Credit Card,Female,2,3,Fashion,5,Married,7,1,25,1,5,4,162.62,0
50657,4,Mobile Phone,1,13,E Wallet,Male,3,3,Laptop & Accessory,1,Single,1,0,26,1,3,3,149.54,0
50658,5,Mobile Phone,2,14,Debit Card,Female,2,4,Laptop & Accessory,5,Single,3,0,15,6,7,1,163.46,0
50659,12,Mobile Phone,1,12,UPI,Male,1,3,Mobile Phone,5,Married,3,1,24,2,5,11,170.38,0
50660,10,Computer,1,8,UPI,Female,3,4,Laptop & Accessory,3,Single,1,0,22,1,4,7,158.02,1
50661,5,Mobile Phone,3,26,Debit Card,Female,3,5,Mobile Phone,3,Single,2,1,11,1,5,2,174.21,1
50662,51,Mobile Phone,2,40,Credit Card,Male,1,2,Mobile Phone,3,Single,3,0,11,1,4,6,262.35,0
50663,11,Computer,1,13,Credit Card,Male,4,5,Laptop & Accessory,4,Divorced,2,1,22,6,10,8,148.31,0
50664,3,Mobile Phone,1,15,Debit Card,Male,3,2,Fashion,2,Single,1,0,22,2,4,5,142.94,1
50665,1,Computer,3,40,UPI,Female,3,3,Mobile Phone,1,Married,2,0,11,2,3,15,133.79,0
50666,1,Mobile Phone,3,10,COD,Male,2,5,Laptop & Accessory,5,Married,1,0,15,1,5,6,143.7,1
50667,3,Mobile Phone,3,12,Credit Card,Female,2,3,Others,4,Married,3,1,23,3,7,14,151.9,0
50668,2,Mobile Phone,2,18,COD,Female,2,1,Fashion,3,Married,1,0,15,0,1,6,148.68,1
50669,2,Computer,2,16,E Wallet,Male,2,3,Laptop & Accessory,1,Single,4,1,17,2,4,2,146.96,1
50670,4,Mobile Phone,1,23,Credit Card,Male,1,4,Grocery,5,Married,3,0,22,1,5,6,141.86,0
50671,2,Phone,1,19,Credit Card,Female,2,3,Mobile Phone,1,Married,1,1,21,0,2,5,142.23,0
50672,27,Mobile Phone,2,27,Debit Card,Female,3,4,Laptop & Accessory,1,Married,2,1,14,5,6,4,190.36,0
50673,1,Mobile Phone,2,17,Debit Card,Male,2,4,Laptop & Accessory,2,Married,2,1,22,0,1,12,110.45,0
50674,8,Mobile Phone,1,9,Credit Card,Male,4,5,Fashion,4,Single,2,1,20,0,1,2,163.59,0
50675,6,Mobile Phone,3,13,Credit Card,Female,2,2,Others,4,Single,5,0,20,2,4,2,141.48,1
50676,48,Computer,1,21,Credit Card,Male,3,3,Laptop & Accessory,3,Divorced,3,1,19,1,4,4,235.6,0
50677,1,Computer,1,7,E Wallet,Female,3,2,Mobile Phone,3,Divorced,5,0,18,0,2,6,121.25,0
50678,6,Computer,1,14,Debit Card,Female,3,3,Laptop & Accessory,1,Married,3,0,23,0,3,18,160.84,0
50679,41,Mobile Phone,2,17,Credit Card,Female,2,1,Fashion,2,Divorced,2,0,14,1,5,12,268.02,0
50680,24,Mobile Phone,1,17,Credit Card,Female,3,2,Grocery,1,Single,1,0,24,1,4,10,189.58,0
50681,20,Mobile Phone,1,11,Debit Card,Female,2,5,Laptop & Accessory,2,Single,2,0,26,1,5,2,190.42,1
50682,3,Phone,2,12,COD,Female,2,3,Laptop & Accessory,1,Married,2,0,24,1,2,8,111.48,0
50683,2,Mobile Phone,2,16,E Wallet,Female,3,2,Laptop & Accessory,5,Married,1,0,23,2,4,9,143.35,0
50684,13,Computer,2,21,Debit Card,Male,3,3,Laptop & Accessory,4,Married,3,0,19,1,5,11,169.79,0
50685,31,Mobile Phone,1,9,E Wallet,Male,3,3,Laptop & Accessory,3,Married,3,1,20,2,5,12,232.09,0
50686,9,Mobile Phone,2,15,Credit Card,Female,3,3,Fashion,5,Married,1,0,18,2,6,9,162.08,0
50687,10,Mobile Phone,2,25,Credit Card,Female,2,3,Laptop & Accessory,2,Divorced,2,0,11,1,4,5,153.29,0
50688,3,Mobile Phone,1,15,COD,Female,1,3,Fashion,5,Married,1,0,21,1,5,2,132.64,1
50689,17,Computer,3,18,E Wallet,Male,3,2,Laptop & Accessory,1,Single,4,0,21,2,4,10,184.01,0
50690,2,Mobile Phone,2,27,UPI,Male,3,3,Laptop & Accessory,4,Married,3,0,23,1,4,3,168.98,0
50691,4,Computer,1,16,COD,Male,3,4,Mobile Phone,2,Married,4,1,23,3,6,2,137.06,1
50692,6,Mobile Phone,3,27,Debit Card,Female,2,3,Mobile Phone,1,Divorced,3,0,21,3,6,12,146.87,0
50693,8,Phone,3,13,Debit Card,Female,1,5,Laptop & Accessory,4,Married,5,1,13,4,5,3,123.31,0
50694,3,Mobile Phone,3,23,Credit Card,Female,3,3,Mobile Phone,3,Single,5,1,23,3,7,2,150.06,1
50695,1,Computer,2,17,E Wallet,Female,4,2,Grocery,5,Single,3,1,13,3,7,9,147.61,0
50696,11,Computer,1,17,UPI,Male,2,1,Mobile Phone,2,Divorced,3,1,25,3,5,13,192.64,0
50697,4,Phone,1,18,E Wallet,Male,3,3,Laptop & Accessory,4,Divorced,10,1,17,0,3,14,148.74,0
50698,10,Mobile Phone,2,17,Credit Card,Male,3,3,Mobile Phone,5,Single,1,0,17,2,5,11,151.57,0
50699,2,Computer,3,17,E Wallet,Male,3,2,Mobile Phone,3,Married,3,0,11,1,5,5,169.83,1
50700,7,Mobile Phone,2,31,E Wallet,Female,4,3,Laptop & Accessory,3,Married,3,1,18,2,3,5,140.16,0
50701,9,Mobile Phone,3,19,Credit Card,Male,3,2,Laptop & Accessory,3,Married,7,0,18,0,2,6,155.17,0
50702,0,Mobile Phone,1,24,Debit Card,Male,4,2,Laptop & Accessory,5,Single,1,0,23,2,6,3,107.9,0
50703,4,Mobile Phone,2,11,E Wallet,Female,1,3,Others,3,Divorced,7,0,15,2,3,8,142.73,1
50704,1,Phone,3,8,E Wallet,Male,2,5,Mobile Phone,5,Married,4,0,17,2,3,3,135.38,0
50705,0,Mobile Phone,3,8,Credit Card,Male,3,2,Mobile Phone,3,Married,1,0,13,2,4,6,117.7,0
50706,55,Computer,3,9,Debit Card,Female,3,2,Mobile Phone,5,Married,1,0,21,3,5,1,249.42,0
50707,4,Computer,3,27,Debit Card,Female,4,3,Fashion,3,Divorced,2,1,20,1,5,3,155.83,0
50708,19,Mobile Phone,2,8,E Wallet,Female,1,2,Mobile Phone,2,Married,4,0,20,2,4,6,198.88,0
50709,3,Computer,2,14,COD,Female,3,2,Fashion,3,Single,4,1,19,4,5,10,115.74,0
50710,13,Mobile Phone,3,35,COD,Female,3,6,Laptop & Accessory,5,Married,4,0,14,0,3,2,136.45,0
50711,17,Computer,2,20,Credit Card,Male,4,4,Laptop & Accessory,1,Married,4,0,13,2,3,4,142.31,1
50712,10,Mobile Phone,1,12,UPI,Male,2,4,Fashion,2,Single,1,0,20,1,2,12,157.59,0
50713,7,Phone,2,11,Debit Card,Female,2,1,Fashion,5,Married,1,0,14,1,4,1,131.86,0
50714,6,Computer,2,13,UPI,Female,2,2,Fashion,2,Married,2,0,24,1,2,3,140.34,0
50715,5,Phone,1,17,Credit Card,Male,3,3,Mobile Phone,3,Single,3,1,19,2,3,14,151.09,1
50716,31,Mobile Phone,3,13,E Wallet,Female,4,4,Laptop & Accessory,2,Divorced,2,0,13,3,7,4,210.19,0
50717,21,Mobile Phone,1,20,Debit Card,Female,3,3,Laptop & Accessory,2,Married,5,0,16,1,4,4,180.93,0
50718,40,Mobile Phone,2,31,UPI,Male,3,2,Mobile Phone,3,Divorced,5,0,15,0,1,22,224.42,0
50719,1,Mobile Phone,3,11,Credit Card,Female,1,3,Fashion,5,Single,2,0,26,2,6,7,148.18,0
50720,15,Mobile Phone,2,31,Debit Card,Male,3,2,Mobile Phone,2,Divorced,4,0,26,3,5,4,173.57,0
50721,33,Computer,3,16,Credit Card,Female,4,5,Mobile Phone,4,Married,5,1,13,0,4,2,204.82,1
50722,2,Mobile Phone,1,13,Debit Card,Male,4,3,Laptop & Accessory,2,Married,6,1,26,0,2,12,138.21,0
50723,0,Mobile Phone,3,11,Credit Card,Male,5,3,Laptop & Accessory,2,Married,2,0,15,1,3,5,134.93,0
50724,16,Computer,1,19,Credit Card,Male,3,5,Fashion,4,Married,6,0,12,0,4,3,197.63,0
50725,10,Computer,1,12,Credit Card,Male,1,5,Mobile Phone,1,Married,4,0,21,0,4,14,164.59,0
50726,22,Mobile Phone,3,20,UPI,Female,4,3,Others,4,Divorced,2,1,24,1,2,0,164.4,0
50727,1,Mobile Phone,3,15,COD,Female,5,3,Laptop & Accessory,3,Married,2,0,15,2,4,8,118.67,0
50728,19,Mobile Phone,1,13,Debit Card,Female,4,2,Mobile Phone,3,Married,1,1,18,3,5,5,173.82,0
50729,2,Mobile Phone,3,15,Debit Card,Male,4,2,Laptop & Accessory,3,Single,2,0,16,3,7,2,111.16,1
50730,2,Computer,2,19,Credit Card,Male,2,3,Laptop & Accessory,3,Married,2,0,22,3,5,4,114.53,0
50731,2,Mobile Phone,3,14,Debit Card,Male,2,4,Fashion,1,Single,3,1,24,2,4,8,138.52,0
50732,20,Computer,2,12,UPI,Female,3,3,Others,2,Single,2,0,18,2,5,5,167.96,0
50733,13,Computer,2,11,Credit Card,Female,2,3,Laptop & Accessory,1,Married,2,1,21,1,2,0,187.95,0
50734,8,Computer,2,21,E Wallet,Female,5,3,Laptop & Accessory,4,Single,1,0,24,1,5,6,154.99,0
50735,5,Mobile Phone,1,10,Debit Card,Male,3,4,Others,4,Divorced,4,0,21,3,4,4,167.23,1
50736,25,Mobile Phone,2,11,E Wallet,Female,1,4,Fashion,4,Married,1,0,23,2,6,4,176.23,0
50737,5,Computer,2,8,COD,Female,2,3,Mobile Phone,4,Married,4,0,18,0,4,9,134.23,0
50738,20,Mobile Phone,1,15,Credit Card,Male,2,5,Mobile Phone,5,Married,1,1,23,0,4,12,186.27,0
50739,6,Mobile Phone,1,10,COD,Female,3,1,Fashion,4,Married,9,0,14,1,3,6,154.24,0
50740,5,Mobile Phone,1,14,Debit Card,Female,3,3,Fashion,3,Divorced,9,0,25,2,3,9,135.74,0
50741,7,Mobile Phone,3,15,Debit Card,Female,2,5,Fashion,2,Married,10,1,22,2,4,19,141.55,1
50742,4,Computer,2,15,COD,Male,3,3,Grocery,3,Divorced,1,0,25,2,3,18,134.2,0
50743,16,Mobile Phone,3,12,E Wallet,Male,1,4,Mobile Phone,3,Single,2,1,23,0,1,9,140.04,1
50744,8,Mobile Phone,3,21,Debit Card,Female,2,2,Laptop & Accessory,2,Married,3,1,19,1,5,14,147.36,0
50745,3,Mobile Phone,2,13,Credit Card,Female,3,3,Mobile Phone,2,Married,4,0,25,4,8,6,136.27,0
50746,27,Computer,3,11,Credit Card,Male,3,5,Laptop & Accessory,4,Married,5,0,22,1,3,8,185.93,0
50747,5,Computer,1,8,E Wallet,Male,4,2,Mobile Phone,2,Married,1,0,13,2,6,5,131.62,0
50748,9,Computer,1,22,UPI,Female,3,2,Mobile Phone,4,Single,5,0,14,2,4,4,122.88,0
50749,28,Mobile Phone,2,12,Debit Card,Male,2,3,Laptop & Accessory,2,Single,4,0,14,1,3,16,198.59,0
50750,11,Mobile Phone,2,20,E Wallet,Male,4,3,Grocery,3,Divorced,2,0,26,4,6,2,181.75,0
50751,1,Mobile Phone,3,13,Credit Card,Male,3,3,Laptop & Accessory,2,Married,1,0,20,7,11,17,136.1,0
50752,33,Computer,2,32,Credit Card,Male,3,2,Fashion,4,Single,6,0,23,2,6,14,201.63,0
50753,11,Computer,1,32,Credit Card,Female,4,3,Fashion,3,Divorced,1,0,25,3,7,8,154.71,0
50754,4,Computer,3,17,Credit Card,Male,3,3,Laptop & Accessory,5,Married,2,0,12,3,6,7,147.76,1
50755,1,Mobile Phone,2,17,Debit Card,Female,2,3,Mobile Phone,3,Married,5,0,13,1,5,5,145.73,1
50756,18,Computer,1,17,Credit Card,Male,3,2,Mobile Phone,1,Married,4,0,23,2,3,7,165.11,0
50757,11,Mobile Phone,2,13,Debit Card,Male,3,3,Grocery,4,Married,1,0,26,1,2,6,130.71,0
50758,9,Computer,3,21,Debit Card,Male,4,4,Fashion,4,Married,8,0,23,3,7,6,173.28,0
50759,26,Mobile Phone,3,15,Credit Card,Female,2,3,Laptop & Accessory,2,Married,2,0,16,5,6,7,196.93,0
50760,18,Computer,2,10,Debit Card,Male,3,4,Mobile Phone,2,Single,3,0,21,1,4,8,187.51,0
50761,1,Mobile Phone,1,14,Credit Card,Male,4,5,Mobile Phone,3,Married,3,0,23,4,8,6,156.71,1
50762,4,Mobile Phone,1,10,Debit Card,Female,1,4,Laptop & Accessory,4,Single,3,0,16,1,2,15,128.74,0
50763,3,Computer,2,10,Credit Card,Female,2,5,Laptop & Accessory,5,Single,3,1,19,0,1,3,125.93,1
50764,16,Mobile Phone,3,11,COD,Female,2,1,Grocery,2,Divorced,2,1,16,1,2,8,152.06,0
50765,0,Computer,1,30,Debit Card,Male,3,3,Fashion,2,Married,7,1,24,2,3,17,116.81,1
50766,10,Computer,1,18,Credit Card,Female,4,2,Mobile Phone,4,Married,3,1,15,1,5,5,162.03,0
50767,17,Computer,3,14,E Wallet,Female,2,4,Fashion,2,Married,1,0,21,2,4,21,181.94,1
50768,25,Mobile Phone,3,13,Debit Card,Female,2,4,Others,2,Married,5,0,11,1,4,1,209.99,0
50769,5,Mobile Phone,2,16,Credit Card,Male,4,1,Others,4,Married,1,1,22,2,6,14,148.27,0
50770,20,Computer,1,12,Debit Card,Male,2,3,Laptop & Accessory,1,Single,5,0,15,0,4,4,187.97,0
50771,1,Mobile Phone,1,19,Debit Card,Female,2,4,Mobile Phone,3,Married,3,1,25,2,5,28,137.38,1
50772,22,Computer,1,16,UPI,Male,3,3,Mobile Phone,3,Married,1,0,12,0,1,10,175.22,1
50773,1,Mobile Phone,2,18,Debit Card,Male,2,3,Fashion,3,Single,1,1,24,2,3,5,155.15,0
50774,6,Mobile Phone,1,13,Credit Card,Female,4,1,Laptop & Accessory,1,Single,7,1,26,1,2,12,134.71,0
50775,19,Mobile Phone,3,35,Debit Card,Female,3,4,Others,2,Married,1,1,16,0,2,3,181.04,0
50776,1,Mobile Phone,3,10,Debit Card,Male,3,1,Fashion,3,Single,3,1,13,0,3,4,146.67,1
50777,3,Mobile Phone,1,19,Debit Card,Male,2,3,Laptop & Accessory,2,Single,2,1,26,1,4,0,114.08,1
50778,15,Computer,2,12,Credit Card,Female,3,5,Laptop & Accessory,3,Single,4,1,21,0,3,0,193.53,1
50779,15,Computer,3,16,E Wallet,Male,4,3,Laptop & Accessory,2,Single,4,0,23,2,4,5,164.7,0
50780,12,Mobile Phone,3,17,E Wallet,Female,3,4,Mobile Phone,5,Divorced,4,0,19,0,1,7,111.12,1
50781,14,Phone,3,32,Credit Card,Male,2,4,Grocery,1,Married,2,1,18,2,3,7,168.47,1
50782,9,Mobile Phone,1,17,E Wallet,Male,3,1,Fashion,4,Divorced,4,0,23,3,7,9,169.11,0
50783,3,Phone,1,14,UPI,Male,3,5,Fashion,4,Married,1,1,24,2,4,5,146.22,0
50784,5,Computer,3,5,COD,Female,4,2,Laptop & Accessory,3,Single,1,1,26,1,3,6,121.9,0
50785,2,Computer,2,12,Credit Card,Male,3,2,Others,3,Divorced,2,1,12,3,4,8,159.27,0
50786,28,Mobile Phone,1,40,COD,Male,2,4,Laptop & Accessory,1,Single,3,1,15,2,4,3,223.99,0
50787,10,Mobile Phone,2,20,Credit Card,Male,2,3,Others,3,Single,2,0,22,1,4,5,146.67,0
50788,6,Mobile Phone,3,21,E Wallet,Female,2,3,Mobile Phone,3,Single,2,0,20,1,2,7,141.51,1
50789,7,Computer,1,7,Credit Card,Female,3,1,Mobile Phone,5,Married,1,0,25,2,4,8,134.56,0
50790,35,Mobile Phone,3,12,UPI,Male,2,3,Fashion,5,Single,1,0,23,2,6,2,244.39,0
50791,1,Computer,1,19,Credit Card,Male,1,5,Laptop & Accessory,1,Married,3,0,18,3,5,6,149.0,1
50792,10,Mobile Phone,3,9,E Wallet,Female,3,2,Grocery,5,Single,4,0,16,0,4,16,151.15,0
50793,8,Computer,2,16,Credit Card,Female,2,4,Others,3,Married,6,0,24,2,4,0,163.39,0
50794,11,Mobile Phone,1,26,UPI,Female,3,2,Laptop & Accessory,5,Single,2,0,20,2,5,6,144.5,0
50795,0,Mobile Phone,3,10,COD,Female,3,3,Laptop & Accessory,1,Married,2,1,22,4,6,6,156.63,0
50796,24,Mobile Phone,3,11,Debit Card,Female,4,3,Mobile Phone,4,Married,4,1,20,0,2,9,183.62,1
50797,32,Mobile Phone,3,24,Credit Card,Female,5,2,Fashion,3,Single,4,0,15,1,5,10,202.26,0
50798,9,Mobile Phone,1,12,Debit Card,Male,2,1,Laptop & Accessory,1,Married,2,1,21,0,4,3,142.81,0
50799,14,Computer,2,11,Debit Card,Female,4,2,Fashion,1,Married,4,0,20,4,6,5,166.41,0
50800,30,Mobile Phone,2,28,COD,Male,2,3,Laptop & Accessory,2,Divorced,2,0,19,4,5,24,220.87,0
50801,14,Mobile Phone,2,15,Credit Card,Male,4,5,Others,1,Married,2,1,13,0,3,1,169.68,1
50802,1,Computer,3,10,Credit Card,Female,3,5,Fashion,3,Married,2,0,12,1,4,11,125.56,0
50803,10,Mobile Phone,1,24,E Wallet,Male,1,2,Laptop & Accessory,2,Single,3,0,13,2,6,10,157.28,0
50804,11,Phone,1,10,Credit Card,Male,3,4,Others,5,Single,3,0,14,3,6,10,196.45,1
50805,6,Phone,2,15,Debit Card,Female,4,2,Laptop & Accessory,3,Single,4,1,13,1,5,0,128.43,0
50806,16,Mobile Phone,1,17,Debit Card,Male,4,5,Fashion,4,Divorced,1,0,18,2,3,6,193.04,0
50807,32,Mobile Phone,3,12,Credit Card,Female,3,4,Fashion,3,Single,2,0,11,4,8,20,216.32,0
50808,31,Mobile Phone,2,20,Debit Card,Male,4,5,Mobile Phone,2,Married,3,0,15,3,5,16,234.54,0
50809,7,Computer,2,11,Debit Card,Male,1,3,Others,4,Single,1,1,12,1,5,6,143.99,1
50810,1,Computer,3,21,Credit Card,Female,2,4,Fashion,3,Married,4,1,24,2,3,19,123.16,1
50811,50,Computer,2,14,UPI,Female,2,4,Grocery,5,Married,2,0,24,3,5,21,267.52,0
50812,21,Computer,2,10,Debit Card,Male,3,3,Grocery,3,Married,3,0,18,0,2,3,178.11,1
50813,1,Mobile Phone,1,16,UPI,Female,2,5,Fashion,4,Single,6,0,13,2,5,11,144.03,1
50814,30,Computer,1,18,E Wallet,Female,3,2,Mobile Phone,2,Married,2,0,11,3,6,2,228.01,0
50815,24,Computer,1,7,Debit Card,Male,3,6,Laptop & Accessory,3,Single,4,0,20,1,2,4,179.92,1
50816,8,Computer,2,26,E Wallet,Male,4,4,Laptop & Accessory,2,Single,3,1,24,2,4,3,148.75,0
50817,10,Computer,2,15,Credit Card,Female,3,3,Mobile Phone,4,Single,1,0,20,4,8,18,173.57,0
50818,6,Computer,1,13,UPI,Male,3,1,Mobile Phone,4,Married,4,0,21,1,4,1,134.96,1
50819,0,Mobile Phone,2,17,COD,Female,4,2,Laptop & Accessory,3,Divorced,1,0,12,1,2,0,142.08,0
50820,4,Mobile Phone,1,15,Debit Card,Male,4,4,Others,4,Married,3,0,17,1,5,2,151.23,0
50821,19,Mobile Phone,3,12,E Wallet,Male,4,4,Grocery,3,Divorced,1,1,24,2,5,27,179.04,1
50822,0,Mobile Phone,1,17,Credit Card,Male,1,5,Mobile Phone,5,Married,4,1,22,0,4,2,127.02,1
50823,4,Phone,3,21,Debit Card,Male,3,3,Grocery,5,Married,2,1,23,3,6,11,143.4,0
50824,6,Mobile Phone,2,13,Debit Card,Female,1,4,Laptop & Accessory,4,Married,5,0,12,2,4,5,167.15,0
50825,9,Computer,2,6,E Wallet,Male,3,4,Laptop & Accessory,3,Married,3,0,26,3,7,10,147.55,0
50826,30,Mobile Phone,1,20,Debit Card,Male,1,5,Others,4,Single,1,0,25,1,2,4,193.77,0
50827,5,Mobile Phone,3,15,Credit Card,Male,5,2,Fashion,5,Married,3,0,26,1,4,15,142.03,0
50828,5,Phone,1,10,UPI,Female,3,3,Fashion,3,Married,1,0,14,2,6,5,164.53,0
50829,16,Computer,2,18,E Wallet,Male,2,1,Grocery,4,Single,2,1,26,2,5,4,200.45,0
50830,7,Mobile Phone,3,10,UPI,Male,3,3,Laptop & Accessory,5,Married,2,1,24,1,2,3,162.89,0
50831,3,Mobile Phone,3,20,Debit Card,Male,4,4,Fashion,4,Married,9,1,13,4,6,14,172.59,1
50832,7,Mobile Phone,2,10,Credit Card,Male,2,2,Mobile Phone,2,Single,2,0,21,2,5,5,107.89,0
50833,1,Mobile Phone,3,12,COD,Male,3,2,Grocery,3,Divorced,4,0,20,2,6,4,131.85,0
50834,2,Mobile Phone,3,8,Debit Card,Female,1,3,Mobile Phone,3,Married,2,0,17,0,2,3,135.29,0
50835,8,Mobile Phone,1,12,E Wallet,Female,4,3,Fashion,3,Single,1,1,25,1,3,10,139.93,0
50836,6,Phone,2,13,Debit Card,Male,2,3,Others,4,Married,1,0,21,2,6,3,149.65,0
50837,29,Computer,1,15,E Wallet,Female,2,3,Mobile Phone,2,Divorced,6,0,16,4,7,8,208.08,0
50838,5,Computer,1,13,E Wallet,Male,3,3,Mobile Phone,2,Single,1,1,24,2,6,6,153.56,1
50839,10,Computer,3,10,COD,Female,2,2,Mobile Phone,1,Single,5,1,14,3,7,21,173.33,1
50840,12,Mobile Phone,2,14,Credit Card,Female,4,3,Fashion,1,Single,3,1,14,1,5,3,141.43,0
50841,0,Computer,1,12,UPI,Male,3,1,Grocery,3,Single,2,1,26,1,4,4,124.13,1
50842,13,Mobile Phone,3,16,Debit Card,Female,2,2,Laptop & Accessory,1,Single,10,1,26,0,4,1,155.73,0
50843,2,Computer,1,11,Credit Card,Female,3,4,Others,2,Married,5,0,19,1,3,5,138.72,0
50844,38,Mobile Phone,3,12,Credit Card,Female,4,4,Fashion,3,Married,2,0,16,1,3,4,230.71,0
50845,1,Mobile Phone,3,17,Credit Card,Male,4,2,Laptop & Accessory,4,Single,3,0,14,1,2,0,117.46,1
50846,6,Computer,3,14,Credit Card,Female,3,2,Mobile Phone,3,Married,1,0,24,1,5,8,145.66,0
50847,1,Computer,3,8,COD,Female,2,1,Laptop & Accessory,3,Married,3,1,16,0,3,4,121.58,1
50848,61,Computer,1,27,Debit Card,Male,4,3,Laptop & Accessory,2,Single,1,0,21,0,1,3,280.91,0
50849,8,Phone,2,20,Debit Card,Female,1,3,Fashion,1,Married,3,0,19,2,4,4,135.46,1
50850,10,Mobile Phone,1,20,COD,Male,4,4,Laptop & Accessory,1,Married,8,0,26,2,5,6,178.13,0
50851,0,Mobile Phone,1,8,Credit Card,Female,2,1,Fashion,5,Single,3,0,26,0,2,16,142.49,0
50852,16,Mobile Phone,2,7,Credit Card,Female,3,3,Grocery,5,Single,1,0,26,2,4,3,158.69,0
50853,2,Computer,1,22,Debit Card,Male,5,3,Mobile Phone,2,Married,4,0,24,0,4,11,121.91,0
50854,27,Computer,3,10,Debit Card,Female,3,4,Mobile Phone,2,Single,2,0,22,1,5,12,205.19,0
50855,2,Mobile Phone,3,16,Debit Card,Female,3,2,Laptop & Accessory,5,Single,1,0,18,3,6,3,137.13,0
50856,2,Computer,1,12,Debit Card,Male,1,1,Fashion,1,Married,4,0,11,1,3,24,121.33,0
50857,0,Computer,2,7,E Wallet,Male,2,3,Others,2,Married,5,1,15,3,7,15,130.22,1
50858,7,Mobile Phone,2,11,E Wallet,Male,1,3,Fashion,1,Divorced,3,0,21,2,6,23,138.3,0
50859,9,Computer,3,17,UPI,Female,4,4,Laptop & Accessory,5,Single,6,0,20,3,4,21,143.45,1
50860,0,Computer,2,14,Debit Card,Male,3,2,Mobile Phone,1,Divorced,4,0,26,2,5,8,114.39,0
50861,17,Phone,1,30,Credit Card,Female,2,2,Laptop & Accessory,1,Married,3,0,23,0,2,2,157.61,1
50862,7,Mobile Phone,2,19,Credit Card,Male,2,2,Fashion,4,Married,2,0,12,1,4,3,120.74,0
50863,8,Mobile Phone,2,18,Debit Card,Male,4,2,Fashion,3,Divorced,2,0,18,1,3,13,155.29,0
50864,6,Mobile Phone,3,16,UPI,Male,2,5,Others,3,Single,2,0,16,5,9,4,177.85,1
50865,6,Mobile Phone,1,10,Credit Card,Female,2,3,Mobile Phone,5,Married,7,0,16,0,3,10,134.05,0
50866,9,Phone,1,10,COD,Female,3,2,Fashion,3,Married,4,1,22,3,5,7,145.49,1
50867,2,Mobile Phone,3,15,Debit Card,Male,2,3,Laptop & Accessory,3,Single,3,1,14,3,4,0,163.33,1
50868,2,Computer,3,11,Debit Card,Male,2,4,Laptop & Accessory,3,Married,2,0,21,1,3,2,159.51,0
50869,23,Mobile Phone,3,27,Credit Card,Female,5,3,Laptop & Accessory,4,Married,2,1,23,1,5,1,184.6,0
50870,35,Mobile Phone,2,19,Debit Card,Male,3,3,Laptop & Accessory,2,Single,2,0,20,2,6,9,245.5,0
50871,5,Mobile Phone,2,23,E Wallet,Female,3,4,Mobile Phone,4,Married,1,1,23,2,4,8,143.49,0
50872,3,Computer,2,6,COD,Female,3,4,Others,4,Married,6,0,23,1,5,11,151.45,0
50873,12,Computer,1,17,Debit Card,Male,2,2,Fashion,2,Single,3,0,17,4,7,17,169.62,0
50874,6,Mobile Phone,2,8,Debit Card,Male,4,2,Mobile Phone,3,Married,4,0,22,1,5,12,109.41,1
50875,0,Phone,1,25,Debit Card,Female,2,5,Mobile Phone,4,Single,3,0,21,2,6,15,156.77,0
50876,2,Mobile Phone,1,19,Credit Card,Female,4,2,Laptop & Accessory,5,Married,1,0,21,3,5,7,150.6,0
50877,15,Mobile Phone,3,20,Credit Card,Female,2,3,Laptop & Accessory,5,Single,3,0,16,1,3,15,171.78,0
50878,12,Mobile Phone,1,20,E Wallet,Male,5,6,Laptop & Accessory,2,Married,1,0,26,5,8,14,147.91,1
50879,0,Mobile Phone,3,12,E Wallet,Female,4,3,Mobile Phone,3,Single,7,1,17,0,4,10,129.52,0
50880,3,Phone,1,31,Credit Card,Female,2,3,Laptop & Accessory,3,Married,2,0,24,1,2,14,139.17,0
50881,3,Mobile Phone,1,19,Credit Card,Female,2,4,Fashion,2,Single,1,0,15,2,4,16,140.85,1
50882,13,Mobile Phone,2,16,UPI,Female,1,2,Others,2,Single,2,0,18,4,6,1,177.71,0
50883,0,Mobile Phone,3,12,Credit Card,Male,2,3,Laptop & Accessory,5,Single,6,0,24,2,3,7,114.46,0
50884,1,Computer,2,14,Debit Card,Female,3,2,Grocery,1,Married,2,0,21,4,5,7,141.12,0
50885,19,Mobile Phone,3,25,Debit Card,Female,3,2,Laptop & Accessory,5,Married,1,0,16,3,5,3,186.91,0
50886,2,Computer,1,13,Debit Card,Male,3,3,Fashion,3,Married,3,1,23,0,2,16,130.67,1
50887,12,Mobile Phone,3,11,Credit Card,Male,1,4,Laptop & Accessory,3,Married,1,0,17,1,2,3,134.71,0
50888,3,Mobile Phone,1,18,Credit Card,Female,1,4,Laptop & Accessory,4,Married,3,0,22,1,2,9,130.04,0
50889,1,Computer,3,15,Debit Card,Male,3,3,Laptop & Accessory,3,Married,4,1,26,3,6,2,165.79,1
50890,3,Mobile Phone,2,12,E Wallet,Male,4,2,Laptop & Accessory,5,Single,1,0,16,1,4,7,165.48,0
50891,15,Computer,3,22,Credit Card,Female,2,5,Others,5,Married,4,0,18,2,6,7,163.57,0
50892,23,Mobile Phone,2,10,Debit Card,Male,2,2,Mobile Phone,2,Single,2,0,12,3,5,10,191.33,0
50893,21,Computer,1,13,E Wallet,Female,2,4,Laptop & Accessory,4,Married,4,0,21,2,5,8,203.77,1
50894,6,Mobile Phone,3,10,E Wallet,Male,3,4,Laptop & Accessory,3,Married,2,1,12,1,5,6,153.68,1
50895,13,Computer,1,31,Debit Card,Male,3,1,Fashion,3,Married,2,0,12,0,2,1,154.04,0
50896,2,Mobile Phone,1,19,COD,Male,3,2,Fashion,3,Married,3,0,14,0,2,6,137.4,0
50897,4,Mobile Phone,3,17,Debit Card,Male,4,3,Others,2,Married,2,0,11,0,1,2,125.39,0
50898,27,Mobile Phone,1,11,E Wallet,Male,3,4,Fashion,3,Married,4,1,11,0,1,4,185.21,0
50899,0,Mobile Phone,1,31,COD,Female,2,3,Mobile Phone,3,Single,1,0,25,2,4,4,156.08,1
50900,1,Mobile Phone,2,8,E Wallet,Male,2,4,Laptop & Accessory,4,Married,4,0,13,5,6,4,137.14,1
50901,2,Mobile Phone,3,13,E Wallet,Male,3,4,Laptop & Accessory,2,Single,6,0,14,4,7,10,167.16,1
50902,0,Computer,1,14,COD,Female,4,3,Grocery,4,Married,5,0,26,2,3,13,144.67,1
50903,2,Computer,2,8,Debit Card,Female,4,3,Fashion,3,Divorced,4,0,18,2,3,10,142.44,0
50904,10,Computer,3,15,Debit Card,Male,2,1,Fashion,2,Married,1,1,16,1,2,8,120.15,0
50905,6,Computer,3,11,E Wallet,Female,1,5,Mobile Phone,4,Married,4,1,23,1,3,7,139.05,0
50906,26,Mobile Phone,3,26,UPI,Male,4,3,Mobile Phone,3,Single,2,0,14,1,2,25,185.34,1
50907,20,Mobile Phone,3,9,E Wallet,Female,2,2,Fashion,5,Married,1,0,19,1,3,25,193.92,0
50908,5,Mobile Phone,2,20,COD,Male,4,2,Fashion,2,Married,4,1,18,1,3,4,145.42,0
50909,3,Computer,2,15,Debit Card,Female,3,1,Fashion,5,Single,1,0,23,0,4,3,133.21,0
50910,5,Mobile Phone,1,22,UPI,Female,3,2,Fashion,3,Married,2,0,18,4,8,3,168.09,0
50911,10,Mobile Phone,3,14,COD,Female,2,2,Mobile Phone,3,Married,5,0,11,1,3,3,138.02,0
50912,3,Computer,3,10,Credit Card,Male,3,3,Fashion,5,Single,4,0,16,1,2,10,98.62,0
50913,11,Mobile Phone,3,28,COD,Female,4,3,Mobile Phone,2,Married,3,0,25,2,5,9,152.2,0
50914,6,Computer,1,28,Debit Card,Female,3,4,Fashion,3,Married,5,0,25,1,5,5,147.91,0
50915,9,Computer,2,20,COD,Female,3,1,Laptop & Accessory,1,Single,4,1,22,0,2,3,179.63,0
50916,6,Mobile Phone,2,18,COD,Male,4,4,Fashion,3,Married,3,1,18,2,5,2,141.35,0
50917,4,Mobile Phone,2,17,Debit Card,Male,3,4,Mobile Phone,1,Single,4,0,16,2,6,2,158.28,0
50918,35,Mobile Phone,3,19,Credit Card,Female,4,3,Grocery,5,Single,5,0,23,0,3,1,208.84,0
50919,17,Computer,2,37,Credit Card,Male,1,2,Mobile Phone,1,Divorced,1,1,13,2,5,5,160.74,1
50920,1,Mobile Phone,1,9,Debit Card,Male,4,3,Fashion,5,Married,2,0,22,1,3,2,147.26,0
50921,24,Computer,3,15,Debit Card,Male,2,4,Laptop & Accessory,3,Single,4,0,14,0,1,7,176.48,0
50922,8,Computer,2,12,Debit Card,Male,2,5,Mobile Phone,4,Divorced,1,0,19,1,3,8,151.58,0
50923,26,Mobile Phone,1,15,Credit Card,Female,1,1,Fashion,3,Single,1,0,18,1,4,4,203.47,0
50924,19,Mobile Phone,1,9,Credit Card,Male,4,3,Grocery,2,Divorced,4,0,26,2,5,11,224.13,0
50925,6,Computer,3,10,COD,Female,1,3,Fashion,2,Married,3,1,24,3,4,8,151.92,1
50926,0,Mobile Phone,3,10,Credit Card,Female,5,1,Mobile Phone,3,Married,4,0,19,0,1,10,140.21,0
50927,3,Computer,2,19,E Wallet,Male,3,2,Laptop & Accessory,2,Married,2,1,24,4,8,3,139.64,0
50928,9,Mobile Phone,1,15,Debit Card,Female,3,1,Mobile Phone,5,Single,3,1,12,0,2,7,143.75,0
50929,12,Computer,1,8,E Wallet,Female,3,2,Fashion,1,Married,5,1,16,3,5,4,168.81,0
50930,3,Computer,1,8,COD,Female,2,2,Laptop & Accessory,1,Married,6,0,20,0,4,0,120.13,1
50931,1,Computer,2,7,Credit Card,Male,4,3,Others,2,Married,4,0,24,1,2,6,114.32,0
50932,21,Mobile Phone,2,14,Credit Card,Female,4,3,Mobile Phone,1,Divorced,1,0,18,2,6,6,192.73,0
50933,49,Mobile Phone,2,14,E Wallet,Female,2,4,Fashion,4,Married,3,0,14,3,4,1,256.63,0
50934,8,Computer,3,14,Credit Card,Male,4,2,Mobile Phone,1,Married,1,0,14,3,7,1,157.93,1
50935,2,Mobile Phone,1,11,Credit Card,Female,4,1,Fashion,4,Single,9,1,25,2,3,10,152.39,0
50936,3,Mobile Phone,1,13,Debit Card,Male,3,1,Fashion,3,Divorced,10,0,12,1,4,4,129.24,1
50937,0,Phone,1,14,Credit Card,Female,2,4,Laptop & Accessory,4,Divorced,1,0,23,2,6,9,142.07,0
50938,29,Mobile Phone,1,15,E Wallet,Male,3,4,Fashion,3,Married,3,0,12,1,5,9,232.73,0
50939,1,Mobile Phone,1,17,COD,Female,2,2,Fashion,3,Married,5,1,25,3,6,2,141.99,1
50940,10,Mobile Phone,2,23,Credit Card,Female,3,1,Fashion,3,Single,1,0,15,4,8,20,156.02,1
50941,3,Computer,3,11,Debit Card,Male,5,4,Mobile Phone,3,Married,3,0,13,2,6,5,126.61,0
50942,9,Computer,3,20,Debit Card,Male,2,3,Fashion,1,Single,1,0,11,0,4,8,142.34,0
50943,12,Mobile Phone,3,11,COD,Male,3,3,Mobile Phone,3,Divorced,3,1,17,0,4,5,171.68,0
50944,21,Mobile Phone,2,19,COD,Male,2,3,Laptop & Accessory,5,Married,2,0,25,4,6,3,182.2,1
50945,2,Mobile Phone,3,15,Debit Card,Female,3,4,Laptop & Accessory,4,Divorced,3,1,25,3,4,7,126.58,0
50946,0,Computer,1,37,COD,Male,1,2,Mobile Phone,3,Married,2,0,20,1,4,5,143.71,0
50947,1,Mobile Phone,3,17,COD,Female,4,3,Mobile Phone,5,Single,2,1,13,0,3,11,127.66,0
50948,27,Phone,1,21,Credit Card,Female,3,1,Laptop & Accessory,3,Married,1,0,11,0,2,6,206.82,0
50949,24,Mobile Phone,1,6,E Wallet,Male,2,3,Mobile Phone,2,Married,4,0,23,2,3,6,197.73,0
50950,10,Phone,1,22,Credit Card,Female,3,5,Mobile Phone,5,Married,1,1,14,3,4,10,152.82,1
50951,11,Mobile Phone,3,11,Credit Card,Male,4,2,Fashion,3,Married,6,1,18,1,4,0,173.34,0
50952,13,Computer,3,14,Debit Card,Female,1,5,Laptop & Accessory,3,Married,1,1,23,2,5,10,158.65,1
50953,2,Mobile Phone,3,13,Credit Card,Male,4,4,Others,2,Married,2,0,22,0,1,7,141.1,0
50954,29,Mobile Phone,2,9,COD,Female,3,2,Mobile Phone,4,Married,2,0,20,0,3,3,202.13,0
50955,6,Computer,2,29,UPI,Male,4,3,Fashion,3,Married,3,1,24,2,5,4,157.58,0
50956,5,Computer,3,24,Credit Card,Female,4,3,Mobile Phone,2,Married,1,0,26,0,4,5,149.78,0
50957,8,Mobile Phone,2,10,Credit Card,Female,1,2,Fashion,2,Married,2,0,26,4,5,6,160.63,0
50958,0,Computer,3,10,Credit Card,Female,4,1,Mobile Phone,3,Divorced,4,0,12,1,5,12,137.0,0
50959,2,Computer,1,18,Credit Card,Female,3,1,Mobile Phone,3,Single,5,0,19,1,2,14,141.09,0
50960,16,Computer,1,21,E Wallet,Female,1,4,Others,4,Single,6,0,15,1,3,20,161.45,0
50961,1,Mobile Phone,3,15,Credit Card,Female,4,4,Grocery,2,Married,1,1,12,1,5,13,134.07,0
50962,11,Mobile Phone,1,11,Debit Card,Female,3,3,Laptop & Accessory,4,Single,3,0,11,2,4,1,152.53,0
50963,3,Mobile Phone,3,14,Debit Card,Female,2,3,Fashion,5,Single,2,0,15,0,4,1,124.21,0
50964,5,Mobile Phone,2,7,Credit Card,Male,2,3,Fashion,3,Married,3,0,14,1,3,5,131.47,0
50965,4,Computer,3,8,E Wallet,Female,3,4,Laptop & Accessory,3,Married,5,0,26,4,6,8,143.67,0
50966,5,Mobile Phone,1,22,Credit Card,Male,1,2,Others,3,Single,3,0,19,1,3,6,144.99,1
50967,15,Mobile Phone,3,12,E Wallet,Male,2,2,Laptop & Accessory,4,Married,2,0,14,0,2,8,176.9,0
50968,4,Computer,2,14,E Wallet,Male,4,3,Others,1,Single,2,0,12,1,4,3,123.37,1
50969,10,Computer,2,17,Credit Card,Female,3,3,Fashion,3,Married,5,0,17,3,4,17,131.4,0
50970,7,Mobile Phone,2,14,COD,Female,3,4,Mobile Phone,1,Single,4,1,13,2,5,6,165.07,0
50971,13,Mobile Phone,3,17,Debit Card,Male,2,1,Fashion,3,Single,3,0,13,4,6,1,165.69,0
50972,33,Phone,2,22,COD,Female,2,3,Fashion,5,Single,1,0,16,1,2,10,165.96,0
50973,15,Mobile Phone,1,11,Debit Card,Female,3,1,Fashion,2,Married,2,1,25,2,6,2,158.74,0
50974,2,Computer,3,22,Credit Card,Male,4,4,Grocery,2,Married,2,0,15,2,5,15,126.02,0
50975,0,Computer,1,17,Credit Card,Female,1,3,Mobile Phone,4,Single,1,0,13,1,3,3,114.99,1
50976,3,Mobile Phone,1,19,Credit Card,Male,1,3,Mobile Phone,4,Single,6,0,14,2,3,11,138.08,0
50977,10,Phone,1,22,COD,Male,4,4,Grocery,3,Divorced,2,1,22,1,5,0,149.04,0
50978,0,Computer,3,16,Debit Card,Female,4,3,Fashion,2,Married,1,0,24,2,4,2,150.99,0
50979,8,Mobile Phone,1,41,E Wallet,Male,3,2,Laptop & Accessory,1,Single,3,0,15,0,3,7,169.04,0
50980,10,Computer,1,9,UPI,Male,3,4,Fashion,2,Single,2,1,17,1,4,9,163.34,1
50981,4,Computer,3,22,Debit Card,Male,2,4,Others,3,Single,5,0,23,2,6,16,121.68,0
50982,17,Computer,3,12,COD,Male,2,2,Fashion,2,Divorced,4,1,23,2,4,12,180.97,0
50983,1,Computer,1,17,Credit Card,Female,4,5,Fashion,4,Divorced,4,0,25,3,4,10,101.78,0
50984,0,Mobile Phone,3,14,COD,Male,2,2,Laptop & Accessory,3,Single,6,0,12,0,4,14,117.78,0
50985,15,Mobile Phone,3,14,E Wallet,Male,3,2,Others,1,Single,2,0,16,4,5,7,185.14,0
50986,8,Mobile Phone,1,13,E Wallet,Female,3,2,Fashion,1,Single,3,0,14,2,6,5,165.71,0
50987,13,Mobile Phone,3,19,Credit Card,Male,3,5,Laptop & Accessory,2,Single,4,0,24,2,6,8,187.11,0
50988,6,Mobile Phone,2,10,E Wallet,Female,2,2,Others,3,Divorced,3,0,15,2,6,8,157.1,1
50989,3,Computer,2,11,Debit Card,Male,3,5,Mobile Phone,5,Single,2,1,15,0,1,14,120.01,1
50990,20,Computer,2,10,Credit Card,Female,2,3,Laptop & Accessory,1,Married,5,0,20,2,6,3,204.69,1
50991,19,Computer,2,28,Debit Card,Female,2,2,Laptop & Accessory,4,Single,6,1,18,0,3,17,193.67,1
50992,14,Computer,1,21,Credit Card,Male,3,3,Others,3,Married,4,1,20,1,4,5,187.9,0
50993,3,Computer,3,12,Debit Card,Female,3,4,Mobile Phone,3,Single,2,0,15,1,2,6,142.44,0
50994,10,Mobile Phone,1,18,COD,Female,3,3,Mobile Phone,3,Single,1,0,20,0,3,0,133.94,0
50995,5,Computer,2,10,E Wallet,Male,3,2,Mobile Phone,4,Divorced,3,1,15,2,6,7,143.59,0
50996,1,Mobile Phone,1,15,E Wallet,Female,2,2,Fashion,3,Single,3,0,12,2,4,5,136.07,1
50997,29,Phone,3,13,UPI,Male,2,2,Mobile Phone,5,Single,3,0,15,1,4,10,219.2,0
50998,1,Computer,1,13,E Wallet,Male,2,2,Mobile Phone,3,Married,1,0,11,1,5,1,133.81,1
50999,36,Mobile Phone,2,12,Debit Card,Female,4,2,Fashion,2,Married,4,0,20,6,10,5,217.22,0
51000,7,Computer,2,40,E Wallet,Male,1,3,Mobile Phone,3,Married,3,1,11,2,6,5,152.12,0
51001,2,Mobile Phone,3,20,COD,Male,2,3,Fashion,4,Single,2,0,14,4,7,4,149.63,0
51002,9,Mobile Phone,2,34,Debit Card,Female,4,3,Others,3,Married,7,0,12,2,5,7,153.98,0
51003,24,Computer,3,12,E Wallet,Female,2,2,Others,3,Single,2,1,15,3,4,2,195.05,0
51004,15,Mobile Phone,1,10,Credit Card,Female,2,6,Mobile Phone,1,Married,2,0,13,3,4,5,176.18,1
51005,19,Mobile Phone,1,17,Credit Card,Male,4,3,Laptop & Accessory,3,Married,2,1,21,4,6,25,189.58,0
51006,12,Phone,2,15,COD,Female,1,4,Laptop & Accessory,3,Single,2,1,19,1,4,7,154.91,0
51007,14,Computer,3,20,Credit Card,Female,3,3,Grocery,1,Married,3,0,19,1,3,4,164.8,1
51008,22,Computer,1,22,Debit Card,Female,4,2,Laptop & Accessory,4,Single,2,0,16,1,4,3,176.7,0
51009,3,Computer,1,7,COD,Male,5,4,Laptop & Accessory,2,Married,6,0,12,2,5,15,137.14,0
51010,8,Mobile Phone,1,35,E Wallet,Male,2,4,Fashion,2,Single,3,0,22,5,6,1,168.21,1
51011,3,Mobile Phone,2,17,Credit Card,Male,2,2,Others,3,Married,5,1,15,1,3,0,148.3,0
51012,52,Computer,1,19,Debit Card,Male,3,3,Laptop & Accessory,3,Divorced,6,0,22,3,6,6,262.62,0
51013,34,Phone,3,28,COD,Male,2,1,Laptop & Accessory,4,Single,4,0,24,2,3,5,200.84,0
51014,0,Mobile Phone,1,11,Debit Card,Male,2,1,Grocery,4,Single,2,1,12,2,5,3,133.41,0
51015,14,Computer,1,14,Credit Card,Female,3,4,Mobile Phone,2,Married,2,0,25,1,5,13,151.5,0
51016,31,Phone,1,9,Debit Card,Male,1,5,Mobile Phone,2,Single,2,0,18,0,3,11,231.19,1
51017,2,Computer,2,10,COD,Female,4,2,Grocery,2,Married,3,1,19,2,4,3,138.3,1
51018,10,Phone,2,22,E Wallet,Female,2,3,Laptop & Accessory,3,Single,3,0,15,4,5,5,148.84,0
51019,29,Mobile Phone,1,27,Credit Card,Female,2,4,Fashion,1,Married,2,0,22,0,2,8,197.92,0
51020,0,Phone,3,8,E Wallet,Male,4,4,Others,4,Single,5,1,18,2,6,10,143.62,1
51021,14,Computer,1,17,COD,Female,2,3,Fashion,1,Single,2,0,17,3,4,31,151.94,0
51022,4,Mobile Phone,3,24,COD,Male,4,3,Mobile Phone,5,Single,4,0,26,1,4,8,136.6,0
51023,30,Phone,2,22,E Wallet,Male,2,3,Fashion,4,Single,5,0,16,3,6,2,216.22,1
51024,42,Mobile Phone,1,16,UPI,Female,3,2,Laptop & Accessory,5,Married,1,0,17,1,4,4,241.94,0
51025,34,Mobile Phone,3,17,Credit Card,Female,4,3,Laptop & Accessory,1,Single,4,1,19,1,4,15,213.84,1
51026,7,Computer,3,17,Credit Card,Female,3,3,Fashion,2,Married,1,1,11,3,7,3,141.4,0
51027,23,Mobile Phone,1,17,UPI,Female,1,3,Laptop & Accessory,5,Married,4,0,23,0,1,7,161.73,1
51028,22,Mobile Phone,2,18,E Wallet,Male,3,2,Laptop & Accessory,5,Single,3,0,11,2,6,2,176.25,0
51029,4,Computer,1,14,COD,Male,3,3,Laptop & Accessory,2,Single,3,0,14,4,7,5,170.97,0
51030,21,Mobile Phone,2,34,Debit Card,Male,2,2,Laptop & Accessory,3,Single,3,0,13,3,7,21,196.87,0
51031,0,Mobile Phone,1,11,E Wallet,Female,5,4,Mobile Phone,2,Married,2,1,21,2,6,12,141.05,1
51032,10,Mobile Phone,3,25,E Wallet,Male,4,2,Laptop & Accessory,5,Married,1,0,22,1,2,9,140.32,0
51033,3,Mobile Phone,1,11,E Wallet,Male,1,4,Grocery,1,Divorced,3,0,19,1,2,7,135.18,1
51034,1,Computer,1,19,Debit Card,Male,3,4,Fashion,4,Married,1,0,20,1,4,5,152.39,0
51035,0,Computer,1,11,UPI,Female,2,5,Mobile Phone,2,Married,6,0,19,3,5,17,141.8,1
51036,14,Phone,1,18,Credit Card,Female,1,3,Mobile Phone,3,Single,2,0,19,0,3,3,175.1,0
51037,4,Computer,2,15,E Wallet,Female,1,1,Grocery,3,Married,3,1,17,3,7,4,164.46,0
51038,15,Mobile Phone,1,20,E Wallet,Female,3,3,Others,3,Married,3,0,23,0,2,8,141.52,0
51039,0,Phone,3,11,Credit Card,Female,2,2,Laptop & Accessory,3,Divorced,3,0,25,2,6,5,130.94,0
51040,4,Computer,1,11,E Wallet,Male,3,1,Fashion,4,Married,2,0,20,2,3,6,152.86,0
51041,9,Computer,3,27,COD,Female,3,4,Laptop & Accessory,2,Married,2,1,11,2,6,7,155.14,1
51042,18,Computer,2,30,Credit Card,Male,4,2,Laptop & Accessory,4,Single,4,0,17,2,4,3,177.23,0
51043,4,Phone,3,14,E Wallet,Male,4,3,Laptop & Accessory,3,Married,2,1,20,0,3,16,113.3,0
51044,11,Computer,3,18,Credit Card,Male,3,4,Fashion,1,Single,2,0,20,2,4,2,145.55,0
51045,26,Mobile Phone,3,8,UPI,Female,3,2,Mobile Phone,4,Married,1,0,19,4,7,10,206.41,0
51046,11,Computer,3,15,Credit Card,Male,5,4,Laptop & Accessory,2,Married,3,0,18,2,3,8,185.34,0
51047,3,Mobile Phone,1,13,Credit Card,Female,2,2,Mobile Phone,5,Single,4,0,24,2,4,8,136.4,1
51048,0,Mobile Phone,3,33,E Wallet,Male,3,3,Mobile Phone,4,Single,2,0,15,2,4,1,134.93,1
51049,24,Mobile Phone,3,12,Credit Card,Female,3,2,Fashion,3,Married,5,1,24,1,2,8,186.72,0
51050,0,Mobile Phone,1,33,Debit Card,Female,3,3,Fashion,4,Married,1,0,16,1,5,8,147.81,0
51051,24,Mobile Phone,2,12,COD,Female,2,3,Mobile Phone,5,Divorced,2,0,19,3,4,9,180.14,0
51052,9,Mobile Phone,1,19,E Wallet,Female,2,5,Mobile Phone,2,Single,4,0,17,2,4,20,153.67,1
51053,33,Computer,2,30,E Wallet,Male,2,3,Laptop & Accessory,3,Single,7,1,25,2,3,3,199.48,0
51054,19,Computer,2,14,E Wallet,Female,4,4,Grocery,1,Divorced,2,0,16,3,5,25,171.46,0
51055,61,Phone,2,30,UPI,Female,3,2,Laptop & Accessory,5,Married,4,0,25,1,2,0,301.79,0
51056,5,Mobile Phone,2,22,Debit Card,Female,2,4,Laptop & Accessory,3,Single,4,1,21,1,3,8,122.23,1
51057,17,Computer,3,15,Debit Card,Male,3,3,Fashion,1,Divorced,6,0,25,2,4,4,190.13,0
51058,6,Phone,2,18,Credit Card,Female,4,3,Laptop & Accessory,3,Single,3,0,12,4,7,2,132.65,1
51059,7,Mobile Phone,3,27,Credit Card,Male,4,4,Laptop & Accessory,3,Married,3,0,15,2,3,4,123.5,0
51060,11,Computer,1,18,Debit Card,Male,1,5,Mobile Phone,2,Married,1,0,24,1,5,3,144.54,1
51061,24,Computer,2,9,E Wallet,Male,4,1,Mobile Phone,1,Single,2,0,17,4,8,7,163.79,0
51062,49,Mobile Phone,2,22,Debit Card,Female,5,4,Laptop & Accessory,2,Married,3,1,13,1,3,6,244.27,0
51063,17,Computer,1,22,E Wallet,Female,3,5,Laptop & Accessory,2,Single,3,0,24,1,5,6,200.6,1
51064,6,Computer,1,17,E Wallet,Male,5,2,Mobile Phone,4,Single,2,0,21,3,5,8,153.68,0
51065,6,Mobile Phone,2,12,Debit Card,Female,5,3,Mobile Phone,2,Married,4,0,26,3,5,3,138.62,0
51066,16,Mobile Phone,2,21,Debit Card,Male,3,4,Laptop & Accessory,5,Married,2,1,12,1,3,2,168.41,0
51067,3,Mobile Phone,2,9,UPI,Male,4,5,Laptop & Accessory,2,Divorced,4,0,21,1,5,2,116.36,1
51068,1,Mobile Phone,1,18,E Wallet,Female,2,5,Mobile Phone,5,Married,1,0,15,2,6,4,142.76,0
51069,5,Mobile Phone,1,18,UPI,Male,4,1,Laptop & Accessory,3,Married,3,0,25,4,6,7,140.7,1
51070,4,Mobile Phone,2,16,Credit Card,Female,3,4,Laptop & Accessory,5,Single,1,1,16,2,6,1,133.01,0
51071,4,Mobile Phone,1,25,COD,Female,3,3,Mobile Phone,4,Married,3,0,16,3,5,4,138.29,0
51072,3,Phone,1,13,E Wallet,Female,4,3,Mobile Phone,3,Single,5,1,21,2,3,10,149.28,1
51073,0,Mobile Phone,1,10,Debit Card,Female,4,4,Fashion,4,Married,3,0,26,3,5,2,135.51,0
51074,0,Mobile Phone,1,11,Credit Card,Male,3,4,Laptop & Accessory,5,Married,2,1,22,4,5,7,133.89,1
51075,52,Mobile Phone,1,25,E Wallet,Female,1,3,Fashion,5,Single,1,0,16,2,6,2,233.38,0
51076,6,Mobile Phone,1,20,Debit Card,Male,3,3,Mobile Phone,2,Divorced,2,1,17,2,3,13,149.22,1
51077,5,Mobile Phone,1,19,COD,Female,4,3,Fashion,3,Single,5,0,19,0,4,2,156.38,1
51078,13,Mobile Phone,2,18,E Wallet,Male,3,2,Mobile Phone,3,Single,2,1,25,1,3,6,160.26,0
51079,2,Mobile Phone,1,14,Debit Card,Male,4,3,Mobile Phone,3,Married,1,0,17,1,5,1,148.32,0
51080,35,Computer,2,10,COD,Male,4,4,Mobile Phone,3,Married,5,0,11,2,6,5,241.97,0
51081,18,Phone,3,10,Credit Card,Male,3,2,Laptop & Accessory,3,Married,6,0,11,4,7,6,185.29,0
51082,1,Mobile Phone,3,18,Credit Card,Female,3,4,Laptop & Accessory,4,Married,7,0,19,1,4,9,121.83,1
51083,6,Mobile Phone,1,13,E Wallet,Female,1,3,Mobile Phone,2,Divorced,3,0,26,1,5,2,166.01,0
51084,25,Computer,3,11,E Wallet,Female,3,2,Laptop & Accessory,3,Single,3,0,13,3,4,11,221.47,0
51085,34,Computer,1,14,Credit Card,Female,2,1,Laptop & Accessory,5,Married,2,1,18,2,6,16,212.55,0
51086,7,Mobile Phone,1,26,Debit Card,Male,3,3,Fashion,1,Married,2,1,25,0,3,17,150.86,1
51087,11,Phone,3,16,Credit Card,Female,4,3,Fashion,2,Married,3,1,11,2,6,1,150.15,0
51088,2,Computer,3,32,Credit Card,Male,3,1,Laptop & Accessory,1,Married,1,1,14,1,5,9,149.53,1
51089,56,Mobile Phone,2,19,E Wallet,Male,1,3,Grocery,1,Married,7,0,25,0,2,3,249.98,0
51090,3,Computer,2,53,E Wallet,Female,4,3,Grocery,1,Single,4,0,13,2,4,13,125.07,1
51091,34,Phone,2,17,E Wallet,Male,3,6,Mobile Phone,3,Married,1,1,21,2,4,2,212.34,0
51092,12,Computer,1,17,Credit Card,Female,2,2,Mobile Phone,4,Single,2,0,17,2,3,5,138.87,0
51093,11,Mobile Phone,1,16,Credit Card,Female,3,4,Grocery,2,Single,2,0,13,1,2,11,138.19,0
51094,8,Mobile Phone,2,13,Debit Card,Female,3,2,Fashion,2,Married,1,0,15,3,4,4,128.38,1
51095,3,Mobile Phone,3,14,Debit Card,Female,2,2,Mobile Phone,5,Married,9,0,23,2,3,6,125.03,1
51096,2,Mobile Phone,1,35,E Wallet,Female,3,1,Mobile Phone,2,Married,2,0,12,0,1,12,120.43,0
51097,2,Computer,3,13,Debit Card,Male,2,1,Fashion,2,Married,1,0,25,2,3,6,143.4,0
51098,2,Computer,1,16,Debit Card,Male,4,2,Mobile Phone,4,Married,5,0,13,1,2,6,109.77,0
51099,18,Computer,2,16,Debit Card,Male,4,2,Fashion,4,Single,1,0,26,2,3,3,186.06,0
51100,5,Phone,2,13,Debit Card,Female,2,1,Laptop & Accessory,3,Married,3,0,11,3,5,8,141.07,1
51101,0,Mobile Phone,2,13,Credit Card,Male,4,4,Fashion,1,Divorced,2,0,24,2,6,7,129.96,1
51102,41,Computer,1,15,Credit Card,Male,4,3,Fashion,3,Married,1,0,22,1,5,11,226.4,0
51103,25,Computer,2,22,Debit Card,Female,2,3,Others,4,Married,1,0,22,4,7,15,213.05,0
51104,31,Mobile Phone,2,28,Debit Card,Male,1,2,Mobile Phone,4,Married,2,0,13,0,2,1,191.48,0
51105,61,Computer,1,9,Debit Card,Male,3,2,Fashion,3,Divorced,2,0,25,3,5,10,300.73,0
51106,2,Mobile Phone,1,32,Credit Card,Male,2,3,Laptop & Accessory,2,Single,4,0,18,2,5,3,115.32,1
51107,6,Computer,2,20,E Wallet,Female,2,6,Laptop & Accessory,4,Married,4,0,26,1,5,18,154.7,1
51108,17,Mobile Phone,2,21,Debit Card,Male,2,3,Laptop & Accessory,5,Single,3,0,23,1,5,1,202.31,0
51109,14,Mobile Phone,1,12,E Wallet,Female,2,1,Grocery,4,Single,2,1,23,2,5,4,164.22,1
51110,2,Computer,2,42,Debit Card,Male,2,2,Mobile Phone,2,Single,5,0,13,2,3,6,152.37,1
51111,20,Computer,3,11,Debit Card,Female,4,3,Mobile Phone,5,Single,3,1,11,5,7,4,183.91,1
51112,3,Mobile Phone,1,17,Credit Card,Male,4,3,Grocery,3,Single,2,0,16,3,5,3,135.34,0
51113,3,Mobile Phone,2,18,Credit Card,Female,3,3,Laptop & Accessory,1,Divorced,5,1,11,0,1,8,162.97,1
51114,9,Mobile Phone,1,31,Debit Card,Female,3,3,Fashion,2,Married,5,0,23,3,4,3,150.28,1
51115,10,Computer,1,11,Debit Card,Male,4,3,Fashion,4,Married,1,1,13,1,4,13,164.93,0
51116,10,Computer,1,17,Debit Card,Male,4,4,Laptop & Accessory,5,Married,5,0,12,2,5,6,171.61,0
51117,1,Phone,2,8,E Wallet,Female,4,2,Laptop & Accessory,3,Single,3,1,21,0,1,7,140.09,1
51118,25,Mobile Phone,3,16,Credit Card,Male,2,1,Laptop & Accessory,1,Single,6,1,13,2,3,14,185.93,1
51119,3,Computer,1,19,Debit Card,Male,2,4,Others,1,Married,4,0,23,5,9,7,159.27,0
51120,1,Mobile Phone,2,12,UPI,Male,4,3,Fashion,2,Divorced,1,1,20,1,4,6,119.01,1
51121,26,Computer,2,9,Debit Card,Male,4,3,Laptop & Accessory,1,Married,2,0,24,3,5,6,188.89,0
51122,37,Mobile Phone,1,33,Debit Card,Male,4,4,Fashion,3,Single,2,0,20,3,4,6,215.61,0
51123,23,Mobile Phone,2,10,Debit Card,Male,4,5,Mobile Phone,4,Single,4,1,12,1,4,0,188.46,1
51124,19,Computer,3,10,Debit Card,Male,3,3,Laptop & Accessory,3,Married,3,1,11,3,4,3,181.03,0
51125,12,Mobile Phone,3,12,Debit Card,Female,2,4,Others,4,Married,2,1,21,2,6,4,179.12,1
51126,9,Computer,3,26,COD,Male,2,3,Laptop & Accessory,4,Married,4,0,15,3,4,13,173.77,0
51127,1,Computer,1,15,UPI,Male,2,1,Fashion,2,Married,4,0,25,4,7,20,148.54,0
51128,6,Mobile Phone,3,8,Credit Card,Male,3,5,Grocery,2,Single,4,0,14,2,6,4,187.68,0
51129,5,Mobile Phone,1,12,Credit Card,Male,4,4,Mobile Phone,2,Married,4,0,11,0,1,1,136.85,1
51130,3,Computer,3,26,Credit Card,Male,2,4,Others,3,Married,3,0,23,1,3,3,137.37,1
51131,15,Computer,3,9,Credit Card,Male,1,3,Laptop & Accessory,4,Single,1,1,23,0,4,5,187.34,0
51132,8,Mobile Phone,1,10,E Wallet,Female,4,5,Others,2,Married,1,0,13,1,2,12,149.12,0
51133,1,Mobile Phone,2,10,Credit Card,Female,3,3,Laptop & Accessory,2,Single,4,1,20,1,3,3,137.43,1
51134,2,Computer,2,15,Debit Card,Female,5,4,Mobile Phone,1,Married,5,0,22,1,5,26,144.72,0
51135,13,Computer,3,16,Debit Card,Male,3,2,Grocery,1,Single,3,0,15,1,2,5,154.71,1
51136,0,Mobile Phone,1,14,COD,Female,2,2,Fashion,4,Single,9,0,17,1,5,15,116.31,0
51137,22,Mobile Phone,3,15,Debit Card,Female,2,3,Fashion,1,Married,2,0,25,1,4,11,201.51,0
51138,8,Computer,2,10,UPI,Female,3,3,Laptop & Accessory,3,Single,4,0,24,2,6,1,176.22,0
51139,7,Computer,1,14,E Wallet,Male,3,4,Others,3,Single,4,0,11,3,5,12,171.59,1
51140,10,Phone,1,14,Credit Card,Female,2,2,Laptop & Accessory,5,Single,4,1,19,2,3,26,154.21,0
51141,20,Computer,3,10,Debit Card,Female,2,4,Grocery,4,Married,2,0,17,2,4,8,181.05,0
51142,5,Phone,1,28,Credit Card,Male,2,4,Others,4,Divorced,2,1,13,3,7,5,133.33,1
51143,13,Mobile Phone,1,25,Credit Card,Female,4,4,Laptop & Accessory,1,Married,2,0,20,1,5,6,145.07,1
51144,10,Computer,2,9,E Wallet,Female,2,3,Fashion,5,Married,1,0,15,1,5,1,157.11,0
51145,3,Mobile Phone,2,19,E Wallet,Female,3,4,Laptop & Accessory,2,Single,1,0,15,3,4,1,161.28,0
51146,25,Computer,2,18,Credit Card,Male,4,4,Fashion,2,Married,4,1,17,6,8,15,191.66,0
51147,19,Mobile Phone,1,17,Credit Card,Female,2,3,Mobile Phone,3,Married,9,0,25,2,4,1,162.49,0
51148,12,Mobile Phone,3,14,E Wallet,Male,1,4,Laptop & Accessory,4,Married,4,0,12,2,3,4,157.39,0
51149,22,Computer,3,17,COD,Female,2,3,Grocery,2,Married,1,0,14,2,6,3,187.02,0
51150,24,Computer,1,14,COD,Male,2,3,Fashion,4,Single,3,0,15,2,5,5,195.04,0
51151,14,Mobile Phone,3,12,Credit Card,Male,2,1,Laptop & Accessory,2,Married,3,0,13,0,2,7,152.64,0
51152,21,Computer,3,19,Debit Card,Male,2,4,Mobile Phone,1,Married,4,0,26,3,6,2,202.61,0
51153,14,Mobile Phone,2,7,Debit Card,Female,3,2,Mobile Phone,4,Married,4,1,19,0,3,4,152.56,0
51154,13,Mobile Phone,2,21,Credit Card,Male,1,2,Fashion,5,Married,1,1,25,2,4,2,179.92,0
51155,11,Computer,1,16,E Wallet,Male,1,2,Fashion,5,Married,2,1,17,0,1,17,135.55,0
51156,16,Mobile Phone,2,13,Credit Card,Male,4,2,Laptop & Accessory,1,Married,3,0,18,0,4,5,163.06,0
51157,2,Phone,2,21,E Wallet,Male,3,5,Laptop & Accessory,3,Divorced,1,1,25,2,3,4,132.0,0
51158,25,Mobile Phone,3,17,UPI,Female,4,5,Fashion,2,Single,1,0,20,4,7,16,183.56,1
51159,24,Computer,3,28,Debit Card,Female,1,4,Fashion,3,Married,7,0,12,2,5,1,184.33,0
51160,0,Computer,1,24,COD,Female,1,2,Mobile Phone,1,Married,2,1,16,4,5,7,156.77,1
51161,20,Mobile Phone,1,10,Credit Card,Male,3,1,Mobile Phone,3,Married,4,0,12,2,3,7,169.57,0
51162,1,Mobile Phone,1,13,Debit Card,Male,3,2,Mobile Phone,5,Single,3,1,15,2,3,8,128.91,1
51163,4,Computer,3,12,UPI,Female,4,4,Laptop & Accessory,3,Single,10,0,25,1,4,10,135.58,0
51164,16,Computer,1,12,COD,Female,4,2,Fashion,2,Single,6,0,25,3,4,15,188.68,1
51165,2,Mobile Phone,2,30,E Wallet,Male,3,4,Laptop & Accessory,4,Divorced,2,0,16,1,2,1,129.49,1
51166,20,Mobile Phone,1,9,UPI,Female,3,4,Mobile Phone,3,Divorced,5,0,14,3,4,5,184.36,0
51167,21,Mobile Phone,2,24,UPI,Male,4,2,Laptop & Accessory,1,Single,3,1,17,1,4,3,175.34,1
51168,8,Mobile Phone,1,31,Credit Card,Female,4,3,Fashion,3,Divorced,2,0,18,3,5,7,175.36,0
51169,0,Mobile Phone,3,22,E Wallet,Female,2,3,Grocery,4,Divorced,3,0,24,1,3,7,135.34,0
51170,4,Mobile Phone,2,20,Debit Card,Male,3,2,Fashion,2,Married,2,0,17,2,3,10,148.33,1
51171,11,Computer,3,9,Debit Card,Female,3,3,Fashion,2,Single,1,0,26,1,5,7,164.3,1
51172,47,Computer,2,8,E Wallet,Female,4,4,Fashion,2,Single,3,1,22,2,6,13,247.15,0
51173,11,Phone,1,18,E Wallet,Male,4,5,Laptop & Accessory,5,Single,2,0,20,1,2,3,143.86,1
51174,3,Computer,1,14,Credit Card,Female,2,1,Laptop & Accessory,2,Single,2,0,19,5,8,7,168.57,0
51175,12,Phone,3,9,Credit Card,Male,4,3,Grocery,2,Married,3,1,15,3,6,1,187.83,1
51176,9,Computer,3,21,COD,Male,4,3,Grocery,5,Single,1,0,15,6,8,19,161.23,0
51177,18,Computer,1,19,Credit Card,Female,2,2,Mobile Phone,5,Married,8,0,24,1,5,1,187.31,0
51178,1,Phone,3,21,COD,Female,3,2,Laptop & Accessory,3,Married,2,0,13,3,6,29,129.5,0
51179,17,Computer,2,21,UPI,Male,3,4,Grocery,5,Married,3,0,17,3,6,12,180.84,0
51180,9,Mobile Phone,1,25,E Wallet,Male,3,4,Laptop & Accessory,4,Single,2,0,24,1,4,4,133.05,0
51181,39,Computer,1,13,Debit Card,Male,3,4,Grocery,2,Married,1,1,18,0,3,2,218.01,0
51182,5,Phone,3,10,Debit Card,Female,2,4,Mobile Phone,4,Single,2,1,20,1,5,15,142.27,1
51183,12,Computer,1,30,Credit Card,Male,4,3,Laptop & Accessory,4,Married,3,0,13,2,5,12,180.46,0
51184,32,Computer,1,8,E Wallet,Female,1,4,Grocery,4,Married,2,0,23,1,4,3,221.44,0
51185,1,Computer,1,9,Credit Card,Male,3,1,Fashion,3,Divorced,5,1,16,1,5,4,123.38,0
51186,33,Phone,1,12,UPI,Male,2,6,Mobile Phone,3,Married,4,0,15,0,3,2,213.71,0
51187,13,Mobile Phone,2,28,E Wallet,Male,3,5,Mobile Phone,4,Married,1,0,24,1,4,12,159.46,0
51188,0,Computer,1,12,Credit Card,Male,3,4,Grocery,4,Married,6,1,20,1,5,18,116.1,1
51189,4,Mobile Phone,1,9,E Wallet,Female,5,3,Laptop & Accessory,4,Married,2,1,15,0,1,2,118.93,0
51190,14,Computer,3,10,Credit Card,Female,4,3,Laptop & Accessory,2,Single,1,0,17,0,4,9,149.01,1
51191,0,Computer,1,10,Debit Card,Female,2,2,Fashion,5,Married,3,0,21,0,1,9,114.88,1
51192,10,Mobile Phone,1,17,Debit Card,Male,3,1,Fashion,4,Married,2,0,14,2,4,9,173.35,0
51193,5,Mobile Phone,2,11,Debit Card,Male,2,2,Grocery,3,Married,3,0,26,0,4,5,145.61,0
51194,11,Computer,2,6,UPI,Male,3,2,Mobile Phone,3,Divorced,1,0,14,3,4,9,161.1,0
51195,0,Mobile Phone,3,48,E Wallet,Female,3,3,Fashion,3,Divorced,2,0,19,3,5,7,144.05,1
51196,24,Mobile Phone,1,7,Credit Card,Male,2,2,Laptop & Accessory,4,Married,6,0,16,3,7,12,205.89,0
51197,43,Computer,3,8,E Wallet,Female,3,3,Grocery,4,Married,4,0,20,0,2,5,207.64,0
51198,41,Mobile Phone,3,21,E Wallet,Female,1,1,Laptop & Accessory,4,Single,1,0,15,1,2,5,228.63,0
51199,16,Mobile Phone,3,9,Credit Card,Female,2,3,Laptop & Accessory,3,Single,2,0,23,3,4,10,170.75,0
51200,1,Phone,1,20,UPI,Male,4,3,Mobile Phone,3,Divorced,4,0,21,4,7,6,136.72,1
51201,17,Mobile Phone,1,18,Credit Card,Female,1,2,Fashion,2,Married,5,0,17,3,4,8,177.59,0
51202,0,Mobile Phone,2,12,UPI,Female,3,2,Laptop & Accessory,3,Divorced,1,1,24,3,7,8,120.22,1
51203,0,Computer,3,20,E Wallet,Female,4,4,Laptop & Accessory,3,Single,3,1,26,3,7,10,153.52,1
51204,4,Computer,2,14,Debit Card,Male,4,2,Mobile Phone,4,Married,2,0,25,2,6,5,134.12,0
51205,8,Phone,1,21,Credit Card,Female,3,4,Grocery,3,Single,3,0,11,3,5,9,137.99,0
51206,17,Phone,1,28,UPI,Male,2,3,Fashion,5,Married,4,1,17,3,7,3,173.94,0
51207,13,Computer,2,9,UPI,Male,4,2,Laptop & Accessory,2,Married,3,0,18,0,2,3,163.19,1
51208,7,Mobile Phone,3,16,Debit Card,Female,3,4,Laptop & Accessory,5,Single,3,0,19,3,4,11,132.24,1
51209,3,Mobile Phone,1,17,Debit Card,Male,2,2,Others,2,Divorced,2,0,21,2,5,9,121.08,1
51210,61,Mobile Phone,1,17,Credit Card,Female,2,3,Fashion,4,Single,2,0,12,1,3,5,278.3,0
51211,6,Mobile Phone,2,20,Debit Card,Male,1,3,Laptop & Accessory,3,Divorced,4,0,25,0,1,3,113.91,0
51212,7,Computer,2,18,Debit Card,Male,2,1,Laptop & Accessory,4,Married,6,0,13,1,4,7,161.94,0
51213,2,Computer,3,9,Debit Card,Male,4,3,Laptop & Accessory,3,Single,1,0,23,1,3,8,135.61,0
51214,19,Mobile Phone,3,9,Debit Card,Male,2,3,Laptop & Accessory,4,Married,3,0,23,2,5,2,191.58,0
51215,14,Computer,2,13,Credit Card,Male,2,5,Fashion,4,Divorced,3,0,14,2,3,11,138.77,0
51216,2,Mobile Phone,1,16,UPI,Male,2,4,Mobile Phone,2,Married,2,0,11,2,3,0,132.74,0
51217,1,Mobile Phone,2,17,Debit Card,Male,2,3,Others,2,Single,1,1,14,1,4,1,103.66,1
51218,13,Computer,3,18,Credit Card,Female,2,4,Mobile Phone,5,Single,1,0,12,1,5,2,167.75,0
51219,12,Mobile Phone,3,19,Credit Card,Male,4,3,Laptop & Accessory,4,Single,4,0,20,2,6,3,156.14,0
51220,3,Mobile Phone,3,19,UPI,Female,2,4,Laptop & Accessory,4,Married,2,0,17,2,4,6,177.42,0
51221,36,Mobile Phone,1,15,Credit Card,Female,4,4,Mobile Phone,2,Single,2,0,11,2,6,5,216.28,0
51222,1,Mobile Phone,3,28,Debit Card,Male,5,3,Others,2,Married,1,0,17,3,6,10,141.03,0
51223,6,Computer,3,9,UPI,Female,4,2,Others,1,Single,1,0,19,2,6,2,125.17,0
51224,34,Phone,2,7,UPI,Female,1,3,Laptop & Accessory,5,Married,5,1,25,0,3,3,198.25,0
51225,6,Mobile Phone,1,16,E Wallet,Female,2,5,Fashion,3,Married,3,0,24,0,2,16,116.29,0
51226,12,Mobile Phone,3,18,Debit Card,Female,2,3,Fashion,3,Married,1,0,19,1,4,6,159.37,0
51227,6,Computer,2,16,Debit Card,Female,3,4,Laptop & Accessory,4,Married,1,0,12,2,3,4,175.98,0
51228,3,Phone,1,12,Debit Card,Female,2,2,Laptop & Accessory,3,Single,6,1,20,2,6,9,124.18,0
51229,49,Mobile Phone,1,18,Debit Card,Male,1,2,Laptop & Accessory,3,Married,2,0,22,2,3,0,216.75,0
51230,6,Mobile Phone,2,10,Debit Card,Male,2,2,Laptop & Accessory,3,Single,4,0,24,3,6,17,168.33,0
51231,26,Computer,2,8,Debit Card,Male,2,3,Mobile Phone,4,Single,2,0,14,1,3,8,204.5,0
51232,3,Computer,1,24,Credit Card,Female,1,3,Mobile Phone,4,Married,1,0,14,2,3,21,132.32,1
51233,2,Mobile Phone,3,12,E Wallet,Male,2,4,Laptop & Accessory,1,Married,3,0,14,2,3,13,124.5,1
51234,0,Computer,3,16,E Wallet,Female,2,2,Others,1,Single,1,0,14,1,3,8,131.82,1
51235,12,Mobile Phone,3,11,Debit Card,Female,4,3,Mobile Phone,2,Divorced,5,0,17,3,6,9,191.2,0
51236,5,Mobile Phone,1,12,COD,Male,2,3,Fashion,1,Single,1,0,18,1,4,3,129.28,0
51237,23,Mobile Phone,2,22,E Wallet,Male,4,5,Fashion,3,Married,4,0,18,4,7,3,207.48,0
51238,7,Computer,1,15,Debit Card,Male,3,4,Fashion,4,Single,8,0,25,3,4,4,152.87,1
51239,41,Mobile Phone,1,15,Debit Card,Female,4,3,Mobile Phone,2,Married,5,0,26,1,5,1,247.88,0
51240,2,Mobile Phone,1,8,Debit Card,Male,3,3,Grocery,3,Single,6,0,22,2,3,13,126.64,1
51241,24,Mobile Phone,3,15,E Wallet,Female,4,4,Laptop & Accessory,3,Married,2,0,25,2,6,6,207.53,0
51242,17,Computer,1,11,Debit Card,Male,2,1,Others,5,Single,3,0,18,2,4,5,191.91,0
51243,17,Mobile Phone,1,38,Debit Card,Female,4,3,Laptop & Accessory,5,Married,2,0,20,4,7,3,207.61,0
51244,22,Mobile Phone,1,11,Credit Card,Female,2,2,Laptop & Accessory,3,Single,4,1,13,1,3,3,175.19,0
51245,17,Mobile Phone,2,27,E Wallet,Female,4,2,Fashion,1,Divorced,4,0,14,2,5,13,207.1,0
51246,11,Computer,3,16,Credit Card,Male,1,3,Fashion,2,Married,2,0,12,1,3,7,147.76,1
51247,1,Mobile Phone,3,9,Credit Card,Female,3,5,Fashion,2,Single,2,0,17,1,3,8,136.0,1
51248,0,Mobile Phone,1,22,Debit Card,Male,3,5,Fashion,3,Divorced,2,0,12,2,5,12,152.16,1
51249,30,Mobile Phone,1,27,Credit Card,Male,3,5,Mobile Phone,4,Divorced,4,1,26,0,3,3,213.41,1
51250,11,Computer,1,32,Credit Card,Male,3,1,Laptop & Accessory,1,Married,1,0,18,0,3,19,142.64,0
51251,19,Computer,3,17,Credit Card,Male,3,4,Grocery,2,Married,6,0,22,1,2,4,155.79,0
51252,7,Computer,1,11,Credit Card,Male,4,4,Mobile Phone,3,Divorced,1,0,12,1,2,4,134.25,0
51253,1,Computer,1,11,Debit Card,Male,2,3,Laptop & Accessory,4,Divorced,2,0,23,2,5,7,147.14,0
51254,1,Phone,2,17,Debit Card,Male,2,2,Laptop & Accessory,2,Married,1,0,19,5,8,7,141.19,1
51255,13,Mobile Phone,1,8,Debit Card,Male,4,4,Fashion,3,Married,2,0,20,2,6,2,164.52,1
51256,6,Phone,1,9,Debit Card,Female,2,2,Laptop & Accessory,3,Married,4,1,24,3,7,23,163.55,1
51257,2,Mobile Phone,1,15,Debit Card,Female,4,3,Grocery,5,Married,4,0,14,4,6,9,137.4,1
51258,8,Mobile Phone,1,21,Debit Card,Male,3,3,Fashion,4,Divorced,2,1,15,6,7,2,151.03,0
51259,0,Computer,2,13,Credit Card,Female,1,3,Mobile Phone,5,Married,2,1,17,1,3,1,147.81,0
51260,10,Mobile Phone,3,32,Debit Card,Female,1,4,Grocery,2,Married,2,0,21,1,3,3,147.01,0
51261,3,Mobile Phone,1,18,UPI,Male,4,2,Grocery,5,Married,2,0,15,0,2,2,114.17,0
51262,19,Mobile Phone,1,13,UPI,Male,4,3,Grocery,3,Single,4,1,13,0,3,2,179.48,0
51263,4,Computer,3,11,Credit Card,Male,2,4,Mobile Phone,3,Single,5,1,18,2,5,17,159.43,1
51264,7,Mobile Phone,3,10,Credit Card,Male,2,4,Fashion,3,Single,2,0,20,1,5,4,136.29,0
51265,0,Computer,1,20,COD,Male,5,3,Mobile Phone,3,Married,4,1,11,1,4,2,129.63,0
51266,0,Computer,2,11,Credit Card,Female,3,2,Mobile Phone,2,Married,3,0,26,1,5,8,127.05,1
51267,5,Computer,1,17,UPI,Female,2,2,Mobile Phone,2,Single,1,0,20,0,4,7,153.84,1
51268,7,Mobile Phone,3,9,UPI,Female,3,4,Laptop & Accessory,3,Married,3,0,20,1,3,12,141.34,0
51269,10,Phone,3,9,COD,Female,4,1,Laptop & Accessory,4,Married,2,1,19,2,3,17,131.48,0
51270,4,Mobile Phone,2,15,Credit Card,Female,3,3,Fashion,4,Single,4,1,18,2,6,18,142.26,1
51271,14,Mobile Phone,2,9,Debit Card,Female,3,2,Others,3,Single,2,0,26,4,6,20,183.28,1
51272,23,Mobile Phone,1,24,Debit Card,Male,2,3,Laptop & Accessory,2,Single,4,0,18,6,10,7,207.22,0
51273,18,Computer,2,8,Credit Card,Male,3,2,Mobile Phone,1,Married,3,1,20,1,3,10,166.98,1
51274,0,Mobile Phone,2,9,Credit Card,Male,2,3,Mobile Phone,2,Divorced,4,0,23,1,4,0,113.45,0
51275,7,Mobile Phone,2,25,Debit Card,Male,3,4,Mobile Phone,2,Married,10,0,15,2,5,9,148.84,0
51276,1,Mobile Phone,1,23,Debit Card,Female,3,4,Laptop & Accessory,3,Married,5,1,20,1,2,3,125.01,1
51277,3,Mobile Phone,2,25,E Wallet,Male,3,2,Fashion,5,Single,4,0,23,1,5,4,130.58,0
51278,51,Computer,2,10,Credit Card,Female,2,3,Mobile Phone,2,Divorced,2,0,15,1,5,5,279.56,0
51279,1,Computer,1,15,E Wallet,Male,3,3,Mobile Phone,4,Divorced,3,0,14,2,3,0,133.6,0
51280,8,Computer,1,16,E Wallet,Female,3,3,Fashion,2,Married,3,1,11,0,2,2,113.98,1
51281,11,Mobile Phone,1,13,Credit Card,Female,3,4,Mobile Phone,5,Divorced,4,0,23,1,4,7,132.58,0
51282,14,Mobile Phone,3,19,Debit Card,Female,1,1,Mobile Phone,2,Married,1,0,18,2,5,10,194.77,0
51283,9,Phone,2,23,UPI,Male,2,2,Mobile Phone,3,Married,3,1,18,1,2,11,146.66,0
51284,0,Mobile Phone,3,14,Debit Card,Female,2,2,Others,1,Married,3,0,21,5,8,6,142.4,1
51285,4,Computer,1,9,UPI,Male,4,2,Laptop & Accessory,2,Single,2,1,14,2,6,15,167.02,1
51286,8,Mobile Phone,3,19,UPI,Female,3,1,Others,1,Divorced,3,0,24,3,4,0,164.23,0
51287,1,Phone,3,16,Credit Card,Female,4,5,Laptop & Accessory,1,Single,6,0,26,1,5,7,129.62,0
51288,5,Mobile Phone,1,22,E Wallet,Female,4,2,Laptop & Accessory,3,Divorced,4,0,13,2,4,2,155.08,0
51289,0,Mobile Phone,1,19,Credit Card,Female,3,1,Others,4,Divorced,3,1,23,0,1,10,148.14,0
51290,0,Computer,1,26,UPI,Male,2,3,Grocery,1,Single,4,0,21,0,2,11,138.6,1
51291,6,Computer,3,16,Debit Card,Male,2,5,Mobile Phone,2,Married,4,0,18,5,7,5,155.51,1
51292,1,Mobile Phone,1,29,Credit Card,Female,2,5,Mobile Phone,2,Married,4,0,26,3,5,25,129.04,1
51293,10,Computer,1,28,Debit Card,Female,3,3,Laptop & Accessory,5,Married,5,1,20,1,2,11,150.34,0
51294,14,Computer,1,20,COD,Female,3,2,Laptop & Accessory,3,Single,4,0,20,0,1,2,176.86,0
51295,19,Mobile Phone,3,23,COD,Female,4,1,Laptop & Accessory,1,Married,5,0,17,3,6,11,188.99,0
51296,2,Mobile Phone,1,26,E Wallet,Female,1,2,Laptop & Accessory,3,Married,3,0,25,0,1,17,145.75,0
51297,2,Mobile Phone,1,14,Credit Card,Male,3,2,Mobile Phone,4,Single,3,0,19,3,6,8,129.54,0
51298,1,Mobile Phone,2,26,Debit Card,Female,3,4,Mobile Phone,5,Married,2,0,13,1,4,11,127.08,1
51299,12,Computer,2,18,Credit Card,Male,3,5,Fashion,4,Divorced,3,1,14,1,5,16,146.49,0
51300,14,Mobile Phone,2,21,E Wallet,Male,2,1,Laptop & Accessory,2,Single,4,0,24,0,3,2,193.59,0
51301,0,Mobile Phone,2,22,E Wallet,Female,3,3,Mobile Phone,4,Married,2,0,19,3,6,3,152.8,0
51302,33,Mobile Phone,3,20,Credit Card,Female,3,5,Others,1,Married,2,0,26,2,3,10,192.22,0
51303,0,Mobile Phone,3,16,UPI,Male,3,4,Grocery,3,Single,5,0,11,3,6,10,134.08,0
51304,9,Mobile Phone,3,24,Credit Card,Female,2,4,Mobile Phone,2,Married,1,0,14,1,5,6,145.85,0
51305,14,Mobile Phone,1,43,UPI,Male,4,5,Laptop & Accessory,5,Married,6,0,23,1,4,16,168.49,0
51306,24,Mobile Phone,3,44,Credit Card,Male,2,3,Laptop & Accessory,1,Single,5,0,22,2,5,11,195.71,0
51307,15,Phone,1,18,Debit Card,Male,4,3,Mobile Phone,2,Married,4,0,26,2,6,6,200.2,0
51308,19,Mobile Phone,1,25,E Wallet,Male,4,4,Fashion,2,Married,4,0,23,2,5,8,190.02,0
51309,4,Computer,3,43,UPI,Female,3,3,Others,3,Married,3,0,21,1,3,2,144.71,1
51310,20,Mobile Phone,3,13,Credit Card,Female,3,2,Grocery,5,Single,3,1,24,2,5,4,203.82,1
51311,1,Mobile Phone,2,21,Credit Card,Male,4,4,Mobile Phone,4,Married,3,0,11,3,5,22,160.99,0
51312,27,Mobile Phone,3,21,UPI,Male,3,4,Mobile Phone,1,Single,1,1,23,2,4,2,202.27,0
51313,9,Mobile Phone,3,42,UPI,Male,3,3,Laptop & Accessory,4,Single,5,0,23,2,5,1,131.31,0
51314,20,Phone,2,28,COD,Female,4,3,Laptop & Accessory,3,Single,5,0,20,2,5,9,196.91,1
51315,7,Phone,2,16,Credit Card,Male,4,1,Mobile Phone,1,Married,3,0,14,2,5,5,123.52,0
51316,12,Computer,3,17,Credit Card,Male,2,4,Laptop & Accessory,5,Divorced,2,0,26,1,3,4,151.26,0
51317,8,Computer,1,11,UPI,Female,5,2,Laptop & Accessory,1,Married,2,0,22,1,2,5,164.37,0
51318,15,Mobile Phone,1,10,Credit Card,Male,5,3,Others,3,Divorced,2,0,21,3,5,4,179.22,0
51319,1,Mobile Phone,3,20,Credit Card,Female,2,3,Fashion,3,Single,1,0,22,5,6,18,111.64,1
51320,0,Phone,1,19,Credit Card,Male,3,3,Mobile Phone,3,Married,3,0,16,1,2,3,135.13,0
51321,3,Computer,1,15,Credit Card,Female,1,3,Grocery,4,Married,1,1,16,3,6,5,146.77,0
51322,2,Computer,1,11,Debit Card,Male,2,2,Laptop & Accessory,1,Married,4,0,19,0,2,20,128.01,0
51323,24,Mobile Phone,1,13,Debit Card,Female,3,4,Mobile Phone,3,Single,3,0,18,1,2,8,197.45,0
51324,2,Mobile Phone,3,36,E Wallet,Male,3,2,Laptop & Accessory,3,Married,5,1,18,0,2,5,129.88,1
51325,44,Phone,2,11,Credit Card,Male,3,1,Others,3,Single,2,0,13,2,6,11,233.84,0
51326,4,Mobile Phone,2,8,UPI,Male,3,2,Others,3,Married,6,1,16,1,5,6,147.99,0
51327,2,Mobile Phone,3,20,Debit Card,Female,4,3,Mobile Phone,3,Married,4,1,11,0,2,9,112.0,0
51328,18,Mobile Phone,3,13,Credit Card,Female,2,3,Mobile Phone,4,Single,1,0,21,2,4,9,153.2,0
51329,12,Computer,2,22,COD,Male,3,4,Others,1,Married,2,0,25,2,4,12,165.24,0
51330,8,Mobile Phone,3,21,Credit Card,Female,3,2,Laptop & Accessory,1,Divorced,7,0,13,3,6,2,163.23,0
51331,9,Computer,2,9,Credit Card,Female,2,4,Mobile Phone,5,Divorced,7,0,20,2,5,15,178.88,0
51332,15,Mobile Phone,1,20,UPI,Female,2,1,Fashion,2,Divorced,3,1,17,1,3,7,162.05,0
51333,3,Computer,1,14,E Wallet,Female,3,3,Fashion,4,Married,4,0,19,3,7,12,142.87,0
51334,61,Computer,2,24,Credit Card,Female,4,4,Fashion,2,Single,2,0,12,5,7,17,276.72,0
51335,44,Mobile Phone,2,24,UPI,Male,2,3,Others,1,Single,2,0,19,2,4,8,219.48,1
51336,12,Computer,2,10,Debit Card,Female,2,5,Laptop & Accessory,2,Single,2,0,19,1,3,4,127.57,1
51337,2,Mobile Phone,2,9,Credit Card,Female,3,3,Fashion,1,Married,2,0,20,5,7,11,151.69,1
51338,13,Mobile Phone,1,24,UPI,Male,5,4,Grocery,4,Married,4,1,18,1,5,12,179.7,0
51339,0,Computer,1,22,Credit Card,Female,3,3,Laptop & Accessory,2,Married,1,1,25,2,3,2,142.15,1
51340,0,Mobile Phone,2,10,COD,Female,2,3,Grocery,5,Married,1,0,24,3,4,5,136.23,1
51341,3,Mobile Phone,1,24,Debit Card,Male,2,1,Fashion,3,Divorced,3,0,26,2,3,4,130.36,0
51342,7,Mobile Phone,2,15,Credit Card,Male,1,2,Mobile Phone,2,Married,3,1,11,1,2,2,138.4,0
51343,24,Mobile Phone,2,7,Credit Card,Female,2,3,Fashion,3,Divorced,2,0,12,0,4,4,179.98,0
51344,15,Computer,2,12,E Wallet,Male,1,3,Others,5,Single,4,1,15,2,4,8,187.73,0
51345,16,Mobile Phone,1,13,Debit Card,Male,3,6,Others,3,Single,1,0,25,4,7,7,171.03,0
51346,6,Phone,2,6,Debit Card,Male,5,4,Laptop & Accessory,4,Married,10,0,24,1,2,13,103.14,0
51347,5,Phone,3,26,COD,Male,4,4,Others,3,Married,2,0,16,1,3,10,135.48,0
51348,5,Mobile Phone,3,27,UPI,Female,3,2,Laptop & Accessory,3,Married,2,0,18,2,3,5,149.79,0
51349,52,Mobile Phone,3,29,Credit Card,Female,3,3,Laptop & Accessory,5,Divorced,2,0,12,2,3,3,261.04,0
51350,0,Computer,2,10,Credit Card,Female,3,2,Fashion,3,Married,5,1,18,6,7,5,128.71,1
51351,24,Mobile Phone,1,13,Credit Card,Female,2,3,Mobile Phone,3,Single,2,0,13,1,5,7,188.01,0
51352,10,Mobile Phone,2,14,UPI,Male,2,1,Mobile Phone,5,Married,3,0,24,2,4,0,134.27,0
51353,6,Mobile Phone,3,9,Credit Card,Female,3,3,Laptop & Accessory,3,Single,2,0,19,0,4,2,156.95,1
51354,15,Computer,1,18,UPI,Male,3,3,Fashion,3,Married,1,0,24,2,6,2,145.18,0
51355,8,Computer,1,10,COD,Female,4,2,Laptop & Accessory,4,Divorced,2,0,16,2,3,4,178.73,0
51356,24,Mobile Phone,1,15,Credit Card,Female,3,4,Mobile Phone,2,Single,1,0,13,2,5,16,193.63,0
51357,27,Mobile Phone,3,11,Debit Card,Male,4,3,Mobile Phone,1,Divorced,8,0,26,2,4,11,180.4,0
51358,6,Phone,2,20,Credit Card,Female,1,2,Laptop & Accessory,3,Single,1,0,13,2,3,6,108.12,0
51359,3,Computer,1,23,UPI,Female,4,6,Mobile Phone,2,Single,9,0,19,2,5,11,124.71,1
51360,10,Computer,3,15,Credit Card,Male,5,3,Fashion,3,Married,3,0,11,1,4,5,147.12,1
51361,29,Computer,2,14,UPI,Male,3,1,Grocery,4,Divorced,1,1,24,1,5,7,193.63,0
51362,2,Mobile Phone,1,19,UPI,Female,3,3,Mobile Phone,2,Single,2,0,19,4,6,16,122.64,1
51363,11,Computer,1,7,Credit Card,Male,5,5,Laptop & Accessory,4,Single,2,0,16,2,6,4,172.52,1
51364,11,Mobile Phone,1,12,Credit Card,Female,2,5,Laptop & Accessory,2,Married,4,0,17,2,3,2,147.12,0
51365,15,Mobile Phone,2,10,E Wallet,Male,4,2,Fashion,1,Married,4,0,19,3,7,5,161.15,0
51366,1,Computer,1,27,Debit Card,Female,2,4,Mobile Phone,1,Married,2,1,18,1,2,4,174.35,1
51367,15,Mobile Phone,2,41,Credit Card,Male,3,3,Mobile Phone,3,Single,1,1,19,3,4,3,151.59,1
51368,28,Phone,3,9,Debit Card,Female,3,1,Mobile Phone,2,Married,6,0,18,1,5,6,202.19,1
51369,2,Mobile Phone,2,16,UPI,Male,2,4,Fashion,3,Single,3,0,14,3,6,12,128.94,1
51370,3,Phone,1,10,COD,Male,5,3,Laptop & Accessory,3,Married,2,1,19,1,5,9,184.81,1
51371,42,Phone,2,10,Debit Card,Male,2,3,Mobile Phone,5,Divorced,3,0,25,7,9,11,270.99,0
51372,2,Mobile Phone,3,16,E Wallet,Male,2,3,Fashion,3,Divorced,3,0,11,3,5,2,152.54,1
51373,23,Computer,1,14,E Wallet,Female,2,3,Mobile Phone,5,Divorced,5,0,23,1,3,9,171.55,0
51374,8,Mobile Phone,1,16,E Wallet,Male,4,4,Mobile Phone,5,Married,1,0,18,2,6,17,179.49,0
51375,3,Phone,2,10,E Wallet,Male,2,3,Fashion,5,Married,3,0,19,1,2,0,91.2,0
51376,24,Mobile Phone,2,16,Debit Card,Female,3,2,Laptop & Accessory,3,Divorced,1,1,15,2,6,2,231.79,0
51377,7,Computer,1,27,Debit Card,Male,4,4,Grocery,2,Married,1,0,26,0,2,6,136.07,1
51378,8,Mobile Phone,3,21,Debit Card,Female,2,2,Mobile Phone,4,Married,2,0,24,2,3,3,144.79,0
51379,5,Mobile Phone,2,8,COD,Male,2,5,Fashion,2,Married,1,1,17,5,7,5,146.27,1
51380,10,Mobile Phone,3,31,Credit Card,Male,1,3,Laptop & Accessory,5,Married,3,0,15,0,1,17,160.66,1
51381,2,Mobile Phone,1,10,COD,Female,3,1,Fashion,1,Married,5,0,11,1,5,4,126.86,0
51382,5,Computer,3,10,Credit Card,Male,2,3,Laptop & Accessory,4,Married,2,0,22,3,7,3,143.29,1
51383,41,Computer,1,23,Credit Card,Female,3,3,Fashion,3,Married,3,1,14,0,4,2,231.25,0
51384,3,Computer,2,16,E Wallet,Female,4,1,Laptop & Accessory,3,Married,1,1,24,2,5,11,159.68,0
51385,12,Mobile Phone,2,14,E Wallet,Female,4,1,Mobile Phone,1,Married,2,1,23,0,2,4,187.02,0
51386,4,Mobile Phone,1,13,Debit Card,Female,3,6,Fashion,5,Married,4,0,21,1,5,3,141.48,0
51387,17,Mobile Phone,3,13,Debit Card,Male,4,3,Fashion,4,Divorced,6,0,24,2,6,0,166.67,0
51388,1,Computer,1,14,Debit Card,Male,2,2,Laptop & Accessory,2,Married,1,0,11,1,5,6,148.59,0
51389,42,Phone,2,19,UPI,Female,3,3,Mobile Phone,5,Married,3,1,19,5,7,16,271.82,0
51390,7,Mobile Phone,1,20,E Wallet,Female,2,1,Laptop & Accessory,3,Divorced,4,1,25,1,2,18,123.51,0
51391,3,Mobile Phone,3,14,Debit Card,Female,3,1,Grocery,2,Single,3,0,25,4,8,15,159.5,1
51392,0,Mobile Phone,1,28,Debit Card,Male,3,2,Others,3,Married,2,0,19,0,3,6,161.25,1
51393,2,Computer,3,16,Credit Card,Male,2,4,Laptop & Accessory,2,Single,9,1,24,1,3,13,134.37,1
51394,8,Computer,3,18,Credit Card,Male,4,2,Mobile Phone,4,Married,2,0,13,2,5,12,162.8,0
51395,4,Computer,3,25,Credit Card,Male,2,3,Mobile Phone,1,Single,3,0,26,2,4,10,146.97,0
51396,21,Mobile Phone,1,11,COD,Female,3,2,Laptop & Accessory,5,Married,4,0,17,0,1,3,173.05,0
51397,6,Computer,2,20,E Wallet,Male,3,3,Fashion,3,Divorced,1,0,18,2,6,9,194.42,0
51398,3,Computer,1,11,Debit Card,Male,3,3,Mobile Phone,1,Married,2,0,18,1,5,1,150.17,1
51399,11,Mobile Phone,3,10,Debit Card,Female,1,3,Mobile Phone,4,Married,2,1,17,0,3,4,168.31,0
51400,14,Mobile Phone,3,29,Credit Card,Female,3,3,Laptop & Accessory,5,Single,1,0,24,1,5,6,144.48,0
51401,2,Mobile Phone,2,33,Credit Card,Male,1,3,Laptop & Accessory,5,Divorced,1,0,14,2,5,4,137.1,1
51402,2,Mobile Phone,3,18,E Wallet,Male,4,4,Others,2,Divorced,9,0,11,4,6,1,155.42,1
51403,0,Computer,1,12,Credit Card,Female,2,2,Others,2,Divorced,1,1,26,4,5,2,128.14,0
51404,15,Mobile Phone,2,19,Credit Card,Male,2,3,Laptop & Accessory,5,Married,2,0,12,1,4,5,187.46,0
51405,13,Computer,1,16,Credit Card,Male,3,4,Mobile Phone,2,Married,1,0,25,0,4,11,156.43,1
51406,7,Computer,3,22,Debit Card,Male,3,2,Laptop & Accessory,2,Single,3,1,16,2,5,11,154.72,1
51407,22,Mobile Phone,3,16,Credit Card,Male,2,5,Fashion,3,Divorced,4,0,25,1,5,9,213.4,0
51408,19,Computer,3,16,E Wallet,Female,2,4,Laptop & Accessory,2,Married,1,0,20,3,4,10,178.82,0
51409,10,Mobile Phone,3,10,UPI,Male,1,3,Mobile Phone,3,Married,3,0,21,2,4,5,174.06,0
51410,24,Mobile Phone,1,13,Debit Card,Female,3,3,Fashion,4,Single,2,0,18,1,4,7,202.3,0
51411,2,Mobile Phone,3,14,E Wallet,Female,4,2,Laptop & Accessory,3,Married,3,0,24,2,4,6,125.25,0
51412,1,Mobile Phone,1,20,E Wallet,Male,2,2,Fashion,4,Married,2,0,12,1,4,14,119.67,0
51413,3,Mobile Phone,3,12,E Wallet,Female,2,3,Others,4,Single,5,0,11,0,1,9,153.91,1
51414,0,Mobile Phone,3,32,E Wallet,Male,1,1,Laptop & Accessory,4,Single,3,0,24,0,1,4,133.98,0
51415,9,Mobile Phone,1,16,UPI,Female,4,1,Fashion,2,Married,1,0,23,2,3,3,141.55,0
51416,33,Mobile Phone,1,9,Debit Card,Male,3,6,Laptop & Accessory,2,Divorced,4,0,20,0,2,3,204.68,0
51417,0,Phone,1,14,Credit Card,Female,4,2,Laptop & Accessory,2,Married,4,0,22,3,6,8,123.46,0
51418,1,Mobile Phone,3,21,E Wallet,Male,3,4,Mobile Phone,1,Divorced,3,1,22,1,5,2,110.21,1
51419,7,Computer,1,14,UPI,Female,4,3,Others,5,Single,4,0,13,2,6,7,161.82,0
51420,32,Mobile Phone,2,10,Debit Card,Male,5,3,Laptop & Accessory,1,Married,3,0,21,0,3,2,207.08,0
51421,4,Computer,3,13,Credit Card,Female,2,4,Others,3,Married,1,0,11,0,2,15,122.16,1
51422,8,Mobile Phone,1,12,Debit Card,Female,3,1,Laptop & Accessory,5,Single,10,0,12,1,3,6,117.83,0
51423,0,Phone,2,19,UPI,Female,3,4,Others,2,Single,4,1,26,2,4,21,138.98,1
51424,1,Mobile Phone,2,12,E Wallet,Male,1,4,Laptop & Accessory,5,Single,4,0,19,0,3,10,146.6,0
51425,51,Computer,1,7,Debit Card,Male,3,2,Laptop & Accessory,5,Divorced,5,1,15,0,3,12,251.82,0
51426,40,Mobile Phone,3,11,E Wallet,Female,4,2,Others,3,Married,6,0,19,2,4,7,242.13,0
51427,0,Mobile Phone,1,24,Credit Card,Male,4,2,Laptop & Accessory,4,Divorced,3,1,19,3,7,6,144.96,0
51428,36,Computer,1,19,Debit Card,Male,4,4,Laptop & Accessory,2,Married,3,0,17,2,3,5,223.11,0
51429,12,Mobile Phone,2,8,UPI,Male,5,4,Grocery,5,Single,1,0,23,2,5,4,170.45,1
51430,24,Mobile Phone,2,23,Debit Card,Female,3,3,Others,4,Married,2,0,21,0,2,0,192.65,0
51431,7,Mobile Phone,3,26,Credit Card,Male,2,3,Fashion,3,Married,3,0,19,2,6,9,160.92,1
51432,8,Computer,3,20,Credit Card,Female,3,3,Others,3,Divorced,2,0,12,0,2,6,152.53,0
51433,8,Phone,2,11,UPI,Female,3,3,Laptop & Accessory,3,Married,2,1,20,1,2,8,150.35,0
51434,13,Mobile Phone,1,24,Debit Card,Male,2,3,Fashion,2,Married,2,1,17,1,4,7,186.8,0
51435,1,Computer,1,14,E Wallet,Female,4,2,Fashion,3,Married,2,0,19,0,3,12,124.12,0
51436,0,Mobile Phone,1,12,Debit Card,Male,3,1,Others,1,Married,7,0,15,3,4,0,117.12,0
51437,4,Mobile Phone,2,14,UPI,Male,4,4,Grocery,3,Single,3,0,19,1,5,3,138.72,0
51438,14,Phone,3,18,Debit Card,Male,2,2,Laptop & Accessory,3,Married,2,0,21,6,10,13,168.55,0
51439,2,Computer,1,20,E Wallet,Male,4,3,Mobile Phone,3,Single,2,0,18,2,3,9,124.19,0
51440,13,Computer,1,17,E Wallet,Male,2,2,Fashion,1,Married,5,0,17,0,3,2,139.61,0
51441,42,Mobile Phone,2,15,Debit Card,Male,3,3,Grocery,3,Divorced,3,0,20,4,5,6,242.72,0
51442,1,Mobile Phone,1,10,Debit Card,Female,1,1,Laptop & Accessory,3,Single,5,0,20,3,7,2,144.54,0
51443,13,Mobile Phone,3,19,Debit Card,Male,3,3,Laptop & Accessory,2,Divorced,3,1,23,1,3,7,169.82,0
51444,7,Mobile Phone,2,17,UPI,Male,1,3,Laptop & Accessory,3,Married,6,1,26,2,5,5,141.86,0
51445,24,Mobile Phone,2,20,Credit Card,Female,2,4,Mobile Phone,1,Married,2,0,18,3,4,15,217.82,0
51446,2,Computer,1,15,COD,Male,4,2,Laptop & Accessory,1,Married,5,0,12,2,4,5,146.61,1
51447,14,Computer,3,21,Debit Card,Female,4,1,Laptop & Accessory,1,Married,1,1,24,0,2,9,142.55,0
51448,21,Mobile Phone,1,20,Debit Card,Male,4,4,Mobile Phone,3,Single,4,1,24,4,5,31,167.72,1
51449,34,Mobile Phone,3,13,COD,Male,2,3,Fashion,2,Married,2,0,24,1,3,22,206.41,0
51450,13,Computer,1,15,E Wallet,Male,3,5,Fashion,2,Divorced,3,1,19,2,6,5,151.1,1
51451,8,Mobile Phone,3,21,E Wallet,Male,2,5,Mobile Phone,3,Single,4,1,14,3,5,7,157.34,1
51452,11,Computer,3,22,COD,Female,3,4,Mobile Phone,3,Single,3,1,24,0,2,20,155.95,1
51453,24,Mobile Phone,1,26,COD,Male,2,2,Laptop & Accessory,2,Single,4,0,24,1,5,1,183.58,0
51454,10,Mobile Phone,3,12,Debit Card,Male,2,2,Laptop & Accessory,5,Married,1,0,11,2,3,9,144.51,0
51455,0,Phone,2,13,Debit Card,Female,3,4,Fashion,3,Single,2,0,14,2,5,3,125.43,1
51456,32,Mobile Phone,1,30,Debit Card,Female,2,3,Mobile Phone,2,Married,7,1,14,1,3,7,211.87,0
51457,14,Mobile Phone,1,37,UPI,Male,3,2,Laptop & Accessory,5,Married,4,0,14,1,5,16,171.46,0
51458,13,Mobile Phone,2,18,Credit Card,Male,2,2,Laptop & Accessory,4,Married,3,0,16,4,5,14,157.54,1
51459,2,Phone,2,15,Credit Card,Male,3,3,Laptop & Accessory,4,Married,4,0,11,3,6,43,138.12,1
51460,12,Computer,3,37,UPI,Female,2,4,Grocery,4,Divorced,1,1,13,1,2,2,132.28,1
51461,6,Mobile Phone,3,32,E Wallet,Male,3,3,Grocery,4,Single,2,0,20,0,4,13,136.62,1
51462,12,Mobile Phone,2,22,Debit Card,Male,2,3,Mobile Phone,4,Married,6,0,18,0,1,8,161.94,0
51463,1,Computer,3,15,Credit Card,Female,2,4,Fashion,2,Married,3,1,19,2,6,6,136.81,0
51464,12,Mobile Phone,2,18,Debit Card,Female,2,4,Laptop & Accessory,3,Single,7,0,26,1,4,3,137.74,0
51465,61,Computer,1,8,Credit Card,Female,4,5,Grocery,4,Single,2,1,18,3,4,5,282.21,1
51466,0,Mobile Phone,3,23,Debit Card,Male,1,2,Others,2,Married,5,0,24,1,5,7,145.08,0
51467,45,Mobile Phone,1,12,Debit Card,Male,2,6,Laptop & Accessory,5,Single,1,0,22,1,2,5,256.02,0
51468,6,Computer,1,29,UPI,Female,3,2,Fashion,4,Single,1,0,11,2,6,4,129.38,1
51469,24,Mobile Phone,3,7,COD,Female,2,2,Mobile Phone,5,Divorced,1,1,26,1,2,6,192.78,0
51470,18,Computer,2,12,COD,Male,2,3,Fashion,2,Single,2,0,26,1,4,4,186.48,0
51471,10,Mobile Phone,1,17,Debit Card,Female,3,2,Mobile Phone,1,Single,1,1,23,1,3,6,153.83,1
51472,16,Mobile Phone,1,16,UPI,Female,2,2,Laptop & Accessory,1,Married,2,0,24,3,4,16,179.13,1
51473,25,Phone,2,11,E Wallet,Male,3,5,Grocery,5,Single,5,0,16,1,5,4,174.28,0
51474,6,Mobile Phone,3,16,UPI,Male,1,2,Laptop & Accessory,3,Single,6,0,15,2,3,2,147.31,0
51475,4,Computer,2,15,UPI,Male,2,6,Mobile Phone,2,Single,1,0,17,1,2,6,126.42,1
51476,13,Mobile Phone,2,17,COD,Male,3,3,Others,4,Married,2,0,19,2,3,14,146.38,0
51477,19,Computer,1,13,Debit Card,Male,3,5,Mobile Phone,3,Single,3,1,14,1,4,5,203.27,0
51478,17,Computer,1,25,E Wallet,Male,2,4,Grocery,3,Divorced,4,0,20,2,3,8,185.12,0
51479,19,Mobile Phone,1,18,E Wallet,Male,3,3,Laptop & Accessory,4,Married,1,0,20,3,6,9,160.7,0
51480,6,Computer,1,13,Debit Card,Male,3,3,Grocery,3,Married,6,0,23,0,2,4,182.51,0
51481,20,Computer,2,21,Credit Card,Male,3,6,Mobile Phone,2,Single,2,0,18,0,3,3,186.78,1
51482,1,Mobile Phone,1,12,Debit Card,Male,2,3,Mobile Phone,5,Single,2,0,22,4,5,6,119.44,0
51483,9,Computer,1,12,COD,Female,5,2,Others,5,Divorced,1,0,26,1,5,6,154.59,1
51484,0,Computer,3,8,UPI,Female,3,6,Grocery,2,Divorced,3,0,25,2,6,10,154.15,1
51485,4,Mobile Phone,3,19,E Wallet,Male,2,2,Mobile Phone,2,Single,3,0,11,2,5,10,159.86,0
51486,5,Mobile Phone,3,17,Credit Card,Male,2,1,Others,4,Single,3,0,24,0,3,7,128.32,0
51487,6,Mobile Phone,2,11,Debit Card,Male,4,4,Laptop & Accessory,5,Married,5,0,16,3,7,7,154.39,1
51488,14,Mobile Phone,1,11,E Wallet,Male,2,3,Laptop & Accessory,4,Married,1,1,17,1,2,4,180.88,0
51489,5,Computer,3,19,Debit Card,Female,1,3,Mobile Phone,1,Married,1,1,23,3,6,6,160.83,1
51490,7,Mobile Phone,1,13,Credit Card,Male,1,3,Fashion,3,Divorced,2,0,20,2,4,6,158.85,1
51491,3,Phone,2,19,UPI,Female,3,1,Laptop & Accessory,4,Married,3,0,19,2,4,1,141.14,0
51492,5,Mobile Phone,3,8,E Wallet,Male,3,3,Laptop & Accessory,3,Married,2,0,12,0,3,18,97.8,0
51493,3,Mobile Phone,3,10,E Wallet,Male,3,3,Grocery,4,Single,5,0,18,2,4,17,144.18,0
51494,0,Computer,3,24,Debit Card,Female,3,3,Others,1,Married,2,0,14,1,4,12,117.4,1
51495,11,Mobile Phone,3,18,Debit Card,Male,4,5,Fashion,2,Married,2,0,24,2,3,7,160.55,0
51496,13,Mobile Phone,2,21,E Wallet,Female,2,4,Others,4,Married,5,0,15,2,3,7,107.51,0
51497,11,Mobile Phone,1,13,Debit Card,Female,3,3,Grocery,2,Single,3,1,18,1,4,7,145.84,1
51498,7,Mobile Phone,3,11,Credit Card,Female,4,3,Laptop & Accessory,5,Divorced,4,1,17,1,3,0,165.76,1
51499,5,Mobile Phone,1,23,Credit Card,Female,1,4,Laptop & Accessory,3,Married,2,0,13,1,5,4,143.66,1
51500,23,Phone,3,6,Credit Card,Male,3,3,Grocery,2,Married,2,1,22,0,1,5,176.98,0
51501,8,Mobile Phone,1,15,Credit Card,Male,3,3,Fashion,2,Married,1,0,15,6,8,5,172.63,1
51502,7,Computer,1,21,Credit Card,Male,4,3,Grocery,2,Single,5,1,21,1,4,4,144.35,1
51503,0,Computer,3,13,Credit Card,Female,2,3,Fashion,2,Married,5,0,14,1,5,5,141.56,1
51504,5,Mobile Phone,1,39,Debit Card,Male,3,6,Mobile Phone,3,Married,3,0,24,0,1,0,117.02,1
51505,5,Mobile Phone,3,16,Debit Card,Male,2,1,Others,5,Divorced,1,0,22,3,7,4,139.39,0
51506,6,Computer,1,19,UPI,Female,2,3,Fashion,5,Married,2,0,11,0,3,4,168.59,0
51507,10,Computer,3,11,Credit Card,Female,5,5,Laptop & Accessory,3,Married,1,0,26,2,6,8,161.15,0
51508,9,Mobile Phone,2,32,Credit Card,Female,3,5,Fashion,3,Married,3,0,26,1,4,6,185.88,1
51509,11,Mobile Phone,2,16,Credit Card,Male,4,4,Mobile Phone,3,Married,1,0,20,4,7,15,169.18,0
51510,17,Mobile Phone,1,14,Debit Card,Male,4,3,Laptop & Accessory,2,Married,2,0,11,1,2,1,157.54,1
51511,20,Mobile Phone,1,16,Debit Card,Female,3,3,Mobile Phone,3,Married,1,0,19,2,5,4,165.27,0
51512,15,Computer,3,9,Credit Card,Female,5,2,Mobile Phone,2,Married,2,1,15,4,7,4,197.26,0
51513,37,Computer,1,20,Credit Card,Male,4,3,Mobile Phone,2,Single,2,0,24,5,9,5,242.98,0
51514,0,Mobile Phone,1,12,Credit Card,Male,3,3,Mobile Phone,2,Single,2,0,20,2,6,4,127.84,0
51515,2,Computer,2,18,Debit Card,Female,2,1,Fashion,4,Married,2,0,13,2,5,4,152.59,0
51516,0,Computer,2,8,Debit Card,Male,1,4,Fashion,2,Single,1,0,23,0,2,7,143.33,0
51517,12,Mobile Phone,1,9,Credit Card,Male,3,3,Fashion,4,Married,4,1,22,2,4,1,153.39,0
51518,27,Mobile Phone,1,16,Credit Card,Female,2,4,Fashion,1,Married,8,0,11,4,8,5,247.8,0
51519,3,Computer,1,30,UPI,Female,3,3,Grocery,4,Divorced,4,0,12,1,5,4,143.3,0
51520,31,Computer,3,8,Debit Card,Male,1,3,Fashion,4,Married,2,0,12,1,5,20,210.65,1
51521,0,Computer,1,12,COD,Male,4,2,Laptop & Accessory,1,Married,4,0,26,2,4,15,163.52,0
51522,32,Mobile Phone,3,9,COD,Male,3,3,Mobile Phone,4,Single,1,0,15,2,5,5,228.23,0
51523,5,Mobile Phone,1,13,Credit Card,Male,3,3,Laptop & Accessory,3,Single,2,0,15,0,2,1,145.93,0
51524,1,Mobile Phone,1,16,E Wallet,Female,2,5,Fashion,4,Divorced,2,0,11,1,5,4,166.7,1
51525,7,Computer,2,14,COD,Male,4,3,Others,4,Married,1,0,26,1,3,12,141.24,1
51526,3,Computer,1,7,Debit Card,Male,2,3,Grocery,2,Single,7,0,25,0,3,1,136.47,0
51527,4,Mobile Phone,2,8,Credit Card,Female,4,4,Mobile Phone,4,Single,3,1,12,1,4,0,144.47,0
51528,4,Computer,3,10,Debit Card,Female,2,2,Fashion,4,Divorced,9,1,14,5,6,15,159.31,0
51529,19,Computer,1,13,Credit Card,Male,1,4,Fashion,3,Married,2,0,24,0,1,20,140.95,0
51530,9,Computer,3,11,Debit Card,Female,3,3,Fashion,3,Married,8,0,16,0,1,11,134.5,0
51531,4,Phone,1,13,COD,Male,5,3,Grocery,4,Single,3,0,23,2,5,20,122.09,0
51532,11,Mobile Phone,1,15,Credit Card,Female,3,3,Mobile Phone,5,Single,2,0,25,1,3,7,143.91,0
51533,15,Phone,1,14,COD,Male,3,3,Fashion,2,Divorced,5,0,25,2,3,6,180.19,0
51534,3,Mobile Phone,3,33,Debit Card,Female,3,2,Laptop & Accessory,3,Single,3,0,22,4,7,12,158.53,0
51535,6,Mobile Phone,1,33,E Wallet,Male,2,3,Laptop & Accessory,3,Divorced,5,0,16,5,7,9,156.56,1
51536,1,Computer,3,16,E Wallet,Female,3,3,Others,3,Divorced,3,0,12,2,4,3,151.2,1
51537,2,Phone,2,12,Credit Card,Male,2,3,Mobile Phone,4,Single,2,0,19,1,3,3,140.06,1
51538,13,Mobile Phone,1,13,UPI,Female,2,3,Fashion,4,Divorced,3,1,25,2,4,6,175.73,1
51539,2,Computer,2,17,Credit Card,Male,3,3,Grocery,3,Married,4,0,20,3,6,18,137.19,0
51540,8,Computer,3,10,Debit Card,Female,2,4,Others,4,Married,1,1,11,2,6,15,133.1,0
51541,14,Computer,3,17,COD,Male,4,3,Laptop & Accessory,5,Married,2,0,19,0,3,4,194.87,0
51542,1,Mobile Phone,2,14,Credit Card,Male,1,2,Fashion,3,Divorced,1,1,15,4,7,10,132.55,0
51543,10,Computer,3,31,Debit Card,Male,2,4,Fashion,1,Married,7,1,24,2,3,15,135.41,1
51544,3,Mobile Phone,1,10,Credit Card,Male,3,3,Fashion,5,Married,8,0,21,0,3,8,134.04,0
51545,39,Mobile Phone,3,27,E Wallet,Female,4,4,Laptop & Accessory,5,Single,6,1,24,2,5,5,223.56,0
51546,7,Mobile Phone,3,17,Credit Card,Male,3,2,Fashion,3,Single,3,0,14,4,7,3,163.72,1
51547,19,Mobile Phone,3,11,E Wallet,Male,2,5,Mobile Phone,3,Married,4,0,23,1,2,13,162.63,0
51548,9,Phone,3,21,E Wallet,Male,2,2,Laptop & Accessory,1,Single,6,0,11,2,6,9,154.87,0
51549,0,Mobile Phone,2,6,Debit Card,Male,2,2,Fashion,1,Married,5,1,13,2,4,4,115.67,0
51550,12,Phone,2,13,Credit Card,Female,2,3,Laptop & Accessory,1,Single,3,0,17,3,6,8,164.37,0
51551,36,Mobile Phone,2,14,E Wallet,Male,2,6,Mobile Phone,4,Divorced,1,0,11,2,4,13,205.49,0
51552,11,Computer,1,12,E Wallet,Male,3,2,Mobile Phone,3,Single,6,0,12,3,5,8,158.16,0
51553,20,Computer,2,24,Debit Card,Male,2,4,Grocery,4,Single,5,0,20,4,5,9,177.78,0
51554,25,Computer,1,37,Credit Card,Male,1,1,Others,3,Married,2,0,25,2,5,8,197.29,0
51555,3,Computer,2,10,COD,Male,2,2,Grocery,2,Married,3,0,15,2,6,4,131.04,0
51556,2,Computer,1,23,UPI,Male,3,2,Mobile Phone,4,Married,9,0,17,2,4,7,119.25,1
51557,11,Computer,1,16,E Wallet,Male,2,3,Laptop & Accessory,2,Married,3,0,24,3,6,9,154.23,0
51558,6,Computer,1,22,Debit Card,Female,2,2,Fashion,2,Divorced,1,0,16,0,3,1,116.47,1
51559,21,Mobile Phone,3,17,E Wallet,Male,3,2,Others,3,Single,1,0,15,3,4,8,175.72,0
51560,27,Computer,1,14,Debit Card,Female,3,2,Mobile Phone,5,Single,1,0,26,1,5,10,168.26,0
51561,5,Mobile Phone,3,46,E Wallet,Female,2,3,Laptop & Accessory,5,Divorced,3,0,19,1,4,3,135.0,0
51562,3,Mobile Phone,1,17,E Wallet,Male,3,2,Laptop & Accessory,3,Divorced,1,0,23,2,4,8,147.79,0
51563,18,Computer,2,23,Credit Card,Male,4,3,Mobile Phone,4,Married,5,0,18,3,6,16,189.41,0
51564,3,Mobile Phone,1,12,Debit Card,Female,3,2,Mobile Phone,4,Single,2,0,15,2,4,14,140.5,1
51565,20,Computer,1,30,E Wallet,Male,1,3,Laptop & Accessory,2,Single,2,1,24,1,4,13,170.11,0
51566,6,Mobile Phone,2,16,UPI,Male,2,4,Mobile Phone,3,Married,4,1,20,1,3,19,155.9,0
51567,13,Mobile Phone,2,9,Credit Card,Female,3,2,Others,3,Married,1,1,12,1,5,0,144.33,0
51568,1,Mobile Phone,1,13,E Wallet,Female,2,3,Laptop & Accessory,4,Single,3,0,21,3,7,5,134.89,1
51569,11,Mobile Phone,2,16,Debit Card,Female,2,2,Grocery,2,Married,2,0,23,4,5,6,151.96,0
51570,7,Computer,3,16,E Wallet,Male,3,4,Mobile Phone,3,Divorced,1,0,20,1,3,6,147.25,1
51571,10,Mobile Phone,1,15,E Wallet,Female,2,4,Fashion,1,Single,2,1,18,1,3,9,145.78,1
51572,2,Mobile Phone,1,16,Credit Card,Female,2,2,Others,5,Married,3,0,26,1,5,1,136.47,0
51573,16,Mobile Phone,2,10,E Wallet,Male,3,1,Mobile Phone,5,Married,4,1,20,1,5,2,165.66,1
51574,23,Mobile Phone,1,16,E Wallet,Male,4,2,Laptop & Accessory,5,Married,1,1,12,3,4,2,212.28,0
51575,2,Computer,3,12,Credit Card,Male,3,3,Grocery,5,Single,6,1,17,4,5,9,136.28,0
51576,1,Mobile Phone,2,19,Debit Card,Male,4,3,Laptop & Accessory,4,Single,1,0,16,2,6,6,110.19,0
51577,0,Computer,2,16,Debit Card,Female,2,2,Others,2,Married,4,0,21,1,5,7,155.35,0
51578,12,Phone,2,12,COD,Male,4,3,Laptop & Accessory,3,Divorced,2,0,15,5,7,8,169.47,0
51579,11,Computer,2,20,Credit Card,Male,3,2,Laptop & Accessory,2,Divorced,4,0,14,3,4,4,186.55,0
51580,9,Computer,1,23,Debit Card,Male,4,3,Others,1,Married,5,1,24,3,4,4,167.29,1
51581,3,Mobile Phone,3,18,UPI,Female,2,2,Grocery,1,Single,1,1,26,0,1,6,108.19,1
51582,5,Mobile Phone,2,11,Debit Card,Female,3,6,Laptop & Accessory,4,Divorced,4,0,17,2,6,6,125.63,1
51583,10,Computer,1,35,Credit Card,Male,4,1,Fashion,4,Single,1,0,12,2,4,5,172.81,0
51584,8,Computer,2,15,Debit Card,Female,4,1,Laptop & Accessory,4,Married,3,1,19,2,3,1,150.43,0
51585,52,Computer,1,17,COD,Male,2,3,Laptop & Accessory,3,Married,2,0,11,3,7,16,241.55,0
51586,1,Computer,1,8,Credit Card,Female,4,1,Laptop & Accessory,1,Single,2,1,14,2,4,23,117.7,1
51587,14,Mobile Phone,2,16,E Wallet,Male,3,4,Laptop & Accessory,2,Married,1,0,12,1,5,9,150.48,0
51588,6,Mobile Phone,2,22,Credit Card,Female,3,4,Mobile Phone,3,Married,4,0,25,3,6,17,141.49,0
51589,6,Computer,2,14,Debit Card,Male,5,3,Mobile Phone,3,Divorced,2,0,16,2,4,10,134.03,0
51590,15,Computer,1,19,Credit Card,Female,1,4,Fashion,3,Married,3,1,14,1,3,1,188.8,1
51591,14,Mobile Phone,2,19,Credit Card,Female,2,4,Fashion,3,Divorced,1,1,15,1,3,5,142.19,0
51592,56,Computer,1,22,COD,Male,2,2,Fashion,1,Single,3,0,19,2,6,19,259.15,0
51593,1,Mobile Phone,2,15,UPI,Female,4,4,Laptop & Accessory,5,Married,4,0,12,2,6,3,129.17,0
51594,1,Mobile Phone,2,13,UPI,Female,1,4,Laptop & Accessory,3,Married,1,0,15,0,3,1,136.49,0
51595,15,Computer,2,9,Credit Card,Female,3,2,Fashion,5,Single,3,0,23,2,4,4,171.6,1
51596,10,Computer,3,19,Credit Card,Female,3,4,Mobile Phone,3,Married,4,0,26,0,2,7,141.04,1
51597,3,Mobile Phone,3,33,Credit Card,Male,2,4,Laptop & Accessory,4,Divorced,1,0,23,4,7,2,146.03,1
51598,0,Mobile Phone,3,11,E Wallet,Female,2,4,Fashion,5,Married,1,0,16,1,5,8,145.78,0
51599,1,Mobile Phone,3,21,E Wallet,Male,1,1,Mobile Phone,3,Married,1,0,22,1,3,0,114.36,1
51600,26,Computer,3,31,UPI,Female,2,1,Laptop & Accessory,3,Married,2,0,18,1,3,7,203.23,0
51601,2,Mobile Phone,3,12,UPI,Female,4,6,Fashion,3,Single,2,0,23,1,4,4,145.86,0
51602,4,Computer,3,24,Debit Card,Male,4,3,Grocery,2,Single,1,0,13,2,3,8,115.18,0
51603,3,Phone,3,9,E Wallet,Female,4,3,Others,4,Married,8,1,25,1,2,5,147.38,1
51604,5,Computer,1,24,E Wallet,Male,2,5,Mobile Phone,1,Married,4,1,17,1,3,7,150.4,1
51605,0,Mobile Phone,1,8,Credit Card,Female,3,1,Laptop & Accessory,3,Married,1,0,24,2,3,11,139.64,0
51606,8,Computer,3,7,E Wallet,Male,4,3,Mobile Phone,3,Single,4,0,13,2,6,15,130.88,0
51607,0,Mobile Phone,2,10,UPI,Male,4,3,Laptop & Accessory,3,Single,2,0,14,2,5,3,156.01,0
51608,19,Mobile Phone,3,19,Credit Card,Male,1,1,Others,3,Divorced,2,0,17,1,5,4,185.16,0
51609,3,Mobile Phone,1,16,Debit Card,Male,2,3,Laptop & Accessory,2,Divorced,1,0,22,2,4,5,149.28,1
51610,9,Mobile Phone,1,24,Credit Card,Male,4,4,Others,1,Single,2,0,17,0,4,9,171.23,1
51611,25,Phone,3,15,COD,Female,3,1,Others,3,Single,1,0,19,5,8,12,209.24,1
51612,12,Mobile Phone,3,10,UPI,Male,4,4,Fashion,5,Single,4,1,26,2,5,9,182.84,0
51613,9,Mobile Phone,1,17,Debit Card,Male,3,5,Laptop & Accessory,2,Married,2,0,12,0,2,7,145.13,0
51614,4,Phone,3,20,E Wallet,Female,2,5,Fashion,2,Single,2,0,22,2,3,7,124.12,0
51615,4,Mobile Phone,3,19,Debit Card,Male,3,3,Mobile Phone,5,Divorced,3,0,13,0,3,5,134.8,0
51616,13,Computer,1,19,Credit Card,Male,3,4,Grocery,2,Single,4,0,24,0,1,8,161.29,0
51617,61,Mobile Phone,1,21,Credit Card,Male,2,4,Mobile Phone,3,Married,3,1,20,1,4,5,283.48,0
51618,13,Mobile Phone,1,16,Credit Card,Male,2,4,Mobile Phone,1,Divorced,4,1,22,3,4,17,188.85,0
51619,9,Phone,1,24,Debit Card,Female,2,3,Fashion,1,Single,3,0,23,1,5,7,166.34,0
51620,15,Mobile Phone,2,8,E Wallet,Male,3,3,Laptop & Accessory,4,Single,7,0,22,4,7,11,149.94,0
51621,7,Computer,1,25,UPI,Female,3,2,Fashion,1,Married,3,0,16,1,3,16,154.93,1
51622,0,Mobile Phone,1,24,Credit Card,Male,3,1,Mobile Phone,3,Married,5,0,21,2,4,2,161.44,0
51623,9,Mobile Phone,3,15,Debit Card,Female,2,3,Mobile Phone,3,Married,7,0,20,0,2,5,161.71,1
51624,37,Mobile Phone,2,18,Debit Card,Male,4,2,Laptop & Accessory,1,Married,1,0,23,2,5,6,252.62,0
51625,2,Mobile Phone,2,19,Debit Card,Male,3,3,Mobile Phone,3,Married,4,0,23,5,7,12,178.45,0
51626,14,Mobile Phone,1,43,Debit Card,Male,2,5,Fashion,2,Married,4,0,13,2,6,11,141.04,0
51627,2,Computer,3,15,UPI,Female,1,1,Fashion,5,Single,5,0,24,3,7,0,170.96,0
51628,9,Mobile Phone,3,15,Credit Card,Male,3,4,Laptop & Accessory,2,Single,2,1,15,3,7,6,172.98,1
51629,1,Mobile Phone,2,10,Debit Card,Male,2,1,Mobile Phone,4,Married,2,0,17,4,5,7,133.1,0
51630,7,Mobile Phone,3,29,Debit Card,Male,2,3,Mobile Phone,4,Single,1,0,17,0,2,8,158.95,0
51631,16,Phone,3,19,COD,Male,4,2,Laptop & Accessory,2,Single,4,1,21,0,1,1,193.91,0
51632,5,Phone,3,13,Credit Card,Female,2,2,Fashion,3,Married,2,1,22,4,5,13,158.66,1
51633,13,Computer,3,16,Credit Card,Male,3,4,Laptop & Accessory,4,Married,6,0,21,2,3,3,163.73,0
51634,19,Computer,1,22,Credit Card,Male,3,3,Others,1,Married,4,1,17,2,3,6,212.8,1
51635,31,Mobile Phone,1,16,Debit Card,Female,2,3,Laptop & Accessory,3,Married,2,0,17,2,6,5,236.2,0
51636,3,Mobile Phone,1,19,COD,Male,2,5,Fashion,2,Married,5,0,16,3,7,1,158.03,0
51637,6,Computer,1,10,Debit Card,Male,4,1,Fashion,2,Married,5,0,13,1,2,8,144.7,0
51638,1,Computer,1,11,E Wallet,Female,2,3,Fashion,3,Single,1,0,22,2,6,13,139.8,0
51639,58,Mobile Phone,3,26,Debit Card,Male,4,3,Others,3,Divorced,3,0,19,1,4,9,243.26,0
51640,31,Mobile Phone,1,12,Credit Card,Female,4,3,Grocery,4,Single,1,1,23,1,5,4,194.31,0
51641,9,Phone,3,21,UPI,Male,1,3,Laptop & Accessory,3,Married,2,0,21,1,5,9,174.91,0
51642,22,Computer,2,11,E Wallet,Male,3,4,Others,4,Married,4,1,24,2,5,5,201.13,1
51643,8,Mobile Phone,1,7,Credit Card,Female,3,3,Laptop & Accessory,3,Married,2,0,16,0,2,3,155.07,0
51644,11,Computer,2,24,Credit Card,Male,3,3,Mobile Phone,2,Married,1,1,22,1,4,11,153.09,1
51645,1,Mobile Phone,1,13,Debit Card,Female,3,4,Mobile Phone,1,Married,3,1,24,4,5,3,155.91,1
51646,16,Mobile Phone,3,31,COD,Male,2,2,Others,1,Divorced,7,0,13,2,3,2,167.73,0
51647,1,Mobile Phone,3,11,E Wallet,Female,2,3,Fashion,1,Divorced,2,0,17,0,3,5,116.2,0
51648,20,Mobile Phone,1,9,Credit Card,Female,3,3,Grocery,1,Married,6,0,26,0,1,1,186.57,0
51649,18,Mobile Phone,3,11,Credit Card,Female,3,2,Others,3,Single,6,1,21,4,7,7,190.0,1
51650,14,Computer,3,16,Debit Card,Male,2,3,Fashion,1,Single,4,0,11,0,3,10,169.63,1
51651,0,Mobile Phone,1,41,E Wallet,Female,5,4,Mobile Phone,3,Married,1,0,15,3,6,2,140.89,0
51652,4,Computer,2,29,Credit Card,Female,4,3,Mobile Phone,4,Married,4,1,14,1,3,9,134.63,1
51653,3,Mobile Phone,2,24,Credit Card,Female,2,4,Laptop & Accessory,1,Married,3,0,20,1,3,10,151.57,1
51654,5,Mobile Phone,1,31,COD,Female,4,3,Mobile Phone,4,Married,3,1,17,3,5,1,191.82,0
51655,1,Computer,3,15,Debit Card,Female,2,5,Laptop & Accessory,2,Single,2,0,18,1,2,1,131.93,1
51656,33,Computer,1,13,Debit Card,Female,3,3,Laptop & Accessory,2,Divorced,4,0,18,3,5,10,207.22,0
51657,9,Phone,2,25,Credit Card,Female,4,4,Mobile Phone,2,Married,5,0,14,2,4,7,148.75,0
51658,4,Phone,1,15,Debit Card,Female,2,4,Grocery,2,Married,4,0,26,2,5,3,144.1,0
51659,6,Mobile Phone,3,11,Credit Card,Female,3,3,Mobile Phone,3,Married,1,0,14,0,1,2,129.6,0
51660,7,Mobile Phone,3,5,E Wallet,Female,3,3,Laptop & Accessory,4,Married,4,1,26,1,5,3,167.57,0
51661,11,Computer,1,10,Debit Card,Male,4,2,Fashion,4,Married,1,0,21,5,9,5,184.91,0
51662,8,Phone,1,19,Debit Card,Male,3,3,Others,1,Single,4,0,15,0,4,5,163.22,0
51663,30,Computer,1,11,Debit Card,Male,3,2,Fashion,1,Divorced,3,1,11,1,4,6,212.79,0
51664,8,Computer,3,22,Debit Card,Male,4,4,Laptop & Accessory,4,Single,2,1,18,4,6,8,164.96,1
51665,58,Computer,1,9,Debit Card,Female,3,2,Mobile Phone,4,Married,3,0,26,2,6,1,265.77,0
51666,22,Mobile Phone,3,10,Debit Card,Male,3,2,Fashion,5,Single,5,0,25,1,3,13,173.68,0
51667,2,Computer,3,31,Credit Card,Male,3,4,Laptop & Accessory,2,Married,3,0,13,2,3,7,144.77,0
51668,32,Computer,2,24,E Wallet,Male,2,3,Fashion,2,Married,3,1,25,2,5,12,203.77,0
51669,1,Computer,1,16,Debit Card,Female,1,2,Laptop & Accessory,3,Single,2,0,18,3,6,4,120.06,1
51670,20,Mobile Phone,1,16,E Wallet,Male,5,2,Mobile Phone,1,Married,2,0,13,2,3,5,186.82,0
51671,5,Mobile Phone,2,11,Debit Card,Male,2,4,Fashion,4,Married,3,1,23,0,1,3,140.97,1
51672,25,Mobile Phone,2,26,E Wallet,Female,2,3,Fashion,3,Single,1,0,16,4,5,7,197.04,0
51673,24,Mobile Phone,2,27,E Wallet,Male,3,3,Grocery,4,Married,4,1,21,2,4,2,190.44,0
51674,19,Phone,2,15,E Wallet,Male,4,3,Fashion,2,Married,5,1,26,5,9,12,191.05,0
51675,18,Mobile Phone,1,14,Debit Card,Female,4,2,Laptop & Accessory,3,Married,4,0,26,1,2,4,162.75,0
51676,4,Mobile Phone,3,12,Credit Card,Male,4,3,Others,2,Married,3,0,19,3,6,7,164.64,1
51677,1,Mobile Phone,1,18,UPI,Male,5,2,Fashion,3,Married,1,1,14,0,2,6,129.49,0
51678,6,Computer,2,7,Credit Card,Male,1,3,Laptop & Accessory,3,Single,3,1,19,2,6,11,124.71,0
51679,2,Mobile Phone,3,15,Debit Card,Female,2,3,Fashion,4,Divorced,1,0,19,0,4,3,136.83,0
51680,14,Mobile Phone,1,24,COD,Male,4,3,Mobile Phone,5,Divorced,4,0,25,0,2,2,127.31,0
51681,5,Mobile Phone,3,17,E Wallet,Male,3,3,Mobile Phone,2,Single,1,0,24,2,5,10,158.42,0
51682,44,Mobile Phone,3,21,UPI,Male,4,3,Fashion,3,Single,1,0,22,3,5,4,234.83,0
51683,12,Mobile Phone,2,18,Debit Card,Female,1,3,Laptop & Accessory,1,Single,3,0,12,0,4,2,155.89,1
51684,20,Mobile Phone,1,17,Credit Card,Male,3,3,Others,2,Single,2,0,12,0,4,5,195.96,1
51685,1,Phone,1,16,Credit Card,Male,4,3,Mobile Phone,3,Married,2,1,12,1,2,5,144.68,0
51686,23,Mobile Phone,1,22,Credit Card,Male,2,3,Fashion,3,Married,7,0,13,2,4,6,179.83,0
51687,30,Mobile Phone,1,14,Debit Card,Male,4,4,Mobile Phone,5,Single,2,0,17,1,4,9,216.63,0
51688,8,Computer,3,10,Credit Card,Female,1,3,Fashion,5,Married,6,1,17,2,6,11,155.84,1
51689,11,Mobile Phone,2,28,E Wallet,Male,1,5,Fashion,1,Married,2,0,15,3,4,3,172.47,1
51690,17,Computer,1,21,Credit Card,Male,3,3,Mobile Phone,3,Single,5,0,24,0,1,10,197.1,0
51691,2,Mobile Phone,3,7,E Wallet,Female,2,3,Mobile Phone,2,Single,2,1,25,2,5,4,145.08,1
51692,8,Computer,3,18,Credit Card,Female,2,5,Laptop & Accessory,3,Married,1,0,26,4,7,7,140.07,0
51693,6,Computer,1,7,Credit Card,Male,2,4,Fashion,4,Married,2,0,21,1,2,15,148.7,0
51694,1,Phone,1,9,Debit Card,Female,3,3,Fashion,2,Single,2,0,24,2,6,8,131.46,0
51695,5,Mobile Phone,1,19,E Wallet,Male,2,4,Grocery,4,Single,2,0,13,1,2,2,142.52,0
51696,0,Mobile Phone,3,27,Debit Card,Female,4,3,Fashion,5,Married,3,0,19,3,4,7,122.6,1
51697,0,Mobile Phone,2,37,UPI,Female,4,4,Laptop & Accessory,4,Single,3,0,17,2,6,17,151.94,1
51698,1,Phone,3,31,Credit Card,Male,3,2,Laptop & Accessory,3,Single,3,0,16,1,4,7,136.15,0
51699,39,Phone,1,8,Credit Card,Male,3,5,Mobile Phone,1,Divorced,4,0,12,1,2,1,230.14,0
51700,9,Mobile Phone,3,33,COD,Female,2,3,Laptop & Accessory,1,Married,3,1,11,3,6,9,165.59,0
51701,40,Mobile Phone,1,22,Debit Card,Male,3,1,Mobile Phone,4,Married,1,1,26,2,4,10,244.3,0
51702,6,Mobile Phone,3,23,Credit Card,Male,2,4,Grocery,1,Divorced,2,0,21,0,1,4,123.79,1
51703,4,Mobile Phone,3,12,Credit Card,Female,3,4,Fashion,3,Married,3,0,21,1,5,4,160.57,1
51704,8,Mobile Phone,1,19,COD,Male,3,4,Laptop & Accessory,5,Divorced,1,0,14,2,5,4,133.79,0
51705,6,Mobile Phone,3,19,E Wallet,Female,3,3,Mobile Phone,3,Single,3,0,19,1,2,9,130.75,0
51706,1,Computer,3,19,E Wallet,Male,4,5,Laptop & Accessory,2,Married,1,0,19,0,4,3,154.98,1
51707,12,Phone,3,21,Debit Card,Female,2,3,Laptop & Accessory,2,Married,2,0,21,1,2,6,143.0,0
51708,2,Phone,1,16,Debit Card,Male,1,4,Mobile Phone,3,Divorced,5,0,11,0,3,11,139.58,1
51709,11,Mobile Phone,2,14,Debit Card,Male,1,3,Fashion,2,Married,1,0,16,0,1,3,131.3,0
51710,12,Computer,3,16,E Wallet,Male,4,4,Grocery,5,Married,1,0,18,2,4,7,156.94,0
51711,1,Computer,3,26,Credit Card,Female,3,6,Mobile Phone,1,Single,2,0,18,3,5,2,125.35,0
51712,0,Mobile Phone,1,23,Credit Card,Female,2,3,Laptop & Accessory,5,Single,6,0,25,1,2,10,137.01,0
51713,18,Computer,3,25,E Wallet,Male,1,4,Laptop & Accessory,2,Single,3,0,23,2,3,7,156.35,0
51714,7,Mobile Phone,1,19,UPI,Female,3,2,Mobile Phone,3,Married,4,0,24,2,5,4,128.23,1
51715,0,Mobile Phone,3,11,Debit Card,Male,2,3,Fashion,2,Divorced,3,0,24,2,5,1,145.5,0
51716,61,Mobile Phone,1,12,COD,Female,3,2,Mobile Phone,4,Divorced,4,1,20,4,7,4,283.58,0
51717,0,Mobile Phone,1,23,Debit Card,Male,3,4,Grocery,4,Single,2,0,21,0,3,13,130.55,1
51718,14,Computer,2,26,Debit Card,Male,2,3,Laptop & Accessory,2,Married,4,0,23,2,3,22,150.86,0
51719,49,Mobile Phone,2,25,UPI,Female,2,3,Others,3,Divorced,6,0,17,1,4,1,234.29,0
51720,3,Mobile Phone,2,16,Credit Card,Male,1,6,Others,5,Married,2,0,23,2,3,2,118.11,0
51721,1,Mobile Phone,2,17,COD,Male,3,2,Laptop & Accessory,2,Single,2,0,18,1,2,9,105.5,0
51722,1,Computer,1,17,Credit Card,Female,2,3,Laptop & Accessory,4,Married,1,0,17,3,5,1,124.72,0
51723,4,Mobile Phone,1,8,COD,Female,4,4,Fashion,4,Married,1,0,22,3,4,10,148.77,0
51724,1,Computer,3,10,Debit Card,Female,3,2,Fashion,3,Married,4,0,20,1,5,7,154.87,1
51725,14,Computer,1,20,E Wallet,Male,3,1,Mobile Phone,1,Married,3,0,23,7,10,5,166.82,0
51726,0,Mobile Phone,2,14,COD,Female,3,4,Laptop & Accessory,2,Married,4,0,23,1,3,6,130.85,1
51727,8,Mobile Phone,2,7,Credit Card,Female,2,3,Fashion,3,Single,1,1,22,2,3,2,140.12,1
51728,61,Computer,3,17,Debit Card,Male,5,2,Fashion,3,Single,4,0,18,2,3,11,263.78,0
51729,20,Mobile Phone,3,10,Debit Card,Female,5,2,Laptop & Accessory,1,Divorced,2,0,25,1,4,15,187.56,0
51730,11,Mobile Phone,1,10,UPI,Male,2,4,Fashion,2,Married,3,0,22,1,2,8,158.17,0
51731,4,Computer,3,8,Credit Card,Male,4,3,Fashion,3,Divorced,5,0,17,4,6,17,159.51,0
51732,11,Mobile Phone,3,11,Credit Card,Male,2,4,Laptop & Accessory,4,Married,3,0,23,1,3,6,153.75,0
51733,8,Mobile Phone,2,6,E Wallet,Female,4,3,Mobile Phone,5,Single,1,1,12,1,4,3,137.66,1
51734,6,Mobile Phone,3,10,UPI,Male,2,4,Mobile Phone,3,Married,3,1,25,4,5,2,160.91,1
51735,1,Mobile Phone,2,21,Credit Card,Female,2,4,Mobile Phone,2,Married,2,0,13,0,1,2,118.46,0
51736,26,Computer,2,18,UPI,Female,3,3,Mobile Phone,4,Single,3,0,11,4,5,7,217.71,0
51737,7,Computer,1,25,Credit Card,Male,2,5,Mobile Phone,5,Divorced,1,0,24,2,6,5,156.71,0
51738,2,Computer,2,19,E Wallet,Female,2,3,Laptop & Accessory,1,Married,9,0,26,7,8,7,156.4,0
51739,5,Computer,1,6,Debit Card,Male,3,2,Mobile Phone,2,Single,3,0,11,3,6,0,157.48,1
51740,6,Mobile Phone,1,14,Debit Card,Female,2,2,Laptop & Accessory,3,Married,2,0,23,0,2,9,126.95,0
51741,21,Mobile Phone,1,13,UPI,Female,3,4,Laptop & Accessory,2,Married,2,0,13,1,4,1,186.99,0
51742,15,Mobile Phone,1,10,Credit Card,Male,2,3,Laptop & Accessory,5,Single,3,1,22,1,3,2,176.3,0
51743,17,Mobile Phone,1,8,Credit Card,Male,4,2,Laptop & Accessory,2,Divorced,4,1,24,2,6,4,175.12,1
51744,0,Phone,2,20,E Wallet,Female,2,3,Laptop & Accessory,5,Married,2,0,19,5,6,4,168.11,0
51745,6,Computer,1,15,Credit Card,Female,4,4,Laptop & Accessory,4,Divorced,3,0,23,1,2,6,134.88,0
51746,7,Mobile Phone,3,9,Debit Card,Female,2,2,Fashion,2,Married,5,0,12,2,5,8,187.84,0
51747,0,Mobile Phone,1,8,E Wallet,Female,2,3,Laptop & Accessory,1,Single,5,1,13,2,6,3,153.68,0
51748,3,Mobile Phone,2,23,E Wallet,Female,3,4,Mobile Phone,4,Married,1,0,18,3,5,5,157.51,0
51749,17,Mobile Phone,1,21,UPI,Female,3,5,Mobile Phone,3,Married,2,0,22,2,6,9,216.13,0
51750,1,Mobile Phone,1,21,Credit Card,Male,3,1,Mobile Phone,2,Married,4,0,19,0,3,4,147.6,0
51751,9,Mobile Phone,1,20,Credit Card,Female,2,3,Grocery,5,Married,2,1,21,2,6,11,171.68,0
51752,2,Computer,2,20,Credit Card,Male,2,3,Mobile Phone,1,Single,4,0,13,1,5,3,130.38,0
51753,0,Computer,3,19,Debit Card,Female,2,3,Mobile Phone,4,Single,4,0,17,3,6,8,135.2,0
51754,3,Mobile Phone,1,12,Debit Card,Male,4,2,Mobile Phone,3,Single,1,0,12,2,5,13,133.25,0
51755,44,Mobile Phone,1,20,Debit Card,Female,3,4,Laptop & Accessory,1,Single,4,0,24,2,6,5,240.03,0
51756,19,Mobile Phone,1,16,COD,Female,4,3,Fashion,3,Single,5,1,21,2,6,7,208.7,0
51757,38,Computer,3,10,UPI,Male,2,2,Laptop & Accessory,3,Married,6,0,12,2,3,12,214.71,0
51758,8,Computer,3,15,Credit Card,Female,3,4,Laptop & Accessory,2,Single,2,0,26,3,7,4,168.52,0
51759,1,Phone,1,26,Debit Card,Male,4,2,Fashion,1,Married,10,0,11,3,6,10,159.87,1
51760,9,Mobile Phone,1,17,Debit Card,Female,2,2,Laptop & Accessory,2,Married,3,0,25,1,2,9,159.24,0
51761,7,Computer,3,18,Debit Card,Male,2,2,Laptop & Accessory,3,Married,2,1,26,0,1,12,152.77,0
51762,22,Mobile Phone,1,10,COD,Female,3,2,Mobile Phone,4,Married,4,0,18,0,2,25,160.88,0
51763,1,Computer,2,11,Credit Card,Male,3,4,Laptop & Accessory,5,Single,4,0,26,0,3,1,140.49,0
51764,8,Mobile Phone,1,16,UPI,Female,3,2,Fashion,1,Married,3,0,17,1,5,18,166.26,0
51765,1,Mobile Phone,2,14,Credit Card,Male,2,4,Fashion,1,Married,1,1,25,1,4,3,144.56,0
51766,4,Computer,3,13,E Wallet,Male,2,2,Laptop & Accessory,5,Married,1,0,23,1,2,9,130.77,1
51767,16,Mobile Phone,3,10,E Wallet,Female,3,2,Mobile Phone,1,Married,4,0,12,1,3,7,155.91,0
51768,7,Mobile Phone,3,11,Debit Card,Male,3,2,Others,4,Single,2,0,15,0,1,6,122.11,0
51769,5,Mobile Phone,2,8,Credit Card,Male,3,5,Mobile Phone,4,Married,1,0,17,3,4,16,127.33,0
51770,6,Mobile Phone,2,12,UPI,Male,4,5,Laptop & Accessory,1,Married,6,1,23,1,2,7,153.43,1
51771,7,Mobile Phone,1,14,Credit Card,Female,4,1,Mobile Phone,4,Married,6,1,25,2,5,8,114.96,0
51772,18,Mobile Phone,3,15,Credit Card,Female,2,2,Mobile Phone,2,Married,3,1,16,3,5,1,180.97,0
51773,26,Mobile Phone,3,26,Credit Card,Male,2,2,Laptop & Accessory,4,Single,2,1,16,1,4,3,187.76,0
51774,37,Mobile Phone,2,7,Credit Card,Male,2,2,Laptop & Accessory,2,Married,9,0,25,2,5,1,238.02,0
51775,18,Phone,1,33,Credit Card,Male,2,3,Fashion,4,Single,2,0,13,2,5,5,199.09,0
51776,4,Mobile Phone,2,20,Debit Card,Male,4,4,Mobile Phone,4,Divorced,1,0,22,1,5,3,147.1,0
51777,13,Mobile Phone,3,16,COD,Male,2,1,Others,1,Married,5,0,20,1,2,10,152.92,1
51778,6,Mobile Phone,2,10,Debit Card,Male,4,3,Laptop & Accessory,3,Married,1,0,20,1,3,16,133.71,0
51779,3,Computer,1,13,Credit Card,Male,2,2,Mobile Phone,2,Married,3,0,22,0,2,20,124.06,1
51780,22,Computer,1,20,Debit Card,Female,2,3,Laptop & Accessory,4,Divorced,2,1,25,4,7,1,198.94,0
51781,0,Mobile Phone,1,11,Debit Card,Female,2,3,Mobile Phone,3,Married,2,0,12,2,5,12,129.95,1
51782,27,Computer,3,21,E Wallet,Male,2,4,Mobile Phone,3,Single,2,0,15,1,2,5,187.22,0
51783,7,Computer,3,15,COD,Female,1,4,Mobile Phone,1,Married,2,0,25,1,4,16,173.74,1
51784,12,Computer,3,15,E Wallet,Male,2,4,Mobile Phone,2,Married,2,0,22,1,2,5,151.36,0
51785,12,Computer,3,20,Debit Card,Male,3,4,Laptop & Accessory,5,Married,1,1,19,1,2,9,145.75,1
51786,27,Computer,2,9,Credit Card,Male,2,3,Grocery,5,Married,2,0,14,2,3,11,189.44,0
51787,12,Computer,2,13,Debit Card,Male,4,1,Others,2,Married,10,0,11,1,3,17,186.95,0
51788,11,Computer,2,14,Credit Card,Female,3,5,Grocery,3,Divorced,1,0,15,2,6,11,157.18,1
51789,0,Mobile Phone,3,20,Debit Card,Male,4,3,Grocery,5,Married,1,1,21,2,6,21,127.07,1
51790,8,Computer,2,25,E Wallet,Male,2,3,Mobile Phone,4,Single,1,1,23,2,4,5,119.6,0
51791,1,Computer,2,9,Debit Card,Male,2,2,Mobile Phone,2,Single,3,0,22,1,2,5,138.18,0
51792,16,Mobile Phone,1,15,Debit Card,Female,4,3,Laptop & Accessory,1,Single,1,1,14,2,6,8,196.78,1
51793,8,Phone,1,9,UPI,Female,3,6,Grocery,4,Single,3,1,16,0,3,4,150.04,0
51794,13,Mobile Phone,3,15,COD,Female,4,2,Laptop & Accessory,2,Single,2,0,21,1,2,7,158.39,1
51795,0,Mobile Phone,3,19,Debit Card,Male,2,4,Laptop & Accessory,1,Single,5,0,20,1,3,7,124.62,0
51796,1,Computer,2,13,Debit Card,Female,1,2,Mobile Phone,1,Single,2,0,17,2,4,1,125.73,0
51797,15,Mobile Phone,1,25,E Wallet,Female,4,3,Laptop & Accessory,1,Single,5,0,20,0,4,2,179.3,1
51798,0,Mobile Phone,3,19,Credit Card,Female,3,2,Fashion,1,Single,4,0,18,5,6,9,128.04,0
51799,0,Mobile Phone,3,18,COD,Male,4,3,Fashion,3,Single,7,1,13,3,4,5,114.67,0
51800,0,Mobile Phone,2,16,Credit Card,Female,2,3,Others,4,Married,2,1,20,2,6,8,145.18,0
51801,37,Mobile Phone,2,20,Debit Card,Female,1,1,Laptop & Accessory,5,Single,7,1,14,2,4,3,226.32,0
51802,16,Mobile Phone,2,26,Debit Card,Male,3,3,Laptop & Accessory,4,Single,3,0,11,3,7,18,159.06,1
51803,5,Mobile Phone,2,17,Credit Card,Female,5,1,Fashion,1,Single,2,0,12,2,4,15,149.39,0
51804,4,Phone,3,13,E Wallet,Female,4,3,Laptop & Accessory,5,Divorced,3,0,25,3,5,8,168.09,0
51805,5,Phone,1,40,E Wallet,Male,1,6,Mobile Phone,1,Married,4,0,20,1,5,15,156.74,1
51806,17,Mobile Phone,1,16,COD,Male,2,2,Fashion,4,Married,5,1,24,1,4,6,183.84,0
51807,12,Computer,1,14,Debit Card,Male,2,3,Mobile Phone,5,Single,2,1,17,4,5,3,160.62,0
51808,2,Mobile Phone,1,20,E Wallet,Female,4,2,Laptop & Accessory,5,Married,7,0,25,1,2,5,157.51,0
51809,2,Mobile Phone,1,7,UPI,Female,4,2,Laptop & Accessory,4,Married,3,0,16,2,3,4,144.92,0
51810,1,Mobile Phone,1,9,UPI,Male,2,3,Laptop & Accessory,3,Married,4,0,18,1,4,3,146.77,0
51811,12,Phone,1,7,Credit Card,Female,3,3,Fashion,5,Married,6,0,12,0,1,4,154.5,0
51812,17,Phone,1,7,E Wallet,Male,3,4,Laptop & Accessory,3,Married,2,0,11,2,3,6,184.13,0
51813,3,Mobile Phone,1,10,Credit Card,Male,3,3,Fashion,4,Married,2,0,13,1,2,7,129.65,1
51814,0,Mobile Phone,1,13,Credit Card,Female,3,1,Others,2,Divorced,4,0,23,5,8,7,159.89,0
51815,1,Mobile Phone,2,12,Debit Card,Female,2,2,Grocery,3,Single,3,0,15,4,6,11,145.13,0
51816,41,Mobile Phone,2,15,E Wallet,Male,3,1,Laptop & Accessory,1,Married,5,1,25,1,3,3,224.57,0
51817,4,Computer,1,18,E Wallet,Female,3,5,Fashion,4,Married,3,0,13,0,4,1,167.58,0
51818,17,Mobile Phone,2,13,Debit Card,Male,1,1,Fashion,3,Divorced,4,1,12,3,7,13,179.93,1
51819,11,Computer,3,18,Credit Card,Female,5,1,Laptop & Accessory,2,Single,1,0,25,3,6,16,152.89,1
51820,5,Mobile Phone,3,26,Credit Card,Female,2,2,Laptop & Accessory,2,Single,3,0,13,2,6,17,187.08,0
51821,2,Phone,1,35,E Wallet,Male,2,3,Grocery,5,Single,1,0,16,1,5,36,141.13,0
51822,1,Computer,3,28,E Wallet,Female,3,3,Fashion,5,Single,4,1,11,1,5,3,137.45,1
51823,11,Mobile Phone,1,33,Credit Card,Male,1,1,Fashion,4,Married,8,0,25,1,3,1,164.29,0
51824,17,Computer,1,15,E Wallet,Female,3,4,Mobile Phone,3,Single,1,1,15,0,4,5,181.23,0
51825,12,Computer,1,8,Debit Card,Male,4,4,Laptop & Accessory,3,Married,1,0,25,2,4,16,153.16,0
51826,9,Mobile Phone,1,14,Debit Card,Female,4,3,Laptop & Accessory,3,Single,3,0,21,2,3,4,117.38,1
51827,0,Mobile Phone,2,10,Debit Card,Female,2,3,Mobile Phone,3,Married,2,0,15,2,6,15,162.99,0
51828,41,Phone,2,15,Debit Card,Female,3,2,Laptop & Accessory,5,Single,2,0,16,1,3,3,229.32,0
51829,19,Mobile Phone,3,9,E Wallet,Female,4,3,Mobile Phone,5,Divorced,2,1,18,4,8,30,220.58,0
51830,4,Mobile Phone,1,16,COD,Female,2,4,Laptop & Accessory,5,Single,1,1,26,1,2,18,156.84,0
51831,46,Mobile Phone,1,11,Credit Card,Female,3,2,Others,4,Married,6,1,23,3,6,4,286.23,0
51832,11,Computer,1,11,COD,Male,2,4,Fashion,3,Single,2,0,13,2,5,4,167.91,0
51833,10,Computer,1,25,E Wallet,Male,2,4,Laptop & Accessory,4,Single,2,0,12,0,1,4,143.17,0
51834,16,Phone,3,16,Debit Card,Male,1,5,Laptop & Accessory,4,Single,2,0,11,1,4,13,153.54,0
51835,20,Mobile Phone,3,15,Debit Card,Male,3,3,Mobile Phone,2,Married,1,0,26,1,5,10,179.0,0
51836,12,Mobile Phone,3,22,E Wallet,Female,2,2,Laptop & Accessory,4,Married,1,1,23,5,6,18,170.95,0
51837,1,Computer,2,18,E Wallet,Female,2,3,Mobile Phone,5,Single,1,0,15,0,4,12,133.38,0
51838,4,Computer,2,22,Debit Card,Female,2,3,Others,4,Married,3,1,22,1,4,11,131.7,1
51839,31,Mobile Phone,1,14,Credit Card,Female,3,2,Grocery,4,Married,3,0,26,2,4,9,196.05,0
51840,3,Mobile Phone,2,21,UPI,Male,4,3,Others,2,Married,2,0,20,1,5,7,135.87,1
51841,5,Mobile Phone,2,8,Debit Card,Male,3,4,Laptop & Accessory,3,Married,2,0,26,1,4,3,139.81,1
51842,6,Computer,3,14,UPI,Male,5,3,Mobile Phone,3,Married,4,0,19,1,4,5,164.77,0
51843,6,Computer,2,17,Debit Card,Male,3,1,Fashion,3,Single,2,1,25,2,5,5,152.92,0
51844,11,Computer,1,13,Credit Card,Male,4,3,Fashion,1,Married,2,0,23,2,4,5,147.75,0
51845,34,Phone,3,14,Credit Card,Male,4,3,Mobile Phone,3,Married,4,0,20,3,7,3,241.39,0
51846,3,Mobile Phone,3,22,Credit Card,Male,3,4,Mobile Phone,5,Married,3,0,16,2,3,4,135.12,0
51847,1,Phone,2,23,Debit Card,Male,3,1,Mobile Phone,4,Single,3,0,26,3,4,6,149.87,0
51848,2,Computer,2,17,Debit Card,Female,3,3,Fashion,3,Married,5,1,19,3,5,8,133.16,1
51849,26,Mobile Phone,1,27,E Wallet,Female,3,4,Mobile Phone,2,Single,1,0,26,1,4,1,211.19,0
51850,12,Phone,2,10,Debit Card,Male,2,1,Laptop & Accessory,3,Divorced,3,0,26,1,5,17,186.62,0
51851,4,Mobile Phone,1,13,E Wallet,Female,3,3,Fashion,4,Married,4,1,20,1,4,3,156.28,0
51852,20,Computer,1,14,UPI,Female,3,2,Laptop & Accessory,4,Single,2,0,19,1,4,8,180.25,0
51853,23,Computer,2,26,UPI,Female,4,3,Fashion,5,Married,2,0,14,2,4,3,168.23,0
51854,22,Computer,1,19,Debit Card,Male,4,4,Laptop & Accessory,2,Married,3,1,25,3,4,2,226.14,0
51855,30,Computer,3,29,E Wallet,Male,2,3,Mobile Phone,3,Married,2,0,22,5,9,1,199.72,0
51856,3,Mobile Phone,3,8,E Wallet,Female,3,3,Mobile Phone,2,Married,2,1,25,1,5,6,134.85,1
51857,16,Mobile Phone,1,17,Debit Card,Male,5,1,Others,4,Single,4,0,22,1,3,4,198.45,0
51858,7,Mobile Phone,3,15,Credit Card,Male,4,2,Laptop & Accessory,3,Married,2,1,16,0,2,7,157.33,1
51859,22,Computer,2,6,Debit Card,Female,4,2,Fashion,3,Single,1,0,19,2,4,3,196.61,0
51860,15,Computer,1,11,Credit Card,Male,1,3,Others,4,Married,1,1,21,1,2,3,149.06,0
51861,17,Phone,2,10,UPI,Male,2,3,Laptop & Accessory,4,Married,3,0,22,2,3,16,172.09,0
51862,12,Mobile Phone,2,19,UPI,Male,2,2,Laptop & Accessory,3,Married,6,0,18,4,8,13,171.46,0
51863,2,Computer,2,25,E Wallet,Female,4,6,Others,3,Divorced,2,0,19,2,4,4,143.99,1
51864,9,Phone,3,13,Credit Card,Female,3,2,Mobile Phone,4,Single,1,1,21,3,6,3,139.92,0
51865,50,Computer,2,9,COD,Male,3,4,Grocery,5,Divorced,5,0,17,1,5,6,265.58,0
51866,33,Mobile Phone,3,9,Credit Card,Male,5,1,Fashion,3,Single,4,0,25,1,4,12,216.27,0
51867,0,Mobile Phone,2,30,Credit Card,Female,2,4,Mobile Phone,1,Divorced,5,1,23,1,5,31,143.22,1
51868,2,Mobile Phone,1,11,UPI,Female,3,3,Laptop & Accessory,5,Single,3,0,14,2,6,10,176.66,0
51869,1,Computer,2,5,Debit Card,Male,3,4,Fashion,2,Single,1,0,23,1,2,5,108.83,0
51870,15,Computer,1,12,Debit Card,Female,2,4,Mobile Phone,5,Divorced,1,0,21,3,4,3,164.95,0
51871,20,Phone,2,8,E Wallet,Male,3,3,Mobile Phone,4,Married,7,0,11,1,5,1,189.79,0
51872,2,Mobile Phone,2,16,UPI,Male,2,3,Mobile Phone,4,Married,5,1,21,1,5,14,169.9,1
51873,8,Mobile Phone,2,15,Debit Card,Female,3,3,Laptop & Accessory,4,Married,3,1,25,5,8,1,161.23,0
51874,22,Computer,1,13,E Wallet,Female,3,4,Laptop & Accessory,2,Single,1,1,12,0,4,1,208.12,1
51875,15,Computer,2,8,Credit Card,Male,1,3,Mobile Phone,5,Married,1,0,22,0,2,5,162.17,0
51876,9,Phone,1,15,E Wallet,Male,5,3,Mobile Phone,3,Married,1,0,21,3,5,7,179.05,0
51877,10,Computer,2,14,Debit Card,Male,3,2,Fashion,2,Married,4,0,15,0,3,10,139.95,1
51878,8,Mobile Phone,3,14,COD,Male,3,4,Mobile Phone,2,Married,8,0,16,5,9,6,131.21,0
51879,4,Computer,3,12,UPI,Female,2,2,Mobile Phone,4,Married,3,0,13,3,6,3,145.11,0
51880,9,Computer,1,20,Credit Card,Male,2,2,Mobile Phone,4,Divorced,5,0,21,5,9,9,162.56,1
51881,14,Mobile Phone,2,23,UPI,Male,4,1,Fashion,5,Divorced,4,0,26,1,5,6,159.63,0
51882,24,Mobile Phone,2,9,UPI,Female,3,4,Mobile Phone,2,Married,2,0,22,5,8,6,192.49,0
51883,12,Mobile Phone,3,20,Credit Card,Female,3,3,Fashion,5,Single,3,0,12,3,7,10,172.95,1
51884,17,Mobile Phone,2,23,COD,Female,3,2,Fashion,3,Single,4,0,19,1,2,11,164.51,1
51885,2,Computer,1,37,COD,Female,2,3,Laptop & Accessory,5,Married,2,0,12,2,5,3,159.84,1
51886,7,Mobile Phone,2,16,Debit Card,Male,4,2,Laptop & Accessory,3,Divorced,3,1,18,0,2,21,156.04,0
51887,0,Mobile Phone,2,12,Debit Card,Female,2,3,Grocery,2,Married,1,1,14,2,4,11,138.07,1
51888,3,Mobile Phone,3,21,Credit Card,Female,2,4,Fashion,1,Single,5,0,20,1,5,21,151.93,1
51889,15,Computer,3,12,Credit Card,Male,4,2,Mobile Phone,4,Divorced,2,0,24,1,4,3,152.76,1
51890,57,Mobile Phone,1,24,Debit Card,Male,2,1,Fashion,1,Married,2,0,13,3,4,3,273.64,0
51891,1,Computer,3,14,Debit Card,Male,4,2,Fashion,4,Single,4,1,16,0,2,2,127.75,1
51892,6,Mobile Phone,1,11,COD,Male,4,3,Laptop & Accessory,2,Married,4,0,19,0,4,2,141.8,0
51893,19,Mobile Phone,3,16,E Wallet,Female,2,2,Others,4,Single,4,0,26,1,4,18,176.46,0
51894,2,Mobile Phone,3,13,UPI,Male,2,4,Fashion,3,Married,2,0,24,2,4,12,156.0,1
51895,9,Mobile Phone,2,13,COD,Female,4,4,Mobile Phone,4,Single,6,0,26,3,4,3,156.74,0
51896,15,Mobile Phone,3,7,Credit Card,Female,3,2,Others,1,Married,3,0,13,1,4,7,177.13,0
51897,11,Mobile Phone,1,23,E Wallet,Female,2,2,Laptop & Accessory,2,Single,2,0,11,2,5,5,156.98,0
51898,2,Computer,1,23,Debit Card,Male,4,3,Fashion,5,Single,2,0,11,2,4,0,165.32,1
51899,5,Computer,1,18,Credit Card,Female,3,4,Mobile Phone,3,Single,1,1,25,1,3,8,163.06,1
51900,18,Mobile Phone,1,19,Debit Card,Female,4,5,Fashion,3,Married,1,1,16,4,6,7,188.78,0
51901,9,Mobile Phone,2,10,Debit Card,Female,3,2,Mobile Phone,3,Married,4,0,12,3,6,2,178.1,1
51902,0,Phone,1,6,Debit Card,Female,2,5,Laptop & Accessory,5,Single,2,0,16,2,5,4,129.66,0
51903,17,Computer,3,16,Credit Card,Female,4,2,Laptop & Accessory,2,Single,2,0,24,0,1,6,166.58,0
51904,0,Mobile Phone,2,14,COD,Female,3,1,Mobile Phone,4,Single,1,0,14,4,8,10,134.6,0
51905,16,Computer,2,16,Debit Card,Female,3,4,Others,1,Single,5,1,17,2,3,6,188.62,0
51906,2,Computer,2,6,Credit Card,Female,3,3,Laptop & Accessory,5,Married,2,1,23,2,3,17,152.77,0
51907,38,Computer,1,20,E Wallet,Female,3,1,Laptop & Accessory,5,Divorced,2,1,12,0,4,18,254.64,0
51908,5,Mobile Phone,1,10,Credit Card,Male,2,1,Laptop & Accessory,4,Single,10,0,16,1,3,11,144.83,0
51909,4,Mobile Phone,1,9,COD,Female,3,1,Fashion,2,Single,3,0,24,2,5,32,151.33,0
51910,1,Mobile Phone,3,31,Debit Card,Female,3,2,Mobile Phone,1,Married,3,0,25,0,1,3,126.83,0
51911,4,Phone,2,28,Debit Card,Male,4,4,Laptop & Accessory,3,Married,1,1,25,1,5,4,136.8,1
51912,25,Computer,1,7,Credit Card,Male,1,3,Laptop & Accessory,4,Married,3,0,18,2,3,16,188.47,0
51913,61,Mobile Phone,3,11,Credit Card,Male,2,6,Fashion,4,Single,2,1,23,1,2,6,269.5,0
51914,5,Phone,1,13,Debit Card,Female,4,3,Mobile Phone,3,Married,5,0,25,0,4,11,114.91,0
51915,7,Phone,2,26,Debit Card,Male,4,2,Grocery,3,Married,3,1,22,2,4,10,170.71,0
51916,15,Phone,2,21,UPI,Male,2,5,Mobile Phone,5,Divorced,5,1,21,1,2,2,154.57,0
51917,26,Computer,3,8,Debit Card,Female,2,3,Fashion,1,Married,4,1,26,2,4,13,191.45,0
51918,10,Phone,3,16,Credit Card,Female,2,3,Fashion,2,Married,1,0,14,1,3,9,154.24,0
51919,5,Mobile Phone,3,13,COD,Male,1,2,Others,3,Single,8,0,22,5,7,17,151.03,0
51920,6,Computer,2,13,E Wallet,Male,3,2,Grocery,3,Married,1,1,20,0,1,7,132.93,0
51921,14,Computer,1,11,Credit Card,Female,3,5,Fashion,1,Single,1,0,22,0,1,13,164.85,0
51922,0,Mobile Phone,3,13,Credit Card,Male,4,3,Mobile Phone,5,Divorced,2,1,17,1,2,9,116.14,0
51923,11,Mobile Phone,2,20,Credit Card,Female,3,3,Others,2,Divorced,2,1,26,2,3,7,190.49,1
51924,5,Phone,1,14,E Wallet,Female,3,4,Laptop & Accessory,2,Single,2,1,16,3,6,9,141.82,1
51925,18,Mobile Phone,3,14,UPI,Male,5,5,Fashion,3,Married,3,0,25,2,3,11,166.48,1
51926,1,Computer,1,21,E Wallet,Male,5,1,Laptop & Accessory,1,Married,7,1,24,4,7,3,162.9,0
51927,10,Mobile Phone,1,18,E Wallet,Female,1,6,Fashion,2,Married,3,0,22,4,6,8,180.2,1
51928,7,Mobile Phone,3,21,Debit Card,Female,1,1,Fashion,5,Married,1,1,17,2,3,4,154.75,0
51929,12,Mobile Phone,2,10,Debit Card,Female,5,4,Laptop & Accessory,4,Married,6,0,20,3,4,11,166.3,0
51930,0,Mobile Phone,1,15,E Wallet,Male,3,5,Laptop & Accessory,2,Single,1,0,18,0,1,5,130.25,1
51931,10,Computer,3,15,Debit Card,Female,3,3,Fashion,3,Married,3,0,24,0,1,2,154.86,0
51932,9,Computer,3,14,UPI,Male,4,3,Fashion,3,Single,3,0,13,2,4,16,146.01,0
51933,9,Mobile Phone,1,13,Credit Card,Female,3,3,Fashion,3,Divorced,4,0,25,0,2,1,147.63,0
51934,11,Mobile Phone,2,27,Credit Card,Female,3,3,Laptop & Accessory,2,Single,4,0,26,4,5,22,191.44,0
51935,13,Mobile Phone,3,12,E Wallet,Female,2,2,Mobile Phone,3,Married,3,0,23,2,6,10,179.14,0
51936,19,Mobile Phone,1,24,E Wallet,Male,4,1,Others,4,Married,3,0,12,3,4,5,171.67,0
51937,3,Computer,2,33,E Wallet,Male,3,4,Others,4,Divorced,4,1,14,1,2,6,143.66,1
51938,20,Mobile Phone,1,9,E Wallet,Male,2,3,Laptop & Accessory,5,Single,1,0,12,0,4,5,163.83,0
51939,8,Mobile Phone,3,8,Credit Card,Male,3,3,Grocery,2,Married,8,0,18,0,1,16,126.54,0
51940,0,Mobile Phone,3,7,COD,Male,2,2,Fashion,4,Single,3,0,24,1,2,4,131.65,1
51941,0,Mobile Phone,1,24,UPI,Female,2,4,Fashion,5,Single,4,0,15,1,3,4,147.88,1
51942,4,Mobile Phone,3,24,Credit Card,Male,2,2,Laptop & Accessory,1,Married,3,0,11,0,4,16,142.08,1
51943,18,Mobile Phone,3,10,UPI,Male,3,1,Fashion,3,Divorced,5,1,23,7,9,7,177.24,0
51944,14,Computer,1,21,UPI,Male,3,2,Laptop & Accessory,5,Single,3,0,13,2,4,22,170.95,0
51945,18,Phone,2,11,E Wallet,Male,4,4,Fashion,1,Single,1,0,22,2,5,3,196.39,1
51946,8,Computer,1,15,Credit Card,Male,2,4,Fashion,3,Married,5,1,24,2,5,7,165.72,0
51947,6,Mobile Phone,3,23,E Wallet,Male,4,5,Fashion,1,Single,1,0,25,1,2,5,149.68,1
51948,1,Mobile Phone,2,18,Debit Card,Female,3,3,Laptop & Accessory,3,Married,3,0,23,3,5,4,132.15,1
51949,4,Mobile Phone,2,10,Debit Card,Female,2,5,Mobile Phone,5,Single,2,0,25,1,3,5,113.02,1
51950,6,Computer,2,16,UPI,Female,3,3,Fashion,2,Divorced,1,0,12,1,2,7,164.49,0
51951,1,Phone,2,13,Credit Card,Male,4,2,Fashion,2,Married,1,0,19,0,2,6,141.98,0
51952,2,Mobile Phone,3,21,Debit Card,Female,3,3,Mobile Phone,3,Divorced,5,0,11,1,4,17,144.95,0
51953,10,Mobile Phone,2,18,Credit Card,Male,4,4,Laptop & Accessory,3,Married,2,0,23,1,4,2,156.6,1
51954,15,Computer,3,18,Debit Card,Female,2,4,Mobile Phone,4,Married,2,1,17,3,7,15,152.34,0
51955,61,Computer,2,10,UPI,Male,4,3,Fashion,1,Married,4,0,11,0,3,11,320.3,0
51956,32,Computer,1,10,Credit Card,Female,3,2,Others,5,Married,5,0,16,3,4,8,226.84,0
51957,12,Computer,3,16,Credit Card,Male,4,3,Fashion,4,Married,5,0,26,6,9,1,199.64,0
51958,6,Phone,2,22,Debit Card,Male,4,5,Grocery,1,Single,3,0,21,2,3,3,146.92,0
51959,12,Mobile Phone,2,30,E Wallet,Female,3,2,Laptop & Accessory,2,Divorced,4,1,23,3,6,1,163.25,1
51960,18,Phone,3,7,COD,Male,3,4,Grocery,5,Married,3,1,15,0,1,6,167.71,0
51961,1,Phone,1,15,E Wallet,Female,2,2,Fashion,5,Divorced,5,0,22,5,9,5,138.51,0
51962,6,Computer,2,23,Credit Card,Male,3,5,Mobile Phone,3,Married,2,0,20,0,4,7,122.57,0
51963,21,Mobile Phone,1,20,UPI,Female,3,3,Laptop & Accessory,3,Single,2,0,22,2,5,7,166.56,0
51964,5,Mobile Phone,2,17,Debit Card,Male,2,2,Laptop & Accessory,1,Married,1,1,18,1,2,12,130.18,0
51965,10,Mobile Phone,3,23,Debit Card,Female,3,2,Mobile Phone,4,Single,3,1,12,3,6,4,174.02,1
51966,10,Mobile Phone,3,10,Credit Card,Female,4,5,Grocery,1,Single,2,0,24,3,6,10,165.49,0
51967,2,Computer,2,20,Debit Card,Female,1,3,Laptop & Accessory,3,Single,1,0,25,0,1,3,142.04,1
51968,5,Mobile Phone,3,24,Debit Card,Male,3,3,Laptop & Accessory,1,Married,7,0,17,2,3,6,138.52,0
51969,4,Mobile Phone,3,9,Credit Card,Male,2,1,Others,3,Married,2,0,26,3,4,1,125.17,0
51970,0,Computer,2,18,Credit Card,Female,5,1,Laptop & Accessory,3,Married,5,0,16,3,5,1,128.41,0
51971,0,Mobile Phone,1,21,UPI,Male,5,3,Mobile Phone,3,Married,4,1,20,1,5,3,138.49,0
51972,21,Mobile Phone,2,22,Debit Card,Female,3,4,Mobile Phone,3,Single,2,1,14,2,3,12,185.49,0
51973,3,Mobile Phone,3,7,COD,Female,3,4,Fashion,1,Married,1,0,26,1,4,9,138.09,1
51974,8,Computer,3,12,Credit Card,Female,4,3,Laptop & Accessory,2,Single,5,0,26,1,4,10,141.92,0
51975,4,Mobile Phone,2,6,Credit Card,Female,1,2,Fashion,1,Married,5,0,24,2,4,1,145.68,0
51976,33,Computer,3,27,Debit Card,Female,3,3,Laptop & Accessory,4,Divorced,1,0,24,3,7,1,234.54,0
51977,3,Mobile Phone,1,13,Credit Card,Female,1,3,Laptop & Accessory,1,Divorced,3,1,12,0,2,22,95.97,1
51978,6,Phone,1,10,COD,Female,5,1,Laptop & Accessory,4,Married,3,0,21,1,5,10,139.24,0
51979,24,Mobile Phone,3,9,E Wallet,Male,2,5,Mobile Phone,5,Divorced,6,0,25,1,5,2,181.35,0
51980,22,Mobile Phone,1,12,Debit Card,Female,3,3,Laptop & Accessory,5,Married,3,0,14,0,3,13,192.89,0
51981,2,Mobile Phone,1,24,Credit Card,Male,3,1,Laptop & Accessory,2,Married,2,0,26,1,4,24,141.89,0
51982,19,Mobile Phone,2,10,Credit Card,Female,4,5,Mobile Phone,2,Single,4,0,18,1,5,2,192.23,0
51983,7,Mobile Phone,2,29,Debit Card,Female,5,5,Laptop & Accessory,5,Married,3,1,12,1,3,0,134.78,1
51984,7,Mobile Phone,2,8,UPI,Female,1,5,Fashion,3,Single,2,0,19,2,6,1,155.08,0
51985,1,Mobile Phone,1,38,Credit Card,Male,3,4,Laptop & Accessory,3,Single,3,1,24,3,6,9,139.63,0
51986,1,Computer,3,12,Credit Card,Male,2,2,Fashion,1,Single,7,0,14,6,8,9,130.86,1
51987,15,Mobile Phone,3,29,Debit Card,Female,2,5,Grocery,2,Single,5,1,18,1,5,5,164.48,0
51988,8,Mobile Phone,1,27,Debit Card,Female,3,4,Fashion,4,Married,4,0,17,0,3,2,139.81,0
51989,6,Computer,2,27,COD,Male,5,3,Fashion,2,Single,1,1,23,1,5,1,133.44,1
51990,15,Phone,3,15,Debit Card,Male,2,5,Fashion,2,Single,1,0,16,0,3,14,143.16,1
51991,17,Mobile Phone,2,9,Credit Card,Female,2,3,Mobile Phone,2,Single,3,0,23,2,3,18,177.15,1
51992,2,Mobile Phone,1,17,E Wallet,Female,4,5,Mobile Phone,5,Married,1,0,19,5,8,17,161.46,0
51993,11,Phone,2,11,Credit Card,Male,4,3,Fashion,3,Married,3,0,15,1,3,10,166.4,0
51994,1,Mobile Phone,1,27,Credit Card,Male,2,3,Laptop & Accessory,4,Married,2,0,11,1,5,9,130.64,1
51995,16,Phone,1,16,Credit Card,Male,2,3,Mobile Phone,4,Divorced,1,0,11,3,6,6,214.74,0
51996,12,Mobile Phone,2,15,COD,Female,3,4,Laptop & Accessory,5,Married,1,1,18,2,6,7,158.58,0
51997,37,Computer,2,11,E Wallet,Male,2,3,Fashion,4,Single,2,0,20,2,4,13,227.19,0
51998,0,Mobile Phone,3,12,COD,Female,3,6,Fashion,1,Married,4,0,21,3,6,12,149.42,1
51999,0,Phone,3,19,E Wallet,Male,2,1,Mobile Phone,2,Married,2,0,18,0,1,8,124.21,0
52000,3,Mobile Phone,1,18,Debit Card,Female,2,5,Mobile Phone,4,Married,1,0,19,2,3,5,161.14,0
52001,3,Computer,3,21,Debit Card,Female,2,3,Fashion,2,Married,1,0,11,2,3,9,161.14,0
52002,3,Mobile Phone,1,22,UPI,Male,3,5,Laptop & Accessory,4,Single,3,0,25,2,3,12,147.37,0
52003,28,Mobile Phone,2,23,Credit Card,Male,2,3,Laptop & Accessory,5,Married,5,0,25,1,5,16,201.49,0
52004,3,Computer,3,9,Credit Card,Male,4,4,Fashion,3,Married,3,0,16,1,4,11,132.3,1
52005,3,Mobile Phone,2,18,COD,Male,5,3,Fashion,3,Single,2,0,22,3,4,16,131.66,1
52006,17,Phone,2,18,Debit Card,Female,1,4,Fashion,1,Married,2,1,20,2,3,9,201.14,0
52007,7,Mobile Phone,2,8,Credit Card,Male,2,2,Laptop & Accessory,5,Married,2,1,16,0,1,8,138.82,1
52008,17,Computer,3,19,E Wallet,Female,2,5,Laptop & Accessory,3,Married,5,0,25,1,5,2,200.66,1
52009,0,Mobile Phone,2,27,E Wallet,Male,2,5,Mobile Phone,4,Divorced,1,0,11,3,5,4,145.75,0
52010,8,Phone,3,19,Credit Card,Male,2,3,Mobile Phone,2,Married,2,1,18,3,6,1,143.88,1
52011,0,Phone,3,8,Credit Card,Male,2,3,Fashion,3,Single,2,1,26,2,5,26,149.63,1
52012,0,Mobile Phone,3,11,Debit Card,Female,2,3,Laptop & Accessory,4,Married,3,0,13,2,6,26,138.67,0
52013,28,Computer,2,17,Credit Card,Female,2,2,Others,3,Divorced,4,0,18,1,3,2,196.14,0
52014,1,Computer,1,10,Credit Card,Female,3,3,Laptop & Accessory,3,Married,3,0,13,2,5,1,134.6,1
52015,9,Mobile Phone,1,20,UPI,Female,2,4,Mobile Phone,3,Married,10,0,24,5,7,9,161.41,0
52016,6,Computer,2,15,Debit Card,Male,2,3,Fashion,5,Divorced,2,0,22,3,4,7,135.02,0
52017,5,Mobile Phone,3,23,UPI,Male,2,4,Fashion,4,Single,1,0,12,0,3,8,129.58,0
52018,27,Computer,2,13,E Wallet,Male,2,3,Fashion,3,Single,4,0,22,1,3,9,201.9,1
52019,0,Mobile Phone,3,17,E Wallet,Female,3,2,Laptop & Accessory,5,Married,2,1,23,1,2,14,132.14,0
52020,13,Mobile Phone,1,11,Credit Card,Male,2,3,Grocery,3,Divorced,8,1,12,0,1,9,154.06,0
52021,39,Mobile Phone,3,35,Credit Card,Male,3,4,Fashion,3,Married,5,1,24,2,3,44,174.55,1
52022,9,Computer,2,15,E Wallet,Female,5,3,Fashion,3,Divorced,3,1,14,1,5,12,150.03,1
52023,33,Computer,2,9,COD,Male,3,3,Mobile Phone,2,Single,4,0,18,3,7,4,228.74,1
52024,0,Phone,3,24,Credit Card,Male,3,4,Laptop & Accessory,1,Married,4,0,25,1,5,2,156.14,1
52025,6,Mobile Phone,1,13,COD,Female,3,1,Fashion,3,Single,4,0,16,4,7,18,181.6,0
52026,3,Mobile Phone,1,23,Credit Card,Female,3,1,Grocery,4,Married,2,0,12,3,4,2,151.98,0
52027,15,Computer,2,13,UPI,Female,5,2,Grocery,3,Married,3,0,17,0,3,7,166.28,0
52028,47,Computer,2,7,Debit Card,Female,2,2,Fashion,5,Single,2,0,11,1,3,8,270.75,0
52029,3,Mobile Phone,3,10,E Wallet,Female,4,4,Laptop & Accessory,2,Divorced,4,1,23,4,6,19,167.41,0
52030,12,Mobile Phone,3,15,UPI,Female,2,3,Laptop & Accessory,2,Married,1,0,20,0,2,0,134.06,0
52031,2,Mobile Phone,1,9,UPI,Male,2,2,Mobile Phone,3,Single,2,0,20,0,2,3,128.69,0
52032,9,Mobile Phone,2,13,E Wallet,Male,3,3,Mobile Phone,4,Single,1,0,26,0,4,3,167.5,0
52033,7,Computer,2,22,Credit Card,Female,2,4,Mobile Phone,4,Single,7,0,23,3,7,3,145.61,0
52034,42,Mobile Phone,3,19,Credit Card,Female,3,2,Grocery,3,Married,4,0,11,0,4,11,240.05,0
52035,11,Computer,3,16,Debit Card,Male,3,2,Laptop & Accessory,5,Single,3,0,21,1,3,10,137.47,0
52036,5,Mobile Phone,3,13,Credit Card,Female,3,2,Fashion,4,Single,2,0,26,1,5,28,137.87,1
52037,1,Mobile Phone,2,28,Credit Card,Female,1,3,Laptop & Accessory,4,Married,1,1,23,2,5,5,131.63,0
52038,1,Computer,1,16,Debit Card,Male,2,2,Mobile Phone,5,Married,4,0,15,2,3,5,107.69,0
52039,3,Computer,1,11,E Wallet,Female,1,4,Laptop & Accessory,3,Married,3,0,22,1,2,2,141.27,1
52040,3,Mobile Phone,2,22,E Wallet,Male,4,2,Mobile Phone,3,Divorced,1,0,19,3,4,2,143.45,0
52041,22,Computer,3,19,Debit Card,Male,4,1,Mobile Phone,4,Married,3,0,16,5,7,5,174.4,0
52042,9,Mobile Phone,2,11,E Wallet,Female,5,5,Mobile Phone,5,Single,1,0,19,3,5,1,173.43,1
52043,8,Computer,3,25,Debit Card,Male,4,2,Laptop & Accessory,4,Married,2,0,18,3,7,7,161.87,0
52044,1,Mobile Phone,2,17,Debit Card,Female,3,3,Mobile Phone,1,Single,2,1,16,3,6,2,119.82,0
52045,23,Computer,3,18,E Wallet,Male,4,2,Fashion,3,Married,5,0,11,2,5,6,187.42,0
52046,15,Mobile Phone,1,26,Credit Card,Male,3,3,Mobile Phone,5,Married,9,0,22,2,3,0,184.44,0
52047,0,Mobile Phone,1,9,Credit Card,Male,3,2,Others,1,Single,1,1,23,2,4,4,140.5,0
52048,14,Phone,1,11,Debit Card,Male,2,4,Laptop & Accessory,3,Single,4,1,11,2,5,8,164.34,0
52049,9,Computer,3,26,E Wallet,Female,3,4,Others,5,Single,5,0,19,1,2,12,142.83,0
52050,1,Mobile Phone,1,11,Debit Card,Male,3,3,Fashion,2,Married,2,1,19,2,3,6,132.73,1
52051,7,Mobile Phone,3,15,Debit Card,Male,3,4,Fashion,4,Married,2,1,13,5,6,0,170.88,1
52052,7,Mobile Phone,1,28,Credit Card,Male,2,2,Laptop & Accessory,2,Single,1,1,11,4,7,3,165.19,1
52053,2,Computer,2,10,E Wallet,Female,3,3,Fashion,3,Married,3,1,20,2,4,5,143.82,1
52054,34,Computer,3,7,Debit Card,Female,1,1,Grocery,5,Single,1,0,24,1,2,8,205.97,0
52055,22,Computer,2,9,Debit Card,Male,3,1,Laptop & Accessory,3,Single,1,0,13,5,7,9,220.4,0
52056,13,Mobile Phone,1,15,Debit Card,Female,3,2,Laptop & Accessory,5,Married,1,0,16,5,8,10,196.88,0
52057,7,Computer,1,14,Credit Card,Male,3,4,Mobile Phone,3,Single,7,0,18,1,2,11,141.75,0
52058,6,Mobile Phone,3,13,Debit Card,Female,2,3,Mobile Phone,3,Single,5,0,13,0,1,10,148.57,1
52059,12,Mobile Phone,2,13,Debit Card,Male,3,3,Laptop & Accessory,4,Divorced,7,1,19,1,3,7,183.7,0
52060,9,Computer,2,11,COD,Male,2,5,Fashion,3,Single,7,0,22,1,2,3,160.17,1
52061,0,Phone,2,13,Debit Card,Female,2,3,Laptop & Accessory,2,Married,3,1,23,2,4,15,130.59,0
52062,8,Computer,1,18,Credit Card,Female,3,3,Fashion,2,Married,3,0,22,4,7,7,177.16,0
52063,19,Computer,1,21,COD,Female,3,6,Laptop & Accessory,1,Married,5,0,14,1,5,6,192.41,0
52064,7,Computer,2,19,Debit Card,Male,2,2,Others,4,Married,7,0,18,2,3,13,160.83,0
52065,0,Phone,3,13,E Wallet,Female,2,2,Fashion,3,Married,3,1,15,2,6,16,139.28,0
52066,18,Mobile Phone,1,14,Credit Card,Male,3,3,Others,4,Married,1,0,25,3,6,8,184.97,0
52067,2,Mobile Phone,3,22,COD,Male,3,3,Grocery,3,Single,1,0,13,2,3,2,157.99,0
52068,3,Phone,3,22,COD,Male,1,2,Grocery,3,Divorced,4,1,25,2,3,1,143.85,0
52069,2,Computer,3,33,Credit Card,Male,1,2,Laptop & Accessory,3,Married,1,0,21,1,5,8,124.96,0
52070,4,Mobile Phone,1,13,Debit Card,Female,2,2,Fashion,1,Married,3,0,14,4,8,10,132.66,0
52071,16,Mobile Phone,1,9,Credit Card,Male,4,4,Mobile Phone,4,Married,7,1,23,2,3,1,144.36,0
52072,8,Mobile Phone,3,16,COD,Male,3,4,Mobile Phone,3,Single,1,1,17,1,5,4,142.56,1
52073,2,Mobile Phone,1,20,Debit Card,Female,4,2,Laptop & Accessory,1,Married,1,0,21,0,2,4,144.86,0
52074,25,Phone,1,23,COD,Male,3,3,Laptop & Accessory,3,Single,7,0,26,1,4,5,187.97,0
52075,25,Mobile Phone,3,12,UPI,Male,5,3,Mobile Phone,2,Single,3,0,11,3,6,7,207.16,0
52076,24,Computer,1,17,Debit Card,Male,3,1,Mobile Phone,1,Single,2,1,20,1,3,6,213.77,0
52077,3,Mobile Phone,2,21,E Wallet,Male,3,4,Mobile Phone,5,Single,2,0,20,1,4,15,101.75,0
52078,7,Mobile Phone,2,15,Debit Card,Female,3,3,Fashion,1,Married,5,1,18,3,6,19,143.85,1
52079,50,Mobile Phone,3,14,Credit Card,Male,1,2,Grocery,4,Single,2,0,15,2,6,17,258.49,0
52080,17,Computer,1,18,Credit Card,Male,1,3,Laptop & Accessory,4,Married,3,0,21,1,2,9,163.4,0
52081,0,Computer,3,7,Credit Card,Male,2,5,Laptop & Accessory,3,Married,2,0,25,2,3,5,126.1,0
52082,0,Computer,2,13,Credit Card,Female,3,1,Others,1,Married,3,0,22,0,3,11,112.96,0
52083,7,Mobile Phone,2,36,Credit Card,Female,3,2,Grocery,2,Single,4,0,16,1,4,8,141.08,0
52084,28,Mobile Phone,1,18,E Wallet,Female,3,2,Laptop & Accessory,2,Divorced,2,0,17,1,3,26,203.14,0
52085,9,Mobile Phone,1,36,E Wallet,Female,4,1,Laptop & Accessory,5,Married,2,1,19,1,5,5,157.69,0
52086,8,Mobile Phone,2,16,COD,Female,4,2,Others,1,Single,2,0,26,3,7,23,151.43,0
52087,1,Computer,2,25,E Wallet,Female,5,4,Laptop & Accessory,1,Married,3,1,25,2,5,8,139.39,1
52088,12,Computer,3,13,E Wallet,Female,3,3,Laptop & Accessory,2,Single,2,0,14,4,5,12,177.71,0
52089,20,Computer,2,13,Credit Card,Female,2,3,Laptop & Accessory,4,Divorced,2,0,16,3,4,6,183.23,0
52090,5,Mobile Phone,2,12,Debit Card,Male,2,2,Laptop & Accessory,4,Married,3,0,22,4,5,7,147.58,1
52091,17,Mobile Phone,2,24,Debit Card,Female,2,2,Grocery,4,Single,2,1,26,2,5,12,177.44,1
52092,40,Mobile Phone,3,10,Credit Card,Female,2,5,Fashion,3,Single,1,0,20,1,5,15,242.13,0
52093,2,Mobile Phone,2,7,E Wallet,Female,2,2,Laptop & Accessory,4,Married,2,0,15,1,5,5,167.84,0
52094,8,Computer,1,23,E Wallet,Male,1,5,Others,4,Single,5,1,20,0,1,4,153.12,1
52095,4,Computer,3,10,COD,Female,3,3,Mobile Phone,5,Married,2,1,15,0,3,6,119.5,0
52096,18,Mobile Phone,2,22,Credit Card,Female,3,3,Mobile Phone,3,Married,5,0,20,0,1,4,165.21,0
52097,10,Mobile Phone,2,14,E Wallet,Female,3,2,Fashion,2,Married,2,0,22,1,4,3,152.76,0
52098,12,Computer,2,45,UPI,Male,1,3,Fashion,1,Married,5,1,23,1,3,3,156.22,0
52099,19,Computer,3,33,Credit Card,Male,1,4,Grocery,3,Divorced,2,0,14,3,6,2,189.71,0
52100,6,Computer,1,51,Credit Card,Male,3,2,Fashion,5,Divorced,2,1,15,2,5,3,132.69,0
52101,29,Mobile Phone,1,10,COD,Female,1,1,Fashion,4,Married,2,0,12,1,4,4,196.47,1
52102,9,Mobile Phone,3,15,Credit Card,Female,3,4,Mobile Phone,4,Divorced,2,0,18,1,2,7,126.84,0
52103,2,Phone,1,7,E Wallet,Male,5,3,Others,3,Divorced,1,0,12,0,4,5,120.98,0
52104,14,Computer,3,19,COD,Female,3,3,Fashion,2,Divorced,4,0,20,1,3,6,146.2,1
52105,18,Mobile Phone,1,10,Credit Card,Female,3,3,Mobile Phone,2,Single,9,1,23,2,3,6,170.72,0
52106,4,Computer,1,16,Debit Card,Male,3,3,Laptop & Accessory,2,Single,2,0,21,3,6,5,143.69,0
52107,23,Computer,1,6,UPI,Female,3,3,Fashion,4,Single,2,1,19,0,4,5,195.89,1
52108,28,Mobile Phone,2,6,UPI,Male,3,1,Fashion,5,Married,3,0,23,1,2,2,188.17,0
52109,3,Mobile Phone,2,11,Debit Card,Female,4,4,Mobile Phone,1,Single,2,1,18,1,4,3,130.89,1
52110,49,Mobile Phone,1,11,Credit Card,Female,3,3,Laptop & Accessory,1,Single,1,0,23,1,3,5,264.38,0
52111,1,Mobile Phone,1,28,Credit Card,Male,3,4,Fashion,3,Single,2,0,13,2,3,5,111.22,1
52112,2,Computer,3,13,UPI,Female,3,6,Fashion,5,Married,5,1,17,2,4,21,124.85,1
52113,2,Mobile Phone,2,20,Debit Card,Male,3,2,Fashion,5,Married,1,0,16,1,2,12,151.58,0
52114,26,Computer,3,7,Credit Card,Male,3,4,Laptop & Accessory,3,Married,2,1,12,2,5,6,195.86,1
52115,12,Phone,3,18,E Wallet,Female,2,5,Laptop & Accessory,2,Single,8,0,14,3,4,1,143.98,1
52116,1,Mobile Phone,3,17,Credit Card,Male,2,4,Mobile Phone,4,Divorced,2,0,11,0,2,12,106.23,0
52117,6,Mobile Phone,3,21,COD,Male,1,2,Laptop & Accessory,2,Single,5,0,13,4,8,6,171.43,1
52118,11,Computer,1,17,COD,Male,3,4,Fashion,4,Divorced,5,0,22,2,5,5,149.81,0
52119,1,Computer,3,35,Debit Card,Female,4,4,Mobile Phone,5,Single,4,0,14,0,1,10,107.54,0
52120,25,Computer,3,13,Debit Card,Male,4,3,Laptop & Accessory,2,Divorced,3,0,23,0,2,2,182.55,0
52121,19,Mobile Phone,3,10,Debit Card,Male,3,3,Laptop & Accessory,2,Divorced,7,0,25,1,5,11,186.85,0
52122,8,Mobile Phone,1,22,Credit Card,Female,1,4,Grocery,1,Married,7,0,19,2,4,5,157.03,0
52123,40,Computer,3,18,E Wallet,Male,4,2,Fashion,3,Married,3,1,11,2,4,4,236.76,0
52124,6,Phone,3,10,Credit Card,Male,3,5,Mobile Phone,5,Married,4,0,19,4,8,5,162.69,0
52125,49,Mobile Phone,3,20,Debit Card,Male,2,6,Fashion,3,Married,5,1,17,1,4,2,265.83,0
52126,13,Phone,1,25,Debit Card,Female,4,2,Grocery,2,Married,1,1,16,2,3,7,149.35,0
52127,12,Mobile Phone,1,18,Debit Card,Male,3,4,Laptop & Accessory,4,Single,3,0,13,2,4,3,179.36,0
52128,2,Phone,3,17,Credit Card,Female,4,3,Grocery,4,Married,5,0,13,1,3,2,168.81,0
52129,25,Computer,2,8,E Wallet,Male,2,1,Others,1,Single,6,0,23,0,1,8,183.37,0
52130,6,Mobile Phone,1,13,Credit Card,Male,4,5,Laptop & Accessory,2,Single,10,0,11,1,5,12,154.13,0
52131,2,Computer,3,10,Debit Card,Male,3,2,Mobile Phone,3,Divorced,4,0,25,2,6,5,148.05,1
52132,0,Mobile Phone,1,20,E Wallet,Male,1,1,Laptop & Accessory,2,Married,2,0,22,4,5,6,151.28,0
52133,9,Mobile Phone,2,8,UPI,Male,3,4,Mobile Phone,5,Married,3,0,20,2,4,14,152.26,0
52134,8,Mobile Phone,1,9,Debit Card,Male,3,1,Laptop & Accessory,2,Single,9,1,15,2,5,9,135.67,1
52135,15,Mobile Phone,1,10,Credit Card,Male,2,3,Mobile Phone,4,Married,3,0,12,3,7,1,168.04,0
52136,26,Mobile Phone,1,11,Debit Card,Male,3,5,Laptop & Accessory,4,Married,2,0,12,4,7,11,198.05,0
52137,0,Computer,1,9,Debit Card,Female,2,3,Laptop & Accessory,1,Married,2,1,15,0,3,12,120.77,0
52138,15,Computer,1,13,E Wallet,Male,3,1,Laptop & Accessory,2,Married,2,0,11,4,7,4,185.11,1
52139,2,Mobile Phone,2,13,Credit Card,Male,3,2,Mobile Phone,3,Divorced,4,1,13,1,5,8,145.66,0
52140,23,Computer,3,23,E Wallet,Female,3,5,Mobile Phone,2,Single,2,0,15,2,6,5,196.17,0
52141,20,Computer,2,10,COD,Female,1,3,Laptop & Accessory,4,Married,3,0,17,3,5,7,160.2,0
52142,9,Phone,1,11,E Wallet,Male,2,3,Fashion,1,Single,3,1,14,0,2,1,150.54,0
52143,14,Computer,1,19,Credit Card,Male,3,2,Laptop & Accessory,2,Single,2,0,14,4,7,14,182.74,0
52144,4,Mobile Phone,3,21,Credit Card,Female,2,5,Mobile Phone,3,Married,3,0,26,2,5,7,157.34,0
52145,7,Mobile Phone,3,16,Debit Card,Male,3,3,Mobile Phone,1,Single,5,1,25,2,4,13,124.48,1
52146,20,Computer,1,19,E Wallet,Female,3,3,Grocery,5,Single,4,1,26,2,5,4,214.89,0
52147,7,Mobile Phone,1,7,Debit Card,Male,4,3,Fashion,3,Married,3,0,18,2,3,2,130.03,0
52148,5,Mobile Phone,2,22,Debit Card,Male,2,4,Grocery,4,Married,4,0,15,1,2,3,152.68,0
52149,8,Mobile Phone,3,15,Debit Card,Male,3,2,Others,2,Married,1,0,15,0,3,4,153.04,0
52150,21,Mobile Phone,2,20,Debit Card,Male,2,5,Laptop & Accessory,5,Married,1,0,24,2,5,3,209.98,0
52151,4,Mobile Phone,2,17,E Wallet,Female,3,2,Laptop & Accessory,2,Married,2,0,24,4,8,2,122.88,0
52152,2,Mobile Phone,3,13,UPI,Female,2,2,Fashion,1,Single,2,1,20,1,2,4,114.57,1
52153,14,Mobile Phone,3,18,COD,Male,3,1,Fashion,3,Single,2,0,21,0,2,0,169.43,0
52154,20,Computer,1,12,E Wallet,Male,4,1,Fashion,1,Married,4,1,19,3,5,8,187.82,0
52155,1,Computer,3,38,Debit Card,Female,2,3,Mobile Phone,5,Married,3,0,22,3,6,8,134.62,0
52156,3,Mobile Phone,1,8,Debit Card,Male,4,2,Laptop & Accessory,3,Divorced,4,0,18,1,2,9,121.8,1
52157,1,Mobile Phone,3,22,Debit Card,Female,3,2,Fashion,3,Married,2,0,25,1,3,0,139.45,1
52158,5,Mobile Phone,2,17,Debit Card,Female,4,6,Mobile Phone,3,Divorced,1,0,24,0,4,8,117.26,1
52159,7,Mobile Phone,2,15,Credit Card,Female,5,5,Mobile Phone,2,Married,7,1,13,1,5,6,187.39,0
52160,16,Mobile Phone,2,11,COD,Female,2,2,Fashion,2,Divorced,4,1,24,3,5,7,188.5,1
52161,12,Mobile Phone,1,18,E Wallet,Female,3,2,Others,5,Married,3,1,12,2,6,3,160.54,0
52162,11,Computer,1,15,UPI,Female,2,2,Fashion,2,Married,1,0,21,2,5,8,169.47,0
52163,5,Mobile Phone,2,8,Credit Card,Female,2,4,Others,1,Single,1,0,19,3,5,6,145.48,1
52164,22,Mobile Phone,2,20,Credit Card,Male,3,1,Mobile Phone,3,Single,1,1,15,1,5,9,173.69,0
52165,7,Mobile Phone,1,18,COD,Male,2,3,Grocery,2,Single,3,0,23,2,3,4,142.25,1
52166,46,Computer,3,10,E Wallet,Male,3,2,Fashion,4,Single,2,1,25,0,1,6,251.24,0
52167,12,Computer,1,24,Credit Card,Female,3,4,Mobile Phone,3,Single,3,0,15,2,4,12,162.75,1
52168,1,Computer,2,23,Credit Card,Female,3,3,Mobile Phone,5,Single,1,0,20,0,4,10,126.61,0
52169,13,Computer,1,9,Debit Card,Female,3,3,Laptop & Accessory,3,Single,4,0,17,0,4,4,180.61,0
52170,4,Mobile Phone,2,18,UPI,Female,4,1,Laptop & Accessory,4,Single,1,0,17,3,4,8,127.78,1
52171,13,Mobile Phone,1,21,Debit Card,Male,4,4,Mobile Phone,4,Married,2,1,11,4,7,4,165.21,0
52172,0,Computer,2,8,Credit Card,Male,3,1,Others,5,Single,3,0,17,2,5,4,137.37,0
52173,2,Mobile Phone,1,7,E Wallet,Male,2,2,Grocery,3,Single,1,1,17,2,4,7,143.69,0
52174,23,Phone,1,14,E Wallet,Female,3,2,Laptop & Accessory,4,Divorced,8,1,25,4,7,16,181.62,0
52175,3,Computer,3,12,Debit Card,Female,2,3,Others,2,Single,1,0,17,5,8,12,164.43,0
52176,21,Computer,2,15,Debit Card,Female,2,3,Mobile Phone,3,Single,1,0,13,0,4,15,168.86,0
52177,3,Mobile Phone,1,30,E Wallet,Female,3,2,Laptop & Accessory,1,Married,4,0,22,1,3,4,123.37,0
52178,12,Computer,1,21,Credit Card,Male,1,3,Others,2,Single,2,1,20,2,6,6,146.43,1
52179,14,Mobile Phone,3,11,Debit Card,Female,3,3,Others,2,Married,7,0,11,2,5,6,160.77,0
52180,8,Mobile Phone,1,16,COD,Male,4,3,Grocery,5,Married,1,1,14,2,4,3,136.03,0
52181,4,Mobile Phone,3,16,E Wallet,Female,5,4,Fashion,3,Married,2,0,23,0,3,2,137.83,1
52182,2,Computer,2,23,Credit Card,Male,4,2,Laptop & Accessory,4,Divorced,3,0,17,1,3,8,129.62,0
52183,0,Mobile Phone,1,22,E Wallet,Female,1,3,Laptop & Accessory,3,Married,3,0,25,1,4,4,130.11,0
52184,4,Mobile Phone,3,15,Debit Card,Female,2,1,Others,2,Married,3,1,26,1,5,5,149.92,0
52185,12,Mobile Phone,3,20,COD,Female,2,3,Laptop & Accessory,5,Married,2,0,19,0,3,11,157.06,0
52186,33,Computer,1,25,COD,Female,3,3,Mobile Phone,3,Single,5,1,18,1,5,4,200.92,0
52187,24,Computer,2,20,E Wallet,Male,1,3,Fashion,3,Single,1,0,13,0,2,0,170.46,0
52188,17,Computer,2,11,E Wallet,Male,4,3,Grocery,3,Married,3,1,12,3,7,7,168.7,0
52189,18,Mobile Phone,3,11,E Wallet,Male,1,2,Mobile Phone,2,Divorced,3,0,19,2,3,6,150.71,0
52190,13,Mobile Phone,2,8,E Wallet,Female,2,3,Mobile Phone,4,Single,5,0,24,3,4,2,150.47,0
52191,3,Computer,1,11,Credit Card,Male,4,1,Mobile Phone,4,Married,2,0,17,1,2,16,133.1,0
52192,28,Mobile Phone,1,11,Credit Card,Female,4,3,Mobile Phone,3,Single,2,0,23,2,5,8,204.89,0
52193,13,Phone,1,6,Debit Card,Female,3,4,Fashion,5,Single,5,1,16,2,6,16,172.54,0
52194,9,Computer,1,9,Credit Card,Male,3,2,Laptop & Accessory,2,Married,2,0,25,2,6,5,173.72,0
52195,1,Mobile Phone,1,9,Credit Card,Male,3,3,Grocery,1,Married,1,0,12,0,3,8,124.26,1
52196,7,Mobile Phone,2,12,Debit Card,Male,3,2,Laptop & Accessory,2,Married,3,0,22,0,2,11,130.62,1
52197,7,Computer,1,16,E Wallet,Female,2,2,Laptop & Accessory,3,Married,4,0,15,2,4,12,163.23,0
52198,23,Mobile Phone,1,11,Credit Card,Female,3,3,Laptop & Accessory,4,Single,1,1,22,0,2,14,177.08,0
52199,9,Mobile Phone,2,29,Credit Card,Male,3,1,Laptop & Accessory,4,Divorced,4,0,23,3,5,4,181.68,0
52200,5,Computer,1,9,Debit Card,Male,3,5,Grocery,3,Married,2,0,17,2,5,13,134.93,0
52201,45,Mobile Phone,1,6,Credit Card,Female,2,4,Mobile Phone,4,Married,7,0,13,1,4,6,241.6,0
52202,1,Computer,1,14,E Wallet,Male,1,6,Laptop & Accessory,2,Married,1,1,20,0,2,15,129.64,1
52203,6,Mobile Phone,1,21,Credit Card,Female,3,6,Laptop & Accessory,5,Single,2,0,25,1,3,6,148.56,0
52204,0,Computer,3,12,Credit Card,Male,3,4,Fashion,1,Single,2,0,26,0,4,6,134.95,0
52205,16,Mobile Phone,2,13,E Wallet,Male,3,4,Mobile Phone,3,Married,5,0,11,1,3,3,199.05,0
52206,30,Mobile Phone,1,33,Credit Card,Male,4,3,Laptop & Accessory,4,Married,2,1,22,2,3,5,188.16,0
52207,3,Computer,1,22,Credit Card,Male,4,2,Mobile Phone,3,Single,2,0,22,2,4,3,139.18,0
52208,23,Computer,1,17,Debit Card,Male,2,4,Mobile Phone,4,Married,4,0,14,4,5,6,205.97,0
52209,4,Mobile Phone,2,15,Credit Card,Female,4,2,Mobile Phone,2,Single,7,0,13,1,5,2,149.26,1
52210,28,Mobile Phone,2,7,E Wallet,Male,3,3,Laptop & Accessory,2,Single,3,0,21,0,3,5,192.45,0
52211,16,Computer,2,26,Credit Card,Female,4,4,Mobile Phone,3,Married,7,0,17,3,4,3,160.09,0
52212,19,Mobile Phone,1,15,Debit Card,Male,4,3,Fashion,5,Single,4,0,16,1,3,24,163.81,0
52213,0,Phone,1,8,Debit Card,Female,2,3,Others,5,Single,1,0,21,2,5,11,132.98,0
52214,39,Phone,3,19,Debit Card,Male,2,2,Laptop & Accessory,1,Married,4,0,15,1,5,10,233.53,0
52215,15,Computer,3,22,Debit Card,Female,3,4,Fashion,5,Married,2,0,17,1,4,19,146.11,0
52216,4,Mobile Phone,3,13,Credit Card,Female,2,5,Laptop & Accessory,4,Married,2,0,17,2,6,10,124.58,0
52217,21,Mobile Phone,1,12,Debit Card,Female,2,3,Laptop & Accessory,3,Married,5,1,16,1,3,4,177.98,1
52218,3,Computer,3,14,E Wallet,Male,1,2,Mobile Phone,2,Divorced,2,1,16,3,5,7,144.45,1
52219,24,Mobile Phone,3,11,COD,Male,5,3,Fashion,2,Single,2,0,13,4,7,9,204.98,1
52220,1,Mobile Phone,3,9,Debit Card,Female,2,2,Mobile Phone,4,Married,9,0,18,0,2,2,158.06,0
52221,14,Mobile Phone,1,14,UPI,Female,4,3,Grocery,3,Single,1,1,24,3,4,7,178.19,0
52222,9,Mobile Phone,3,22,E Wallet,Female,5,2,Fashion,1,Divorced,3,0,24,3,4,14,146.95,0
52223,1,Mobile Phone,1,31,UPI,Female,5,3,Laptop & Accessory,5,Divorced,2,0,20,2,3,1,116.03,0
52224,3,Mobile Phone,2,15,Debit Card,Male,3,4,Fashion,4,Divorced,2,0,20,1,5,5,153.18,0
52225,0,Computer,1,29,COD,Male,3,4,Mobile Phone,4,Divorced,1,0,18,1,4,5,124.35,0
52226,7,Mobile Phone,3,9,COD,Female,2,6,Fashion,3,Married,3,0,18,3,6,8,141.59,1
52227,4,Mobile Phone,3,21,COD,Female,4,2,Laptop & Accessory,4,Divorced,3,0,16,1,4,4,148.97,0
52228,10,Mobile Phone,1,13,E Wallet,Female,2,5,Laptop & Accessory,1,Single,4,0,23,2,5,4,172.03,1
52229,4,Computer,2,37,Debit Card,Male,2,4,Fashion,3,Single,4,1,17,1,5,9,127.78,1
52230,4,Mobile Phone,1,11,Debit Card,Male,2,4,Fashion,5,Single,2,1,22,2,6,7,163.51,0
52231,16,Computer,2,16,COD,Male,2,3,Fashion,5,Married,3,1,13,4,8,1,180.52,0
52232,0,Phone,1,8,Debit Card,Male,3,3,Laptop & Accessory,5,Single,1,0,26,2,3,1,111.03,0
52233,27,Mobile Phone,1,12,Credit Card,Female,2,3,Laptop & Accessory,5,Divorced,2,0,17,0,4,7,203.48,0
52234,22,Mobile Phone,3,23,Debit Card,Male,2,5,Others,1,Single,1,0,13,2,4,6,203.27,0
52235,13,Mobile Phone,1,21,E Wallet,Female,1,2,Mobile Phone,1,Divorced,1,1,26,3,6,7,171.6,1
52236,10,Phone,2,17,Credit Card,Male,4,2,Mobile Phone,5,Single,1,0,13,1,5,4,147.98,0
52237,26,Computer,3,21,COD,Female,3,1,Grocery,1,Single,1,1,14,2,4,6,174.66,0
52238,2,Computer,3,14,UPI,Female,3,4,Laptop & Accessory,5,Married,2,1,12,3,5,9,125.1,1
52239,0,Mobile Phone,3,30,Credit Card,Male,3,4,Fashion,5,Single,2,0,22,3,5,18,132.74,0
52240,3,Phone,1,7,E Wallet,Female,2,2,Laptop & Accessory,3,Married,1,0,20,1,3,2,163.2,0
52241,18,Mobile Phone,3,16,Credit Card,Female,2,1,Laptop & Accessory,5,Divorced,3,0,17,5,6,4,180.91,0
52242,0,Mobile Phone,1,8,Debit Card,Female,4,2,Fashion,4,Single,1,1,22,0,1,6,137.55,0
52243,10,Computer,3,10,UPI,Male,2,4,Laptop & Accessory,2,Married,2,0,15,0,3,14,160.94,0
52244,61,Phone,3,12,Credit Card,Male,4,1,Fashion,4,Divorced,1,0,18,2,4,1,304.48,0
52245,23,Mobile Phone,3,13,Credit Card,Female,1,2,Mobile Phone,3,Single,1,0,26,0,2,4,221.88,0
52246,8,Mobile Phone,1,14,Debit Card,Female,2,1,Mobile Phone,2,Married,3,0,14,0,4,8,166.98,0
52247,0,Mobile Phone,2,14,E Wallet,Male,4,5,Grocery,5,Single,4,0,26,0,4,9,136.71,1
52248,21,Mobile Phone,3,11,Credit Card,Male,3,2,Fashion,4,Divorced,2,1,24,2,3,3,200.85,0
52249,10,Mobile Phone,3,15,Debit Card,Male,3,5,Mobile Phone,2,Married,4,0,16,5,9,2,188.06,0
52250,1,Phone,1,9,UPI,Male,2,3,Mobile Phone,5,Single,3,0,11,2,5,7,142.04,0
52251,1,Computer,3,22,Debit Card,Female,3,3,Laptop & Accessory,4,Married,4,0,22,2,3,8,131.63,0
52252,28,Computer,1,20,Credit Card,Female,4,3,Laptop & Accessory,1,Single,2,0,13,1,2,5,204.82,0
52253,13,Computer,2,30,E Wallet,Male,4,3,Mobile Phone,1,Married,3,0,26,0,4,5,175.03,1
52254,21,Mobile Phone,2,18,UPI,Male,3,2,Laptop & Accessory,2,Single,2,0,12,0,3,4,159.02,0
52255,25,Computer,1,19,UPI,Male,4,4,Mobile Phone,5,Single,5,1,25,1,2,8,202.12,0
52256,10,Computer,1,19,UPI,Male,3,3,Mobile Phone,4,Single,3,1,14,2,5,11,161.83,0
52257,8,Mobile Phone,3,10,Debit Card,Male,4,6,Laptop & Accessory,5,Single,1,0,20,0,3,14,188.81,0
52258,6,Computer,1,16,COD,Female,2,3,Laptop & Accessory,4,Married,2,0,19,1,5,6,148.19,0
52259,4,Mobile Phone,1,12,Debit Card,Female,2,4,Fashion,3,Married,1,1,24,2,4,6,124.13,1
52260,6,Computer,3,17,Debit Card,Female,4,4,Laptop & Accessory,1,Married,9,1,26,3,5,13,145.64,1
52261,17,Phone,3,18,Debit Card,Female,3,3,Mobile Phone,4,Married,5,0,19,0,4,14,189.98,0
52262,11,Mobile Phone,2,21,COD,Female,3,4,Fashion,3,Married,2,0,11,0,2,14,144.15,1
52263,26,Computer,1,19,Credit Card,Male,2,2,Others,2,Married,2,0,22,2,4,13,171.3,0
52264,7,Mobile Phone,1,19,Credit Card,Female,2,2,Laptop & Accessory,5,Married,2,0,21,3,5,3,114.55,0
52265,11,Computer,3,13,Debit Card,Female,2,3,Fashion,4,Divorced,4,1,19,1,5,1,175.91,0
52266,11,Mobile Phone,2,45,Debit Card,Female,1,4,Mobile Phone,4,Single,2,1,13,2,4,15,146.53,0
52267,10,Mobile Phone,2,18,E Wallet,Male,2,3,Laptop & Accessory,4,Married,2,1,17,2,5,3,164.76,1
52268,14,Mobile Phone,3,15,Debit Card,Male,5,3,Laptop & Accessory,1,Married,2,1,16,2,5,7,170.46,1
52269,3,Computer,2,25,Credit Card,Male,2,2,Fashion,2,Single,4,0,24,0,1,3,146.62,0
52270,8,Mobile Phone,1,13,E Wallet,Female,2,3,Grocery,4,Divorced,1,0,18,1,4,1,158.28,0
52271,1,Phone,3,8,E Wallet,Male,3,3,Laptop & Accessory,3,Married,2,0,17,3,6,5,162.93,1
52272,5,Mobile Phone,2,11,UPI,Male,3,2,Laptop & Accessory,1,Single,2,0,25,3,5,5,138.95,0
52273,8,Phone,2,9,Debit Card,Male,3,3,Mobile Phone,3,Single,3,0,21,3,7,2,156.58,0
52274,12,Computer,3,17,Debit Card,Female,3,2,Others,2,Divorced,1,1,25,1,4,3,146.86,1
52275,36,Mobile Phone,3,22,E Wallet,Female,2,1,Fashion,4,Married,1,0,14,2,3,9,207.91,0
52276,11,Mobile Phone,2,9,UPI,Male,3,2,Mobile Phone,1,Single,4,0,11,0,2,3,147.39,0
52277,16,Computer,1,19,Credit Card,Male,2,2,Laptop & Accessory,3,Single,3,1,11,1,2,2,189.58,0
52278,8,Computer,3,19,UPI,Male,2,4,Laptop & Accessory,1,Married,1,0,17,0,1,8,134.93,1
52279,12,Computer,2,29,Credit Card,Female,5,3,Laptop & Accessory,4,Divorced,2,0,20,1,4,19,170.07,0
52280,0,Mobile Phone,2,24,Debit Card,Female,3,1,Others,1,Single,3,0,22,1,2,4,157.84,0
52281,3,Mobile Phone,2,11,Credit Card,Female,4,4,Others,1,Single,2,1,16,2,3,10,119.27,0
52282,5,Phone,2,13,Debit Card,Female,1,2,Laptop & Accessory,3,Married,1,0,21,1,5,10,124.78,0
52283,7,Mobile Phone,3,13,Credit Card,Male,2,3,Laptop & Accessory,1,Single,1,1,16,1,2,3,151.99,1
52284,0,Mobile Phone,2,27,Debit Card,Male,3,3,Laptop & Accessory,5,Divorced,2,1,19,2,6,5,139.03,1
52285,1,Mobile Phone,3,30,Debit Card,Female,2,5,Mobile Phone,2,Married,1,0,14,2,6,6,143.43,0
52286,3,Computer,3,19,UPI,Female,4,2,Others,1,Married,4,1,12,0,2,12,139.31,1
52287,42,Computer,3,8,Debit Card,Female,2,2,Grocery,5,Single,4,0,12,0,2,33,221.24,0
52288,4,Mobile Phone,3,14,Debit Card,Male,3,2,Fashion,1,Married,5,0,21,0,2,0,150.08,0
52289,7,Mobile Phone,3,36,COD,Female,3,3,Others,5,Married,1,0,25,3,4,19,155.19,0
52290,2,Mobile Phone,1,16,Credit Card,Female,4,2,Fashion,4,Married,3,1,21,1,2,2,158.01,0
52291,11,Mobile Phone,1,5,Credit Card,Male,2,2,Laptop & Accessory,1,Single,4,0,19,4,6,2,142.76,0
52292,3,Mobile Phone,3,15,UPI,Male,2,3,Grocery,1,Single,3,1,17,2,3,1,151.35,0
52293,2,Phone,2,25,Credit Card,Male,4,2,Mobile Phone,4,Married,2,0,19,1,2,0,141.85,1
52294,8,Mobile Phone,1,8,Debit Card,Female,2,5,Mobile Phone,4,Single,2,1,12,2,5,4,139.01,1
52295,0,Mobile Phone,1,8,Credit Card,Female,3,3,Grocery,3,Married,1,0,19,2,6,14,122.6,1
52296,0,Computer,1,27,E Wallet,Female,2,3,Mobile Phone,5,Divorced,8,1,16,0,4,3,157.17,1
52297,2,Mobile Phone,3,20,UPI,Female,4,3,Mobile Phone,2,Married,1,0,14,3,5,11,136.02,0
52298,0,Computer,3,20,Debit Card,Female,4,2,Others,3,Single,4,0,21,1,2,11,103.36,1
52299,1,Mobile Phone,1,7,Debit Card,Female,4,3,Laptop & Accessory,3,Married,5,0,12,1,3,5,146.4,1
52300,4,Mobile Phone,3,11,Credit Card,Male,3,3,Fashion,2,Single,6,0,19,2,4,8,130.54,1
52301,19,Phone,1,19,Credit Card,Male,1,1,Fashion,3,Divorced,6,0,26,2,4,36,160.6,0
52302,10,Computer,3,9,Debit Card,Male,2,4,Laptop & Accessory,2,Single,4,0,18,0,4,35,149.56,0
52303,8,Mobile Phone,2,18,UPI,Male,3,4,Laptop & Accessory,2,Divorced,1,0,16,1,3,1,155.38,0
52304,4,Computer,3,9,COD,Female,1,3,Laptop & Accessory,3,Single,3,0,17,2,5,5,139.79,1
52305,32,Phone,1,8,E Wallet,Female,1,2,Grocery,3,Divorced,2,0,22,4,8,11,211.38,0
52306,6,Mobile Phone,1,18,COD,Male,2,3,Fashion,4,Single,4,0,17,0,4,2,158.51,0
52307,1,Mobile Phone,3,16,Debit Card,Male,2,2,Laptop & Accessory,4,Married,3,0,19,1,3,3,139.75,0
52308,11,Phone,1,14,UPI,Male,3,1,Others,2,Married,5,0,23,3,7,2,178.7,0
52309,1,Mobile Phone,3,15,E Wallet,Male,1,3,Laptop & Accessory,4,Married,2,0,21,2,5,2,116.46,1
52310,5,Computer,2,15,Debit Card,Male,5,1,Fashion,1,Divorced,4,1,12,1,4,5,153.3,0
52311,8,Computer,2,7,Credit Card,Male,2,1,Mobile Phone,2,Divorced,7,0,12,1,5,3,150.88,0
52312,24,Computer,2,22,Credit Card,Female,2,1,Laptop & Accessory,3,Married,4,1,20,1,3,13,217.48,0
52313,8,Mobile Phone,1,26,E Wallet,Female,2,4,Fashion,3,Divorced,4,0,25,4,6,1,179.18,0
52314,14,Mobile Phone,2,32,UPI,Female,3,2,Mobile Phone,3,Married,4,1,12,1,5,4,158.15,0
52315,59,Computer,3,17,E Wallet,Male,1,2,Mobile Phone,3,Married,5,0,14,3,7,1,253.36,0
52316,1,Mobile Phone,1,8,E Wallet,Female,1,3,Laptop & Accessory,2,Divorced,2,0,23,3,6,8,136.29,0
52317,3,Mobile Phone,3,21,Debit Card,Female,1,3,Grocery,4,Married,10,0,13,1,3,2,151.24,0
52318,6,Mobile Phone,2,16,E Wallet,Male,3,2,Laptop & Accessory,5,Divorced,4,0,21,4,5,1,158.22,0
52319,6,Mobile Phone,2,16,E Wallet,Female,2,5,Laptop & Accessory,3,Married,4,0,25,3,4,0,148.49,1
52320,6,Phone,1,10,Debit Card,Female,3,2,Mobile Phone,4,Married,1,1,11,1,3,7,126.38,0
52321,28,Mobile Phone,2,18,COD,Female,4,5,Laptop & Accessory,4,Married,2,1,24,0,4,1,196.21,0
52322,15,Phone,3,22,Credit Card,Male,2,2,Laptop & Accessory,4,Married,2,0,19,1,4,10,189.13,1
52323,11,Mobile Phone,1,16,E Wallet,Male,1,1,Mobile Phone,3,Single,1,0,20,2,3,4,174.45,1
52324,4,Computer,2,12,Credit Card,Male,3,5,Others,4,Divorced,6,1,11,2,4,8,134.52,1
52325,20,Mobile Phone,2,13,COD,Male,2,3,Grocery,5,Married,3,1,11,1,4,11,184.2,0
52326,37,Computer,2,17,Debit Card,Male,2,4,Laptop & Accessory,2,Married,5,0,12,3,7,10,200.67,0
52327,20,Computer,2,12,Credit Card,Female,3,4,Fashion,4,Single,3,0,16,1,4,6,214.56,0
52328,0,Mobile Phone,2,9,Debit Card,Female,3,2,Fashion,5,Married,6,0,20,1,2,12,131.48,0
52329,12,Phone,1,21,Debit Card,Female,2,4,Laptop & Accessory,4,Married,6,0,16,2,5,13,170.38,0
52330,0,Mobile Phone,3,15,Debit Card,Female,4,1,Laptop & Accessory,2,Single,4,0,11,2,6,12,154.49,1
52331,3,Computer,3,16,Credit Card,Female,2,3,Grocery,1,Divorced,3,0,21,1,4,10,108.47,1
52332,0,Phone,1,11,UPI,Male,4,2,Laptop & Accessory,3,Married,2,0,13,3,4,9,138.06,1
52333,11,Computer,2,9,Credit Card,Female,3,3,Mobile Phone,1,Divorced,6,0,19,5,8,8,201.99,0
52334,13,Phone,3,10,Credit Card,Male,3,4,Laptop & Accessory,3,Married,4,0,25,0,3,10,143.08,0
52335,1,Mobile Phone,3,12,COD,Male,4,3,Laptop & Accessory,2,Single,2,1,14,1,2,2,144.09,1
52336,5,Mobile Phone,3,9,E Wallet,Female,3,3,Mobile Phone,3,Married,4,0,24,2,5,9,150.77,1
52337,7,Mobile Phone,3,12,Debit Card,Male,4,1,Mobile Phone,2,Married,3,0,24,1,2,13,157.59,1
52338,5,Mobile Phone,1,14,Debit Card,Male,2,1,Fashion,4,Single,1,1,15,5,6,21,152.13,1
52339,1,Computer,3,23,Debit Card,Male,2,4,Grocery,3,Single,6,0,26,3,6,11,164.83,0
52340,6,Mobile Phone,3,20,Debit Card,Female,4,5,Laptop & Accessory,1,Single,1,0,13,3,4,4,133.84,0
52341,16,Computer,1,19,Credit Card,Male,2,4,Laptop & Accessory,3,Single,5,0,19,2,4,9,180.04,0
52342,0,Mobile Phone,1,9,E Wallet,Female,3,2,Others,4,Married,3,1,16,3,7,1,130.59,1
52343,1,Mobile Phone,2,19,Debit Card,Female,1,2,Mobile Phone,3,Married,5,0,20,4,8,17,167.65,0
52344,5,Computer,2,23,Credit Card,Female,3,3,Others,3,Divorced,3,1,23,4,8,7,154.02,0
52345,34,Mobile Phone,1,12,Credit Card,Female,4,3,Mobile Phone,3,Married,1,0,21,0,2,1,205.98,0
52346,13,Computer,1,9,Credit Card,Male,3,3,Mobile Phone,2,Married,3,0,22,1,3,16,159.48,0
52347,13,Mobile Phone,1,18,UPI,Male,3,4,Fashion,3,Married,5,1,15,2,6,5,188.71,1
52348,5,Computer,2,20,COD,Female,3,2,Laptop & Accessory,4,Single,2,0,19,1,2,13,147.33,0
52349,10,Mobile Phone,1,15,E Wallet,Male,3,2,Mobile Phone,2,Single,1,1,14,1,4,13,185.51,1
52350,0,Mobile Phone,3,21,Credit Card,Female,2,5,Mobile Phone,4,Married,2,0,14,1,2,12,111.82,0
52351,12,Computer,1,15,E Wallet,Female,1,4,Laptop & Accessory,5,Single,5,1,23,4,7,13,168.62,0
52352,29,Computer,3,10,E Wallet,Female,3,4,Mobile Phone,5,Married,4,0,13,3,7,9,220.8,0
52353,11,Mobile Phone,3,15,Credit Card,Male,3,2,Mobile Phone,2,Married,10,0,16,5,8,8,167.68,0
52354,24,Mobile Phone,3,16,E Wallet,Male,3,3,Laptop & Accessory,2,Divorced,5,1,18,2,3,9,186.4,1
52355,15,Mobile Phone,3,15,Credit Card,Female,3,4,Laptop & Accessory,5,Single,1,0,25,1,4,13,176.36,0
52356,1,Mobile Phone,1,8,COD,Female,2,3,Fashion,4,Single,4,1,20,2,6,2,143.07,0
52357,27,Computer,2,29,Debit Card,Female,3,4,Laptop & Accessory,1,Single,4,0,19,2,4,5,216.43,0
52358,0,Computer,1,36,Credit Card,Male,2,3,Mobile Phone,3,Divorced,1,1,18,2,4,9,151.71,0
52359,9,Mobile Phone,3,13,Credit Card,Male,3,6,Laptop & Accessory,4,Married,4,0,20,4,6,4,186.28,0
52360,1,Mobile Phone,1,14,E Wallet,Male,2,3,Laptop & Accessory,2,Divorced,2,0,19,4,8,2,144.63,1
52361,0,Computer,2,15,Debit Card,Female,2,1,Laptop & Accessory,5,Single,3,1,24,2,5,10,126.97,1
52362,6,Mobile Phone,3,14,Credit Card,Male,3,2,Laptop & Accessory,5,Single,2,1,22,2,3,2,154.19,0
52363,4,Computer,3,10,E Wallet,Male,3,5,Fashion,3,Married,3,0,22,3,5,1,153.12,0
52364,7,Mobile Phone,3,21,E Wallet,Male,1,3,Others,4,Single,2,0,11,4,8,1,157.26,0
52365,10,Computer,2,21,Credit Card,Male,4,2,Mobile Phone,1,Divorced,4,0,25,0,4,2,137.62,1
52366,0,Mobile Phone,2,14,Credit Card,Male,2,2,Grocery,2,Married,5,0,22,1,5,5,148.85,0
52367,1,Computer,2,14,E Wallet,Female,3,1,Laptop & Accessory,4,Married,1,0,17,3,7,1,172.65,0
52368,9,Mobile Phone,1,14,E Wallet,Male,2,2,Mobile Phone,3,Married,2,0,26,1,3,4,155.08,0
52369,5,Mobile Phone,3,21,UPI,Male,3,6,Laptop & Accessory,2,Single,1,1,15,1,4,1,161.75,1
52370,15,Computer,2,15,E Wallet,Female,3,2,Others,2,Married,1,0,15,1,2,15,172.25,0
52371,12,Mobile Phone,1,13,Debit Card,Male,2,2,Laptop & Accessory,3,Married,9,0,24,5,9,4,169.61,0
52372,22,Mobile Phone,3,9,E Wallet,Male,4,3,Mobile Phone,1,Married,4,1,20,1,5,5,200.94,0
52373,14,Mobile Phone,2,22,Debit Card,Male,4,3,Laptop & Accessory,1,Single,3,1,13,1,5,2,167.19,0
52374,6,Mobile Phone,3,11,Credit Card,Male,3,5,Laptop & Accessory,2,Divorced,2,0,13,4,6,10,160.25,1
52375,13,Phone,3,9,Credit Card,Male,2,4,Fashion,5,Single,5,0,12,0,4,3,153.54,0
52376,3,Computer,3,19,UPI,Male,4,2,Laptop & Accessory,5,Married,3,0,25,1,4,15,140.59,1
52377,4,Mobile Phone,1,15,Debit Card,Male,1,6,Laptop & Accessory,2,Single,4,0,12,1,5,16,160.74,0
52378,18,Computer,1,37,E Wallet,Female,2,4,Others,3,Married,6,0,15,2,6,10,199.09,0
52379,7,Mobile Phone,3,9,Debit Card,Female,3,2,Laptop & Accessory,3,Single,5,1,25,2,4,2,163.81,1
52380,19,Phone,3,12,COD,Male,2,2,Grocery,1,Single,1,0,19,1,3,2,138.52,0
52381,20,Mobile Phone,2,19,Credit Card,Female,3,5,Others,2,Single,3,0,15,0,4,7,159.07,0
52382,23,Computer,2,15,E Wallet,Male,3,2,Fashion,1,Divorced,3,1,26,0,1,5,184.24,1
52383,29,Mobile Phone,1,16,E Wallet,Female,3,2,Laptop & Accessory,5,Married,3,0,18,2,5,14,210.84,0
52384,6,Mobile Phone,3,16,Credit Card,Male,1,3,Laptop & Accessory,3,Single,2,1,13,1,4,7,142.51,0
52385,4,Mobile Phone,1,7,COD,Male,3,3,Laptop & Accessory,1,Married,6,0,21,0,3,5,120.28,1
52386,10,Mobile Phone,1,16,E Wallet,Male,2,3,Fashion,4,Divorced,5,0,20,0,2,19,142.06,0
52387,5,Computer,2,20,Credit Card,Male,3,2,Laptop & Accessory,3,Married,5,1,26,1,4,23,158.96,1
52388,11,Mobile Phone,1,10,Credit Card,Male,4,2,Laptop & Accessory,2,Married,6,1,26,1,4,11,153.39,0
52389,14,Phone,3,11,UPI,Female,3,2,Mobile Phone,3,Divorced,4,0,15,1,4,7,150.74,0
52390,13,Mobile Phone,1,12,Debit Card,Female,3,3,Fashion,3,Married,2,0,26,0,3,13,160.97,0
52391,5,Computer,1,9,Credit Card,Female,1,2,Mobile Phone,3,Married,3,0,12,1,2,3,122.51,0
52392,2,Phone,2,10,UPI,Male,1,2,Mobile Phone,5,Married,5,0,15,1,4,1,130.65,0
52393,6,Computer,2,15,Debit Card,Male,2,1,Mobile Phone,1,Single,6,0,18,1,4,19,153.25,1
52394,1,Computer,1,25,E Wallet,Female,2,3,Laptop & Accessory,1,Single,4,0,17,1,2,3,127.52,0
52395,26,Computer,2,12,Credit Card,Male,2,3,Others,5,Married,3,0,22,2,4,7,182.99,0
52396,5,Mobile Phone,2,30,Debit Card,Female,3,5,Grocery,2,Married,5,0,15,1,5,11,122.94,0
52397,2,Computer,3,12,E Wallet,Female,2,2,Mobile Phone,1,Married,4,0,14,1,3,0,129.47,0
52398,0,Mobile Phone,1,21,UPI,Female,4,5,Laptop & Accessory,3,Married,6,0,25,1,5,2,161.72,1
52399,12,Mobile Phone,3,11,Credit Card,Female,3,3,Grocery,2,Married,5,0,25,0,1,15,146.13,0
52400,12,Mobile Phone,2,17,Debit Card,Female,2,4,Fashion,3,Single,2,0,16,2,4,6,156.54,0
52401,4,Computer,1,28,Credit Card,Male,4,4,Laptop & Accessory,4,Single,1,0,23,4,6,11,149.65,0
52402,0,Mobile Phone,1,19,COD,Male,4,5,Fashion,4,Divorced,4,0,17,0,1,10,126.43,1
52403,6,Mobile Phone,2,14,Debit Card,Male,4,2,Mobile Phone,2,Single,6,1,11,3,7,7,158.49,0
52404,4,Mobile Phone,1,14,Debit Card,Male,3,2,Laptop & Accessory,4,Married,6,0,13,1,2,11,142.27,0
52405,13,Phone,1,18,COD,Female,3,3,Fashion,5,Married,6,0,12,1,2,6,164.41,0
52406,11,Mobile Phone,1,20,UPI,Male,2,3,Mobile Phone,1,Single,5,0,25,0,2,4,152.6,1
52407,5,Mobile Phone,2,21,E Wallet,Male,3,3,Others,3,Single,2,0,11,2,3,13,130.69,1
52408,2,Mobile Phone,2,15,Debit Card,Male,3,3,Laptop & Accessory,3,Single,6,0,17,1,3,10,153.05,0
52409,53,Phone,1,17,Debit Card,Female,2,2,Others,3,Single,3,0,21,2,6,4,255.08,0
52410,7,Phone,2,11,Debit Card,Male,4,3,Laptop & Accessory,2,Married,5,0,22,3,6,3,133.6,0
52411,13,Computer,3,18,E Wallet,Female,4,2,Laptop & Accessory,1,Married,2,0,12,4,5,1,168.68,1
52412,1,Computer,1,11,Credit Card,Male,1,4,Fashion,5,Married,3,1,13,2,4,5,150.49,1
52413,7,Mobile Phone,3,16,Debit Card,Female,1,5,Fashion,1,Married,1,1,20,4,6,10,169.47,1
52414,0,Phone,2,13,Debit Card,Female,2,4,Laptop & Accessory,3,Divorced,1,0,11,3,6,5,146.96,1
52415,8,Mobile Phone,3,27,UPI,Male,4,3,Grocery,2,Divorced,5,1,16,3,5,2,183.49,0
52416,39,Mobile Phone,1,15,E Wallet,Male,2,1,Grocery,1,Single,7,0,17,0,1,11,199.5,0
52417,5,Mobile Phone,3,28,E Wallet,Male,2,2,Laptop & Accessory,3,Married,3,1,26,2,6,8,157.03,1
52418,0,Computer,2,15,Debit Card,Female,1,3,Mobile Phone,2,Single,3,0,21,1,4,7,118.63,0
52419,0,Computer,2,30,UPI,Female,3,5,Fashion,3,Married,7,0,12,2,4,7,130.37,0
52420,5,Mobile Phone,2,19,Credit Card,Male,3,2,Grocery,3,Married,5,0,14,0,2,6,129.85,0
52421,2,Phone,1,8,Credit Card,Female,3,4,Fashion,3,Married,1,0,22,2,4,10,144.46,1
52422,0,Mobile Phone,3,13,COD,Male,3,2,Laptop & Accessory,1,Married,1,1,23,1,4,10,133.18,0
52423,16,Mobile Phone,2,11,Debit Card,Male,4,3,Fashion,2,Single,7,0,15,3,6,5,196.54,0
52424,7,Mobile Phone,1,9,Credit Card,Female,3,4,Fashion,2,Married,3,0,25,1,4,6,164.87,0
52425,4,Computer,1,11,E Wallet,Male,4,3,Mobile Phone,1,Single,3,0,20,2,6,3,180.07,0
52426,27,Computer,1,12,Debit Card,Female,5,4,Others,4,Single,3,0,25,1,5,2,214.56,0
52427,1,Mobile Phone,2,8,Credit Card,Male,2,4,Fashion,1,Married,4,0,25,3,7,9,131.64,1
52428,37,Computer,2,14,COD,Female,2,3,Grocery,2,Divorced,5,1,14,0,1,3,239.9,0
52429,4,Mobile Phone,2,18,Debit Card,Female,3,4,Fashion,3,Married,10,1,21,0,4,8,124.25,1
52430,26,Computer,1,38,Credit Card,Female,2,2,Laptop & Accessory,5,Married,2,1,24,2,4,8,222.03,0
52431,11,Phone,2,25,E Wallet,Male,3,3,Laptop & Accessory,1,Married,3,0,21,2,3,8,185.1,0
52432,21,Mobile Phone,2,14,Credit Card,Male,3,3,Fashion,3,Divorced,5,0,19,5,6,2,210.69,0
52433,49,Computer,1,15,Credit Card,Male,1,2,Mobile Phone,2,Divorced,2,1,15,2,5,4,268.93,0
52434,4,Computer,1,19,Debit Card,Male,3,3,Others,3,Married,2,0,14,1,5,0,141.68,0
52435,38,Mobile Phone,1,14,Debit Card,Male,2,2,Fashion,3,Divorced,7,0,19,0,3,12,251.22,0
52436,5,Phone,3,15,UPI,Male,2,2,Others,3,Single,4,1,20,1,3,10,139.31,0
52437,5,Mobile Phone,3,11,UPI,Female,3,3,Laptop & Accessory,1,Single,3,0,23,3,6,7,136.4,0
52438,4,Mobile Phone,3,15,Credit Card,Male,2,2,Grocery,4,Married,4,0,22,3,4,3,149.36,0
52439,9,Mobile Phone,1,16,Credit Card,Male,3,4,Mobile Phone,1,Married,2,0,22,1,2,3,152.28,1
52440,2,Mobile Phone,3,9,Credit Card,Male,3,3,Laptop & Accessory,3,Single,3,0,18,3,7,8,115.24,0
52441,9,Computer,2,19,Credit Card,Female,2,3,Mobile Phone,4,Single,4,0,20,4,7,2,158.12,0
52442,9,Computer,2,19,E Wallet,Male,2,6,Others,1,Single,4,0,22,1,3,4,137.5,1
52443,17,Phone,1,20,Debit Card,Female,3,2,Others,4,Divorced,1,0,19,2,4,3,180.18,0
52444,21,Mobile Phone,3,11,UPI,Male,3,2,Laptop & Accessory,2,Married,10,0,15,2,3,14,158.36,0
52445,6,Mobile Phone,3,28,Credit Card,Male,3,4,Mobile Phone,2,Married,4,0,19,2,5,12,146.23,0
52446,4,Mobile Phone,1,13,UPI,Male,4,5,Grocery,1,Single,4,0,25,2,5,6,139.56,1
52447,3,Mobile Phone,1,9,Credit Card,Female,2,2,Laptop & Accessory,3,Married,3,0,24,1,3,2,113.69,1
52448,2,Phone,2,27,E Wallet,Male,1,4,Others,5,Single,2,1,13,2,4,6,153.7,1
52449,0,Computer,3,10,UPI,Male,3,3,Mobile Phone,4,Single,3,1,14,1,4,3,132.81,0
52450,5,Mobile Phone,3,17,Credit Card,Male,4,1,Laptop & Accessory,3,Married,2,0,18,2,4,6,164.31,0
52451,3,Computer,1,12,E Wallet,Male,3,3,Mobile Phone,4,Married,1,0,25,3,7,8,146.95,0
52452,40,Computer,2,8,E Wallet,Female,2,4,Grocery,4,Married,6,1,14,2,3,1,246.85,0
52453,9,Mobile Phone,1,10,Credit Card,Female,3,3,Others,3,Married,3,1,26,1,3,5,170.24,1
52454,5,Computer,3,26,Credit Card,Female,3,3,Laptop & Accessory,2,Married,1,0,14,3,5,10,148.99,1
52455,10,Mobile Phone,3,15,Credit Card,Male,3,2,Fashion,5,Single,2,0,20,7,11,5,180.58,0
52456,1,Mobile Phone,2,12,Credit Card,Female,4,4,Others,2,Married,2,1,26,0,4,10,141.95,1
52457,7,Mobile Phone,1,13,Credit Card,Male,2,2,Grocery,2,Single,1,0,21,2,6,10,139.65,1
52458,11,Mobile Phone,3,10,Debit Card,Male,3,1,Mobile Phone,3,Divorced,1,1,21,2,6,12,153.45,0
52459,8,Mobile Phone,2,11,COD,Female,3,5,Grocery,1,Married,1,0,11,3,5,11,151.76,0
52460,6,Mobile Phone,3,21,E Wallet,Female,4,4,Laptop & Accessory,2,Married,1,0,14,2,4,1,149.06,0
52461,61,Mobile Phone,2,16,Credit Card,Female,4,3,Fashion,4,Single,1,0,12,3,6,20,313.39,0
52462,25,Computer,3,15,Debit Card,Male,3,2,Fashion,3,Married,6,1,11,1,2,9,179.05,0
52463,11,Phone,3,14,E Wallet,Female,3,3,Fashion,3,Married,4,1,22,3,5,2,156.41,1
52464,10,Computer,1,8,Debit Card,Female,3,5,Laptop & Accessory,3,Divorced,5,0,16,1,3,8,164.15,1
52465,11,Mobile Phone,3,14,E Wallet,Male,3,3,Fashion,3,Single,1,1,21,5,8,1,183.28,0
52466,2,Mobile Phone,1,21,Debit Card,Male,1,2,Fashion,2,Married,4,0,16,2,3,13,141.52,0
52467,6,Mobile Phone,3,12,E Wallet,Female,2,5,Laptop & Accessory,5,Married,6,0,14,2,4,11,122.31,1
52468,0,Mobile Phone,3,14,Credit Card,Female,4,4,Mobile Phone,4,Married,7,1,14,0,4,2,122.19,1
52469,7,Computer,1,6,E Wallet,Male,2,3,Laptop & Accessory,4,Married,1,1,16,3,7,4,158.52,0
52470,9,Computer,2,25,Debit Card,Female,2,4,Others,4,Married,2,1,13,2,3,10,143.15,0
52471,3,Computer,2,28,Debit Card,Female,4,1,Others,4,Single,2,1,14,0,1,6,138.17,1
52472,39,Computer,3,28,Debit Card,Female,2,3,Laptop & Accessory,1,Single,1,0,26,2,5,6,227.66,0
52473,28,Mobile Phone,3,8,Credit Card,Female,2,2,Grocery,2,Married,1,1,13,3,4,5,191.33,0
52474,15,Mobile Phone,2,22,Debit Card,Female,4,4,Grocery,3,Married,2,0,11,1,4,5,172.3,0
52475,9,Computer,3,6,Debit Card,Male,2,5,Others,4,Married,4,1,23,1,3,17,141.9,1
52476,24,Mobile Phone,1,22,Credit Card,Male,3,5,Laptop & Accessory,4,Married,4,1,13,2,5,9,179.62,1
52477,1,Mobile Phone,1,15,E Wallet,Male,3,3,Fashion,3,Single,3,0,11,1,2,7,110.97,0
52478,18,Mobile Phone,2,13,Credit Card,Male,4,3,Laptop & Accessory,3,Married,4,1,12,2,6,0,181.2,0
52479,1,Mobile Phone,2,22,COD,Male,1,5,Fashion,5,Single,4,1,19,2,4,1,135.77,0
52480,18,Mobile Phone,1,16,Credit Card,Female,2,4,Grocery,3,Married,4,1,21,0,4,7,177.87,0
52481,3,Computer,2,11,Credit Card,Female,3,1,Laptop & Accessory,4,Married,8,1,14,1,5,5,129.52,0
52482,25,Computer,1,20,E Wallet,Male,3,2,Fashion,5,Married,3,0,18,2,3,17,170.5,0
52483,34,Mobile Phone,3,24,Credit Card,Male,2,5,Mobile Phone,3,Married,4,0,26,1,4,11,224.87,0
52484,1,Mobile Phone,1,21,E Wallet,Male,3,3,Laptop & Accessory,2,Single,5,1,21,3,7,4,164.05,0
52485,7,Computer,2,22,COD,Female,5,2,Laptop & Accessory,3,Married,6,1,11,3,4,6,144.11,1
52486,47,Mobile Phone,2,10,Credit Card,Male,1,4,Mobile Phone,1,Divorced,3,1,17,1,4,7,247.77,0
52487,7,Mobile Phone,3,12,Credit Card,Female,2,4,Grocery,3,Married,6,0,24,2,4,11,124.22,1
52488,23,Mobile Phone,3,17,E Wallet,Male,1,2,Fashion,3,Single,3,1,19,1,3,4,170.76,1
52489,10,Mobile Phone,3,27,E Wallet,Male,3,2,Laptop & Accessory,2,Single,4,0,20,2,6,13,183.82,1
52490,5,Computer,3,11,Credit Card,Male,1,4,Laptop & Accessory,2,Divorced,2,0,25,1,5,11,147.16,1
52491,4,Computer,2,26,Debit Card,Female,3,1,Grocery,2,Married,9,0,15,1,4,12,139.41,0
52492,2,Mobile Phone,1,7,COD,Male,4,5,Fashion,1,Married,2,0,11,1,3,5,148.16,1
52493,17,Mobile Phone,3,25,Credit Card,Male,1,1,Laptop & Accessory,3,Divorced,2,0,19,1,3,7,205.67,0
52494,5,Mobile Phone,3,24,Credit Card,Male,2,1,Fashion,3,Married,2,0,18,2,6,1,171.25,0
52495,8,Mobile Phone,2,33,COD,Male,2,4,Laptop & Accessory,3,Divorced,2,0,13,0,2,10,134.41,0
52496,8,Phone,3,22,UPI,Male,2,2,Others,2,Single,4,0,20,0,2,5,155.27,0
52497,10,Computer,3,17,Credit Card,Male,3,2,Laptop & Accessory,5,Single,9,0,20,0,4,3,160.6,0
52498,24,Mobile Phone,3,13,Credit Card,Male,1,4,Laptop & Accessory,1,Single,3,0,22,2,3,3,192.67,0
52499,47,Computer,3,12,E Wallet,Female,4,3,Fashion,1,Single,3,0,11,0,3,7,245.39,0
52500,6,Computer,1,15,Credit Card,Male,4,3,Fashion,1,Single,3,0,26,1,3,1,143.52,0
52501,21,Computer,2,13,Debit Card,Male,3,4,Laptop & Accessory,4,Married,6,0,11,1,5,6,191.83,1
52502,17,Mobile Phone,1,20,COD,Female,4,4,Mobile Phone,4,Married,2,0,26,0,1,3,180.71,0
52503,10,Mobile Phone,1,22,Credit Card,Female,2,4,Mobile Phone,4,Married,1,0,24,2,4,7,150.47,0
52504,37,Computer,3,11,E Wallet,Female,3,2,Fashion,2,Married,2,1,16,0,3,2,207.15,0
52505,2,Mobile Phone,1,23,E Wallet,Male,2,3,Laptop & Accessory,5,Single,5,1,23,1,4,14,136.48,1
52506,1,Phone,2,18,E Wallet,Female,1,3,Laptop & Accessory,5,Divorced,1,1,13,3,6,4,125.0,1
52507,23,Computer,2,13,COD,Female,1,2,Mobile Phone,4,Single,3,1,11,2,3,10,176.44,1
52508,6,Phone,3,24,Credit Card,Female,3,3,Others,4,Single,2,0,15,3,5,5,138.32,0
52509,22,Mobile Phone,1,11,E Wallet,Male,5,1,Mobile Phone,4,Single,1,1,26,2,4,3,153.42,0
52510,26,Computer,1,9,E Wallet,Female,2,2,Fashion,4,Married,3,0,20,1,3,7,203.64,0
52511,0,Mobile Phone,2,11,COD,Male,4,2,Fashion,5,Single,5,1,13,1,3,32,141.72,1
52512,25,Phone,1,12,E Wallet,Male,4,3,Fashion,3,Married,2,1,11,0,3,1,192.93,0
52513,7,Mobile Phone,3,24,UPI,Female,3,2,Fashion,2,Single,1,0,25,3,4,7,161.13,1
52514,8,Mobile Phone,3,37,Debit Card,Male,3,4,Grocery,2,Divorced,3,0,26,5,6,1,146.08,0
52515,11,Computer,2,23,Debit Card,Female,3,2,Mobile Phone,3,Married,4,1,19,0,4,11,130.53,0
52516,31,Mobile Phone,3,15,Debit Card,Male,4,4,Laptop & Accessory,4,Divorced,3,1,26,2,5,5,235.84,0
52517,0,Mobile Phone,1,7,Debit Card,Female,2,1,Laptop & Accessory,1,Married,1,0,16,2,4,3,129.01,0
52518,7,Phone,3,11,Debit Card,Female,2,3,Fashion,2,Married,1,0,13,3,5,5,155.79,0
52519,13,Mobile Phone,1,32,Debit Card,Male,2,3,Fashion,1,Divorced,1,1,24,1,4,11,153.97,0
52520,15,Computer,3,21,COD,Female,4,2,Fashion,2,Single,6,0,26,1,5,5,148.95,0
52521,14,Mobile Phone,2,7,Debit Card,Male,1,4,Others,2,Married,3,1,23,4,8,6,157.27,0
52522,1,Computer,1,6,Credit Card,Male,3,5,Fashion,3,Single,2,1,12,3,6,4,145.4,1
52523,4,Computer,1,21,UPI,Male,3,3,Laptop & Accessory,3,Divorced,1,0,15,2,5,7,157.99,0
52524,5,Mobile Phone,2,26,Debit Card,Female,3,1,Mobile Phone,1,Married,4,0,14,2,5,8,134.28,0
52525,19,Mobile Phone,3,10,Credit Card,Male,4,3,Laptop & Accessory,2,Single,4,1,11,0,3,11,196.32,1
52526,3,Computer,1,11,Debit Card,Female,2,5,Fashion,3,Single,5,0,14,4,8,18,126.24,1
52527,2,Mobile Phone,2,23,Debit Card,Male,2,3,Laptop & Accessory,1,Divorced,1,0,21,0,1,14,95.12,0
52528,37,Mobile Phone,3,13,COD,Male,3,4,Fashion,4,Single,4,1,16,0,2,16,223.45,0
52529,0,Computer,2,14,UPI,Female,5,4,Grocery,1,Single,1,0,16,1,4,11,129.43,1
52530,61,Mobile Phone,3,14,UPI,Male,3,5,Laptop & Accessory,2,Married,4,0,11,1,5,20,296.81,0
52531,13,Mobile Phone,1,16,UPI,Male,4,2,Laptop & Accessory,5,Divorced,1,0,19,2,5,7,172.79,0
52532,21,Computer,2,17,Debit Card,Male,3,3,Fashion,3,Single,2,0,13,2,4,7,147.09,0
52533,4,Mobile Phone,3,33,E Wallet,Female,2,4,Fashion,5,Married,4,0,22,3,7,9,169.21,0
52534,0,Mobile Phone,2,13,E Wallet,Female,3,4,Fashion,2,Single,3,0,15,2,5,13,142.45,1
52535,16,Mobile Phone,2,14,COD,Female,2,2,Laptop & Accessory,1,Single,1,0,22,2,3,6,170.44,0
52536,21,Computer,3,10,Debit Card,Male,3,4,Laptop & Accessory,1,Married,1,0,18,2,5,2,212.19,0
52537,16,Computer,1,16,Credit Card,Male,3,2,Others,5,Married,2,0,20,2,4,3,160.08,0
52538,1,Computer,3,24,Debit Card,Female,4,3,Grocery,3,Married,5,0,22,1,2,4,142.26,1
52539,16,Mobile Phone,3,11,Debit Card,Female,4,2,Others,2,Married,3,0,26,3,5,2,170.85,0
52540,17,Mobile Phone,1,10,E Wallet,Female,1,4,Mobile Phone,3,Married,1,0,26,3,5,16,169.02,1
52541,12,Mobile Phone,3,23,Debit Card,Male,3,1,Mobile Phone,4,Married,2,0,16,2,5,3,154.64,1
52542,17,Mobile Phone,1,17,Credit Card,Male,4,6,Laptop & Accessory,3,Single,3,0,23,3,5,19,187.58,1
52543,22,Phone,2,11,E Wallet,Female,3,2,Mobile Phone,3,Married,1,0,17,1,5,9,203.67,0
52544,11,Mobile Phone,3,16,Debit Card,Male,1,4,Grocery,4,Divorced,2,0,12,1,4,3,181.52,0
52545,1,Mobile Phone,3,10,Debit Card,Male,2,2,Laptop & Accessory,2,Divorced,4,1,26,4,5,0,110.6,1
52546,8,Mobile Phone,3,13,COD,Female,2,3,Laptop & Accessory,3,Married,2,0,18,1,3,8,147.66,1
52547,0,Computer,3,14,E Wallet,Male,3,1,Fashion,5,Single,4,0,21,2,5,3,121.6,0
52548,6,Computer,2,23,E Wallet,Male,1,4,Fashion,1,Single,3,0,19,2,5,4,145.01,0
52549,6,Computer,2,19,UPI,Male,3,3,Grocery,3,Divorced,2,0,24,3,6,14,158.53,0
52550,0,Computer,1,23,Debit Card,Male,2,4,Fashion,1,Single,5,0,20,3,5,14,97.93,1
52551,5,Mobile Phone,1,13,Debit Card,Male,2,4,Mobile Phone,1,Single,2,0,12,1,5,2,156.81,1
52552,1,Mobile Phone,2,18,Debit Card,Female,3,1,Laptop & Accessory,5,Married,4,0,12,2,3,12,97.17,0
52553,19,Mobile Phone,3,8,Credit Card,Male,3,3,Fashion,3,Married,4,0,24,0,4,6,188.81,0
52554,35,Computer,2,10,Credit Card,Female,3,2,Grocery,5,Married,6,1,18,1,5,6,206.81,1
52555,0,Computer,3,9,Debit Card,Male,1,1,Laptop & Accessory,5,Married,2,0,11,2,4,13,124.35,0
52556,37,Mobile Phone,3,21,Debit Card,Male,2,3,Mobile Phone,5,Single,2,0,18,5,6,10,239.6,0
52557,8,Computer,1,30,UPI,Male,3,2,Mobile Phone,5,Divorced,2,0,15,2,3,7,140.14,0
52558,4,Computer,2,14,Credit Card,Male,4,3,Mobile Phone,5,Divorced,5,0,20,3,7,2,165.52,0
52559,0,Computer,2,19,COD,Female,3,2,Laptop & Accessory,4,Divorced,2,0,21,0,2,4,123.32,0
52560,8,Computer,2,19,Debit Card,Female,4,2,Mobile Phone,4,Married,2,0,15,5,6,2,171.37,0
52561,18,Computer,3,29,E Wallet,Male,5,3,Mobile Phone,5,Single,1,1,13,4,8,17,178.18,1
52562,14,Mobile Phone,2,13,UPI,Male,4,3,Laptop & Accessory,5,Married,4,0,26,4,7,11,169.81,0
52563,0,Computer,3,16,UPI,Male,5,1,Mobile Phone,5,Married,4,0,11,1,5,8,124.3,0
52564,0,Phone,3,11,Credit Card,Male,4,3,Laptop & Accessory,3,Married,5,0,24,0,2,18,129.73,0
52565,6,Mobile Phone,2,9,Debit Card,Female,4,3,Laptop & Accessory,5,Single,3,1,13,4,8,5,171.38,0
52566,4,Computer,3,20,Debit Card,Female,3,3,Others,3,Divorced,5,1,25,1,5,24,145.14,1
52567,3,Computer,1,11,E Wallet,Male,2,4,Fashion,3,Divorced,1,1,17,0,3,18,104.38,0
52568,3,Mobile Phone,1,12,Credit Card,Male,5,4,Mobile Phone,4,Single,3,0,14,1,2,3,149.14,0
52569,19,Computer,1,18,Credit Card,Male,1,3,Mobile Phone,4,Divorced,3,0,14,0,4,1,170.06,0
52570,31,Mobile Phone,2,14,Debit Card,Male,5,3,Mobile Phone,4,Single,5,1,26,1,5,4,197.89,0
52571,6,Phone,1,20,Credit Card,Male,3,2,Fashion,4,Married,6,0,16,1,5,13,168.32,0
52572,28,Computer,3,20,Credit Card,Female,1,2,Laptop & Accessory,3,Married,8,0,24,2,4,13,200.73,0
52573,4,Mobile Phone,2,16,UPI,Female,4,3,Laptop & Accessory,3,Married,2,1,11,2,5,6,140.63,1
52574,7,Mobile Phone,2,16,E Wallet,Male,3,5,Others,2,Divorced,2,1,16,3,6,16,160.41,1
52575,3,Computer,1,30,Credit Card,Female,4,2,Laptop & Accessory,3,Married,1,0,23,1,4,24,140.83,0
52576,12,Mobile Phone,1,14,E Wallet,Male,1,1,Laptop & Accessory,5,Married,4,1,25,2,3,3,155.85,1
52577,46,Mobile Phone,1,21,Debit Card,Female,5,3,Mobile Phone,4,Single,5,0,19,1,4,5,239.84,0
52578,11,Mobile Phone,2,10,E Wallet,Female,3,1,Laptop & Accessory,3,Single,5,0,15,1,2,3,143.37,0
52579,5,Mobile Phone,2,15,Debit Card,Female,1,3,Mobile Phone,3,Single,10,0,14,1,3,5,120.78,0
52580,12,Mobile Phone,2,21,E Wallet,Male,1,1,Others,2,Divorced,3,0,22,1,5,3,162.92,0
52581,1,Computer,2,11,Credit Card,Female,3,5,Laptop & Accessory,2,Married,2,0,22,1,4,3,145.89,0
52582,26,Phone,3,15,Credit Card,Female,5,4,Mobile Phone,3,Married,3,1,25,0,4,4,192.31,0
52583,8,Computer,1,15,Credit Card,Female,3,2,Fashion,2,Married,2,0,12,3,4,3,149.22,0
52584,7,Computer,3,11,Debit Card,Female,2,2,Laptop & Accessory,3,Single,2,0,22,2,3,9,161.5,0
52585,10,Mobile Phone,2,12,Credit Card,Male,4,5,Fashion,3,Single,4,1,18,0,1,3,148.25,0
52586,11,Mobile Phone,2,10,COD,Female,5,4,Mobile Phone,1,Married,2,0,21,2,4,11,163.83,0
52587,0,Mobile Phone,1,7,Credit Card,Female,4,5,Fashion,4,Divorced,3,0,11,1,2,2,151.15,0
52588,13,Computer,2,10,Credit Card,Male,3,2,Mobile Phone,4,Single,1,1,24,1,3,9,181.82,1
52589,3,Phone,1,16,E Wallet,Female,1,2,Mobile Phone,5,Married,5,0,15,4,5,26,173.03,1
52590,15,Computer,3,12,Credit Card,Male,2,3,Mobile Phone,4,Married,1,0,16,2,3,6,182.32,1
52591,20,Computer,2,15,Credit Card,Male,4,5,Laptop & Accessory,2,Single,6,0,14,4,5,7,183.5,1
52592,19,Computer,3,16,Debit Card,Female,2,2,Mobile Phone,4,Married,10,1,16,3,6,8,190.86,0
52593,9,Mobile Phone,2,14,E Wallet,Female,2,4,Fashion,5,Married,2,1,11,4,8,6,166.07,0
52594,8,Mobile Phone,1,21,E Wallet,Male,3,3,Grocery,5,Single,1,0,20,3,6,4,144.16,0
52595,1,Mobile Phone,2,35,COD,Male,3,2,Fashion,3,Married,1,0,14,0,2,13,125.22,0
52596,17,Mobile Phone,1,10,Debit Card,Male,4,3,Grocery,4,Married,1,1,19,3,5,2,185.99,0
52597,3,Computer,3,23,Debit Card,Male,1,3,Mobile Phone,1,Married,6,0,15,1,4,6,122.12,0
52598,8,Mobile Phone,3,11,UPI,Female,3,1,Laptop & Accessory,2,Single,4,1,26,4,5,1,155.19,0
52599,4,Computer,3,18,E Wallet,Female,3,3,Fashion,3,Single,1,0,22,2,4,3,132.21,1
52600,1,Computer,2,9,COD,Female,4,3,Fashion,3,Married,7,1,25,2,5,15,144.42,1
52601,11,Mobile Phone,2,17,Credit Card,Male,3,4,Laptop & Accessory,5,Married,4,0,21,1,5,23,146.88,1
52602,0,Mobile Phone,3,13,Credit Card,Male,2,1,Mobile Phone,5,Married,6,0,24,2,5,1,133.42,0
52603,16,Mobile Phone,1,13,Credit Card,Female,3,4,Others,3,Divorced,4,1,26,1,3,15,136.79,1
52604,4,Mobile Phone,3,16,Debit Card,Male,3,2,Others,3,Married,2,0,22,1,4,1,124.26,0
52605,0,Computer,2,10,Credit Card,Male,2,3,Mobile Phone,1,Single,1,0,25,0,4,4,129.84,0
52606,8,Mobile Phone,3,10,Debit Card,Female,2,3,Fashion,2,Married,1,0,11,2,6,3,153.97,0
52607,0,Computer,3,13,Credit Card,Female,2,4,Laptop & Accessory,1,Married,3,0,20,3,7,10,127.72,1
52608,3,Computer,3,22,UPI,Female,2,1,Laptop & Accessory,2,Married,3,0,22,2,3,3,141.9,0
52609,14,Computer,2,13,Credit Card,Female,4,2,Fashion,4,Married,3,1,17,1,2,5,144.14,0
52610,0,Computer,1,35,Debit Card,Male,3,2,Fashion,1,Married,7,0,18,0,2,6,114.35,1
52611,21,Mobile Phone,2,40,COD,Female,3,2,Fashion,5,Married,6,0,18,1,2,3,182.94,0
52612,0,Mobile Phone,3,15,Debit Card,Female,1,2,Fashion,4,Married,2,0,16,0,3,27,117.36,1
52613,3,Mobile Phone,3,29,Credit Card,Male,5,1,Mobile Phone,3,Married,2,0,13,3,4,9,178.92,0
52614,16,Mobile Phone,1,10,UPI,Male,4,3,Others,3,Single,2,0,20,2,3,6,163.95,0
52615,4,Phone,2,15,Debit Card,Male,3,2,Mobile Phone,1,Divorced,7,0,21,2,4,7,150.4,0
52616,1,Computer,1,17,UPI,Male,1,1,Others,4,Single,6,0,17,0,3,6,106.04,0
52617,5,Mobile Phone,3,19,Credit Card,Male,3,1,Laptop & Accessory,4,Single,6,0,20,2,6,2,162.77,0
52618,3,Mobile Phone,1,8,Credit Card,Female,3,5,Grocery,3,Single,2,0,26,1,5,16,127.84,1
52619,22,Mobile Phone,2,16,UPI,Female,3,3,Mobile Phone,2,Married,3,0,17,2,5,20,187.45,1
52620,4,Computer,1,25,E Wallet,Female,3,2,Fashion,3,Single,2,0,14,2,4,9,155.21,0
52621,18,Computer,1,7,E Wallet,Female,2,3,Laptop & Accessory,2,Single,2,1,11,4,6,9,178.74,0
52622,26,Computer,3,11,Credit Card,Female,2,2,Laptop & Accessory,4,Single,1,0,25,4,6,9,185.96,0
52623,6,Phone,1,26,Debit Card,Male,1,3,Laptop & Accessory,4,Single,5,0,12,2,6,15,151.66,0
52624,28,Mobile Phone,1,12,Credit Card,Male,5,2,Mobile Phone,5,Single,2,0,12,0,2,4,180.01,0
52625,5,Mobile Phone,1,16,Debit Card,Female,4,2,Mobile Phone,3,Single,2,0,18,0,3,5,136.16,0
52626,39,Mobile Phone,2,18,Debit Card,Male,4,5,Mobile Phone,1,Single,3,0,23,1,4,8,231.18,0
52627,1,Mobile Phone,2,11,Debit Card,Female,1,2,Mobile Phone,5,Single,6,0,25,2,5,4,144.26,0
52628,13,Phone,1,9,Debit Card,Female,3,3,Mobile Phone,1,Divorced,4,0,17,2,3,14,171.61,1
52629,8,Computer,2,14,Debit Card,Female,3,3,Grocery,3,Married,3,0,18,1,3,9,141.69,0
52630,5,Computer,1,23,Debit Card,Male,2,5,Fashion,2,Divorced,1,0,22,2,4,4,118.45,1
52631,12,Mobile Phone,3,16,E Wallet,Male,4,5,Mobile Phone,3,Married,3,1,16,5,9,6,148.19,0
52632,14,Mobile Phone,3,9,Debit Card,Female,3,2,Mobile Phone,2,Married,2,1,14,1,5,20,173.71,0
52633,0,Mobile Phone,3,21,Credit Card,Male,5,5,Grocery,4,Married,3,1,26,1,2,11,113.81,1
52634,2,Mobile Phone,3,10,Credit Card,Female,2,2,Mobile Phone,3,Single,2,0,21,2,4,3,130.41,1
52635,14,Computer,1,18,UPI,Male,3,4,Mobile Phone,3,Married,1,0,24,2,3,11,134.2,0
52636,13,Mobile Phone,1,14,E Wallet,Male,4,1,Mobile Phone,4,Single,5,0,19,3,6,0,169.87,0
52637,40,Computer,3,12,COD,Male,3,2,Laptop & Accessory,1,Married,3,0,17,1,5,2,228.48,0
52638,17,Computer,1,13,E Wallet,Female,2,1,Mobile Phone,5,Single,2,0,17,2,4,3,162.41,0
52639,36,Mobile Phone,1,14,Debit Card,Female,2,2,Fashion,3,Married,2,0,19,3,7,9,236.69,0
52640,14,Computer,1,15,Credit Card,Female,5,4,Mobile Phone,3,Married,3,1,14,2,6,3,151.52,0
52641,4,Mobile Phone,2,17,E Wallet,Male,1,2,Laptop & Accessory,2,Divorced,4,0,23,3,6,19,155.3,0
52642,1,Computer,2,22,Credit Card,Male,5,2,Fashion,5,Single,3,0,19,0,3,4,102.54,0
52643,18,Computer,1,31,Credit Card,Male,2,2,Grocery,3,Married,3,0,13,2,6,3,212.33,0
52644,12,Phone,1,15,E Wallet,Female,4,2,Laptop & Accessory,2,Single,1,0,22,3,7,1,170.66,0
52645,0,Mobile Phone,3,21,Debit Card,Male,3,1,Fashion,2,Divorced,1,1,15,1,3,6,163.49,1
52646,5,Mobile Phone,1,16,COD,Male,4,3,Others,2,Married,2,1,17,2,4,19,120.12,1
52647,37,Mobile Phone,3,13,Credit Card,Female,3,5,Laptop & Accessory,4,Divorced,3,0,18,4,8,9,231.73,0
52648,8,Mobile Phone,1,17,E Wallet,Female,4,3,Grocery,2,Single,2,1,16,0,4,2,169.55,0
52649,6,Computer,2,8,COD,Male,2,4,Laptop & Accessory,1,Married,3,0,11,2,4,25,157.76,0
52650,7,Phone,2,10,E Wallet,Female,3,3,Others,3,Married,1,0,23,3,6,3,164.0,0
52651,2,Mobile Phone,1,9,Credit Card,Male,4,1,Mobile Phone,2,Married,7,0,20,0,4,7,134.42,0
52652,5,Mobile Phone,2,16,UPI,Female,2,3,Fashion,5,Divorced,3,0,18,4,6,0,139.87,0
52653,5,Mobile Phone,2,7,Credit Card,Male,3,5,Laptop & Accessory,3,Single,1,0,23,2,6,15,152.77,1
52654,0,Mobile Phone,3,9,Credit Card,Female,3,3,Laptop & Accessory,2,Married,2,0,12,1,5,9,134.97,1
52655,17,Mobile Phone,3,8,UPI,Female,3,3,Others,3,Single,9,1,21,3,7,16,188.23,0
52656,6,Mobile Phone,1,15,Debit Card,Male,3,3,Others,1,Married,7,0,11,2,6,12,170.01,1
52657,20,Computer,1,12,Credit Card,Male,2,4,Laptop & Accessory,3,Married,1,1,12,6,10,1,196.36,0
52658,22,Mobile Phone,1,13,Credit Card,Male,1,3,Mobile Phone,5,Married,5,0,20,3,5,3,183.35,0
52659,2,Mobile Phone,1,18,E Wallet,Female,1,3,Laptop & Accessory,2,Married,3,0,14,2,4,5,117.55,1
52660,12,Computer,2,14,Debit Card,Female,3,1,Others,5,Married,1,0,11,2,3,35,133.85,0
52661,7,Mobile Phone,3,13,E Wallet,Female,2,2,Others,1,Divorced,5,0,19,2,5,11,134.36,0
52662,25,Computer,2,7,Credit Card,Male,3,3,Laptop & Accessory,3,Married,3,0,20,1,5,17,212.64,0
52663,2,Computer,3,18,Debit Card,Female,3,3,Mobile Phone,2,Married,1,0,24,4,6,8,160.97,0
52664,13,Computer,2,7,COD,Male,3,2,Others,5,Married,5,0,12,4,6,10,150.59,0
52665,11,Mobile Phone,3,16,Debit Card,Male,3,4,Laptop & Accessory,4,Married,4,1,14,4,8,11,163.67,1
52666,4,Mobile Phone,1,49,Credit Card,Female,3,2,Grocery,5,Married,1,1,12,0,3,1,144.98,1
52667,1,Computer,3,19,Debit Card,Male,1,2,Laptop & Accessory,4,Married,2,0,18,1,3,1,137.31,0
52668,12,Computer,3,11,E Wallet,Male,4,1,Laptop & Accessory,4,Single,2,0,13,2,4,2,176.67,1
52669,16,Mobile Phone,1,22,E Wallet,Male,1,3,Laptop & Accessory,3,Married,3,0,14,1,5,2,187.06,0
52670,4,Mobile Phone,1,34,UPI,Male,3,2,Fashion,3,Married,2,1,24,3,5,11,139.59,1
52671,12,Mobile Phone,3,24,Credit Card,Female,2,4,Laptop & Accessory,4,Single,5,0,22,0,4,8,142.37,0
52672,6,Mobile Phone,3,27,Credit Card,Female,3,4,Laptop & Accessory,3,Single,4,0,12,0,4,11,163.72,1
52673,14,Computer,1,10,E Wallet,Female,2,2,Fashion,3,Single,1,0,23,1,5,6,193.54,0
52674,2,Mobile Phone,2,12,E Wallet,Female,1,2,Fashion,4,Married,4,1,18,2,4,4,141.29,0
52675,26,Mobile Phone,2,20,E Wallet,Female,1,2,Grocery,5,Married,7,0,12,3,5,1,204.54,0
52676,4,Computer,2,14,E Wallet,Male,2,3,Fashion,5,Single,3,1,20,0,1,10,109.19,0
52677,5,Mobile Phone,1,10,Debit Card,Female,3,2,Laptop & Accessory,2,Married,1,0,20,4,8,9,168.5,1
52678,0,Computer,1,19,Debit Card,Female,3,3,Laptop & Accessory,3,Single,5,0,21,0,2,15,139.97,0
52679,1,Computer,2,20,E Wallet,Male,2,2,Fashion,5,Single,4,1,25,0,4,3,175.6,0
52680,8,Mobile Phone,3,13,Credit Card,Male,2,2,Grocery,2,Single,2,0,23,2,3,4,153.12,0
52681,3,Computer,3,9,Credit Card,Male,3,3,Grocery,1,Married,2,0,23,3,5,21,127.04,1
52682,21,Computer,1,12,Credit Card,Female,5,6,Mobile Phone,3,Single,2,0,14,6,8,10,174.09,1
52683,0,Mobile Phone,3,13,Credit Card,Female,3,4,Fashion,3,Divorced,1,0,21,2,5,3,131.41,0
52684,5,Mobile Phone,1,16,Credit Card,Female,3,4,Laptop & Accessory,3,Married,5,0,11,2,5,1,130.25,0
52685,4,Mobile Phone,2,9,Credit Card,Male,3,3,Fashion,1,Married,9,0,11,1,5,11,131.22,1
52686,0,Phone,3,14,E Wallet,Male,2,3,Laptop & Accessory,2,Married,7,0,21,2,3,6,109.39,1
52687,1,Computer,2,12,Debit Card,Female,4,4,Others,4,Divorced,1,1,17,1,3,5,127.11,1
52688,6,Mobile Phone,1,19,E Wallet,Male,1,2,Mobile Phone,3,Married,2,0,20,1,5,2,147.63,0
52689,8,Computer,1,62,E Wallet,Male,4,3,Mobile Phone,5,Single,2,0,11,0,4,10,190.9,1
52690,6,Mobile Phone,2,16,Credit Card,Female,5,2,Laptop & Accessory,3,Single,2,0,12,2,6,5,157.73,0
52691,9,Computer,3,15,Credit Card,Male,2,4,Fashion,1,Married,2,0,13,3,7,8,181.92,1
52692,10,Computer,3,18,Debit Card,Female,2,3,Laptop & Accessory,5,Married,6,0,26,2,5,2,159.41,1
52693,0,Mobile Phone,3,20,Debit Card,Female,3,4,Laptop & Accessory,2,Married,7,1,12,3,7,0,133.21,1
52694,7,Computer,3,6,Debit Card,Male,4,3,Fashion,3,Divorced,1,0,26,4,7,3,157.12,1
52695,39,Computer,3,15,Debit Card,Male,4,2,Others,5,Married,3,0,13,1,2,4,219.25,0
52696,8,Computer,3,22,E Wallet,Male,3,6,Fashion,5,Married,4,0,16,1,4,3,173.68,0
52697,13,Mobile Phone,1,8,COD,Male,2,3,Laptop & Accessory,4,Married,2,1,14,0,1,1,162.23,0
52698,4,Computer,3,16,Debit Card,Female,3,2,Mobile Phone,1,Single,1,1,18,7,11,5,181.83,0
52699,17,Phone,1,23,Debit Card,Female,4,2,Laptop & Accessory,1,Married,1,0,11,1,5,2,199.03,0
52700,17,Mobile Phone,3,33,UPI,Male,4,2,Fashion,2,Divorced,4,1,12,6,9,9,181.58,1
52701,8,Mobile Phone,1,17,E Wallet,Female,1,1,Laptop & Accessory,4,Divorced,2,0,17,1,2,6,167.84,0
52702,44,Mobile Phone,3,19,Credit Card,Female,3,3,Fashion,4,Single,3,0,24,2,4,14,202.6,0
52703,1,Computer,3,18,COD,Female,5,5,Grocery,2,Single,2,1,14,2,3,10,93.45,0
52704,0,Computer,3,8,Credit Card,Female,4,2,Mobile Phone,1,Single,5,0,17,3,4,11,127.21,1
52705,17,Mobile Phone,3,40,E Wallet,Female,1,5,Fashion,3,Married,1,0,19,4,6,10,158.67,0
52706,19,Computer,1,17,E Wallet,Male,2,4,Others,5,Single,1,0,18,2,6,10,185.63,0
52707,1,Mobile Phone,2,14,Debit Card,Female,3,4,Mobile Phone,3,Married,2,0,18,0,3,3,103.86,1
52708,3,Computer,1,26,Credit Card,Male,3,4,Fashion,4,Married,2,1,21,2,3,4,122.24,0
52709,0,Mobile Phone,1,11,Debit Card,Female,3,3,Fashion,4,Divorced,1,1,21,3,6,21,134.89,1
52710,4,Mobile Phone,1,18,Credit Card,Female,1,2,Laptop & Accessory,5,Married,5,0,21,2,6,13,152.23,0
52711,17,Mobile Phone,1,13,Debit Card,Female,3,3,Others,5,Married,3,0,19,2,6,6,200.39,0
52712,8,Mobile Phone,2,11,Credit Card,Male,4,3,Fashion,5,Single,5,1,22,1,2,17,136.44,0
52713,5,Computer,3,15,Credit Card,Male,2,2,Laptop & Accessory,3,Married,3,1,21,0,2,16,148.1,1
52714,5,Computer,3,16,Debit Card,Male,1,4,Fashion,2,Married,3,0,23,4,5,5,143.51,0
52715,0,Mobile Phone,1,14,Debit Card,Male,4,3,Laptop & Accessory,4,Single,1,0,14,0,3,3,142.01,0
52716,4,Mobile Phone,1,42,E Wallet,Female,3,4,Laptop & Accessory,4,Married,4,0,21,1,5,1,132.35,0
52717,12,Mobile Phone,1,16,Credit Card,Male,4,3,Mobile Phone,4,Single,1,1,22,3,4,0,168.7,0
52718,43,Computer,1,13,UPI,Male,3,3,Mobile Phone,2,Married,2,0,18,4,8,8,235.85,0
52719,22,Computer,1,16,UPI,Female,3,4,Fashion,3,Single,3,0,13,1,3,9,184.57,0
52720,0,Mobile Phone,1,20,Debit Card,Male,5,2,Fashion,2,Divorced,2,0,11,1,4,1,120.22,1
52721,27,Computer,2,18,Credit Card,Female,4,4,Mobile Phone,2,Married,1,1,24,4,5,3,208.62,0
52722,18,Mobile Phone,2,29,E Wallet,Female,3,3,Fashion,3,Married,4,0,23,2,6,11,189.47,0
52723,18,Phone,2,17,Credit Card,Female,4,4,Mobile Phone,4,Single,2,0,12,1,2,3,169.35,0
52724,7,Phone,1,6,UPI,Female,5,2,Laptop & Accessory,2,Divorced,4,1,13,1,3,12,158.81,0
52725,6,Computer,3,16,Credit Card,Male,2,4,Mobile Phone,2,Divorced,2,1,19,3,5,8,165.43,0
52726,4,Phone,3,16,E Wallet,Female,4,1,Laptop & Accessory,4,Single,3,1,18,1,5,2,132.68,0
52727,0,Computer,1,23,E Wallet,Male,1,5,Grocery,5,Single,2,0,22,2,6,6,141.59,0
52728,3,Computer,1,7,Debit Card,Male,2,4,Fashion,4,Married,2,1,13,3,6,1,168.31,1
52729,3,Computer,1,19,Credit Card,Male,2,3,Others,2,Divorced,8,0,12,0,2,3,118.95,0
52730,7,Mobile Phone,1,21,Debit Card,Male,2,2,Laptop & Accessory,3,Married,2,1,17,3,4,8,149.42,0
52731,16,Mobile Phone,2,16,Debit Card,Female,3,4,Fashion,4,Divorced,3,0,15,3,7,19,188.43,0
52732,7,Mobile Phone,1,21,Debit Card,Male,3,4,Laptop & Accessory,4,Divorced,7,0,17,3,5,7,128.98,1
52733,0,Computer,2,10,Credit Card,Female,4,3,Fashion,3,Married,1,1,12,0,2,4,156.33,0
52734,37,Mobile Phone,1,22,UPI,Female,2,2,Mobile Phone,3,Single,2,0,15,5,9,8,227.1,0
52735,34,Mobile Phone,3,10,Debit Card,Male,3,2,Fashion,3,Divorced,2,0,26,3,7,5,218.11,0
52736,18,Mobile Phone,1,12,E Wallet,Male,3,3,Fashion,4,Married,3,0,20,2,3,4,171.47,0
52737,56,Mobile Phone,2,20,Debit Card,Male,3,4,Mobile Phone,1,Married,1,1,22,1,5,7,260.27,0
52738,9,Computer,1,35,Debit Card,Male,3,4,Mobile Phone,3,Married,3,1,15,1,2,7,155.66,1
52739,39,Phone,1,32,COD,Male,3,3,Laptop & Accessory,3,Divorced,2,0,21,1,5,27,252.78,0
52740,0,Computer,3,17,Debit Card,Male,3,2,Mobile Phone,1,Single,7,1,16,0,4,3,141.31,0
52741,5,Computer,2,8,Debit Card,Male,4,2,Mobile Phone,1,Married,1,0,16,0,2,1,145.36,1
52742,3,Computer,1,12,Debit Card,Male,4,1,Fashion,2,Married,3,1,14,1,2,5,145.51,0
52743,2,Mobile Phone,2,13,Debit Card,Female,3,2,Laptop & Accessory,3,Single,4,0,14,1,5,2,132.3,0
52744,1,Mobile Phone,2,6,Credit Card,Female,2,1,Laptop & Accessory,4,Divorced,3,0,18,1,2,7,118.95,0
52745,11,Computer,2,9,Debit Card,Female,5,3,Grocery,2,Married,2,1,16,2,4,9,183.77,1
52746,18,Mobile Phone,2,22,Credit Card,Female,3,3,Grocery,4,Married,2,0,19,0,2,3,182.37,1
52747,10,Mobile Phone,3,31,Credit Card,Male,4,6,Mobile Phone,3,Married,2,1,22,0,4,7,135.31,1
52748,1,Computer,1,24,E Wallet,Female,1,4,Laptop & Accessory,2,Single,1,0,21,1,3,18,157.06,1
52749,19,Mobile Phone,1,12,UPI,Male,4,2,Mobile Phone,4,Married,2,1,24,0,4,22,201.09,0
52750,12,Mobile Phone,1,20,Debit Card,Male,3,4,Mobile Phone,4,Divorced,3,0,17,3,4,5,172.4,0
52751,5,Mobile Phone,3,15,Credit Card,Male,3,1,Grocery,1,Married,9,0,23,2,6,3,169.85,0
52752,13,Mobile Phone,3,9,Credit Card,Female,2,6,Mobile Phone,4,Married,3,0,12,2,5,4,190.17,1
52753,3,Mobile Phone,3,17,Debit Card,Female,3,3,Others,4,Single,7,1,20,1,3,4,135.64,1
52754,5,Mobile Phone,3,19,UPI,Female,1,2,Mobile Phone,3,Single,1,0,19,0,2,4,153.39,0
52755,29,Computer,3,10,E Wallet,Female,1,3,Fashion,3,Married,4,1,18,0,2,5,238.57,0
52756,4,Computer,2,8,Debit Card,Male,2,5,Mobile Phone,2,Single,3,1,26,0,1,18,123.68,1
52757,7,Mobile Phone,3,12,Debit Card,Male,1,4,Mobile Phone,3,Married,3,0,12,1,3,2,143.77,0
52758,26,Computer,3,26,Credit Card,Female,2,2,Laptop & Accessory,2,Single,2,0,19,3,5,19,183.07,1
52759,14,Mobile Phone,1,21,UPI,Female,3,3,Fashion,1,Married,2,0,19,4,5,12,166.5,0
52760,0,Mobile Phone,2,13,E Wallet,Male,4,4,Others,2,Married,2,0,22,0,3,4,149.54,0
52761,1,Mobile Phone,3,11,Credit Card,Male,2,5,Fashion,1,Single,3,1,22,0,4,9,119.92,0
52762,0,Computer,3,15,Debit Card,Male,4,5,Laptop & Accessory,1,Married,3,1,22,0,3,4,143.84,1
52763,11,Mobile Phone,3,9,Credit Card,Female,3,5,Grocery,5,Married,3,0,19,1,2,3,176.11,0
52764,7,Computer,3,16,UPI,Male,5,3,Fashion,5,Single,2,1,23,4,5,9,123.31,0
52765,1,Computer,3,14,Credit Card,Male,2,4,Fashion,4,Single,4,0,20,0,3,2,121.31,0
52766,38,Mobile Phone,2,6,Debit Card,Female,1,2,Laptop & Accessory,4,Divorced,4,1,26,1,2,8,243.78,0
52767,9,Computer,1,13,Debit Card,Female,4,4,Fashion,3,Single,4,0,18,2,4,3,162.1,0
52768,3,Phone,1,6,Credit Card,Female,2,2,Fashion,3,Divorced,1,0,12,1,3,13,122.38,1
52769,8,Mobile Phone,2,17,Debit Card,Male,3,3,Fashion,4,Single,2,1,26,2,6,15,151.34,0
52770,13,Mobile Phone,2,9,E Wallet,Male,3,3,Fashion,3,Single,6,0,23,2,4,10,169.55,0
52771,0,Computer,2,7,Debit Card,Female,4,4,Mobile Phone,4,Married,3,0,22,0,1,7,137.96,1
52772,3,Computer,2,13,UPI,Male,1,1,Laptop & Accessory,3,Divorced,3,0,18,1,2,9,163.86,0
52773,19,Mobile Phone,3,13,E Wallet,Female,3,5,Others,2,Divorced,5,0,20,2,4,9,177.22,1
52774,7,Mobile Phone,1,17,Credit Card,Male,3,3,Fashion,4,Married,6,1,18,3,5,14,163.53,1
52775,9,Mobile Phone,3,9,E Wallet,Male,2,3,Mobile Phone,2,Married,6,0,12,4,5,7,154.56,0
52776,6,Mobile Phone,3,27,Debit Card,Female,2,4,Mobile Phone,3,Married,2,0,21,4,5,7,154.05,0
52777,0,Mobile Phone,2,21,Debit Card,Female,4,3,Others,1,Divorced,1,0,14,0,4,8,145.06,0
52778,2,Phone,2,28,COD,Male,2,5,Laptop & Accessory,3,Single,3,1,26,2,4,5,125.24,1
52779,7,Computer,3,14,Credit Card,Female,3,3,Others,3,Married,4,0,12,0,1,4,150.97,0
52780,2,Mobile Phone,3,10,Debit Card,Female,3,3,Mobile Phone,3,Married,4,1,23,0,1,0,106.8,0
52781,0,Computer,1,31,Credit Card,Male,3,5,Laptop & Accessory,3,Married,4,0,11,2,4,10,140.27,1
52782,22,Computer,1,20,Debit Card,Male,3,5,Mobile Phone,3,Married,1,1,23,2,6,4,226.53,0
52783,47,Mobile Phone,1,13,Debit Card,Male,3,2,Fashion,3,Single,2,0,11,1,2,4,244.83,0
52784,18,Mobile Phone,1,15,Debit Card,Male,2,2,Mobile Phone,3,Single,1,1,14,1,3,4,154.08,1
52785,23,Mobile Phone,1,12,Debit Card,Female,3,3,Mobile Phone,5,Married,4,1,23,0,4,2,172.37,0
52786,3,Computer,1,23,E Wallet,Female,3,5,Grocery,4,Married,1,0,13,0,2,4,144.71,0
52787,38,Mobile Phone,2,18,UPI,Male,2,3,Fashion,3,Married,3,0,24,2,3,4,192.58,0
52788,2,Phone,3,19,Credit Card,Female,4,4,Fashion,3,Married,2,1,12,2,3,6,126.28,1
52789,36,Mobile Phone,2,10,Credit Card,Female,4,1,Laptop & Accessory,4,Married,3,1,24,2,6,3,230.34,0
52790,61,Mobile Phone,3,14,Debit Card,Male,3,3,Laptop & Accessory,3,Divorced,2,1,16,2,5,16,323.57,0
52791,14,Mobile Phone,3,16,Debit Card,Female,3,2,Mobile Phone,4,Married,4,1,26,4,7,5,209.85,0
52792,47,Mobile Phone,3,8,Credit Card,Male,2,2,Laptop & Accessory,2,Single,2,0,21,2,6,17,256.23,1
52793,10,Computer,2,18,UPI,Female,4,2,Laptop & Accessory,3,Married,4,1,23,2,5,14,145.93,0
52794,3,Phone,1,15,Debit Card,Female,1,2,Grocery,3,Married,2,1,26,2,3,8,155.29,1
52795,6,Mobile Phone,3,22,Credit Card,Male,2,6,Laptop & Accessory,1,Single,2,0,26,2,6,18,148.7,1
52796,10,Phone,3,24,COD,Male,4,2,Laptop & Accessory,5,Married,3,0,16,2,3,5,158.15,0
52797,0,Computer,2,34,E Wallet,Female,3,3,Fashion,3,Married,2,1,19,3,7,2,150.74,0
52798,11,Mobile Phone,1,16,Debit Card,Male,3,1,Mobile Phone,3,Single,3,0,24,3,4,5,178.68,0
52799,47,Computer,3,13,Debit Card,Female,4,4,Fashion,3,Single,6,1,21,2,6,7,258.01,0
52800,2,Mobile Phone,1,9,COD,Female,5,3,Others,3,Married,2,0,21,0,3,14,145.23,1
52801,18,Computer,1,9,Debit Card,Male,2,2,Laptop & Accessory,3,Single,4,1,24,4,7,5,177.05,0
52802,28,Mobile Phone,3,15,Credit Card,Female,1,1,Laptop & Accessory,5,Single,5,0,11,6,7,1,197.4,0
52803,34,Computer,2,8,Credit Card,Male,3,2,Mobile Phone,5,Married,1,0,24,4,5,14,216.3,0
52804,38,Mobile Phone,2,9,Credit Card,Male,2,3,Others,3,Single,3,0,20,1,2,11,209.63,0
52805,8,Computer,3,15,Debit Card,Male,3,1,Mobile Phone,3,Single,1,0,14,2,3,9,161.82,1
52806,45,Computer,2,12,E Wallet,Male,3,1,Mobile Phone,3,Married,4,0,17,0,1,12,270.97,0
52807,16,Mobile Phone,2,10,Debit Card,Male,3,3,Fashion,4,Divorced,2,0,15,3,5,3,173.12,0
52808,2,Mobile Phone,1,13,E Wallet,Male,2,2,Laptop & Accessory,3,Married,3,0,14,4,5,5,139.24,0
52809,7,Mobile Phone,1,21,Credit Card,Male,2,3,Fashion,2,Single,3,1,13,1,5,8,178.78,1
52810,15,Computer,3,18,Debit Card,Female,2,2,Fashion,3,Married,3,0,20,2,4,3,205.68,0
52811,3,Mobile Phone,2,23,E Wallet,Female,2,6,Fashion,5,Married,8,0,13,3,6,3,127.96,0
52812,12,Computer,1,14,COD,Female,3,3,Mobile Phone,1,Divorced,3,0,15,0,4,7,143.13,0
52813,13,Mobile Phone,1,12,UPI,Female,2,2,Grocery,1,Divorced,4,0,16,1,3,2,171.89,0
52814,2,Mobile Phone,2,16,Debit Card,Male,2,1,Grocery,5,Single,8,0,16,1,5,18,140.98,0
52815,9,Mobile Phone,2,9,Credit Card,Male,3,3,Others,4,Married,4,0,26,2,3,10,169.41,0
52816,17,Mobile Phone,2,13,E Wallet,Female,5,4,Fashion,3,Divorced,5,0,16,0,2,10,179.57,0
52817,8,Computer,2,13,Credit Card,Male,1,3,Mobile Phone,1,Married,1,1,15,1,4,0,151.93,1
52818,0,Phone,1,45,E Wallet,Male,2,2,Mobile Phone,5,Divorced,1,0,20,0,3,13,133.94,0
52819,0,Mobile Phone,2,25,COD,Female,2,3,Fashion,4,Married,4,0,23,1,2,1,136.01,1
52820,5,Mobile Phone,3,20,Credit Card,Female,5,2,Fashion,3,Married,6,0,11,3,6,7,135.94,0
52821,31,Mobile Phone,1,18,E Wallet,Female,3,3,Fashion,4,Single,1,0,18,2,5,4,214.1,0
52822,3,Computer,2,30,Debit Card,Female,3,3,Laptop & Accessory,3,Married,5,1,15,0,3,9,126.97,0
52823,12,Mobile Phone,2,18,UPI,Male,2,3,Fashion,4,Single,1,0,24,3,6,15,164.94,0
52824,3,Computer,3,11,E Wallet,Male,1,4,Mobile Phone,5,Married,2,0,25,3,7,3,159.89,0
52825,4,Phone,1,10,Credit Card,Female,2,4,Grocery,3,Married,5,0,13,3,7,7,138.5,1
52826,22,Mobile Phone,3,21,UPI,Female,3,4,Mobile Phone,3,Divorced,1,0,18,2,3,4,182.98,0
52827,15,Computer,2,19,E Wallet,Male,3,3,Mobile Phone,4,Single,4,0,26,4,7,14,165.18,0
52828,1,Mobile Phone,3,18,Credit Card,Male,4,3,Laptop & Accessory,2,Single,5,1,20,6,9,5,142.92,1
52829,6,Mobile Phone,1,24,COD,Female,4,3,Laptop & Accessory,3,Married,3,0,18,5,7,15,176.21,0
52830,0,Mobile Phone,3,23,Debit Card,Male,2,2,Fashion,2,Divorced,1,0,15,0,4,2,129.58,1
52831,7,Mobile Phone,3,7,COD,Male,1,4,Mobile Phone,1,Divorced,4,1,20,1,5,10,148.97,1
52832,13,Mobile Phone,1,14,Debit Card,Male,4,3,Laptop & Accessory,2,Married,1,0,21,2,3,7,130.81,1
52833,1,Mobile Phone,1,19,Credit Card,Male,3,3,Mobile Phone,1,Single,1,0,22,1,5,24,123.54,1
52834,4,Mobile Phone,2,26,Debit Card,Female,4,2,Laptop & Accessory,3,Married,2,0,23,5,7,10,138.78,0
52835,6,Mobile Phone,1,20,Debit Card,Male,4,3,Grocery,1,Divorced,4,0,12,2,6,11,168.44,0
52836,30,Computer,3,21,E Wallet,Female,2,2,Others,3,Married,1,0,26,1,2,22,197.54,0
52837,59,Phone,1,9,Debit Card,Male,3,2,Laptop & Accessory,4,Married,3,0,15,3,6,4,263.66,0
52838,0,Mobile Phone,1,8,COD,Female,1,4,Laptop & Accessory,3,Divorced,5,1,22,1,3,3,123.36,0
52839,17,Mobile Phone,2,17,Debit Card,Male,3,3,Others,4,Married,3,1,13,2,3,25,196.66,0
52840,5,Mobile Phone,1,12,Debit Card,Female,4,3,Mobile Phone,3,Single,2,0,22,5,7,16,154.74,0
52841,5,Computer,3,19,UPI,Male,3,2,Laptop & Accessory,4,Married,2,0,23,2,3,6,123.88,0
52842,16,Computer,3,11,E Wallet,Male,1,2,Others,4,Single,9,1,20,1,5,6,173.11,0
52843,30,Mobile Phone,2,12,E Wallet,Male,2,4,Grocery,2,Married,1,1,21,2,4,5,203.77,0
52844,36,Mobile Phone,3,21,Debit Card,Male,1,4,Laptop & Accessory,5,Divorced,2,0,24,1,2,4,220.09,0
52845,10,Mobile Phone,3,15,E Wallet,Male,3,4,Laptop & Accessory,5,Married,4,0,16,1,5,7,163.16,0
52846,5,Mobile Phone,1,11,Credit Card,Male,3,4,Grocery,4,Married,2,0,16,3,4,9,133.14,0
52847,18,Phone,3,14,COD,Female,3,3,Laptop & Accessory,5,Single,5,0,19,0,4,3,185.73,0
52848,3,Computer,1,20,E Wallet,Male,3,4,Fashion,1,Single,3,0,14,4,8,6,173.01,0
52849,9,Mobile Phone,2,15,UPI,Male,2,2,Laptop & Accessory,2,Single,3,0,13,2,6,9,184.6,1
52850,5,Mobile Phone,2,19,E Wallet,Female,2,1,Grocery,5,Married,6,0,26,1,5,1,133.97,0
52851,12,Mobile Phone,3,13,Credit Card,Male,1,3,Mobile Phone,1,Married,2,1,18,2,5,8,166.35,0
52852,3,Mobile Phone,1,25,E Wallet,Female,4,2,Mobile Phone,3,Married,7,1,20,3,7,4,138.8,1
52853,2,Computer,1,14,Credit Card,Female,2,3,Grocery,2,Divorced,1,1,12,3,6,2,123.73,0
52854,30,Mobile Phone,2,12,Debit Card,Female,2,2,Mobile Phone,3,Married,1,0,23,1,2,6,193.99,0
52855,1,Mobile Phone,1,28,Credit Card,Female,1,3,Laptop & Accessory,3,Married,1,0,19,0,3,9,148.8,0
52856,8,Mobile Phone,3,15,Credit Card,Female,2,4,Mobile Phone,2,Single,1,0,15,5,8,7,150.01,1
52857,2,Computer,2,18,E Wallet,Female,4,3,Mobile Phone,3,Married,2,0,24,2,4,4,140.93,0
52858,0,Computer,1,12,Credit Card,Female,2,2,Mobile Phone,2,Single,2,0,14,2,3,15,146.35,0
52859,0,Mobile Phone,1,18,E Wallet,Male,3,4,Laptop & Accessory,3,Single,5,0,26,0,2,7,126.52,0
52860,2,Mobile Phone,2,20,UPI,Female,5,4,Laptop & Accessory,4,Married,2,0,12,5,8,6,144.54,0
52861,24,Mobile Phone,2,11,Credit Card,Male,4,2,Fashion,4,Single,1,0,21,2,3,9,207.73,0
52862,3,Phone,1,22,Debit Card,Female,2,4,Fashion,3,Single,1,1,26,0,2,9,119.86,0
52863,36,Mobile Phone,1,14,Debit Card,Male,2,3,Laptop & Accessory,3,Married,3,0,22,2,5,2,232.96,0
52864,10,Mobile Phone,1,22,Debit Card,Male,4,3,Grocery,2,Divorced,2,0,20,3,6,7,162.93,0
52865,6,Mobile Phone,1,11,Debit Card,Male,5,5,Laptop & Accessory,3,Married,2,0,11,1,2,2,139.71,0
52866,10,Computer,2,12,Debit Card,Male,3,1,Fashion,3,Married,2,1,22,3,7,1,164.88,0
52867,8,Mobile Phone,3,16,E Wallet,Male,2,3,Laptop & Accessory,2,Married,2,0,18,0,4,6,162.94,0
52868,17,Mobile Phone,2,10,Debit Card,Female,2,1,Others,3,Married,8,1,12,1,2,7,175.35,0
52869,3,Computer,3,16,Debit Card,Female,3,4,Others,3,Single,8,0,21,1,3,10,138.42,0
52870,5,Computer,1,18,COD,Male,2,4,Laptop & Accessory,2,Single,4,1,14,2,3,10,144.01,1
52871,26,Computer,2,16,COD,Female,2,1,Laptop & Accessory,2,Married,2,0,15,2,4,5,213.78,0
52872,35,Computer,2,16,E Wallet,Male,3,1,Laptop & Accessory,1,Married,5,0,25,1,3,6,213.66,0
52873,26,Mobile Phone,2,10,Debit Card,Male,3,5,Grocery,5,Single,1,1,14,3,7,6,187.64,1
52874,6,Mobile Phone,2,8,UPI,Female,2,5,Laptop & Accessory,5,Married,3,0,22,3,6,7,178.63,0
52875,18,Phone,3,15,Credit Card,Male,2,5,Fashion,4,Single,5,1,17,1,3,10,176.57,0
52876,7,Mobile Phone,2,7,Debit Card,Male,1,5,Grocery,3,Single,2,0,26,0,2,7,148.34,1
52877,8,Computer,1,7,Credit Card,Male,2,3,Mobile Phone,5,Married,2,0,18,2,3,5,157.13,0
52878,2,Computer,2,12,Debit Card,Male,4,5,Fashion,3,Divorced,3,0,14,4,8,5,165.28,1
52879,10,Mobile Phone,3,10,COD,Male,4,4,Grocery,1,Single,5,0,23,2,6,7,143.5,0
52880,2,Mobile Phone,3,18,UPI,Male,3,1,Fashion,3,Single,4,1,20,1,3,2,145.82,0
52881,4,Computer,2,15,Debit Card,Female,3,4,Laptop & Accessory,2,Married,2,0,12,2,3,16,137.53,0
52882,23,Computer,2,18,Credit Card,Male,3,4,Mobile Phone,4,Single,1,0,12,1,5,3,186.81,0
52883,2,Computer,2,22,Credit Card,Female,4,2,Laptop & Accessory,2,Married,2,0,12,2,4,1,163.28,1
52884,0,Mobile Phone,3,26,UPI,Female,2,4,Mobile Phone,3,Married,1,0,22,0,2,3,135.78,0
52885,0,Mobile Phone,3,20,Credit Card,Female,2,3,Mobile Phone,5,Married,7,1,13,1,5,1,130.09,1
52886,33,Mobile Phone,3,16,Debit Card,Female,1,4,Others,5,Married,2,0,26,1,5,6,212.7,0
52887,8,Mobile Phone,2,10,Debit Card,Male,2,4,Laptop & Accessory,3,Single,7,1,22,2,4,28,159.64,1
52888,6,Mobile Phone,1,24,Debit Card,Female,2,5,Mobile Phone,2,Divorced,3,0,26,1,4,4,151.7,1
52889,19,Phone,3,9,COD,Female,4,1,Fashion,3,Married,4,1,26,4,6,10,169.73,0
52890,21,Computer,3,22,COD,Female,2,4,Mobile Phone,5,Single,6,0,20,4,5,4,171.53,0
52891,4,Computer,3,27,Credit Card,Female,3,3,Laptop & Accessory,2,Single,10,0,12,1,5,4,150.25,0
52892,14,Mobile Phone,1,18,Debit Card,Female,4,4,Fashion,1,Married,7,0,23,1,4,6,170.01,0
52893,17,Mobile Phone,2,10,Credit Card,Male,3,3,Others,4,Single,2,0,14,1,2,2,187.72,0
52894,12,Phone,1,12,E Wallet,Male,2,3,Laptop & Accessory,3,Married,4,0,12,1,5,3,191.69,0
52895,1,Mobile Phone,3,17,Debit Card,Female,1,1,Laptop & Accessory,5,Married,2,0,22,1,5,13,136.72,0
52896,25,Mobile Phone,1,11,Credit Card,Male,4,3,Mobile Phone,4,Divorced,3,0,18,2,4,5,174.5,0
52897,9,Mobile Phone,2,7,Debit Card,Male,3,3,Fashion,1,Single,3,0,16,0,1,6,169.27,0
52898,3,Computer,1,16,Credit Card,Female,3,2,Fashion,4,Married,1,0,17,2,6,1,109.95,0
52899,6,Computer,1,18,E Wallet,Female,2,6,Laptop & Accessory,2,Married,5,1,11,0,4,3,113.97,1
52900,0,Mobile Phone,2,19,Credit Card,Male,2,4,Laptop & Accessory,1,Single,2,0,18,1,2,4,125.91,0
52901,1,Computer,1,12,Credit Card,Female,3,3,Others,3,Married,2,0,19,3,6,3,128.17,0
52902,17,Mobile Phone,2,15,E Wallet,Male,1,4,Laptop & Accessory,3,Married,2,1,13,3,4,7,175.34,0
52903,0,Mobile Phone,3,16,E Wallet,Female,4,2,Mobile Phone,2,Married,3,0,13,4,7,3,137.07,0
52904,6,Computer,3,8,Debit Card,Male,3,3,Fashion,3,Married,3,0,25,1,2,6,138.28,0
52905,8,Computer,1,12,Credit Card,Female,4,4,Mobile Phone,4,Married,3,0,13,4,7,17,169.91,1
52906,0,Computer,3,16,UPI,Male,3,2,Laptop & Accessory,3,Married,2,0,16,1,5,11,136.34,0
52907,43,Computer,1,18,Credit Card,Male,3,2,Laptop & Accessory,4,Divorced,2,1,26,0,4,2,248.12,0
52908,3,Computer,3,28,E Wallet,Female,3,1,Laptop & Accessory,3,Married,2,1,25,2,4,3,150.25,0
52909,4,Computer,3,17,Credit Card,Male,4,6,Mobile Phone,3,Single,2,1,19,3,7,11,162.08,1
52910,4,Computer,1,9,Debit Card,Male,2,3,Laptop & Accessory,3,Single,3,0,15,1,4,2,128.42,0
52911,3,Computer,2,11,Debit Card,Female,3,3,Grocery,2,Single,4,0,22,0,2,6,157.36,0
52912,0,Phone,1,22,Credit Card,Male,3,2,Fashion,3,Married,4,1,24,2,3,13,115.82,1
52913,15,Phone,3,33,Credit Card,Female,3,3,Laptop & Accessory,3,Divorced,5,1,21,0,4,32,167.72,1
52914,40,Mobile Phone,2,10,UPI,Female,3,4,Fashion,5,Married,2,0,17,1,3,4,223.02,0
52915,3,Computer,2,12,Credit Card,Female,2,5,Grocery,3,Single,3,1,14,4,7,10,171.73,0
52916,13,Mobile Phone,2,33,E Wallet,Male,1,2,Others,1,Married,3,0,20,2,4,6,138.32,1
52917,16,Mobile Phone,3,30,E Wallet,Male,4,2,Fashion,4,Married,3,0,12,3,4,3,150.51,0
52918,22,Computer,3,19,Credit Card,Male,4,2,Grocery,3,Married,3,0,16,1,4,6,192.19,0
52919,6,Mobile Phone,2,12,E Wallet,Female,3,3,Fashion,3,Married,5,1,25,3,7,13,151.98,1
52920,4,Mobile Phone,3,10,E Wallet,Male,4,3,Laptop & Accessory,4,Married,1,1,13,1,3,21,150.11,0
52921,4,Computer,3,12,Credit Card,Female,3,4,Grocery,2,Married,2,0,19,1,5,11,164.62,1
52922,14,Mobile Phone,3,13,Debit Card,Female,4,4,Fashion,4,Married,3,0,22,2,6,2,187.38,0
52923,20,Mobile Phone,1,13,COD,Female,3,3,Fashion,4,Single,3,0,24,1,2,3,165.32,0
52924,2,Phone,1,8,E Wallet,Male,2,3,Grocery,2,Married,1,1,20,0,4,5,105.31,0
52925,5,Mobile Phone,1,10,E Wallet,Male,4,3,Laptop & Accessory,4,Married,3,0,24,2,3,11,151.34,0
52926,27,Mobile Phone,2,16,E Wallet,Female,4,4,Laptop & Accessory,2,Single,4,1,12,0,1,7,213.73,0
52927,19,Mobile Phone,1,12,E Wallet,Male,2,3,Fashion,4,Single,2,0,25,1,2,4,183.88,0
52928,50,Mobile Phone,2,9,Credit Card,Female,4,4,Mobile Phone,3,Divorced,6,0,23,1,4,4,261.75,0
52929,16,Computer,2,10,COD,Female,1,4,Mobile Phone,4,Single,4,0,14,1,5,4,162.27,0
52930,5,Computer,2,14,E Wallet,Female,4,5,Mobile Phone,1,Married,3,0,23,0,2,1,145.09,0
52931,10,Mobile Phone,2,8,UPI,Female,3,4,Grocery,2,Single,2,0,14,2,4,9,166.8,0
52932,12,Computer,1,26,Credit Card,Female,2,2,Laptop & Accessory,3,Single,9,1,13,8,11,12,184.04,0
52933,0,Mobile Phone,3,9,COD,Male,4,4,Mobile Phone,4,Married,3,0,13,4,5,11,148.72,0
52934,9,Mobile Phone,3,20,E Wallet,Female,2,3,Mobile Phone,3,Divorced,1,0,24,1,2,9,165.87,1
52935,14,Computer,2,32,E Wallet,Male,2,4,Fashion,5,Married,1,0,12,3,7,7,168.65,0
52936,2,Computer,3,9,Debit Card,Male,3,5,Laptop & Accessory,3,Single,2,1,14,1,2,2,125.48,1
52937,18,Computer,1,10,E Wallet,Male,4,3,Fashion,2,Married,1,1,12,1,4,7,174.88,0
52938,10,Mobile Phone,3,14,Credit Card,Female,2,4,Laptop & Accessory,3,Married,1,1,13,2,3,16,176.68,1
52939,36,Mobile Phone,1,12,E Wallet,Female,3,2,Mobile Phone,1,Married,4,0,22,2,3,4,241.28,0
52940,0,Mobile Phone,2,23,Credit Card,Female,4,2,Laptop & Accessory,1,Divorced,2,1,13,0,4,5,147.71,1
52941,3,Mobile Phone,1,14,Debit Card,Female,3,3,Mobile Phone,3,Married,2,1,21,1,2,1,131.37,1
52942,11,Computer,2,10,Credit Card,Male,3,1,Fashion,5,Divorced,7,1,19,2,6,1,172.8,0
52943,4,Mobile Phone,1,21,Credit Card,Male,4,4,Others,2,Single,3,1,24,3,5,10,136.83,1
52944,15,Computer,2,13,E Wallet,Female,3,3,Mobile Phone,4,Married,2,1,22,0,2,4,144.56,0
52945,17,Mobile Phone,1,10,Credit Card,Male,4,4,Fashion,3,Married,2,0,22,2,4,1,170.93,0
52946,1,Mobile Phone,3,11,Credit Card,Female,3,4,Laptop & Accessory,1,Single,7,0,26,2,3,7,145.84,0
52947,8,Mobile Phone,2,9,E Wallet,Female,3,3,Fashion,2,Married,2,1,15,1,2,2,150.09,0
52948,8,Mobile Phone,1,7,E Wallet,Male,3,4,Laptop & Accessory,3,Single,2,0,20,1,3,20,152.82,1
52949,5,Computer,1,9,COD,Male,2,3,Grocery,2,Single,2,1,25,2,5,13,141.42,1
52950,32,Mobile Phone,3,14,Credit Card,Female,2,3,Mobile Phone,5,Married,2,0,22,1,5,2,225.89,0
52951,21,Mobile Phone,1,13,E Wallet,Male,3,4,Mobile Phone,3,Married,4,1,23,3,4,10,206.72,0
52952,14,Computer,2,8,Debit Card,Male,2,3,Mobile Phone,2,Single,5,0,18,1,3,17,183.0,0
52953,15,Computer,2,10,UPI,Female,3,2,Others,4,Single,2,0,23,1,4,3,181.32,0
52954,7,Mobile Phone,1,19,E Wallet,Male,3,4,Fashion,2,Married,6,0,17,1,2,9,121.14,0
52955,30,Mobile Phone,1,19,E Wallet,Female,4,3,Laptop & Accessory,5,Married,2,0,22,0,4,3,170.74,0
52956,14,Computer,2,15,Debit Card,Female,3,2,Fashion,2,Single,4,0,21,4,6,3,174.76,0
52957,15,Phone,1,9,COD,Male,2,4,Mobile Phone,4,Single,3,0,12,3,7,4,181.93,0
52958,23,Computer,1,23,COD,Male,4,3,Mobile Phone,3,Married,1,0,14,3,7,11,166.65,0
52959,3,Mobile Phone,1,14,Credit Card,Female,3,3,Fashion,4,Married,5,0,16,0,4,16,126.2,0
52960,19,Phone,1,11,Credit Card,Male,4,2,Mobile Phone,1,Single,3,0,26,0,2,6,198.87,0
52961,2,Mobile Phone,1,10,UPI,Female,4,4,Laptop & Accessory,2,Single,3,0,25,4,7,11,151.89,1
52962,5,Mobile Phone,3,20,Credit Card,Female,3,3,Laptop & Accessory,2,Married,3,0,18,1,5,2,143.08,0
52963,4,Computer,2,6,Credit Card,Female,2,3,Grocery,1,Single,4,0,24,4,6,4,145.94,0
52964,46,Mobile Phone,3,17,E Wallet,Male,2,1,Fashion,2,Single,1,0,23,4,8,1,263.44,0
52965,23,Mobile Phone,1,12,E Wallet,Female,4,3,Grocery,4,Single,4,1,26,0,4,1,184.88,0
52966,14,Mobile Phone,1,24,Credit Card,Female,1,3,Mobile Phone,4,Married,2,0,13,1,3,17,168.21,0
52967,15,Mobile Phone,3,38,Credit Card,Female,4,2,Fashion,2,Single,2,1,17,0,4,30,166.07,0
52968,9,Computer,2,11,Credit Card,Female,3,2,Fashion,3,Single,1,0,25,1,3,9,155.79,0
52969,35,Computer,1,23,UPI,Female,4,4,Laptop & Accessory,4,Married,1,0,18,1,2,1,211.4,0
52970,8,Mobile Phone,2,17,UPI,Female,3,3,Laptop & Accessory,4,Married,5,1,13,1,3,3,116.25,0
52971,5,Mobile Phone,2,16,E Wallet,Male,3,3,Fashion,3,Divorced,2,0,25,0,1,8,139.16,0
52972,2,Phone,3,8,Credit Card,Male,3,5,Fashion,4,Married,4,0,24,2,6,7,158.1,0
52973,18,Computer,1,12,E Wallet,Female,4,4,Laptop & Accessory,3,Married,2,0,12,1,4,9,177.27,1
52974,15,Mobile Phone,2,22,Credit Card,Female,3,1,Mobile Phone,5,Married,5,1,13,2,5,8,164.46,1
52975,5,Phone,3,25,E Wallet,Female,3,4,Fashion,4,Married,3,1,23,1,4,4,160.44,1
52976,0,Computer,3,29,Credit Card,Female,2,2,Laptop & Accessory,4,Married,2,0,18,0,2,4,128.4,0
52977,21,Mobile Phone,3,12,Credit Card,Male,4,2,Laptop & Accessory,4,Single,4,0,24,1,3,2,180.96,0
52978,0,Mobile Phone,1,18,Credit Card,Male,3,1,Grocery,1,Single,3,1,14,2,6,2,135.71,0
52979,14,Mobile Phone,3,12,UPI,Female,4,3,Others,3,Married,3,0,25,3,5,2,153.02,0
52980,42,Computer,3,16,COD,Male,5,3,Mobile Phone,3,Single,4,1,12,1,4,3,231.63,0
52981,6,Mobile Phone,3,18,Debit Card,Male,3,4,Laptop & Accessory,2,Married,9,1,24,4,6,8,172.41,0
52982,3,Mobile Phone,3,12,Credit Card,Male,2,1,Mobile Phone,3,Single,2,0,14,1,4,1,136.08,1
52983,14,Mobile Phone,3,19,Credit Card,Female,4,2,Laptop & Accessory,4,Married,3,0,13,1,4,5,157.82,0
52984,20,Phone,1,14,Credit Card,Female,2,3,Mobile Phone,2,Divorced,2,0,26,3,7,8,195.89,0
52985,9,Mobile Phone,1,15,COD,Female,2,3,Laptop & Accessory,3,Married,2,0,13,1,2,4,166.9,0
52986,40,Phone,3,8,Credit Card,Female,1,1,Grocery,1,Married,1,1,24,5,8,11,240.3,0
52987,0,Phone,1,12,UPI,Male,1,5,Laptop & Accessory,1,Married,2,0,24,2,4,19,132.06,0
52988,8,Mobile Phone,1,12,E Wallet,Male,4,4,Mobile Phone,3,Married,1,1,22,0,1,5,154.86,0
52989,15,Mobile Phone,2,40,Debit Card,Female,2,3,Fashion,4,Married,3,0,13,2,6,0,184.91,1
52990,23,Mobile Phone,3,11,E Wallet,Female,2,3,Fashion,3,Single,1,0,17,3,6,30,199.8,0
52991,2,Phone,1,14,E Wallet,Male,2,3,Laptop & Accessory,3,Single,1,1,15,2,6,15,124.13,0
52992,19,Mobile Phone,2,11,E Wallet,Male,3,3,Mobile Phone,3,Married,3,0,22,0,2,3,176.97,0
52993,9,Mobile Phone,1,14,Debit Card,Male,2,3,Mobile Phone,3,Married,2,0,15,1,5,5,175.54,1
52994,6,Mobile Phone,1,16,Debit Card,Male,2,3,Laptop & Accessory,3,Divorced,2,0,21,4,6,7,138.1,0
52995,1,Mobile Phone,1,10,E Wallet,Male,3,3,Mobile Phone,3,Single,3,1,20,2,6,7,137.0,1
52996,24,Phone,1,22,Credit Card,Female,1,3,Laptop & Accessory,1,Divorced,2,0,23,1,2,7,186.24,0
52997,2,Computer,3,10,COD,Male,3,3,Laptop & Accessory,4,Married,1,0,24,3,5,17,141.72,1
52998,4,Computer,3,8,Credit Card,Female,5,2,Laptop & Accessory,5,Single,1,0,21,3,7,3,162.82,0
52999,4,Mobile Phone,3,15,Debit Card,Female,4,2,Mobile Phone,3,Married,5,0,11,3,7,7,139.46,0
53000,24,Mobile Phone,1,33,E Wallet,Female,1,1,Fashion,3,Married,4,0,13,3,4,11,167.5,0
53001,13,Phone,2,7,Credit Card,Female,3,3,Others,4,Single,2,1,15,1,5,4,160.72,1
53002,19,Mobile Phone,1,9,Credit Card,Female,3,6,Fashion,1,Married,2,0,19,3,4,7,181.22,0
53003,3,Phone,1,21,Debit Card,Male,4,3,Laptop & Accessory,1,Divorced,3,0,18,6,10,7,158.72,0
53004,11,Mobile Phone,2,11,Debit Card,Male,1,2,Laptop & Accessory,2,Divorced,1,0,25,0,2,3,165.37,0
53005,10,Mobile Phone,3,16,Debit Card,Female,2,1,Fashion,1,Married,6,0,12,1,5,10,170.84,0
53006,21,Computer,1,23,Credit Card,Female,4,3,Laptop & Accessory,1,Married,3,0,24,0,2,13,159.08,0
53007,28,Phone,1,20,E Wallet,Male,4,6,Laptop & Accessory,5,Single,6,0,11,4,7,6,218.26,1
53008,0,Phone,3,16,Debit Card,Female,3,6,Fashion,2,Married,7,0,26,3,6,6,122.9,1
53009,13,Mobile Phone,2,16,E Wallet,Male,1,2,Mobile Phone,3,Divorced,3,1,25,4,6,6,150.97,0
53010,0,Mobile Phone,3,16,UPI,Female,4,4,Mobile Phone,3,Married,3,0,13,3,5,6,147.42,1
53011,9,Computer,3,17,E Wallet,Male,2,2,Others,2,Single,2,1,26,4,7,10,173.28,1
53012,4,Computer,2,26,E Wallet,Female,1,4,Mobile Phone,3,Single,5,0,13,3,6,10,129.76,1
53013,4,Computer,1,9,Debit Card,Female,4,4,Fashion,2,Married,7,0,15,0,2,9,131.78,0
53014,5,Mobile Phone,3,9,Debit Card,Male,3,1,Others,3,Married,1,1,22,2,6,1,167.57,1
53015,11,Phone,1,19,Credit Card,Male,2,2,Fashion,3,Single,4,0,25,1,3,5,153.34,0
53016,4,Computer,1,11,E Wallet,Female,4,1,Mobile Phone,5,Single,1,0,23,0,1,6,131.16,0
53017,15,Computer,3,8,E Wallet,Male,3,3,Mobile Phone,5,Divorced,1,0,20,1,5,8,196.12,1
53018,6,Mobile Phone,2,29,COD,Female,3,1,Others,3,Single,2,0,24,1,2,5,149.33,0
53019,0,Mobile Phone,1,16,E Wallet,Female,4,3,Laptop & Accessory,2,Married,4,0,15,2,5,7,143.32,1
53020,18,Phone,2,30,Credit Card,Male,3,3,Laptop & Accessory,4,Married,1,0,25,0,3,15,166.38,0
53021,4,Computer,3,20,E Wallet,Female,2,3,Others,2,Single,2,0,25,0,3,2,124.44,1
53022,6,Computer,1,13,Debit Card,Male,5,3,Mobile Phone,3,Married,3,0,25,1,4,4,157.33,0
53023,13,Phone,1,15,UPI,Female,2,6,Fashion,3,Married,4,0,18,1,4,6,148.19,0
53024,4,Computer,1,23,Credit Card,Male,5,2,Fashion,5,Single,2,0,16,3,4,5,149.61,0
53025,0,Mobile Phone,1,8,Debit Card,Female,1,4,Laptop & Accessory,3,Married,3,0,13,2,5,7,143.97,1
53026,5,Mobile Phone,3,23,Debit Card,Female,3,3,Mobile Phone,3,Single,3,0,19,1,3,0,130.79,0
53027,34,Mobile Phone,3,15,COD,Male,3,3,Laptop & Accessory,1,Married,2,1,22,1,4,1,202.68,0
53028,12,Mobile Phone,2,14,E Wallet,Female,4,2,Grocery,4,Divorced,6,1,22,2,3,6,160.57,0
53029,13,Mobile Phone,1,37,Debit Card,Male,4,2,Fashion,2,Married,2,0,22,2,6,2,149.77,0
53030,12,Mobile Phone,1,26,Debit Card,Female,2,3,Grocery,3,Divorced,4,0,13,1,2,6,189.7,0
53031,2,Mobile Phone,1,10,Credit Card,Female,2,5,Laptop & Accessory,2,Married,4,0,15,1,5,9,162.42,0
53032,6,Mobile Phone,1,17,Debit Card,Female,2,5,Fashion,5,Married,3,0,13,2,6,1,172.94,0
53033,16,Mobile Phone,1,10,Debit Card,Male,2,3,Laptop & Accessory,1,Married,2,0,14,1,5,1,174.64,0
53034,1,Mobile Phone,2,18,E Wallet,Male,3,3,Laptop & Accessory,5,Single,5,0,16,2,5,9,122.57,0
53035,3,Mobile Phone,1,34,E Wallet,Female,4,2,Mobile Phone,3,Divorced,4,1,11,0,4,18,113.52,1
53036,3,Computer,3,29,COD,Male,3,4,Mobile Phone,5,Divorced,3,0,24,1,2,9,110.79,0
53037,6,Mobile Phone,3,18,Debit Card,Male,3,2,Fashion,3,Married,2,0,13,4,7,15,171.16,0
53038,47,Mobile Phone,2,17,UPI,Male,3,3,Laptop & Accessory,1,Married,3,0,23,3,6,4,276.38,0
53039,0,Computer,1,14,Credit Card,Female,3,2,Laptop & Accessory,2,Single,1,0,20,4,6,12,117.81,0
53040,8,Computer,3,35,Credit Card,Male,3,4,Fashion,3,Single,3,1,20,2,6,8,168.48,0
53041,2,Mobile Phone,3,22,Debit Card,Female,4,2,Mobile Phone,5,Married,4,0,17,0,3,9,174.54,0
53042,42,Computer,1,12,COD,Female,3,3,Mobile Phone,4,Single,6,1,20,3,7,15,249.39,0
53043,1,Phone,3,16,COD,Male,3,3,Laptop & Accessory,3,Divorced,4,0,13,3,6,19,132.55,1
53044,6,Computer,3,16,UPI,Male,5,2,Laptop & Accessory,3,Married,2,1,20,1,4,5,145.03,1
53045,16,Mobile Phone,2,11,Debit Card,Male,4,2,Mobile Phone,3,Divorced,1,0,13,0,1,7,164.2,0
53046,14,Computer,1,16,UPI,Female,4,4,Mobile Phone,4,Married,2,0,13,2,3,7,160.27,1
53047,6,Mobile Phone,2,19,E Wallet,Male,1,3,Mobile Phone,4,Married,2,1,26,2,5,1,144.3,0
53048,5,Computer,2,10,Debit Card,Female,3,3,Fashion,3,Married,1,1,16,4,8,1,126.1,1
53049,6,Phone,2,24,Debit Card,Male,3,5,Grocery,4,Divorced,7,0,24,1,2,9,142.83,1
53050,3,Mobile Phone,3,11,E Wallet,Female,3,3,Fashion,3,Married,3,0,20,0,2,0,147.07,0
53051,2,Phone,3,13,UPI,Female,3,4,Grocery,3,Single,7,0,11,0,2,5,143.96,0
53052,7,Mobile Phone,1,11,UPI,Male,3,3,Fashion,3,Married,2,0,26,2,5,4,126.03,0
53053,3,Phone,2,10,Credit Card,Female,4,3,Laptop & Accessory,4,Married,4,1,13,0,2,3,143.75,0
53054,4,Computer,2,26,Credit Card,Male,4,1,Laptop & Accessory,3,Divorced,3,1,22,4,6,7,150.89,1
53055,12,Mobile Phone,1,28,E Wallet,Female,3,5,Mobile Phone,5,Married,2,0,22,2,5,4,154.35,0
53056,41,Computer,1,12,E Wallet,Male,4,2,Laptop & Accessory,5,Married,2,1,15,3,7,11,243.06,0
53057,11,Mobile Phone,3,24,Debit Card,Female,4,3,Fashion,4,Single,2,0,17,1,2,5,143.69,1
53058,0,Mobile Phone,2,8,E Wallet,Male,2,4,Fashion,3,Married,1,0,18,2,4,2,144.02,1
53059,0,Computer,1,13,Credit Card,Female,1,3,Mobile Phone,3,Married,2,0,16,1,5,5,133.7,0
53060,36,Mobile Phone,1,9,Credit Card,Male,1,1,Fashion,3,Married,3,0,21,4,5,5,234.02,0
53061,4,Computer,2,36,Debit Card,Female,3,5,Others,1,Married,2,1,20,1,2,2,144.66,1
53062,1,Mobile Phone,2,26,Credit Card,Female,3,1,Mobile Phone,4,Single,2,0,18,3,5,1,122.89,0
53063,10,Mobile Phone,1,8,Debit Card,Male,3,1,Mobile Phone,5,Married,5,0,15,2,4,2,142.37,0
53064,11,Phone,2,11,COD,Female,4,2,Mobile Phone,3,Married,3,0,23,2,4,5,149.6,0
53065,12,Mobile Phone,1,13,E Wallet,Male,2,3,Laptop & Accessory,2,Single,4,1,11,1,4,3,158.41,1
53066,3,Computer,1,15,COD,Female,4,5,Laptop & Accessory,3,Single,2,0,19,2,4,2,161.83,0
53067,0,Computer,2,9,Debit Card,Female,1,5,Mobile Phone,1,Married,3,0,19,3,7,26,145.17,1
53068,40,Computer,1,21,E Wallet,Female,4,3,Others,4,Single,4,0,13,0,2,11,231.92,0
53069,3,Phone,3,24,COD,Male,4,4,Grocery,4,Married,2,1,25,3,4,8,143.0,1
53070,13,Computer,1,17,Debit Card,Male,3,4,Fashion,4,Divorced,2,0,23,0,3,19,179.42,0
53071,14,Mobile Phone,2,17,Debit Card,Male,2,3,Fashion,3,Single,5,0,25,2,4,2,167.82,0
53072,11,Computer,1,11,E Wallet,Male,1,4,Grocery,3,Married,4,1,13,3,7,1,162.83,1
53073,4,Mobile Phone,1,13,Credit Card,Male,4,2,Others,2,Married,5,0,19,2,5,17,140.49,0
53074,3,Mobile Phone,3,17,Debit Card,Male,2,2,Fashion,5,Single,1,0,25,3,6,3,159.29,0
53075,10,Phone,2,17,COD,Male,3,2,Mobile Phone,3,Single,4,0,16,0,4,5,190.56,1
53076,24,Computer,3,15,E Wallet,Female,3,1,Laptop & Accessory,3,Married,1,1,19,4,6,6,193.83,0
53077,35,Computer,2,23,Credit Card,Female,3,5,Laptop & Accessory,3,Single,2,0,22,0,1,7,208.91,0
53078,1,Computer,2,19,Debit Card,Female,3,4,Fashion,4,Married,1,0,19,3,6,7,136.76,1
53079,2,Computer,3,24,Debit Card,Male,3,2,Mobile Phone,5,Married,4,1,25,0,2,26,123.83,1
53080,34,Phone,2,16,Debit Card,Male,4,2,Laptop & Accessory,3,Married,3,1,17,1,4,1,235.65,0
53081,16,Mobile Phone,2,16,Credit Card,Male,3,6,Laptop & Accessory,3,Married,3,0,19,1,5,10,187.6,0
53082,25,Mobile Phone,3,22,Credit Card,Female,2,4,Mobile Phone,3,Married,2,0,14,2,6,6,202.19,0
53083,2,Mobile Phone,3,10,Debit Card,Female,4,3,Fashion,1,Married,1,0,13,1,2,5,145.32,0
53084,10,Computer,1,47,COD,Male,3,2,Mobile Phone,5,Single,4,1,12,0,2,15,165.53,0
53085,14,Mobile Phone,2,11,Credit Card,Female,3,1,Fashion,2,Married,4,0,24,1,3,18,160.55,0
53086,13,Mobile Phone,1,11,Debit Card,Male,3,3,Laptop & Accessory,3,Married,4,0,13,4,7,3,166.21,1
53087,6,Mobile Phone,1,24,E Wallet,Male,3,4,Others,3,Divorced,10,1,19,4,8,2,123.28,0
53088,0,Phone,2,19,Debit Card,Female,4,2,Others,5,Single,5,0,24,1,4,3,156.87,0
53089,10,Computer,3,21,E Wallet,Male,3,1,Mobile Phone,5,Divorced,2,0,13,4,8,12,156.56,0
53090,3,Mobile Phone,2,16,E Wallet,Female,4,3,Fashion,1,Divorced,1,0,23,1,5,6,149.79,1
53091,7,Mobile Phone,3,10,COD,Male,4,3,Fashion,2,Married,2,1,26,2,4,1,176.64,1
53092,37,Mobile Phone,1,31,Credit Card,Male,2,5,Others,4,Married,5,1,15,3,6,12,216.67,0
53093,6,Mobile Phone,2,23,Debit Card,Female,1,4,Mobile Phone,3,Married,1,0,13,3,4,3,152.41,0
53094,21,Mobile Phone,3,12,Debit Card,Male,4,3,Fashion,3,Divorced,4,0,17,1,5,9,196.79,0
53095,2,Phone,1,22,Debit Card,Male,2,4,Laptop & Accessory,3,Married,6,0,18,0,3,18,145.47,1
53096,13,Phone,1,12,UPI,Male,1,3,Laptop & Accessory,3,Single,1,0,12,0,2,12,161.22,0
53097,45,Mobile Phone,2,13,E Wallet,Male,3,2,Fashion,2,Single,4,0,15,1,5,18,234.92,0
53098,1,Mobile Phone,3,13,COD,Male,2,2,Others,3,Single,2,0,23,1,2,1,144.34,0
53099,0,Mobile Phone,2,11,Credit Card,Male,2,2,Fashion,3,Married,10,0,11,0,4,9,117.91,1
53100,6,Mobile Phone,2,16,UPI,Female,2,5,Mobile Phone,4,Divorced,5,0,19,1,2,8,157.77,0
53101,1,Mobile Phone,2,23,Debit Card,Female,3,5,Fashion,3,Single,2,1,12,1,2,7,136.17,0
53102,16,Mobile Phone,1,19,COD,Female,4,1,Grocery,1,Married,1,1,12,3,7,10,172.23,0
53103,29,Mobile Phone,3,21,Debit Card,Male,1,3,Grocery,2,Married,1,0,20,0,1,8,187.09,0
53104,6,Computer,1,17,E Wallet,Male,3,3,Grocery,1,Married,3,0,16,2,3,1,124.9,0
53105,3,Computer,1,7,Credit Card,Female,2,3,Laptop & Accessory,3,Married,7,1,26,1,2,5,136.27,0
53106,6,Computer,2,40,Debit Card,Female,3,2,Fashion,2,Married,5,0,23,3,7,7,127.99,0
53107,15,Mobile Phone,3,25,E Wallet,Female,2,2,Fashion,1,Single,3,1,18,1,2,4,143.73,1
53108,0,Phone,3,17,UPI,Male,2,4,Laptop & Accessory,4,Single,2,1,16,2,6,14,155.66,1
53109,10,Phone,3,10,E Wallet,Male,4,5,Mobile Phone,4,Divorced,1,0,25,1,3,18,152.69,1
53110,11,Mobile Phone,1,20,Credit Card,Male,5,2,Laptop & Accessory,4,Married,2,0,12,1,3,17,172.64,0
53111,12,Mobile Phone,1,15,Credit Card,Male,3,2,Mobile Phone,2,Single,5,1,15,0,2,5,144.09,0
53112,3,Mobile Phone,1,17,Debit Card,Female,2,3,Fashion,3,Single,3,0,21,1,5,6,151.88,0
53113,15,Mobile Phone,3,23,UPI,Male,3,4,Laptop & Accessory,3,Married,3,1,19,0,1,24,157.71,1
53114,1,Mobile Phone,3,18,Debit Card,Male,4,2,Laptop & Accessory,1,Married,3,0,12,3,7,3,128.74,0
53115,2,Computer,3,28,COD,Male,2,3,Fashion,5,Married,2,1,17,3,7,5,136.62,0
53116,25,Mobile Phone,1,13,E Wallet,Male,2,4,Grocery,4,Married,5,0,15,0,2,20,180.5,0
53117,16,Mobile Phone,2,8,Credit Card,Male,3,2,Laptop & Accessory,2,Single,4,0,20,2,3,14,181.83,0
53118,0,Mobile Phone,2,15,UPI,Female,3,1,Others,2,Married,2,1,25,4,6,8,141.73,1
53119,3,Phone,3,13,E Wallet,Male,1,5,Fashion,5,Married,1,0,16,2,4,2,171.65,0
53120,2,Mobile Phone,2,19,Credit Card,Female,4,4,Fashion,2,Married,4,0,13,2,5,22,149.12,0
53121,3,Computer,3,11,Credit Card,Male,3,3,Laptop & Accessory,1,Married,8,0,18,0,3,20,122.24,0
53122,3,Mobile Phone,1,13,Debit Card,Female,2,1,Others,4,Divorced,1,0,14,1,3,4,113.92,0
53123,0,Mobile Phone,1,19,Credit Card,Female,1,4,Mobile Phone,4,Divorced,1,0,18,1,5,9,162.97,1
53124,7,Computer,1,14,Debit Card,Male,5,2,Mobile Phone,3,Married,3,0,24,1,4,6,140.42,0
53125,15,Mobile Phone,1,24,E Wallet,Female,4,2,Mobile Phone,3,Married,3,0,17,1,5,4,172.67,0
53126,11,Mobile Phone,1,11,Debit Card,Female,2,3,Mobile Phone,4,Single,1,1,26,2,6,9,146.96,0
53127,13,Mobile Phone,1,9,UPI,Female,3,5,Grocery,5,Divorced,3,0,22,2,3,5,159.44,0
53128,1,Computer,1,20,E Wallet,Male,3,6,Laptop & Accessory,4,Married,1,0,12,3,4,3,149.36,0
53129,36,Computer,2,9,UPI,Male,3,3,Mobile Phone,2,Married,3,1,26,1,4,1,262.56,0
53130,21,Mobile Phone,3,7,Debit Card,Female,2,5,Fashion,3,Married,1,0,12,1,5,15,170.15,0
53131,19,Computer,3,9,E Wallet,Male,2,3,Laptop & Accessory,4,Single,2,0,24,0,3,7,170.67,1
53132,20,Mobile Phone,1,25,UPI,Male,1,1,Fashion,4,Single,9,0,15,2,6,7,184.79,0
53133,32,Computer,1,12,Debit Card,Female,5,2,Mobile Phone,5,Divorced,2,0,11,3,7,1,259.47,0
53134,9,Mobile Phone,1,13,COD,Male,4,2,Laptop & Accessory,1,Married,2,0,16,1,5,11,138.49,0
53135,2,Computer,3,21,Credit Card,Male,3,4,Laptop & Accessory,1,Divorced,2,1,16,2,3,4,143.75,1
53136,11,Phone,2,23,Debit Card,Female,3,2,Laptop & Accessory,1,Married,3,0,26,2,4,5,129.12,0
53137,16,Phone,1,21,Credit Card,Male,2,2,Fashion,4,Married,1,1,25,1,4,18,147.62,1
53138,16,Mobile Phone,3,20,Debit Card,Female,3,3,Laptop & Accessory,5,Single,5,0,22,3,4,15,174.6,0
53139,8,Computer,1,12,UPI,Male,3,2,Fashion,3,Single,2,0,14,1,4,5,161.76,0
53140,0,Mobile Phone,3,16,Debit Card,Female,3,3,Grocery,3,Married,5,1,17,0,3,1,134.08,1
53141,5,Phone,1,9,Credit Card,Male,1,1,Laptop & Accessory,4,Married,1,1,14,3,4,8,157.49,1
53142,30,Mobile Phone,1,13,E Wallet,Female,3,3,Laptop & Accessory,5,Married,2,0,11,3,7,6,228.01,0
53143,10,Mobile Phone,2,8,E Wallet,Male,4,5,Laptop & Accessory,5,Married,9,0,25,4,7,5,163.28,0
53144,9,Mobile Phone,3,24,Debit Card,Male,2,4,Mobile Phone,3,Divorced,1,1,14,1,5,15,147.01,1
53145,3,Mobile Phone,3,13,E Wallet,Male,4,1,Others,5,Divorced,3,0,11,1,3,12,132.71,1
53146,5,Computer,2,16,Debit Card,Male,4,3,Laptop & Accessory,4,Married,2,0,22,2,5,3,144.89,0
53147,27,Phone,1,12,E Wallet,Female,2,2,Laptop & Accessory,4,Married,3,1,24,3,6,16,191.16,0
53148,13,Computer,2,25,COD,Male,3,1,Fashion,1,Married,1,0,24,1,4,9,177.66,0
53149,18,Computer,3,9,Debit Card,Male,1,3,Grocery,2,Divorced,5,1,14,2,3,8,159.94,0
53150,7,Computer,2,10,Debit Card,Female,3,3,Grocery,3,Divorced,3,1,16,1,5,12,165.47,1
53151,11,Mobile Phone,3,16,Credit Card,Female,3,1,Mobile Phone,4,Single,5,0,23,0,4,8,160.31,0
53152,3,Mobile Phone,2,16,Debit Card,Male,4,3,Fashion,2,Married,4,0,15,0,1,11,134.77,0
53153,14,Mobile Phone,2,24,Debit Card,Female,3,2,Fashion,4,Married,1,0,21,2,4,12,167.59,1
53154,6,Mobile Phone,2,17,Debit Card,Male,3,2,Fashion,5,Married,5,0,17,2,5,8,153.58,0
53155,7,Mobile Phone,3,16,Credit Card,Male,4,2,Fashion,5,Single,2,0,15,0,1,8,131.46,0
53156,12,Mobile Phone,3,11,Debit Card,Male,4,4,Laptop & Accessory,3,Married,3,0,22,0,2,2,179.39,0
53157,33,Mobile Phone,2,25,Credit Card,Female,1,3,Mobile Phone,2,Single,1,0,14,1,4,7,229.73,0
53158,0,Mobile Phone,2,14,Credit Card,Female,3,2,Fashion,4,Married,2,0,13,1,2,2,117.12,1
53159,20,Phone,1,12,E Wallet,Male,2,1,Fashion,4,Married,2,1,13,2,3,11,175.06,0
53160,4,Mobile Phone,1,11,COD,Male,2,4,Laptop & Accessory,1,Single,5,0,25,1,3,9,145.75,0
53161,7,Mobile Phone,3,16,Credit Card,Male,3,3,Mobile Phone,3,Single,3,0,17,2,4,12,144.16,0
53162,0,Computer,1,9,Credit Card,Female,2,2,Grocery,4,Divorced,2,0,12,3,7,2,133.48,0
53163,4,Mobile Phone,3,9,Debit Card,Male,1,3,Fashion,3,Married,7,0,15,0,2,3,144.95,0
53164,8,Mobile Phone,3,9,E Wallet,Male,3,4,Fashion,2,Married,2,0,19,0,1,21,143.42,1
53165,0,Mobile Phone,3,32,COD,Female,3,2,Laptop & Accessory,1,Single,3,0,11,2,3,5,127.79,1
53166,8,Mobile Phone,3,28,E Wallet,Male,4,3,Mobile Phone,2,Single,2,0,20,2,6,5,157.44,0
53167,31,Mobile Phone,2,11,Debit Card,Female,3,1,Fashion,3,Single,2,1,16,2,6,7,192.69,0
53168,1,Mobile Phone,3,17,UPI,Male,4,5,Fashion,2,Single,5,0,11,0,1,8,154.3,0
53169,17,Computer,1,21,E Wallet,Female,3,3,Fashion,1,Single,3,0,17,5,6,6,169.82,0
53170,6,Computer,2,18,Debit Card,Female,2,2,Mobile Phone,1,Single,1,0,12,2,5,6,137.53,0
53171,12,Mobile Phone,3,9,E Wallet,Male,3,3,Fashion,3,Divorced,1,0,21,1,4,12,132.61,0
53172,3,Mobile Phone,1,11,Debit Card,Female,3,3,Laptop & Accessory,3,Married,5,0,22,3,5,9,134.7,1
53173,2,Mobile Phone,3,17,Credit Card,Female,2,3,Fashion,4,Married,1,0,26,1,2,7,144.8,0
53174,2,Computer,3,9,Credit Card,Female,2,5,Grocery,3,Married,5,1,21,5,8,17,142.35,0
53175,0,Mobile Phone,3,25,Debit Card,Male,3,3,Laptop & Accessory,4,Divorced,2,0,25,1,4,6,114.15,1
53176,2,Computer,1,9,E Wallet,Female,3,6,Mobile Phone,1,Married,9,0,11,1,3,9,140.6,1
53177,13,Computer,2,16,UPI,Female,3,4,Grocery,3,Single,3,0,15,0,1,11,151.63,0
53178,25,Mobile Phone,1,22,Debit Card,Male,5,5,Fashion,3,Married,9,0,17,0,1,10,173.3,0
53179,20,Mobile Phone,3,23,Debit Card,Female,1,2,Mobile Phone,1,Single,3,0,16,0,3,7,165.23,0
53180,13,Mobile Phone,2,24,Credit Card,Female,3,1,Laptop & Accessory,5,Divorced,4,0,11,2,5,6,168.31,0
53181,1,Mobile Phone,2,11,UPI,Female,4,3,Fashion,5,Married,2,0,23,2,5,4,122.77,0
53182,4,Mobile Phone,2,12,Debit Card,Male,2,2,Fashion,4,Divorced,1,0,19,3,6,21,146.79,0
53183,4,Mobile Phone,1,18,UPI,Male,2,1,Fashion,2,Divorced,1,0,19,4,7,10,142.28,0
53184,3,Mobile Phone,1,20,COD,Female,2,1,Laptop & Accessory,1,Married,2,0,12,0,2,7,147.24,0
53185,8,Mobile Phone,1,20,Credit Card,Male,1,2,Fashion,5,Divorced,2,0,16,1,4,8,166.7,0
53186,9,Computer,2,21,Debit Card,Male,3,3,Laptop & Accessory,2,Married,2,1,11,0,3,12,145.86,0
53187,5,Mobile Phone,3,19,Debit Card,Male,3,5,Grocery,3,Married,7,0,24,2,5,2,134.64,0
53188,5,Phone,1,17,Debit Card,Male,4,3,Grocery,3,Married,1,1,11,2,3,12,134.58,0
53189,21,Phone,1,12,Debit Card,Female,1,3,Mobile Phone,2,Single,2,1,15,1,2,5,184.12,0
53190,18,Phone,2,18,UPI,Male,3,4,Grocery,4,Married,2,0,13,3,7,15,177.1,0
53191,4,Computer,3,30,Debit Card,Female,4,3,Mobile Phone,3,Single,4,0,20,2,6,13,139.84,0
53192,29,Mobile Phone,1,14,Debit Card,Male,4,3,Laptop & Accessory,5,Married,4,0,21,2,5,2,222.14,0
53193,36,Mobile Phone,1,13,Credit Card,Male,1,2,Mobile Phone,2,Married,1,0,21,0,3,8,234.32,0
53194,4,Computer,1,20,UPI,Male,1,5,Fashion,2,Married,1,1,24,1,3,2,151.97,1
53195,5,Computer,1,9,Debit Card,Female,4,3,Fashion,3,Married,1,0,19,3,5,1,126.54,0
53196,8,Computer,1,16,E Wallet,Female,2,3,Fashion,3,Single,2,0,15,3,5,4,125.52,1
53197,33,Phone,1,24,Credit Card,Female,3,3,Grocery,5,Married,4,0,16,1,4,7,208.05,0
53198,25,Mobile Phone,3,16,E Wallet,Male,1,4,Others,3,Single,5,0,14,1,2,3,188.98,0
53199,1,Mobile Phone,2,16,UPI,Female,2,2,Mobile Phone,3,Single,6,1,21,2,5,6,125.61,0
53200,5,Mobile Phone,1,7,Debit Card,Male,2,3,Fashion,2,Married,2,1,19,3,5,1,173.92,1
53201,9,Mobile Phone,2,14,Credit Card,Female,3,1,Mobile Phone,3,Married,5,1,25,1,3,7,152.69,0
53202,8,Mobile Phone,2,10,E Wallet,Female,3,1,Others,3,Divorced,4,1,17,1,3,5,151.75,1
53203,2,Computer,3,9,UPI,Female,2,3,Laptop & Accessory,3,Married,1,1,21,1,2,4,128.64,0
53204,23,Computer,1,15,Debit Card,Male,1,3,Fashion,5,Married,6,0,16,2,3,3,192.41,0
53205,13,Mobile Phone,3,20,Credit Card,Male,3,4,Mobile Phone,3,Single,3,0,21,3,5,5,188.25,0
53206,21,Phone,3,14,Debit Card,Male,2,6,Laptop & Accessory,2,Married,3,0,11,1,3,2,157.46,0
53207,23,Computer,1,22,UPI,Male,1,4,Fashion,2,Single,3,0,23,0,1,3,197.68,0
53208,16,Computer,3,20,UPI,Female,2,3,Mobile Phone,5,Married,1,1,26,0,1,4,170.46,0
53209,6,Mobile Phone,2,12,Credit Card,Male,2,3,Mobile Phone,5,Single,1,0,26,2,4,9,155.15,0
53210,11,Computer,2,13,Debit Card,Male,3,3,Fashion,3,Divorced,2,0,18,3,7,2,188.65,0
53211,2,Computer,1,7,Debit Card,Male,4,1,Laptop & Accessory,4,Married,3,0,18,2,3,10,136.69,0
53212,13,Mobile Phone,1,35,E Wallet,Male,2,6,Laptop & Accessory,3,Single,1,0,13,2,5,13,136.34,1
53213,2,Mobile Phone,2,10,COD,Female,2,6,Mobile Phone,5,Married,1,0,24,1,5,10,165.93,1
53214,14,Phone,1,17,UPI,Male,2,5,Fashion,2,Married,7,1,25,0,4,3,156.19,1
53215,3,Mobile Phone,2,15,E Wallet,Male,2,3,Others,1,Married,2,0,21,0,2,10,119.98,1
53216,1,Mobile Phone,1,29,Credit Card,Male,4,3,Mobile Phone,1,Divorced,1,0,13,0,2,2,146.66,1
53217,2,Mobile Phone,2,18,COD,Female,2,4,Fashion,4,Single,1,1,19,1,5,8,152.28,1
53218,0,Computer,2,15,UPI,Male,1,2,Mobile Phone,3,Single,2,0,14,0,4,7,138.43,1
53219,15,Computer,1,26,Credit Card,Female,3,4,Grocery,5,Single,5,0,16,0,4,4,153.93,0
53220,15,Mobile Phone,2,17,E Wallet,Female,3,2,Others,3,Single,2,0,22,1,3,3,165.56,1
53221,8,Mobile Phone,2,11,Credit Card,Male,3,4,Laptop & Accessory,5,Married,4,0,25,3,4,7,172.17,0
53222,2,Phone,1,19,E Wallet,Male,5,4,Fashion,3,Divorced,2,0,26,2,3,6,105.03,0
53223,1,Computer,1,9,COD,Male,2,2,Others,4,Married,2,0,20,0,1,1,144.71,0
53224,0,Computer,1,10,Debit Card,Male,2,3,Mobile Phone,2,Divorced,2,0,20,6,8,8,150.58,0
53225,2,Mobile Phone,1,13,E Wallet,Male,2,4,Mobile Phone,3,Single,4,0,17,2,3,20,121.57,1
53226,26,Mobile Phone,3,9,Credit Card,Male,3,5,Others,2,Divorced,4,1,14,2,5,3,233.01,0
53227,3,Mobile Phone,2,13,COD,Female,3,4,Laptop & Accessory,4,Married,3,0,25,0,2,5,114.78,0
53228,5,Computer,1,6,Debit Card,Female,3,5,Laptop & Accessory,2,Divorced,4,0,15,0,4,9,130.34,0
53229,1,Mobile Phone,1,16,E Wallet,Male,2,5,Grocery,3,Divorced,2,1,21,2,5,7,125.05,1
53230,3,Mobile Phone,1,19,Debit Card,Male,3,5,Fashion,3,Divorced,3,1,22,1,3,0,109.15,1
53231,8,Mobile Phone,2,12,Debit Card,Male,4,3,Laptop & Accessory,2,Single,5,1,23,1,3,6,158.51,1
53232,11,Mobile Phone,1,8,Credit Card,Female,3,2,Fashion,2,Married,1,0,13,1,4,3,147.54,0
53233,3,Computer,2,15,Credit Card,Male,3,3,Grocery,3,Single,3,0,26,5,7,3,135.35,1
53234,0,Mobile Phone,1,20,COD,Female,2,2,Laptop & Accessory,3,Single,1,0,16,1,5,6,129.9,0
53235,5,Computer,3,9,Debit Card,Female,4,3,Laptop & Accessory,2,Married,2,1,15,2,4,6,147.03,1
53236,3,Phone,1,47,Debit Card,Male,1,3,Fashion,3,Divorced,3,1,14,2,3,20,135.43,1
53237,2,Mobile Phone,2,17,Debit Card,Female,3,4,Laptop & Accessory,1,Single,4,1,24,2,4,7,128.79,0
53238,38,Computer,3,21,Credit Card,Male,4,3,Others,4,Divorced,2,0,15,2,6,6,252.0,0
53239,11,Phone,2,41,Debit Card,Female,4,3,Fashion,4,Divorced,4,0,15,7,11,2,172.79,1
53240,9,Phone,3,18,COD,Male,2,5,Fashion,4,Single,1,0,14,0,1,10,143.59,0
53241,6,Mobile Phone,2,11,Credit Card,Male,3,3,Laptop & Accessory,3,Single,2,1,13,3,7,2,174.56,1
53242,6,Mobile Phone,2,12,UPI,Female,1,3,Mobile Phone,3,Single,3,0,26,2,4,8,136.92,0
53243,9,Mobile Phone,2,24,E Wallet,Female,4,4,Laptop & Accessory,2,Married,1,0,12,2,4,5,140.33,0
53244,14,Computer,3,22,E Wallet,Female,2,2,Grocery,4,Single,3,0,18,1,4,6,161.29,0
53245,14,Computer,2,24,COD,Male,3,2,Mobile Phone,3,Single,4,0,13,2,3,13,167.89,0
53246,2,Computer,3,20,COD,Male,5,3,Mobile Phone,3,Married,5,1,24,4,5,3,153.31,1
53247,8,Mobile Phone,1,18,Debit Card,Female,4,3,Fashion,3,Married,4,0,11,1,3,12,148.7,0
53248,6,Mobile Phone,2,6,COD,Female,2,3,Fashion,5,Married,6,0,24,2,4,11,115.44,0
53249,24,Computer,3,21,Credit Card,Female,2,5,Fashion,1,Married,3,1,24,0,2,0,183.36,1
53250,11,Mobile Phone,1,18,Debit Card,Female,2,3,Laptop & Accessory,5,Single,4,0,12,1,2,12,165.41,0
53251,9,Computer,3,10,E Wallet,Male,3,5,Laptop & Accessory,3,Married,5,1,16,2,4,7,162.09,1
53252,1,Mobile Phone,1,12,Debit Card,Male,3,2,Laptop & Accessory,4,Single,3,1,26,5,8,7,134.87,1
53253,11,Mobile Phone,3,22,Credit Card,Female,2,2,Grocery,5,Single,6,0,12,3,5,8,146.36,0
53254,1,Mobile Phone,2,41,UPI,Male,2,3,Mobile Phone,5,Single,3,1,18,3,7,24,144.62,1
53255,4,Mobile Phone,1,24,Debit Card,Male,2,2,Laptop & Accessory,3,Single,2,1,12,1,2,7,131.25,1
53256,1,Mobile Phone,3,31,Debit Card,Male,3,3,Mobile Phone,3,Single,2,0,17,4,8,2,138.87,0
53257,14,Mobile Phone,1,8,COD,Male,4,4,Laptop & Accessory,3,Divorced,2,0,25,2,5,12,212.14,0
53258,2,Mobile Phone,1,25,Credit Card,Male,1,4,Grocery,3,Divorced,4,0,19,2,6,13,150.72,0
53259,5,Mobile Phone,1,21,Credit Card,Male,3,2,Laptop & Accessory,2,Divorced,3,1,11,1,4,3,122.81,0
53260,27,Mobile Phone,2,18,COD,Male,4,3,Mobile Phone,5,Single,6,0,11,2,6,6,222.62,1
53261,2,Computer,3,13,COD,Male,3,3,Others,4,Divorced,5,0,25,5,8,1,155.08,1
53262,8,Mobile Phone,1,19,Debit Card,Male,2,4,Laptop & Accessory,1,Married,3,1,16,0,1,5,157.59,1
53263,6,Computer,2,23,Credit Card,Female,3,2,Laptop & Accessory,5,Married,2,0,12,1,3,2,137.63,0
53264,0,Computer,1,16,COD,Female,4,3,Fashion,5,Married,8,0,25,2,4,13,140.36,0
53265,18,Computer,3,11,Debit Card,Female,2,1,Others,3,Single,3,1,14,2,3,10,181.22,0
53266,0,Phone,1,28,Credit Card,Female,5,3,Others,4,Single,10,0,14,2,6,2,132.57,1
53267,7,Mobile Phone,1,14,Credit Card,Male,2,2,Fashion,2,Single,2,0,21,2,6,18,149.63,0
53268,9,Computer,1,18,E Wallet,Male,2,2,Grocery,2,Single,5,0,11,2,3,5,154.96,1
53269,11,Phone,2,7,Debit Card,Male,4,2,Mobile Phone,5,Married,2,1,11,1,4,25,177.57,0
53270,14,Computer,3,11,Credit Card,Male,4,4,Mobile Phone,3,Married,3,0,12,1,4,5,163.63,0
53271,3,Mobile Phone,2,25,Debit Card,Female,1,2,Mobile Phone,1,Married,10,0,18,2,5,4,176.23,0
53272,0,Mobile Phone,1,24,Debit Card,Male,2,3,Mobile Phone,4,Married,3,1,18,2,6,2,146.62,0
53273,15,Mobile Phone,2,19,Debit Card,Female,4,3,Fashion,3,Single,5,0,14,0,2,10,189.21,0
53274,9,Computer,3,7,Debit Card,Male,2,4,Grocery,2,Divorced,2,0,21,3,5,10,153.11,0
53275,21,Computer,1,12,UPI,Male,1,2,Fashion,3,Married,3,0,16,2,3,10,173.7,0
53276,20,Mobile Phone,1,35,COD,Male,2,6,Grocery,3,Single,3,0,18,1,5,15,183.49,1
53277,22,Mobile Phone,1,16,E Wallet,Male,3,2,Fashion,4,Married,2,0,14,0,4,0,199.12,0
53278,7,Computer,3,22,Credit Card,Female,4,3,Grocery,3,Married,1,0,26,0,1,6,132.61,0
53279,4,Mobile Phone,2,11,Debit Card,Female,2,3,Fashion,4,Married,4,0,24,1,3,5,121.35,0
53280,18,Computer,2,16,Debit Card,Male,2,3,Fashion,3,Married,8,0,25,3,5,15,193.2,1
53281,7,Computer,1,12,Credit Card,Male,3,4,Laptop & Accessory,1,Divorced,3,0,17,3,5,8,132.14,0
53282,2,Mobile Phone,1,13,E Wallet,Male,3,2,Grocery,1,Married,1,0,24,1,4,2,122.33,0
53283,23,Computer,3,11,Debit Card,Female,3,3,Grocery,2,Single,4,0,18,1,3,10,188.51,1
53284,25,Mobile Phone,1,14,COD,Female,2,3,Grocery,4,Married,10,0,25,1,3,13,186.76,0
53285,7,Computer,3,15,E Wallet,Female,1,3,Fashion,1,Married,4,0,11,1,3,21,158.56,1
53286,0,Phone,2,21,COD,Male,2,2,Fashion,2,Single,2,0,23,3,5,3,128.53,1
53287,5,Computer,1,8,Credit Card,Female,2,2,Laptop & Accessory,2,Single,8,0,17,5,8,5,183.71,1
53288,19,Mobile Phone,2,9,Credit Card,Male,1,3,Laptop & Accessory,3,Single,6,1,25,0,2,3,174.34,0
53289,27,Mobile Phone,3,16,Debit Card,Female,5,2,Laptop & Accessory,4,Divorced,4,1,23,2,5,15,205.23,0
53290,2,Mobile Phone,2,10,E Wallet,Male,2,4,Mobile Phone,3,Married,6,0,23,0,2,6,157.85,0
53291,0,Mobile Phone,3,10,COD,Male,4,3,Laptop & Accessory,3,Married,4,0,13,5,7,6,158.77,0
53292,25,Mobile Phone,1,30,Debit Card,Female,3,3,Grocery,5,Single,8,0,15,1,2,3,204.31,0
53293,5,Mobile Phone,2,21,Debit Card,Female,5,1,Others,3,Single,4,0,20,2,5,5,165.93,0
53294,9,Mobile Phone,3,14,Debit Card,Male,2,1,Fashion,4,Married,1,1,21,1,4,4,157.55,0
53295,41,Mobile Phone,3,11,COD,Male,2,2,Mobile Phone,2,Married,1,0,23,2,3,10,220.66,0
53296,0,Mobile Phone,2,31,Debit Card,Female,1,4,Laptop & Accessory,3,Single,2,0,25,3,6,3,123.86,0
53297,12,Phone,2,9,UPI,Male,3,3,Grocery,4,Married,1,0,25,2,3,1,138.14,1
53298,0,Computer,1,24,Debit Card,Male,2,2,Grocery,4,Married,3,0,15,2,5,8,136.33,0
53299,5,Mobile Phone,1,32,UPI,Male,4,4,Laptop & Accessory,2,Single,4,0,11,0,3,5,139.35,0
53300,19,Mobile Phone,1,16,Credit Card,Male,3,2,Laptop & Accessory,2,Single,1,0,18,0,2,7,160.91,0
53301,6,Mobile Phone,1,18,Debit Card,Male,3,2,Grocery,3,Single,1,0,16,0,4,14,123.51,0
53302,61,Mobile Phone,1,19,E Wallet,Male,3,4,Grocery,2,Married,4,0,26,1,3,21,298.56,0
53303,9,Mobile Phone,1,21,UPI,Male,2,1,Others,3,Divorced,1,0,18,0,3,1,139.87,1
53304,4,Computer,3,17,Credit Card,Male,1,2,Mobile Phone,4,Married,4,1,11,2,3,7,120.08,1
53305,2,Computer,2,18,E Wallet,Female,3,3,Fashion,2,Married,1,0,13,1,4,10,118.54,0
53306,5,Computer,2,11,Debit Card,Female,1,5,Grocery,3,Single,7,0,25,1,4,9,157.07,0
53307,5,Mobile Phone,3,7,COD,Female,4,2,Mobile Phone,4,Single,2,0,13,3,6,2,135.71,0
53308,0,Phone,1,23,Debit Card,Female,4,2,Mobile Phone,4,Married,1,0,13,2,6,3,130.34,1
53309,5,Phone,2,9,Debit Card,Female,3,5,Mobile Phone,2,Single,3,0,21,2,3,5,141.76,1
53310,7,Mobile Phone,2,29,Debit Card,Female,3,3,Laptop & Accessory,4,Single,4,0,19,3,6,2,154.85,0
53311,15,Mobile Phone,1,15,Debit Card,Female,3,1,Grocery,5,Single,6,0,26,1,5,2,163.38,0
53312,12,Mobile Phone,3,36,Credit Card,Female,3,2,Others,3,Single,5,0,23,2,5,4,162.71,1
53313,14,Mobile Phone,1,18,Credit Card,Female,3,3,Mobile Phone,2,Married,2,0,14,1,2,21,159.35,0
53314,0,Computer,1,13,Credit Card,Female,2,1,Fashion,3,Married,2,1,21,3,6,4,132.71,0
53315,2,Mobile Phone,1,20,Debit Card,Male,3,3,Mobile Phone,2,Married,2,0,16,5,9,6,159.61,1
53316,13,Mobile Phone,3,34,Debit Card,Male,4,3,Mobile Phone,3,Single,2,0,25,4,7,1,163.95,0
53317,7,Mobile Phone,2,16,UPI,Male,3,4,Laptop & Accessory,4,Single,4,1,25,4,6,8,156.49,0
53318,0,Mobile Phone,2,16,UPI,Male,1,2,Mobile Phone,1,Divorced,4,0,12,1,3,30,137.98,0
53319,19,Computer,2,15,Credit Card,Female,2,3,Laptop & Accessory,3,Married,3,0,24,3,4,2,163.36,0
53320,17,Computer,1,13,Credit Card,Male,3,5,Fashion,3,Married,1,0,21,2,6,8,178.42,0
53321,9,Computer,2,17,Debit Card,Male,4,2,Mobile Phone,3,Single,7,1,24,4,5,4,149.26,0
53322,0,Mobile Phone,2,19,UPI,Male,4,1,Fashion,4,Single,2,0,18,2,4,3,161.32,0
53323,17,Computer,1,36,COD,Male,4,6,Fashion,2,Single,5,0,15,0,3,16,170.21,1
53324,10,Mobile Phone,2,13,Debit Card,Female,5,1,Grocery,5,Married,4,0,18,0,4,21,153.61,0
53325,18,Computer,1,31,E Wallet,Male,2,4,Laptop & Accessory,5,Married,2,0,17,1,3,7,191.47,0
53326,16,Mobile Phone,1,19,Credit Card,Female,1,4,Grocery,3,Divorced,2,0,13,1,4,12,157.53,0
53327,19,Mobile Phone,3,20,Debit Card,Male,2,3,Others,1,Married,3,1,24,2,5,11,192.2,0
53328,8,Mobile Phone,2,12,Credit Card,Female,3,4,Fashion,5,Single,2,0,23,1,5,6,152.22,0
53329,1,Mobile Phone,2,15,Credit Card,Female,2,2,Laptop & Accessory,3,Married,6,0,20,1,4,11,144.12,1
53330,13,Phone,2,14,E Wallet,Male,1,4,Grocery,3,Married,6,0,14,2,5,7,162.41,0
53331,11,Mobile Phone,1,21,E Wallet,Male,3,4,Fashion,2,Single,4,0,26,1,2,5,138.34,1
53332,16,Mobile Phone,2,10,COD,Female,2,1,Grocery,1,Single,1,0,23,2,6,9,170.53,0
53333,2,Mobile Phone,3,10,Credit Card,Male,3,3,Mobile Phone,1,Married,5,0,23,0,1,17,112.94,0
53334,2,Computer,2,7,Credit Card,Female,1,5,Grocery,2,Single,4,0,13,2,3,3,129.08,1
53335,26,Mobile Phone,3,21,Credit Card,Female,5,5,Laptop & Accessory,5,Married,3,0,15,2,4,17,200.41,1
53336,16,Computer,3,9,Debit Card,Female,4,6,Fashion,4,Divorced,2,0,26,2,6,10,161.36,1
53337,28,Computer,2,16,E Wallet,Male,4,3,Fashion,3,Single,3,0,17,1,4,4,198.68,0
53338,17,Mobile Phone,3,9,UPI,Male,4,2,Grocery,2,Married,2,1,23,2,6,7,191.63,0
53339,10,Mobile Phone,2,16,Debit Card,Male,3,3,Grocery,1,Single,3,0,23,2,3,6,170.94,1
53340,12,Mobile Phone,2,15,COD,Male,1,4,Fashion,3,Married,4,1,24,2,4,4,176.64,1
53341,26,Computer,1,12,E Wallet,Female,3,2,Laptop & Accessory,5,Married,4,0,20,3,5,11,168.37,0
53342,10,Mobile Phone,2,19,E Wallet,Female,3,4,Grocery,5,Single,2,1,12,3,7,10,180.99,0
53343,12,Mobile Phone,3,12,COD,Male,2,4,Fashion,5,Divorced,1,0,23,1,4,11,181.33,1
53344,2,Computer,3,23,Credit Card,Female,3,4,Grocery,1,Married,2,0,18,1,3,10,134.44,1
53345,7,Computer,3,25,Debit Card,Female,3,2,Others,2,Single,6,0,14,1,5,8,143.6,1
53346,15,Mobile Phone,1,26,E Wallet,Male,3,4,Mobile Phone,1,Single,3,0,11,4,8,20,148.53,1
53347,3,Mobile Phone,1,16,UPI,Male,2,1,Fashion,2,Divorced,1,0,12,2,5,7,148.96,1
53348,2,Mobile Phone,1,20,Debit Card,Female,3,2,Others,1,Married,2,0,23,1,4,3,132.48,0
53349,4,Mobile Phone,1,16,Debit Card,Male,4,4,Laptop & Accessory,1,Married,3,0,19,4,6,2,116.51,0
53350,3,Mobile Phone,2,19,Debit Card,Female,4,4,Grocery,3,Divorced,2,0,26,3,5,10,152.17,0
53351,2,Phone,1,16,Credit Card,Female,2,2,Laptop & Accessory,2,Married,1,1,19,0,2,6,121.77,0
53352,6,Mobile Phone,2,17,COD,Male,5,5,Laptop & Accessory,1,Married,3,1,16,1,4,7,152.53,0
53353,28,Computer,2,30,Debit Card,Male,2,2,Grocery,3,Divorced,3,0,21,1,3,17,197.84,1
53354,8,Computer,1,7,UPI,Female,2,3,Others,2,Married,3,0,14,1,3,4,154.11,0
53355,2,Mobile Phone,1,17,UPI,Male,5,4,Laptop & Accessory,1,Single,1,0,13,1,5,1,117.8,0
53356,0,Computer,3,17,UPI,Male,4,3,Grocery,4,Divorced,4,0,23,5,9,11,142.46,0
53357,14,Mobile Phone,1,12,Debit Card,Male,4,3,Fashion,2,Single,4,1,19,1,3,10,126.05,0
53358,5,Phone,1,20,E Wallet,Female,1,2,Fashion,4,Divorced,2,0,24,1,4,6,149.92,0
53359,20,Computer,3,15,COD,Female,2,2,Mobile Phone,5,Divorced,1,0,19,3,6,4,217.52,0
53360,12,Mobile Phone,3,13,Debit Card,Female,1,2,Mobile Phone,5,Single,3,0,26,2,3,10,183.15,0
53361,19,Mobile Phone,3,17,Debit Card,Female,4,3,Mobile Phone,2,Single,8,1,11,1,3,8,172.12,1
53362,3,Mobile Phone,1,31,UPI,Female,2,3,Mobile Phone,4,Married,3,0,18,2,3,5,130.14,0
53363,14,Mobile Phone,1,42,E Wallet,Male,2,4,Others,1,Single,4,1,13,3,4,5,150.31,0
53364,3,Mobile Phone,3,14,E Wallet,Female,2,2,Grocery,3,Married,3,0,20,3,6,12,135.03,0
53365,33,Mobile Phone,3,14,COD,Female,3,4,Mobile Phone,3,Married,2,0,22,3,6,7,236.11,0
53366,12,Computer,2,15,E Wallet,Male,3,3,Fashion,2,Single,2,0,26,3,7,9,180.68,0
53367,4,Mobile Phone,1,8,Credit Card,Male,4,3,Fashion,4,Married,7,0,18,2,3,15,135.08,0
53368,3,Computer,1,15,Credit Card,Male,2,2,Grocery,5,Single,3,0,19,2,6,11,150.67,0
53369,2,Computer,1,7,Debit Card,Male,4,2,Laptop & Accessory,2,Single,1,1,26,3,7,19,160.71,1
53370,14,Mobile Phone,2,7,Credit Card,Male,3,4,Fashion,2,Married,1,0,14,2,6,7,164.19,0
53371,2,Computer,1,11,Credit Card,Male,3,2,Laptop & Accessory,2,Single,1,1,24,0,4,8,139.09,0
53372,10,Mobile Phone,3,19,Debit Card,Male,2,2,Laptop & Accessory,4,Married,3,0,11,1,3,7,138.07,1
53373,3,Mobile Phone,1,10,COD,Male,3,5,Fashion,1,Married,1,0,17,1,5,9,143.6,0
53374,13,Computer,3,18,Debit Card,Female,1,6,Grocery,1,Married,5,0,17,2,4,2,176.44,0
53375,20,Mobile Phone,1,14,Credit Card,Male,3,1,Mobile Phone,2,Married,2,1,13,2,4,8,165.19,0
53376,18,Computer,2,12,E Wallet,Male,3,3,Mobile Phone,3,Single,2,0,23,0,3,6,167.07,0
53377,17,Computer,1,23,E Wallet,Female,2,3,Grocery,2,Married,2,1,20,0,4,6,157.7,0
53378,2,Phone,3,16,E Wallet,Female,3,3,Laptop & Accessory,5,Married,3,0,23,4,7,13,147.36,0
53379,1,Computer,2,19,Credit Card,Male,4,2,Fashion,3,Single,10,0,26,2,4,5,106.53,0
53380,14,Computer,1,14,COD,Male,2,3,Laptop & Accessory,3,Single,5,0,13,2,4,10,160.95,1
53381,5,Mobile Phone,3,22,Credit Card,Female,2,3,Laptop & Accessory,1,Married,2,1,11,0,2,8,146.42,1
53382,6,Mobile Phone,2,10,E Wallet,Female,3,3,Fashion,4,Single,5,1,18,2,6,5,120.91,1
53383,0,Computer,3,26,COD,Male,3,4,Mobile Phone,4,Single,3,1,24,1,3,0,139.58,1
53384,3,Mobile Phone,3,6,Debit Card,Female,3,2,Laptop & Accessory,2,Married,4,0,22,4,7,0,183.79,0
53385,0,Mobile Phone,3,7,COD,Male,2,3,Mobile Phone,4,Married,3,0,24,2,5,12,130.72,0
53386,25,Mobile Phone,1,12,E Wallet,Male,1,4,Grocery,2,Married,4,0,21,2,6,5,199.03,0
53387,3,Computer,1,14,E Wallet,Female,1,5,Mobile Phone,4,Married,2,1,16,1,3,11,112.72,0
53388,9,Mobile Phone,3,13,Credit Card,Male,1,3,Mobile Phone,3,Married,2,0,15,4,6,9,153.07,0
53389,0,Computer,2,10,COD,Female,4,3,Laptop & Accessory,3,Single,3,0,17,3,6,4,143.86,0
53390,13,Mobile Phone,1,32,Debit Card,Male,2,4,Mobile Phone,4,Divorced,3,0,23,2,5,5,174.96,1
53391,4,Mobile Phone,3,15,Credit Card,Female,2,2,Laptop & Accessory,3,Divorced,2,0,23,3,5,3,141.9,1
53392,27,Mobile Phone,1,26,E Wallet,Female,5,3,Grocery,3,Married,4,0,16,0,1,13,185.3,0
53393,26,Mobile Phone,3,8,UPI,Female,4,1,Laptop & Accessory,2,Single,4,0,11,4,8,0,196.97,0
53394,4,Computer,3,11,Debit Card,Male,1,3,Others,4,Divorced,2,1,23,0,2,7,131.45,1
53395,27,Mobile Phone,3,10,Debit Card,Male,3,4,Mobile Phone,3,Single,1,0,26,2,5,16,197.7,0
53396,61,Mobile Phone,1,7,UPI,Male,3,1,Grocery,3,Married,1,0,25,0,1,7,266.78,0
53397,20,Mobile Phone,2,17,Credit Card,Male,1,4,Mobile Phone,2,Married,8,0,17,2,6,6,145.41,1
53398,22,Mobile Phone,2,12,Debit Card,Male,3,2,Laptop & Accessory,5,Single,2,0,23,2,4,7,175.68,0
53399,3,Mobile Phone,2,9,Debit Card,Female,5,2,Mobile Phone,3,Married,3,1,26,2,5,5,135.04,0
53400,10,Mobile Phone,1,11,E Wallet,Male,3,4,Laptop & Accessory,3,Married,4,0,19,1,2,2,151.67,0
53401,0,Phone,2,20,Credit Card,Female,3,2,Mobile Phone,5,Married,2,0,18,1,3,20,126.48,0
53402,1,Computer,2,28,UPI,Male,3,3,Mobile Phone,3,Single,4,0,18,1,2,2,137.2,0
53403,61,Mobile Phone,2,12,Debit Card,Male,3,2,Mobile Phone,1,Single,1,0,19,1,5,3,312.97,0
53404,4,Mobile Phone,3,11,UPI,Male,4,2,Mobile Phone,2,Single,1,0,21,0,4,3,181.05,0
53405,16,Mobile Phone,2,13,UPI,Male,1,3,Laptop & Accessory,4,Single,2,1,19,2,5,8,195.12,0
53406,19,Mobile Phone,1,11,Credit Card,Female,4,2,Laptop & Accessory,2,Married,2,0,18,2,6,25,165.4,1
53407,23,Computer,2,12,Debit Card,Female,4,3,Fashion,2,Single,1,0,24,2,4,1,193.75,1
53408,61,Computer,3,30,COD,Male,1,5,Fashion,3,Single,3,0,25,1,3,13,290.33,0
53409,3,Mobile Phone,1,21,Debit Card,Female,1,4,Laptop & Accessory,3,Married,3,1,14,1,3,4,150.78,0
53410,0,Computer,2,22,Credit Card,Female,3,4,Laptop & Accessory,3,Single,6,0,14,1,4,13,130.96,0
53411,6,Mobile Phone,1,10,Credit Card,Female,3,2,Mobile Phone,2,Single,4,0,25,5,6,4,133.27,0
53412,1,Mobile Phone,1,20,UPI,Female,5,4,Others,2,Single,3,0,25,1,3,13,106.32,1
53413,0,Mobile Phone,3,14,Credit Card,Female,2,4,Fashion,4,Married,3,0,20,1,3,13,121.78,0
53414,5,Mobile Phone,3,10,Credit Card,Male,3,5,Grocery,3,Married,3,0,18,2,5,12,161.13,0
53415,18,Phone,2,39,UPI,Male,3,2,Others,2,Single,2,0,19,2,4,10,181.68,1
53416,10,Mobile Phone,3,18,COD,Female,3,4,Fashion,2,Single,4,0,23,3,5,11,139.72,1
53417,4,Mobile Phone,3,29,Credit Card,Male,3,2,Mobile Phone,5,Divorced,4,1,20,2,4,8,156.75,0
53418,12,Phone,3,24,Credit Card,Female,3,1,Fashion,1,Single,3,0,14,0,3,6,176.78,0
53419,3,Computer,2,7,UPI,Male,1,3,Mobile Phone,3,Married,2,0,26,1,4,5,114.44,1
53420,0,Computer,2,10,UPI,Male,4,4,Others,3,Divorced,5,0,18,1,4,6,130.93,0
53421,17,Phone,2,20,Credit Card,Female,2,2,Mobile Phone,5,Married,1,0,24,2,4,1,185.15,0
53422,11,Mobile Phone,1,13,Credit Card,Female,2,1,Others,1,Married,1,0,21,0,1,5,129.56,0
53423,17,Computer,2,18,Debit Card,Male,3,3,Fashion,2,Divorced,1,0,26,1,4,12,185.37,1
53424,0,Computer,3,24,E Wallet,Female,3,2,Laptop & Accessory,5,Single,10,0,16,4,7,4,139.81,1
53425,21,Computer,3,7,UPI,Male,3,3,Laptop & Accessory,3,Single,2,0,24,1,4,2,198.98,0
53426,11,Computer,3,18,Debit Card,Male,3,5,Mobile Phone,3,Married,5,0,16,1,5,11,162.73,0
53427,9,Mobile Phone,1,12,Credit Card,Male,3,4,Mobile Phone,2,Married,1,0,24,5,7,15,190.39,1
53428,11,Computer,2,21,Credit Card,Female,3,3,Laptop & Accessory,1,Divorced,4,0,13,3,6,16,161.37,0
53429,23,Mobile Phone,1,26,UPI,Female,2,2,Grocery,2,Single,1,0,20,1,5,3,192.01,0
53430,10,Mobile Phone,1,15,E Wallet,Female,5,5,Laptop & Accessory,4,Divorced,3,1,23,1,3,12,139.43,0
53431,10,Mobile Phone,3,14,Credit Card,Female,3,4,Grocery,2,Divorced,2,0,25,1,5,1,165.5,0
53432,56,Phone,2,18,Debit Card,Male,2,3,Mobile Phone,2,Single,1,0,11,3,6,14,286.98,0
53433,16,Mobile Phone,3,21,E Wallet,Female,3,3,Fashion,2,Single,2,0,26,2,6,6,195.21,1
53434,7,Mobile Phone,1,35,Credit Card,Female,4,4,Mobile Phone,4,Divorced,1,0,21,4,7,22,167.46,0
53435,14,Mobile Phone,2,7,Credit Card,Male,2,3,Others,3,Divorced,2,1,15,3,7,5,182.31,0
53436,5,Phone,2,34,E Wallet,Female,2,3,Mobile Phone,1,Single,4,1,19,2,5,11,117.96,0
53437,3,Mobile Phone,1,25,Credit Card,Female,3,4,Mobile Phone,3,Single,5,0,25,4,6,3,156.44,1
53438,10,Computer,1,29,E Wallet,Male,2,2,Fashion,2,Married,2,1,26,2,6,10,144.98,1
53439,31,Computer,1,15,UPI,Female,4,5,Mobile Phone,3,Single,2,0,25,1,5,11,204.92,0
53440,31,Mobile Phone,2,13,UPI,Male,3,5,Fashion,5,Married,3,0,12,3,6,6,193.09,0
53441,5,Mobile Phone,3,8,Debit Card,Female,1,3,Fashion,2,Single,3,1,26,2,4,3,141.23,1
53442,9,Computer,3,12,Credit Card,Male,5,5,Fashion,2,Single,2,0,11,0,2,12,160.24,0
53443,2,Phone,3,20,Credit Card,Female,3,4,Others,5,Single,9,0,14,2,5,1,162.84,0
53444,61,Computer,3,11,Debit Card,Male,4,5,Others,4,Married,4,0,15,1,2,1,269.43,0
53445,47,Mobile Phone,3,16,E Wallet,Female,3,5,Laptop & Accessory,2,Married,4,1,21,0,3,5,239.91,0
53446,12,Computer,2,19,Credit Card,Female,3,2,Mobile Phone,1,Married,2,0,26,3,6,8,157.49,1
53447,19,Mobile Phone,2,21,E Wallet,Male,3,2,Mobile Phone,5,Single,4,1,23,0,1,11,179.12,1
53448,15,Computer,2,38,Debit Card,Female,3,2,Laptop & Accessory,1,Married,4,0,23,2,4,2,152.38,0
53449,10,Computer,3,16,Credit Card,Male,2,1,Fashion,3,Married,5,1,13,1,2,16,129.2,0
53450,0,Mobile Phone,1,21,Debit Card,Male,5,3,Others,2,Married,1,0,20,4,7,4,161.42,0
53451,7,Computer,1,13,E Wallet,Male,2,3,Laptop & Accessory,1,Married,1,0,20,4,7,12,121.99,0
53452,13,Computer,3,10,COD,Female,3,2,Laptop & Accessory,1,Married,3,0,18,0,2,3,159.1,0
53453,13,Computer,1,12,Credit Card,Male,1,2,Grocery,2,Divorced,2,0,18,0,3,4,143.46,0
53454,5,Mobile Phone,3,14,E Wallet,Male,5,1,Mobile Phone,3,Married,5,1,25,4,5,7,163.34,1
53455,34,Mobile Phone,3,19,Debit Card,Female,3,2,Mobile Phone,5,Married,1,0,19,2,3,2,224.86,0
53456,2,Computer,1,34,Credit Card,Male,4,2,Fashion,3,Single,2,1,18,4,6,5,138.73,1
53457,8,Mobile Phone,2,15,Credit Card,Male,3,4,Laptop & Accessory,5,Married,2,1,15,3,7,5,128.39,0
53458,14,Mobile Phone,3,13,Debit Card,Female,4,5,Mobile Phone,1,Single,5,0,20,1,2,3,148.62,0
53459,14,Phone,1,13,E Wallet,Female,3,2,Laptop & Accessory,2,Single,1,1,16,1,3,11,161.73,1
53460,12,Mobile Phone,3,18,Debit Card,Male,3,3,Mobile Phone,2,Married,4,0,12,0,3,3,169.37,0
53461,3,Phone,3,17,E Wallet,Female,3,4,Laptop & Accessory,3,Married,9,0,14,1,3,15,146.0,0
53462,2,Mobile Phone,1,17,Credit Card,Male,1,3,Fashion,5,Married,4,0,16,2,4,6,145.79,0
53463,12,Mobile Phone,1,15,COD,Female,2,4,Laptop & Accessory,2,Married,3,0,19,3,7,2,146.44,0
53464,10,Computer,1,22,Debit Card,Male,5,5,Fashion,3,Married,3,0,23,1,5,3,151.77,1
53465,2,Computer,1,7,Debit Card,Female,3,2,Fashion,5,Married,1,0,23,1,5,7,130.26,0
53466,14,Computer,1,20,COD,Female,4,1,Fashion,3,Divorced,2,1,13,0,2,2,157.4,0
53467,7,Mobile Phone,3,13,Debit Card,Male,2,3,Grocery,3,Divorced,3,0,21,3,6,6,156.94,0
53468,13,Computer,1,18,E Wallet,Male,3,3,Mobile Phone,3,Married,3,0,11,2,6,10,192.15,0
53469,21,Mobile Phone,3,20,Credit Card,Male,1,2,Fashion,2,Married,1,1,22,2,6,7,184.26,0
53470,2,Mobile Phone,1,12,E Wallet,Female,3,5,Grocery,3,Single,1,0,22,2,3,11,138.6,0
53471,0,Mobile Phone,2,40,Credit Card,Female,4,4,Fashion,4,Divorced,2,0,20,1,2,5,141.97,1
53472,18,Computer,2,10,E Wallet,Female,3,2,Mobile Phone,3,Single,3,0,12,1,5,1,160.1,0
53473,11,Mobile Phone,3,27,Debit Card,Male,1,4,Others,3,Married,1,1,23,1,3,3,159.64,0
53474,14,Mobile Phone,2,15,UPI,Male,2,4,Laptop & Accessory,1,Single,2,0,16,3,5,4,180.12,1
53475,21,Mobile Phone,1,23,Credit Card,Male,3,2,Mobile Phone,3,Single,2,0,15,2,3,13,164.23,0
53476,19,Mobile Phone,3,8,Credit Card,Male,4,1,Grocery,1,Single,4,1,22,1,3,9,194.45,0
53477,38,Mobile Phone,1,19,Credit Card,Female,2,4,Mobile Phone,2,Married,2,0,16,1,4,5,231.71,0
53478,9,Computer,1,15,COD,Male,3,1,Mobile Phone,5,Married,4,0,24,1,5,8,176.66,1
53479,8,Mobile Phone,2,20,UPI,Female,2,3,Laptop & Accessory,5,Divorced,1,0,16,3,5,3,172.66,0
53480,6,Computer,3,20,Credit Card,Female,1,2,Grocery,3,Married,2,0,11,2,4,1,150.94,0
53481,2,Computer,1,23,E Wallet,Female,3,5,Others,4,Married,2,0,22,5,7,2,138.47,0
53482,10,Mobile Phone,2,27,Credit Card,Male,3,2,Others,2,Married,2,1,12,1,2,4,162.26,1
53483,3,Computer,2,31,UPI,Female,2,2,Laptop & Accessory,1,Married,1,1,24,1,5,1,102.98,0
53484,30,Mobile Phone,3,9,Debit Card,Female,3,4,Laptop & Accessory,3,Divorced,8,0,15,5,7,3,200.69,0
53485,10,Computer,1,8,Credit Card,Female,2,2,Mobile Phone,5,Single,4,0,22,2,3,26,152.34,0
53486,10,Phone,1,13,Credit Card,Female,3,2,Laptop & Accessory,4,Married,1,1,22,4,7,7,170.33,0
53487,5,Mobile Phone,2,17,E Wallet,Male,3,2,Fashion,3,Single,1,0,16,4,6,10,191.6,0
53488,0,Computer,1,13,Debit Card,Male,4,3,Grocery,5,Divorced,4,1,19,2,3,0,143.52,0
53489,0,Mobile Phone,3,24,Debit Card,Male,3,2,Laptop & Accessory,2,Single,2,0,23,3,5,1,171.53,0
53490,6,Mobile Phone,2,29,E Wallet,Male,2,3,Laptop & Accessory,4,Single,3,1,12,2,6,10,148.55,1
53491,1,Computer,3,22,Debit Card,Female,4,4,Others,2,Married,4,1,19,2,6,7,126.75,0
53492,11,Mobile Phone,3,9,Debit Card,Male,4,2,Mobile Phone,5,Divorced,1,1,14,2,4,2,153.0,0
53493,25,Mobile Phone,3,28,E Wallet,Male,1,4,Laptop & Accessory,2,Single,3,1,13,3,5,22,196.29,1
53494,25,Mobile Phone,2,12,UPI,Female,1,4,Fashion,3,Single,3,0,14,3,6,7,174.09,1
53495,12,Computer,3,7,E Wallet,Female,2,4,Fashion,3,Married,2,1,16,0,3,7,158.94,0
53496,2,Mobile Phone,1,10,Credit Card,Female,4,2,Grocery,2,Married,2,0,25,1,2,14,132.95,0
53497,23,Phone,3,23,Debit Card,Male,2,3,Fashion,2,Married,1,0,22,2,5,22,162.95,0
53498,26,Mobile Phone,2,20,UPI,Male,3,4,Fashion,3,Married,9,1,16,1,3,11,194.14,0
53499,2,Mobile Phone,3,16,Debit Card,Male,3,1,Mobile Phone,4,Single,1,0,26,3,5,8,116.75,0
53500,16,Computer,2,14,Credit Card,Male,3,3,Fashion,4,Married,4,0,16,1,2,3,161.76,0
53501,4,Mobile Phone,3,9,Debit Card,Female,4,2,Others,3,Single,2,0,12,1,4,17,150.39,1
53502,19,Computer,3,13,E Wallet,Male,3,2,Others,2,Single,3,0,23,4,8,7,165.9,0
53503,61,Mobile Phone,3,8,Credit Card,Male,3,4,Fashion,1,Single,3,1,23,3,7,7,286.79,0
53504,0,Mobile Phone,3,20,COD,Male,2,3,Fashion,5,Single,6,0,16,0,4,4,147.69,0
53505,27,Mobile Phone,1,23,Debit Card,Female,3,3,Mobile Phone,5,Single,3,1,14,2,4,6,206.81,0
53506,11,Phone,1,21,UPI,Female,3,2,Mobile Phone,1,Divorced,5,0,13,0,4,11,161.18,1
53507,43,Computer,3,24,Credit Card,Female,2,3,Others,4,Divorced,5,1,26,2,6,2,251.29,0
53508,7,Computer,2,17,Credit Card,Male,3,2,Fashion,5,Single,3,1,25,3,7,21,140.28,0
53509,22,Mobile Phone,2,24,E Wallet,Male,3,5,Mobile Phone,4,Divorced,3,0,15,1,5,2,178.21,0
53510,0,Computer,1,6,E Wallet,Male,3,2,Fashion,2,Divorced,5,0,11,0,2,5,123.71,1
53511,4,Mobile Phone,1,15,Credit Card,Female,3,4,Laptop & Accessory,3,Single,1,1,15,2,5,0,138.22,0
53512,0,Phone,1,21,Debit Card,Male,2,5,Others,2,Married,3,0,17,2,4,1,140.54,1
53513,44,Computer,2,12,COD,Female,3,2,Mobile Phone,3,Single,3,0,18,2,3,8,247.68,0
53514,20,Computer,1,15,Credit Card,Female,3,1,Mobile Phone,5,Married,2,0,26,1,5,10,180.34,0
53515,22,Mobile Phone,1,15,COD,Female,3,4,Laptop & Accessory,4,Single,4,0,25,0,3,6,200.49,0
53516,33,Mobile Phone,2,16,E Wallet,Female,2,4,Fashion,3,Divorced,2,0,24,1,5,4,202.2,0
53517,1,Mobile Phone,2,11,E Wallet,Male,2,2,Others,5,Married,4,0,22,0,4,7,140.62,0
53518,5,Phone,1,15,Debit Card,Female,2,4,Fashion,1,Single,6,0,22,2,5,4,170.71,1
53519,0,Mobile Phone,2,23,Credit Card,Female,4,4,Mobile Phone,2,Married,3,0,14,1,4,3,150.72,0
53520,2,Mobile Phone,3,9,Credit Card,Male,4,3,Mobile Phone,3,Single,5,0,26,4,7,5,121.82,0
53521,3,Mobile Phone,2,11,Credit Card,Male,4,5,Fashion,3,Single,2,0,21,5,7,1,164.39,1
53522,7,Mobile Phone,3,15,Debit Card,Female,4,3,Fashion,5,Single,1,1,15,3,4,2,130.86,1
53523,3,Mobile Phone,3,20,Credit Card,Female,3,3,Laptop & Accessory,3,Single,3,0,24,3,4,5,103.01,0
53524,1,Computer,1,9,Debit Card,Male,3,1,Others,3,Divorced,2,0,21,6,8,0,153.68,0
53525,2,Computer,1,12,Debit Card,Male,2,5,Mobile Phone,4,Divorced,2,0,11,3,5,9,153.96,0
53526,1,Computer,2,30,Debit Card,Female,3,2,Fashion,5,Married,1,0,18,7,11,2,135.32,0
53527,43,Computer,2,16,E Wallet,Female,3,2,Others,3,Single,6,0,17,2,3,4,258.91,0
53528,17,Mobile Phone,2,20,E Wallet,Male,2,4,Fashion,3,Single,1,0,12,1,2,2,164.83,0
53529,41,Mobile Phone,1,24,COD,Male,1,1,Fashion,4,Married,2,1,21,2,3,8,218.39,0
53530,6,Mobile Phone,2,16,Credit Card,Male,3,3,Fashion,3,Single,3,0,13,1,3,14,149.43,0
53531,3,Phone,1,9,E Wallet,Male,3,2,Laptop & Accessory,3,Married,4,1,11,1,3,4,147.37,1
53532,19,Mobile Phone,3,14,Credit Card,Male,1,1,Others,5,Married,3,0,23,2,3,3,189.75,0
53533,4,Mobile Phone,1,20,E Wallet,Male,4,3,Mobile Phone,3,Single,1,0,25,2,3,4,127.76,1
53534,4,Mobile Phone,3,21,Credit Card,Male,3,3,Laptop & Accessory,2,Single,1,1,20,3,5,2,150.49,1
53535,3,Mobile Phone,1,12,E Wallet,Male,1,4,Others,3,Married,3,0,25,2,5,2,144.97,1
53536,1,Mobile Phone,1,12,Debit Card,Male,2,3,Fashion,3,Married,1,0,16,1,5,5,118.14,0
53537,3,Mobile Phone,1,12,Debit Card,Male,3,3,Fashion,3,Married,3,0,13,0,1,12,114.68,1
53538,5,Computer,3,21,Debit Card,Male,1,3,Others,2,Divorced,1,0,13,0,1,4,143.15,1
53539,13,Computer,1,13,Debit Card,Male,3,2,Mobile Phone,3,Single,1,0,26,1,2,2,151.96,0
53540,0,Mobile Phone,2,7,Credit Card,Female,3,1,Mobile Phone,2,Single,1,0,15,0,2,2,133.19,0
53541,2,Mobile Phone,3,14,E Wallet,Male,4,4,Laptop & Accessory,2,Married,4,0,14,3,4,28,153.24,0
53542,19,Computer,2,20,E Wallet,Male,4,3,Grocery,5,Married,3,0,16,1,3,0,179.25,0
53543,1,Mobile Phone,1,23,Debit Card,Female,4,2,Mobile Phone,5,Married,2,0,15,0,3,12,146.2,0
53544,5,Computer,3,12,E Wallet,Male,1,2,Mobile Phone,3,Married,1,0,23,2,6,15,155.77,0
53545,23,Mobile Phone,3,15,Debit Card,Female,3,4,Mobile Phone,4,Divorced,2,0,15,1,5,4,212.78,0
53546,2,Computer,2,15,Debit Card,Male,2,5,Fashion,1,Married,3,1,12,3,4,8,149.18,1
53547,1,Computer,2,14,E Wallet,Male,3,4,Fashion,2,Divorced,3,0,12,1,4,8,150.46,1
53548,7,Computer,3,14,E Wallet,Male,5,3,Mobile Phone,3,Divorced,1,1,12,0,1,2,138.63,1
53549,4,Computer,3,7,E Wallet,Female,2,4,Mobile Phone,4,Married,2,0,26,0,4,16,134.03,1
53550,9,Mobile Phone,2,19,Debit Card,Male,4,3,Laptop & Accessory,2,Married,2,1,24,4,6,3,165.85,1
53551,19,Mobile Phone,3,24,COD,Female,5,3,Mobile Phone,5,Married,2,0,14,2,3,12,168.17,0
53552,1,Mobile Phone,1,14,UPI,Male,5,4,Fashion,3,Divorced,5,0,24,2,3,31,153.48,1
53553,10,Computer,1,10,Credit Card,Male,4,3,Fashion,5,Married,2,0,12,5,7,4,171.72,0
53554,8,Mobile Phone,1,18,COD,Male,3,4,Laptop & Accessory,1,Married,3,0,13,2,3,9,159.16,0
53555,1,Computer,1,34,Debit Card,Female,2,2,Mobile Phone,3,Married,5,0,22,5,6,6,139.44,0
53556,11,Mobile Phone,2,18,Credit Card,Male,3,2,Others,2,Married,1,0,24,1,5,8,171.03,0
53557,3,Mobile Phone,2,17,COD,Male,3,4,Laptop & Accessory,5,Married,4,0,17,2,6,5,104.49,0
53558,8,Computer,1,10,Credit Card,Female,2,3,Laptop & Accessory,1,Divorced,4,1,26,5,7,15,178.54,1
53559,1,Mobile Phone,2,7,Credit Card,Female,3,3,Fashion,4,Single,6,0,17,1,4,6,95.56,0
53560,7,Mobile Phone,1,15,Debit Card,Female,2,3,Others,2,Married,3,0,13,1,3,4,134.94,0
53561,4,Mobile Phone,3,18,Debit Card,Male,3,5,Laptop & Accessory,5,Married,7,0,21,2,4,4,143.28,0
53562,20,Mobile Phone,3,27,Debit Card,Male,4,4,Mobile Phone,3,Single,3,0,16,4,7,4,198.71,0
53563,0,Computer,1,16,Credit Card,Male,3,3,Laptop & Accessory,2,Married,1,0,17,1,2,9,151.98,1
53564,6,Computer,3,8,Credit Card,Male,4,3,Laptop & Accessory,4,Married,4,0,12,2,5,4,149.12,0
53565,7,Mobile Phone,1,11,Debit Card,Female,3,3,Fashion,3,Married,1,0,19,2,5,8,162.62,0
53566,15,Mobile Phone,2,17,Credit Card,Male,1,4,Mobile Phone,1,Married,7,0,14,0,1,15,147.09,1
53567,10,Mobile Phone,3,17,E Wallet,Male,2,4,Mobile Phone,1,Single,1,1,16,1,5,7,179.03,0
53568,13,Mobile Phone,1,21,E Wallet,Male,4,2,Laptop & Accessory,2,Married,4,0,12,1,2,9,156.65,0
53569,18,Phone,2,11,UPI,Female,1,3,Fashion,4,Single,1,1,21,2,3,1,164.08,0
53570,23,Computer,1,28,Credit Card,Female,5,2,Fashion,3,Divorced,3,0,25,3,7,16,201.05,0
53571,4,Mobile Phone,1,19,Credit Card,Female,4,3,Fashion,3,Single,1,0,24,3,7,8,152.46,0
53572,9,Mobile Phone,2,11,E Wallet,Female,2,2,Fashion,1,Married,3,0,13,2,3,6,166.6,0
53573,21,Phone,3,14,Debit Card,Male,2,4,Fashion,4,Married,3,0,24,1,2,3,210.14,0
53574,54,Mobile Phone,2,9,E Wallet,Female,3,3,Others,3,Single,1,1,13,2,3,11,255.37,0
53575,26,Mobile Phone,3,21,Credit Card,Female,3,4,Laptop & Accessory,2,Married,1,0,25,2,5,6,163.73,0
53576,5,Computer,3,25,Credit Card,Male,1,5,Others,3,Single,4,0,13,3,4,16,169.42,1
53577,2,Mobile Phone,1,32,Debit Card,Male,2,5,Laptop & Accessory,4,Single,4,1,24,2,4,9,152.24,0
53578,8,Mobile Phone,2,15,Debit Card,Female,3,2,Grocery,1,Single,2,0,25,1,2,7,156.27,1
53579,16,Phone,2,17,Credit Card,Male,4,3,Fashion,1,Single,1,0,14,0,3,0,172.4,0
53580,8,Computer,2,17,Credit Card,Male,2,3,Fashion,1,Married,4,0,26,1,3,5,163.93,0
53581,7,Mobile Phone,1,24,COD,Female,3,4,Fashion,4,Divorced,3,0,11,1,3,6,135.86,0
53582,21,Mobile Phone,3,11,COD,Female,4,1,Fashion,5,Married,2,0,23,4,5,17,199.25,0
53583,5,Mobile Phone,3,14,E Wallet,Female,2,5,Mobile Phone,3,Married,8,1,16,1,2,11,129.67,0
53584,23,Computer,2,17,COD,Female,3,3,Laptop & Accessory,1,Married,2,0,12,2,4,21,220.2,0
53585,6,Mobile Phone,2,24,E Wallet,Male,4,3,Fashion,4,Single,4,0,22,3,7,12,147.69,0
53586,4,Mobile Phone,1,27,Credit Card,Female,2,6,Mobile Phone,5,Married,5,0,24,2,3,14,119.24,0
53587,7,Phone,2,23,E Wallet,Male,2,4,Laptop & Accessory,5,Single,7,0,15,3,5,2,163.17,0
53588,17,Mobile Phone,3,14,Debit Card,Male,3,3,Mobile Phone,4,Married,5,1,16,2,3,19,184.59,0
53589,1,Mobile Phone,3,20,E Wallet,Female,3,3,Grocery,3,Married,3,0,24,3,5,11,141.36,0
53590,2,Mobile Phone,1,16,Debit Card,Female,3,4,Fashion,3,Single,2,1,14,2,5,8,132.03,1
53591,36,Mobile Phone,2,13,UPI,Female,2,4,Others,3,Married,6,0,22,0,2,2,203.36,0
53592,2,Mobile Phone,2,16,Credit Card,Male,3,4,Mobile Phone,3,Divorced,8,0,15,2,5,7,169.15,0
53593,10,Phone,1,44,Debit Card,Male,2,1,Laptop & Accessory,3,Married,1,0,14,1,2,7,148.38,0
53594,10,Computer,1,11,UPI,Female,5,2,Mobile Phone,1,Married,6,0,13,2,6,5,145.02,0
53595,8,Mobile Phone,2,12,UPI,Female,3,2,Laptop & Accessory,4,Married,5,0,16,0,1,3,126.49,0
53596,12,Mobile Phone,2,15,UPI,Male,3,2,Fashion,1,Married,3,0,14,2,6,2,175.24,1
53597,3,Computer,1,23,E Wallet,Female,2,1,Laptop & Accessory,1,Married,4,0,22,1,5,23,148.34,0
53598,9,Mobile Phone,1,8,E Wallet,Male,5,4,Mobile Phone,1,Married,7,0,23,1,3,1,133.63,0
53599,5,Mobile Phone,1,22,Credit Card,Male,1,2,Others,5,Married,2,1,26,1,3,3,131.8,0
53600,13,Phone,1,12,Debit Card,Male,1,4,Mobile Phone,5,Single,3,0,20,1,2,24,166.7,0
53601,1,Mobile Phone,2,21,Debit Card,Female,1,5,Mobile Phone,2,Single,1,0,17,2,3,11,146.55,0
53602,10,Mobile Phone,1,18,Credit Card,Male,4,2,Laptop & Accessory,1,Married,2,0,26,4,5,3,171.64,0
53603,2,Mobile Phone,1,14,Credit Card,Female,3,3,Fashion,1,Married,5,0,25,3,4,6,134.43,0
53604,3,Mobile Phone,3,9,Credit Card,Female,5,1,Mobile Phone,5,Single,1,0,17,2,4,4,141.49,1
53605,2,Mobile Phone,1,24,Debit Card,Female,1,2,Others,3,Married,7,0,22,1,2,1,134.57,0
53606,2,Mobile Phone,2,15,Debit Card,Male,3,3,Laptop & Accessory,3,Married,3,1,25,0,4,5,134.23,0
53607,20,Mobile Phone,3,14,E Wallet,Female,3,2,Laptop & Accessory,3,Married,4,0,12,3,7,10,199.25,0
53608,4,Computer,2,12,Debit Card,Male,3,3,Mobile Phone,5,Married,2,0,11,0,1,10,136.43,0
53609,31,Mobile Phone,3,18,Debit Card,Female,3,2,Laptop & Accessory,4,Married,2,0,11,1,2,13,222.89,0
53610,42,Mobile Phone,2,23,Credit Card,Female,3,6,Mobile Phone,5,Single,3,0,25,4,5,3,238.02,0
53611,10,Computer,1,16,Debit Card,Male,4,3,Mobile Phone,3,Single,2,1,26,3,4,19,139.81,1
53612,1,Computer,2,12,COD,Male,3,1,Laptop & Accessory,2,Single,3,0,13,3,7,8,133.48,0
53613,5,Mobile Phone,2,26,E Wallet,Male,4,3,Others,3,Divorced,1,0,13,2,6,2,153.11,0
53614,19,Mobile Phone,1,10,Credit Card,Female,4,2,Mobile Phone,2,Married,6,1,15,2,5,21,164.72,0
53615,5,Mobile Phone,2,15,Debit Card,Male,4,3,Laptop & Accessory,2,Divorced,2,0,16,1,2,1,139.29,0
53616,1,Computer,3,25,Credit Card,Female,3,3,Laptop & Accessory,5,Married,3,0,13,1,4,6,141.14,0
53617,9,Mobile Phone,1,14,E Wallet,Female,3,4,Mobile Phone,5,Single,3,0,22,2,5,3,157.34,0
53618,22,Mobile Phone,2,9,COD,Female,1,3,Grocery,3,Divorced,2,0,20,4,7,0,176.5,0
53619,19,Mobile Phone,2,17,Credit Card,Female,4,2,Laptop & Accessory,2,Married,10,1,22,0,3,14,172.73,1
53620,2,Mobile Phone,3,26,E Wallet,Male,2,4,Fashion,3,Divorced,3,1,14,1,4,2,149.54,1
53621,13,Mobile Phone,3,12,Debit Card,Male,1,3,Others,4,Divorced,4,1,15,1,5,6,160.67,0
53622,2,Mobile Phone,3,13,E Wallet,Male,3,2,Mobile Phone,2,Married,1,0,13,1,4,2,141.85,1
53623,2,Computer,1,24,Debit Card,Male,3,6,Fashion,5,Married,2,0,16,1,5,4,131.48,0
53624,24,Computer,1,6,Debit Card,Female,3,1,Fashion,2,Married,1,1,14,0,2,5,181.26,0
53625,3,Mobile Phone,1,27,Credit Card,Male,3,4,Fashion,3,Divorced,2,0,26,4,8,6,156.42,1
53626,3,Mobile Phone,2,12,Debit Card,Female,3,4,Others,3,Single,4,0,15,2,6,10,133.28,1
53627,0,Mobile Phone,3,8,E Wallet,Male,4,3,Fashion,2,Married,1,1,22,1,4,3,155.14,1
53628,24,Mobile Phone,3,14,COD,Female,4,2,Laptop & Accessory,3,Married,2,1,18,2,3,20,196.92,0
53629,18,Computer,2,20,Credit Card,Female,4,3,Laptop & Accessory,5,Single,1,0,19,1,3,19,164.77,1
53630,11,Phone,2,14,Credit Card,Male,3,3,Laptop & Accessory,2,Single,2,0,23,0,2,3,141.24,1
53631,16,Mobile Phone,2,10,Debit Card,Male,1,6,Mobile Phone,5,Married,1,0,11,3,5,28,190.14,0
53632,1,Mobile Phone,1,23,Credit Card,Female,3,1,Mobile Phone,1,Married,3,0,15,3,5,1,171.02,0
53633,7,Mobile Phone,2,15,Credit Card,Male,2,3,Grocery,3,Single,1,0,16,1,2,3,137.26,0
53634,5,Computer,2,8,Credit Card,Male,4,4,Fashion,2,Single,2,0,26,2,5,36,103.23,1
53635,1,Computer,3,8,E Wallet,Female,3,3,Others,5,Married,2,1,21,3,6,8,137.62,0
53636,7,Computer,1,18,E Wallet,Male,4,3,Fashion,1,Married,2,0,16,1,5,4,167.81,0
53637,30,Computer,3,9,Debit Card,Female,2,4,Grocery,1,Single,3,0,20,3,4,12,196.86,0
53638,0,Mobile Phone,2,33,E Wallet,Male,3,3,Laptop & Accessory,4,Single,1,0,12,2,5,12,142.45,1
53639,4,Computer,1,16,COD,Male,3,4,Fashion,4,Married,4,0,12,1,5,14,128.98,1
53640,2,Computer,1,11,Debit Card,Female,2,2,Laptop & Accessory,2,Married,2,1,22,3,4,20,154.23,1
53641,3,Mobile Phone,1,11,Credit Card,Female,4,3,Fashion,5,Married,3,0,18,0,2,2,129.73,0
53642,28,Mobile Phone,2,16,E Wallet,Male,3,1,Grocery,5,Married,1,0,19,2,4,8,209.2,0
53643,7,Computer,1,29,E Wallet,Male,2,4,Mobile Phone,2,Single,1,1,12,2,4,11,162.47,1
53644,7,Computer,2,12,Credit Card,Female,2,4,Laptop & Accessory,4,Married,2,0,17,3,5,9,161.95,0
53645,17,Computer,3,14,UPI,Female,2,3,Laptop & Accessory,3,Single,4,0,18,2,4,11,191.63,0
53646,2,Computer,2,18,Credit Card,Male,2,3,Grocery,3,Divorced,2,0,17,1,4,8,138.68,0
53647,8,Computer,3,14,Credit Card,Female,2,3,Mobile Phone,4,Married,4,0,20,2,4,3,142.49,0
53648,6,Computer,1,9,E Wallet,Female,2,2,Mobile Phone,3,Divorced,4,0,20,2,3,6,143.33,1
53649,10,Mobile Phone,2,16,COD,Female,3,3,Fashion,1,Married,4,0,20,3,7,8,132.12,0
53650,61,Computer,1,12,UPI,Female,5,2,Mobile Phone,3,Divorced,5,1,16,3,4,4,302.78,0
53651,17,Mobile Phone,3,14,COD,Male,2,3,Grocery,2,Married,2,1,25,2,6,1,185.32,0
53652,6,Mobile Phone,1,31,Debit Card,Male,2,4,Mobile Phone,3,Single,1,0,19,3,4,8,168.65,1
53653,21,Mobile Phone,2,14,Debit Card,Female,1,3,Fashion,3,Married,1,0,19,3,7,17,192.73,0
53654,2,Computer,2,7,Credit Card,Female,2,3,Others,1,Single,2,0,24,1,3,17,150.9,1
53655,0,Computer,2,13,Debit Card,Female,3,5,Mobile Phone,1,Married,1,0,21,3,5,6,134.1,1
53656,2,Phone,3,15,E Wallet,Male,3,2,Laptop & Accessory,4,Married,2,0,22,0,1,0,131.91,0
53657,4,Mobile Phone,1,20,Debit Card,Male,2,3,Fashion,3,Single,3,0,23,1,2,7,134.45,1
53658,8,Mobile Phone,1,17,Credit Card,Male,2,1,Fashion,5,Single,4,1,13,1,2,16,146.92,1
53659,11,Mobile Phone,3,17,E Wallet,Female,3,3,Laptop & Accessory,5,Married,1,0,12,1,5,9,153.48,0
53660,28,Mobile Phone,2,18,Credit Card,Female,3,4,Laptop & Accessory,2,Single,3,0,26,0,2,8,229.84,0
53661,8,Computer,2,21,Debit Card,Female,3,4,Laptop & Accessory,5,Divorced,5,1,12,1,2,7,153.21,0
53662,8,Mobile Phone,1,9,UPI,Male,4,3,Fashion,2,Married,4,0,11,1,3,7,183.13,0
53663,0,Computer,3,36,E Wallet,Female,3,2,Laptop & Accessory,2,Married,1,0,15,3,4,4,136.54,1
53664,0,Computer,3,13,E Wallet,Male,2,1,Others,3,Married,3,0,24,2,4,7,130.19,0
53665,9,Mobile Phone,2,10,E Wallet,Female,2,4,Mobile Phone,2,Divorced,3,0,11,0,2,10,152.16,1
53666,6,Computer,3,18,Credit Card,Female,3,4,Others,3,Married,2,0,22,2,4,15,154.74,0
53667,21,Mobile Phone,2,14,Credit Card,Male,4,1,Mobile Phone,3,Single,3,0,11,2,4,4,209.35,0
53668,2,Mobile Phone,1,23,Debit Card,Female,5,2,Others,2,Married,1,0,22,2,4,7,125.62,1
53669,0,Computer,1,12,UPI,Female,2,4,Others,3,Single,2,0,13,1,4,6,166.3,1
53670,7,Computer,2,24,Credit Card,Female,2,5,Laptop & Accessory,3,Married,2,0,14,1,5,12,132.1,0
53671,3,Mobile Phone,2,10,E Wallet,Female,4,3,Laptop & Accessory,3,Single,2,0,25,3,6,2,121.12,0
53672,0,Mobile Phone,3,33,Debit Card,Male,2,2,Mobile Phone,5,Single,1,0,23,3,5,13,147.39,0
53673,15,Mobile Phone,2,15,E Wallet,Male,2,2,Mobile Phone,3,Divorced,2,0,16,6,7,3,175.05,0
53674,1,Mobile Phone,3,28,Debit Card,Male,2,4,Fashion,2,Married,5,1,17,0,1,4,118.36,0
53675,11,Phone,2,9,E Wallet,Female,3,3,Laptop & Accessory,1,Single,5,0,12,1,4,7,147.73,1
53676,3,Computer,2,21,UPI,Male,3,1,Fashion,3,Married,2,1,11,2,6,7,156.6,0
53677,2,Mobile Phone,1,21,E Wallet,Female,2,2,Laptop & Accessory,3,Single,1,0,18,1,2,5,118.89,0
53678,5,Computer,2,14,E Wallet,Male,4,4,Laptop & Accessory,3,Married,3,0,13,1,2,5,138.64,1
53679,19,Mobile Phone,3,7,Credit Card,Female,3,2,Fashion,3,Single,3,0,24,0,4,5,175.52,0
53680,5,Mobile Phone,1,21,Credit Card,Female,5,3,Laptop & Accessory,3,Single,5,0,16,2,5,2,129.37,1
53681,16,Phone,3,13,Debit Card,Male,2,5,Fashion,5,Married,5,1,18,2,6,13,189.96,0
53682,1,Computer,3,26,Debit Card,Female,4,6,Laptop & Accessory,3,Married,4,0,11,3,5,5,100.37,1
53683,17,Computer,2,23,E Wallet,Male,2,4,Fashion,2,Married,5,0,13,2,4,10,171.92,1
53684,3,Mobile Phone,1,26,COD,Male,1,2,Fashion,1,Married,2,1,24,2,6,3,175.11,1
53685,13,Computer,1,19,Credit Card,Female,2,2,Fashion,3,Married,3,0,12,0,3,24,157.32,0
53686,10,Mobile Phone,1,16,E Wallet,Female,3,2,Mobile Phone,4,Married,6,0,16,1,2,7,168.86,0
53687,31,Computer,1,29,E Wallet,Male,4,2,Laptop & Accessory,1,Divorced,3,1,24,1,2,10,178.36,1
53688,5,Phone,2,43,COD,Male,1,2,Grocery,3,Married,5,0,23,2,3,9,141.09,0
53689,0,Mobile Phone,1,16,E Wallet,Female,4,2,Laptop & Accessory,5,Married,6,1,17,2,3,18,116.23,1
53690,0,Computer,3,26,E Wallet,Female,3,3,Others,3,Single,1,1,23,2,4,10,105.97,1
53691,21,Mobile Phone,1,12,Debit Card,Male,1,3,Fashion,5,Single,6,0,24,0,1,14,188.01,0
53692,8,Mobile Phone,1,10,Credit Card,Female,2,2,Fashion,1,Married,1,0,18,2,3,1,145.92,0
53693,17,Computer,2,12,Debit Card,Male,1,2,Others,3,Divorced,2,0,14,3,5,2,179.05,0
53694,3,Mobile Phone,3,11,UPI,Female,3,3,Fashion,3,Married,4,0,14,1,2,5,110.58,0
53695,5,Computer,2,21,Credit Card,Female,3,2,Laptop & Accessory,1,Divorced,1,1,19,0,4,13,133.76,0
53696,0,Mobile Phone,2,13,Credit Card,Male,2,2,Mobile Phone,3,Single,2,1,14,2,6,18,147.7,1
53697,39,Phone,3,10,COD,Female,1,3,Fashion,3,Divorced,2,0,23,1,2,6,204.94,0
53698,13,Mobile Phone,3,10,UPI,Female,2,3,Fashion,3,Married,4,0,16,2,5,1,146.09,0
53699,32,Mobile Phone,3,19,E Wallet,Female,3,4,Laptop & Accessory,3,Single,5,0,19,3,6,7,242.71,0
53700,3,Mobile Phone,1,21,Debit Card,Female,1,3,Laptop & Accessory,3,Single,4,0,16,0,1,7,103.3,0
53701,11,Phone,3,20,Debit Card,Female,4,3,Fashion,1,Divorced,3,0,20,0,1,5,151.92,1
53702,13,Computer,1,21,Debit Card,Female,1,3,Fashion,3,Single,5,0,12,1,2,9,180.42,0
53703,4,Computer,3,13,E Wallet,Female,3,2,Grocery,5,Single,5,0,20,3,5,2,141.5,0
53704,22,Mobile Phone,1,36,Credit Card,Male,2,3,Others,2,Single,3,0,12,3,5,11,174.48,0
53705,35,Mobile Phone,3,14,Debit Card,Male,1,3,Grocery,3,Married,5,1,18,3,4,9,204.59,0
53706,25,Mobile Phone,3,12,E Wallet,Male,2,4,Fashion,4,Single,5,0,18,3,5,1,213.86,0
53707,16,Computer,1,21,Debit Card,Female,3,1,Mobile Phone,3,Married,1,1,17,2,6,6,185.05,1
53708,3,Mobile Phone,3,13,Credit Card,Male,2,2,Mobile Phone,1,Divorced,5,0,13,2,5,9,136.05,0
53709,3,Phone,1,12,E Wallet,Female,3,1,Grocery,3,Married,1,0,16,2,5,1,159.78,0
53710,39,Computer,1,14,E Wallet,Female,3,3,Grocery,5,Married,2,0,23,3,4,9,224.95,0
53711,0,Mobile Phone,2,17,COD,Female,3,3,Fashion,4,Married,3,0,11,1,2,5,121.72,0
53712,15,Mobile Phone,3,24,Credit Card,Male,4,1,Fashion,4,Married,2,1,13,1,2,8,161.8,1
53713,14,Computer,2,8,Credit Card,Female,2,3,Grocery,1,Single,5,1,21,3,7,13,181.69,1
53714,11,Mobile Phone,2,24,Debit Card,Female,5,4,Others,2,Married,4,0,20,3,6,16,140.98,0
53715,55,Mobile Phone,2,9,Credit Card,Female,3,2,Grocery,3,Single,3,0,20,1,2,2,291.52,0
53716,4,Mobile Phone,3,9,UPI,Female,4,2,Grocery,2,Single,5,0,12,2,4,7,145.2,1
53717,4,Computer,3,17,COD,Female,2,4,Fashion,4,Single,5,1,24,1,3,12,144.47,0
53718,0,Computer,1,8,COD,Female,1,3,Mobile Phone,2,Single,2,1,26,0,3,14,124.44,0
53719,7,Mobile Phone,1,12,Credit Card,Male,1,2,Fashion,2,Single,1,1,19,4,7,7,184.76,1
53720,3,Mobile Phone,1,23,E Wallet,Male,3,4,Mobile Phone,1,Single,3,1,25,2,3,2,148.12,1
53721,5,Mobile Phone,2,21,Credit Card,Female,4,4,Grocery,3,Single,4,1,23,2,3,5,151.0,1
53722,21,Computer,1,24,Credit Card,Female,1,2,Laptop & Accessory,2,Married,6,0,20,1,5,8,172.08,0
53723,32,Mobile Phone,1,12,Debit Card,Female,3,3,Mobile Phone,1,Married,1,0,26,3,7,11,229.91,0
53724,2,Mobile Phone,3,14,Debit Card,Female,3,1,Fashion,1,Divorced,2,1,22,1,4,5,117.31,0
53725,5,Phone,1,9,Credit Card,Male,3,1,Others,3,Divorced,4,0,23,2,4,10,154.71,0
53726,31,Phone,2,14,Debit Card,Female,2,3,Mobile Phone,2,Single,3,0,25,2,5,1,213.14,0
53727,0,Phone,1,9,UPI,Male,1,3,Laptop & Accessory,5,Divorced,2,1,16,2,6,8,136.97,0
53728,1,Computer,1,44,E Wallet,Female,1,4,Fashion,2,Married,3,0,13,5,9,5,128.3,0
53729,2,Mobile Phone,1,19,E Wallet,Male,2,4,Fashion,3,Married,5,0,16,2,5,8,130.87,1
53730,10,Mobile Phone,2,17,Debit Card,Male,2,2,Grocery,3,Single,7,0,12,1,2,23,143.77,1
53731,1,Mobile Phone,3,12,E Wallet,Male,2,3,Grocery,3,Single,10,1,19,1,2,7,148.7,0
53732,41,Mobile Phone,1,11,E Wallet,Female,2,4,Laptop & Accessory,5,Married,2,0,12,3,4,5,243.27,0
53733,7,Phone,1,13,Credit Card,Female,3,2,Laptop & Accessory,4,Married,2,0,25,1,3,14,127.49,0
53734,8,Computer,3,18,E Wallet,Male,4,3,Fashion,4,Married,5,1,18,2,5,11,170.43,0
53735,3,Computer,3,10,UPI,Female,4,1,Fashion,2,Single,4,0,13,1,5,4,142.93,1
53736,7,Mobile Phone,3,9,E Wallet,Male,2,2,Laptop & Accessory,4,Married,4,0,19,0,1,11,138.49,0
53737,13,Phone,3,6,Credit Card,Male,1,3,Others,4,Married,2,0,15,2,4,15,153.55,0
53738,16,Computer,3,19,Debit Card,Male,5,3,Others,2,Single,2,0,11,1,5,10,175.38,1
53739,16,Mobile Phone,2,14,Credit Card,Female,3,2,Fashion,5,Married,4,0,19,5,8,4,180.17,0
53740,10,Computer,3,13,COD,Male,5,1,Laptop & Accessory,4,Single,2,0,18,1,5,10,178.25,0
53741,28,Mobile Phone,2,10,UPI,Female,3,2,Laptop & Accessory,3,Divorced,4,0,24,3,6,4,196.95,0
53742,20,Mobile Phone,1,13,Debit Card,Male,4,4,Mobile Phone,4,Divorced,5,0,12,0,3,2,177.71,0
53743,16,Computer,1,26,E Wallet,Male,3,1,Laptop & Accessory,1,Married,2,1,14,0,4,6,160.56,1
53744,0,Computer,1,11,Debit Card,Male,3,3,Grocery,2,Single,4,0,12,5,7,9,128.7,1
53745,0,Mobile Phone,1,20,Credit Card,Male,3,2,Laptop & Accessory,4,Divorced,3,0,17,1,5,4,114.05,0
53746,2,Mobile Phone,1,21,UPI,Male,2,3,Laptop & Accessory,5,Married,3,0,12,3,6,7,126.44,1
53747,13,Phone,1,10,Credit Card,Male,4,3,Mobile Phone,4,Single,5,0,16,1,3,12,173.96,0
53748,6,Computer,3,10,Credit Card,Female,1,6,Mobile Phone,4,Married,2,1,17,1,5,2,141.4,0
53749,6,Computer,3,15,Credit Card,Female,2,4,Laptop & Accessory,3,Married,5,0,15,2,3,16,153.99,0
53750,25,Mobile Phone,2,35,Credit Card,Female,4,5,Others,2,Married,2,0,23,1,4,8,217.67,0
53751,27,Mobile Phone,3,23,UPI,Female,3,3,Others,1,Married,2,0,17,2,6,12,224.57,0
53752,28,Mobile Phone,1,15,UPI,Male,1,4,Fashion,5,Single,2,0,18,4,6,11,199.33,0
53753,4,Mobile Phone,3,23,UPI,Male,2,4,Laptop & Accessory,2,Single,1,0,14,3,7,3,123.65,0
53754,14,Mobile Phone,2,7,Debit Card,Male,2,1,Fashion,2,Divorced,1,0,15,0,2,11,157.57,0
53755,3,Mobile Phone,1,14,E Wallet,Female,2,5,Others,4,Married,1,1,19,2,4,3,124.13,1
53756,2,Computer,1,7,Debit Card,Male,2,2,Others,4,Married,3,0,21,3,6,12,134.65,1
53757,2,Mobile Phone,1,16,Debit Card,Female,3,4,Fashion,3,Married,3,0,12,4,8,2,178.89,1
53758,5,Computer,1,21,Credit Card,Male,3,4,Laptop & Accessory,1,Single,2,0,13,2,3,11,113.23,0
53759,6,Mobile Phone,1,12,Credit Card,Male,2,2,Grocery,3,Single,2,1,14,2,4,3,148.33,0
53760,21,Mobile Phone,1,12,Debit Card,Male,3,5,Fashion,4,Single,4,0,12,2,3,5,177.47,0
53761,1,Mobile Phone,1,15,Debit Card,Female,2,5,Mobile Phone,5,Divorced,5,0,15,2,3,6,138.38,1
53762,15,Mobile Phone,1,13,E Wallet,Male,2,3,Laptop & Accessory,4,Married,2,0,14,2,6,5,146.14,0
53763,9,Mobile Phone,3,13,Credit Card,Male,3,2,Laptop & Accessory,4,Single,5,0,26,1,3,7,143.15,0
53764,4,Phone,1,24,Debit Card,Male,4,3,Fashion,1,Married,2,0,23,3,5,11,137.86,0
53765,8,Computer,1,21,Credit Card,Female,4,2,Laptop & Accessory,2,Divorced,2,0,17,0,2,6,159.6,0
53766,4,Mobile Phone,2,18,Credit Card,Male,3,5,Mobile Phone,4,Married,3,0,20,0,2,12,138.96,1
53767,10,Mobile Phone,3,8,Credit Card,Male,2,3,Fashion,3,Single,2,0,15,2,4,10,150.72,0
53768,6,Computer,1,19,COD,Female,3,3,Others,3,Single,2,1,25,1,4,6,124.83,1
53769,2,Computer,3,15,Credit Card,Male,3,3,Laptop & Accessory,4,Single,5,0,25,0,3,7,168.27,1
53770,1,Mobile Phone,1,5,COD,Male,1,2,Fashion,4,Married,2,1,12,1,3,2,124.75,0
53771,9,Computer,1,13,Debit Card,Female,3,3,Laptop & Accessory,3,Divorced,1,0,23,2,3,13,137.26,0
53772,27,Computer,1,13,Debit Card,Male,3,3,Others,5,Single,2,0,23,1,4,8,193.29,0
53773,5,Computer,2,27,E Wallet,Male,3,3,Fashion,2,Married,2,0,24,1,5,8,147.66,0
53774,15,Computer,1,23,E Wallet,Female,3,4,Mobile Phone,2,Single,3,0,21,0,3,9,168.41,1
53775,12,Computer,2,13,Credit Card,Male,4,2,Mobile Phone,4,Married,3,0,22,1,5,8,150.95,1
53776,32,Phone,1,30,Debit Card,Female,3,3,Fashion,2,Married,1,0,25,0,4,12,193.52,1
53777,20,Mobile Phone,3,22,E Wallet,Male,4,1,Fashion,3,Single,4,1,23,5,8,12,176.26,0
53778,10,Computer,1,11,COD,Male,5,2,Others,4,Single,3,0,12,3,7,6,143.83,0
53779,12,Computer,2,11,COD,Female,4,3,Others,2,Married,3,0,11,1,3,7,156.46,0
53780,27,Computer,2,16,E Wallet,Female,4,1,Laptop & Accessory,1,Married,1,1,18,0,2,6,187.08,1
53781,6,Phone,2,10,E Wallet,Male,4,2,Fashion,3,Divorced,2,0,24,1,3,13,138.12,0
53782,4,Mobile Phone,1,31,UPI,Female,2,4,Fashion,4,Married,3,0,15,1,3,5,149.06,0
53783,0,Mobile Phone,3,16,E Wallet,Female,2,3,Fashion,4,Single,1,0,17,0,3,7,124.71,1
53784,21,Mobile Phone,3,10,COD,Female,2,1,Others,3,Married,1,0,17,3,4,16,144.59,0
53785,19,Mobile Phone,1,28,UPI,Male,2,6,Fashion,4,Divorced,2,0,26,0,3,6,167.35,0
53786,1,Mobile Phone,3,6,E Wallet,Female,2,5,Laptop & Accessory,2,Single,1,1,25,3,6,4,145.68,1
53787,10,Computer,2,16,Credit Card,Female,4,2,Fashion,4,Married,2,0,11,2,6,24,164.01,0
53788,7,Mobile Phone,2,14,Credit Card,Male,2,5,Mobile Phone,1,Single,5,1,22,4,8,11,158.37,1
53789,1,Computer,1,9,UPI,Female,3,3,Mobile Phone,4,Married,3,0,13,3,7,8,139.79,0
53790,47,Computer,2,29,Credit Card,Male,4,5,Fashion,1,Married,3,1,25,3,4,7,263.4,0
53791,2,Mobile Phone,1,12,Debit Card,Male,2,5,Laptop & Accessory,4,Divorced,5,0,16,2,4,4,138.65,0
53792,0,Mobile Phone,2,12,Credit Card,Female,1,3,Fashion,5,Single,2,0,22,1,5,5,130.13,1
53793,10,Computer,2,21,COD,Female,4,2,Grocery,4,Single,8,1,23,0,1,11,157.7,1
53794,16,Computer,3,16,E Wallet,Female,2,5,Others,2,Married,2,0,24,2,6,5,156.32,0
53795,0,Computer,1,11,Debit Card,Male,2,3,Laptop & Accessory,5,Married,3,0,15,2,6,11,134.07,0
53796,12,Computer,3,12,Debit Card,Male,2,2,Mobile Phone,3,Divorced,7,0,22,2,4,26,162.08,0
53797,9,Phone,1,27,E Wallet,Female,2,3,Fashion,3,Single,2,0,21,1,3,9,151.97,1
53798,1,Computer,2,14,Credit Card,Female,4,3,Fashion,3,Married,1,1,26,1,4,7,132.32,0
53799,2,Phone,3,34,Debit Card,Male,3,5,Laptop & Accessory,2,Married,2,0,16,0,1,1,119.71,1
53800,10,Computer,2,10,COD,Female,2,4,Mobile Phone,2,Married,2,0,14,0,1,2,139.14,0
53801,4,Computer,1,13,E Wallet,Female,3,1,Fashion,2,Divorced,4,0,23,2,3,18,105.12,0
53802,33,Mobile Phone,1,11,E Wallet,Female,2,1,Mobile Phone,2,Single,6,0,18,1,5,14,205.37,0
53803,20,Phone,1,20,UPI,Male,2,1,Fashion,2,Single,5,1,22,1,5,4,173.78,0
53804,49,Mobile Phone,2,35,Credit Card,Male,3,3,Fashion,5,Married,1,0,15,1,3,3,269.53,0
53805,3,Computer,1,16,Credit Card,Female,3,4,Others,3,Married,7,0,20,1,5,1,153.78,1
53806,41,Mobile Phone,3,17,Credit Card,Female,2,3,Grocery,1,Married,4,1,16,3,6,6,241.85,1
53807,6,Mobile Phone,2,13,COD,Female,4,3,Mobile Phone,2,Married,4,0,13,0,1,10,116.63,0
53808,5,Mobile Phone,1,8,Debit Card,Female,4,2,Mobile Phone,5,Single,3,0,14,3,6,3,149.64,0
53809,0,Mobile Phone,1,14,E Wallet,Female,4,3,Mobile Phone,4,Single,2,0,22,2,6,7,129.58,0
53810,0,Mobile Phone,1,18,Credit Card,Female,3,2,Laptop & Accessory,3,Single,2,0,25,2,5,9,123.2,0
53811,14,Computer,1,12,UPI,Female,2,2,Fashion,1,Married,3,0,11,3,7,2,141.14,1
53812,7,Mobile Phone,2,9,UPI,Female,3,3,Laptop & Accessory,3,Married,5,0,21,1,5,10,151.3,0
53813,3,Mobile Phone,2,6,Debit Card,Female,2,1,Laptop & Accessory,3,Single,2,0,24,2,6,5,133.16,0
53814,11,Mobile Phone,3,30,Debit Card,Male,2,5,Laptop & Accessory,5,Single,5,1,25,1,4,7,166.78,1
53815,3,Computer,1,13,Debit Card,Male,4,5,Laptop & Accessory,3,Divorced,1,0,19,5,6,12,164.24,0
53816,10,Mobile Phone,3,18,Credit Card,Male,4,4,Mobile Phone,3,Single,1,0,17,2,5,2,190.71,0
53817,5,Mobile Phone,1,24,COD,Female,1,3,Laptop & Accessory,3,Single,3,0,19,0,1,0,128.64,0
53818,20,Mobile Phone,1,26,Debit Card,Female,2,4,Fashion,5,Married,6,1,23,0,1,4,165.97,0
53819,20,Computer,2,12,Credit Card,Female,3,5,Grocery,2,Married,5,1,16,2,3,6,194.34,1
53820,7,Mobile Phone,3,18,UPI,Male,4,2,Mobile Phone,5,Married,1,0,11,2,3,4,129.4,0
53821,5,Mobile Phone,1,19,COD,Female,3,3,Grocery,3,Married,1,0,12,2,4,3,159.98,0
53822,5,Mobile Phone,3,22,E Wallet,Female,4,4,Laptop & Accessory,4,Single,1,0,19,4,7,3,151.09,0
53823,19,Phone,3,18,UPI,Female,4,3,Laptop & Accessory,3,Single,4,0,14,1,5,8,172.73,0
53824,4,Mobile Phone,3,17,Credit Card,Male,3,4,Grocery,3,Single,2,0,19,1,2,9,137.15,0
53825,2,Computer,1,10,Debit Card,Male,3,2,Others,2,Single,2,0,20,2,6,5,135.29,0
53826,1,Mobile Phone,3,20,Debit Card,Male,3,2,Mobile Phone,3,Divorced,6,0,24,1,5,13,153.53,0
53827,7,Mobile Phone,3,15,Credit Card,Female,3,3,Fashion,3,Single,3,0,21,0,1,7,158.4,0
53828,7,Mobile Phone,2,28,Credit Card,Male,3,2,Fashion,3,Single,6,0,15,4,7,10,148.95,1
53829,22,Mobile Phone,3,20,Credit Card,Male,3,1,Fashion,3,Married,2,0,20,3,6,1,188.99,0
53830,3,Mobile Phone,3,7,Debit Card,Male,3,2,Fashion,4,Married,4,1,17,2,6,9,137.71,0
53831,5,Mobile Phone,2,10,Debit Card,Male,3,2,Laptop & Accessory,4,Divorced,1,0,14,1,3,5,142.05,0
53832,19,Mobile Phone,1,13,Debit Card,Female,3,1,Laptop & Accessory,3,Married,4,0,22,3,5,3,197.57,0
53833,20,Computer,2,15,COD,Male,2,4,Laptop & Accessory,4,Single,2,0,19,1,4,1,169.84,0
53834,5,Phone,1,37,COD,Male,3,3,Laptop & Accessory,1,Married,1,0,19,4,6,13,140.57,0
53835,7,Mobile Phone,1,21,Debit Card,Male,2,3,Laptop & Accessory,3,Married,1,0,11,0,1,1,143.86,0
53836,4,Computer,2,11,Debit Card,Male,2,2,Laptop & Accessory,3,Single,7,0,17,3,7,10,150.61,0
53837,32,Phone,1,22,UPI,Female,4,2,Laptop & Accessory,3,Single,4,1,19,1,4,10,217.54,0
53838,1,Computer,2,16,Debit Card,Male,2,1,Laptop & Accessory,3,Married,5,0,16,0,1,5,140.64,0
53839,32,Mobile Phone,3,22,COD,Male,3,6,Mobile Phone,4,Married,1,1,17,3,5,6,220.43,0
53840,13,Computer,2,13,Credit Card,Female,3,2,Laptop & Accessory,1,Married,4,0,15,1,4,5,137.6,0
53841,9,Mobile Phone,3,39,Credit Card,Female,3,1,Others,1,Married,1,0,11,3,7,5,169.45,0
53842,0,Mobile Phone,1,29,E Wallet,Male,2,3,Mobile Phone,1,Married,2,0,16,2,5,5,126.47,1
53843,7,Mobile Phone,3,20,Debit Card,Male,2,2,Others,2,Married,3,0,21,0,4,32,156.81,1
53844,6,Mobile Phone,3,13,Debit Card,Female,2,4,Mobile Phone,5,Married,2,0,15,4,5,10,163.54,0
53845,2,Mobile Phone,1,22,UPI,Female,1,4,Laptop & Accessory,3,Married,1,1,18,1,3,2,139.55,0
53846,12,Mobile Phone,1,8,COD,Male,2,4,Grocery,3,Married,9,0,23,3,7,3,127.59,0
53847,42,Computer,1,30,E Wallet,Female,3,4,Laptop & Accessory,5,Married,1,0,21,6,7,4,240.75,0
53848,9,Mobile Phone,3,27,UPI,Male,2,2,Laptop & Accessory,3,Married,4,1,24,2,4,11,152.66,0
53849,15,Mobile Phone,3,19,COD,Male,5,1,Laptop & Accessory,2,Single,4,0,23,0,1,13,145.95,0
53850,0,Mobile Phone,1,10,Debit Card,Male,3,1,Fashion,4,Single,2,0,26,4,7,11,153.08,1
53851,6,Mobile Phone,2,13,Credit Card,Male,3,4,Mobile Phone,3,Single,2,0,23,3,5,13,153.66,1
53852,1,Computer,1,7,Debit Card,Male,3,3,Laptop & Accessory,5,Married,1,0,15,2,5,2,143.09,0
53853,11,Phone,2,7,Debit Card,Female,3,6,Mobile Phone,4,Divorced,2,0,24,4,8,9,178.56,0
53854,33,Mobile Phone,3,14,E Wallet,Female,3,3,Others,5,Married,2,1,23,0,4,0,200.29,0
53855,13,Mobile Phone,1,10,Debit Card,Female,4,2,Fashion,5,Married,1,0,25,4,8,10,174.77,0
53856,0,Computer,3,7,Debit Card,Male,3,1,Laptop & Accessory,2,Single,2,0,24,2,3,5,159.91,1
53857,5,Mobile Phone,3,13,Credit Card,Male,3,3,Mobile Phone,4,Single,6,0,11,0,2,4,122.97,1
53858,9,Computer,3,13,Debit Card,Female,5,2,Fashion,3,Married,4,1,11,2,5,4,147.97,1
53859,6,Mobile Phone,1,9,Debit Card,Female,3,3,Laptop & Accessory,1,Divorced,1,0,12,2,3,6,138.28,0
53860,21,Mobile Phone,1,17,Debit Card,Female,2,1,Mobile Phone,3,Divorced,3,0,17,2,6,4,182.07,0
53861,20,Mobile Phone,1,23,UPI,Male,1,4,Mobile Phone,1,Married,2,1,20,2,3,1,178.96,0
53862,11,Mobile Phone,3,18,E Wallet,Female,2,3,Laptop & Accessory,4,Married,9,0,13,2,4,7,132.03,0
53863,5,Mobile Phone,2,15,UPI,Female,4,4,Fashion,3,Married,7,1,20,1,5,4,150.75,0
53864,3,Computer,1,15,UPI,Male,1,5,Others,4,Divorced,4,0,19,6,7,1,167.37,1
53865,1,Computer,3,14,COD,Female,2,3,Fashion,4,Married,1,1,21,0,3,10,135.05,1
53866,5,Computer,1,13,Debit Card,Female,4,4,Others,5,Married,1,0,11,0,1,8,152.16,0
53867,6,Computer,1,18,COD,Female,2,1,Fashion,2,Married,4,1,23,1,3,4,151.6,0
53868,13,Mobile Phone,2,18,Credit Card,Male,2,5,Fashion,3,Married,3,0,22,2,5,8,156.01,1
53869,12,Computer,1,15,Debit Card,Female,4,2,Grocery,5,Divorced,2,0,22,2,4,4,130.46,0
53870,0,Mobile Phone,1,13,E Wallet,Male,3,3,Mobile Phone,2,Married,1,0,16,3,4,16,130.84,1
53871,6,Computer,1,10,Credit Card,Male,3,5,Laptop & Accessory,4,Single,2,1,18,2,3,8,147.57,0
53872,2,Mobile Phone,3,8,Debit Card,Male,2,2,Laptop & Accessory,2,Married,5,0,12,2,6,4,144.25,0
53873,2,Computer,3,10,Debit Card,Female,3,1,Others,4,Single,3,1,11,1,5,5,176.23,1
53874,21,Computer,2,13,Credit Card,Female,4,2,Mobile Phone,3,Married,2,0,11,4,8,5,208.02,0
53875,0,Mobile Phone,3,13,UPI,Female,4,2,Fashion,4,Single,1,0,24,4,6,13,116.65,1
53876,6,Mobile Phone,2,43,Credit Card,Female,3,3,Fashion,3,Divorced,1,1,21,2,5,9,144.82,0
53877,2,Mobile Phone,1,22,E Wallet,Male,2,2,Fashion,4,Married,2,1,25,4,6,5,151.01,1
53878,25,Mobile Phone,3,18,Debit Card,Female,4,1,Fashion,1,Married,4,1,14,1,4,3,213.97,0
53879,9,Computer,2,20,Credit Card,Female,3,4,Mobile Phone,2,Married,3,0,26,1,3,23,142.68,0
53880,3,Phone,2,39,Debit Card,Female,4,1,Grocery,1,Single,3,1,12,1,5,7,129.68,1
53881,8,Mobile Phone,2,11,UPI,Male,2,2,Laptop & Accessory,5,Single,2,0,20,2,4,2,127.54,0
53882,15,Mobile Phone,2,31,COD,Male,3,2,Fashion,3,Single,2,0,18,4,6,1,186.76,0
53883,38,Computer,1,6,Credit Card,Female,4,1,Fashion,3,Married,4,0,12,2,5,26,237.42,0
53884,2,Mobile Phone,3,14,COD,Female,2,2,Laptop & Accessory,2,Married,4,0,18,3,7,4,138.77,1
53885,26,Mobile Phone,1,10,E Wallet,Female,5,4,Laptop & Accessory,3,Divorced,7,1,17,3,7,5,194.01,0
53886,32,Phone,3,8,Debit Card,Female,2,1,Fashion,2,Married,5,0,12,2,5,1,211.41,0
53887,29,Computer,1,27,Credit Card,Female,3,1,Laptop & Accessory,5,Married,3,0,19,0,1,2,175.19,0
53888,12,Mobile Phone,1,14,UPI,Female,4,3,Fashion,2,Divorced,3,0,23,1,3,8,146.2,1
53889,11,Mobile Phone,2,13,Credit Card,Male,2,1,Laptop & Accessory,5,Married,2,1,21,3,5,2,134.24,1
53890,6,Computer,1,14,Credit Card,Male,3,3,Laptop & Accessory,3,Single,8,0,26,2,4,11,131.7,0
53891,16,Computer,3,16,Credit Card,Male,2,1,Grocery,3,Divorced,6,0,12,2,6,7,180.65,0
53892,9,Computer,2,11,Credit Card,Female,3,3,Mobile Phone,4,Divorced,1,0,21,1,4,5,180.12,0
53893,13,Mobile Phone,2,8,Debit Card,Male,4,2,Grocery,3,Married,2,0,22,3,7,11,164.28,0
53894,6,Phone,1,15,E Wallet,Male,1,3,Mobile Phone,2,Divorced,2,0,24,4,6,9,162.62,0
53895,15,Computer,1,16,E Wallet,Male,1,3,Mobile Phone,3,Married,2,1,24,1,5,5,159.94,1
53896,20,Computer,1,28,E Wallet,Female,4,3,Fashion,3,Married,2,1,17,0,2,11,173.39,0
53897,1,Computer,2,15,E Wallet,Male,4,5,Mobile Phone,2,Divorced,3,1,20,2,6,15,145.42,0
53898,21,Mobile Phone,2,16,Credit Card,Male,4,4,Others,3,Married,4,0,12,2,4,1,197.54,0
53899,9,Phone,2,10,Debit Card,Male,3,5,Mobile Phone,1,Married,6,0,14,0,2,2,146.61,0
53900,22,Mobile Phone,3,10,UPI,Male,3,1,Fashion,5,Married,3,0,20,1,3,8,189.22,0
53901,6,Mobile Phone,2,18,Credit Card,Male,5,6,Fashion,3,Single,2,1,20,0,1,10,132.17,1
53902,5,Computer,3,21,E Wallet,Male,3,2,Fashion,2,Divorced,3,1,18,2,4,9,155.22,0
53903,29,Computer,1,24,Debit Card,Male,4,2,Mobile Phone,4,Single,1,0,22,2,5,8,229.79,0
53904,3,Computer,1,17,Debit Card,Male,1,3,Fashion,2,Single,2,0,18,2,5,12,153.13,1
53905,22,Mobile Phone,1,11,Debit Card,Male,3,4,Fashion,3,Married,3,0,14,3,4,5,181.76,0
53906,7,Mobile Phone,1,8,E Wallet,Male,2,5,Others,5,Single,7,0,19,5,8,3,162.59,1
53907,8,Phone,2,10,E Wallet,Female,3,3,Others,4,Married,3,0,25,1,4,7,155.64,0
53908,4,Mobile Phone,2,17,E Wallet,Female,2,2,Laptop & Accessory,1,Divorced,1,0,13,2,4,3,141.87,1
53909,10,Computer,2,8,COD,Male,2,2,Fashion,3,Single,1,0,17,2,3,4,139.35,0
53910,4,Mobile Phone,3,10,Debit Card,Male,1,3,Grocery,4,Single,2,1,20,2,5,18,130.01,1
53911,0,Computer,3,11,Debit Card,Male,3,3,Others,2,Married,1,0,22,4,7,7,130.0,0
53912,3,Mobile Phone,3,19,Debit Card,Male,3,2,Laptop & Accessory,1,Married,2,0,14,0,1,3,137.19,0
53913,0,Computer,1,26,Credit Card,Female,2,4,Others,1,Divorced,5,0,15,1,3,5,135.2,1
53914,45,Computer,1,15,UPI,Female,4,2,Laptop & Accessory,5,Married,4,0,21,3,5,10,247.32,0
53915,40,Mobile Phone,1,17,UPI,Male,1,3,Fashion,4,Single,3,0,15,1,4,9,202.06,0
53916,6,Computer,1,15,Credit Card,Female,4,3,Fashion,5,Divorced,2,0,26,2,5,6,194.66,0
53917,15,Computer,2,14,E Wallet,Female,2,5,Grocery,2,Married,4,1,12,1,3,6,155.89,1
53918,5,Computer,2,18,UPI,Female,2,3,Grocery,3,Married,10,1,26,0,4,15,131.61,0
53919,13,Phone,1,14,E Wallet,Female,2,2,Others,3,Divorced,2,0,18,1,2,20,196.38,0
53920,19,Mobile Phone,3,30,Debit Card,Female,4,3,Fashion,4,Single,4,0,14,2,6,3,202.49,0
53921,35,Mobile Phone,3,16,E Wallet,Female,4,2,Mobile Phone,3,Married,2,0,17,3,7,5,233.58,0
53922,6,Mobile Phone,1,17,E Wallet,Male,1,1,Laptop & Accessory,3,Divorced,1,0,12,1,4,3,111.01,1
53923,18,Mobile Phone,1,15,E Wallet,Male,2,3,Laptop & Accessory,3,Single,8,1,16,3,5,1,150.14,0
53924,3,Mobile Phone,3,21,Debit Card,Female,3,4,Laptop & Accessory,3,Married,2,0,24,2,5,17,139.2,0
53925,55,Computer,2,11,Credit Card,Male,2,5,Others,1,Single,1,0,11,4,6,4,250.89,0
53926,0,Mobile Phone,1,10,Credit Card,Female,4,3,Mobile Phone,3,Married,3,0,21,3,6,0,142.05,0
53927,11,Mobile Phone,1,20,Debit Card,Male,4,3,Others,3,Single,4,0,12,0,3,2,159.39,0
53928,12,Mobile Phone,1,16,Credit Card,Female,4,3,Fashion,1,Married,1,0,24,6,8,4,169.1,1
53929,13,Computer,1,20,Debit Card,Male,2,4,Others,3,Married,2,0,21,2,4,7,147.95,0
53930,1,Computer,3,13,Credit Card,Male,2,2,Grocery,3,Single,3,0,26,2,4,8,119.42,0
53931,33,Mobile Phone,1,16,Debit Card,Female,4,3,Fashion,1,Single,3,0,22,2,3,12,207.9,0
53932,2,Computer,1,12,COD,Male,3,2,Laptop & Accessory,1,Single,2,0,17,7,11,0,170.8,1
53933,11,Mobile Phone,1,15,Debit Card,Male,3,1,Laptop & Accessory,5,Married,1,1,24,3,4,2,165.26,1
53934,3,Phone,3,8,Credit Card,Male,3,4,Mobile Phone,2,Single,4,1,20,4,5,30,132.92,1
53935,4,Computer,1,7,Debit Card,Female,2,2,Laptop & Accessory,2,Married,3,0,23,5,8,3,163.01,1
53936,9,Mobile Phone,1,8,Debit Card,Male,4,2,Fashion,2,Married,1,1,11,2,3,9,140.38,1
53937,6,Computer,2,21,E Wallet,Female,5,4,Fashion,4,Single,3,1,16,0,3,24,139.94,1
53938,2,Computer,2,21,Debit Card,Male,2,4,Laptop & Accessory,3,Divorced,4,1,15,1,5,8,125.71,1
53939,2,Mobile Phone,1,31,E Wallet,Male,2,3,Grocery,5,Single,1,0,19,0,2,1,132.84,1
53940,6,Computer,1,20,Debit Card,Female,1,2,Grocery,3,Married,4,1,11,4,7,0,167.22,1
53941,16,Mobile Phone,3,13,Credit Card,Male,2,3,Laptop & Accessory,4,Married,2,1,13,3,7,4,193.63,1
53942,27,Mobile Phone,3,15,E Wallet,Female,2,1,Laptop & Accessory,3,Single,4,0,12,5,9,5,217.64,0
53943,1,Mobile Phone,1,7,COD,Male,1,4,Laptop & Accessory,2,Married,4,0,20,1,2,1,164.64,1
53944,5,Mobile Phone,1,13,Credit Card,Female,1,2,Mobile Phone,5,Married,3,1,14,3,4,11,150.36,1
53945,1,Mobile Phone,1,16,UPI,Female,3,3,Others,3,Married,2,0,16,1,3,10,128.83,0
53946,0,Phone,3,23,UPI,Female,3,1,Fashion,3,Single,2,1,16,2,5,20,130.66,1
53947,13,Mobile Phone,2,15,Debit Card,Male,5,4,Fashion,5,Married,3,0,19,1,2,4,174.0,0
53948,11,Mobile Phone,3,9,UPI,Female,2,4,Laptop & Accessory,5,Married,1,0,26,0,3,5,161.97,0
53949,2,Mobile Phone,2,22,E Wallet,Male,3,3,Fashion,3,Married,2,0,15,2,5,6,133.3,0
53950,3,Computer,3,12,Debit Card,Male,3,1,Laptop & Accessory,1,Married,4,0,15,3,6,8,137.72,0
53951,0,Phone,3,11,COD,Female,3,5,Fashion,1,Married,1,0,26,4,6,1,135.19,1
53952,21,Computer,3,14,Debit Card,Male,3,3,Laptop & Accessory,3,Divorced,4,0,12,0,2,2,172.39,0
53953,44,Phone,2,12,Credit Card,Female,2,1,Laptop & Accessory,5,Married,2,0,25,0,2,6,240.62,0
53954,1,Computer,1,16,Credit Card,Male,2,2,Mobile Phone,5,Divorced,3,0,15,1,3,8,125.3,0
53955,3,Phone,2,20,E Wallet,Female,2,2,Laptop & Accessory,5,Married,2,0,14,1,5,1,149.27,0
53956,24,Computer,2,13,E Wallet,Male,2,2,Fashion,4,Married,2,0,16,1,4,20,210.85,0
53957,31,Mobile Phone,2,13,Debit Card,Male,3,2,Fashion,5,Married,3,0,24,2,4,0,187.68,0
53958,6,Mobile Phone,1,20,Credit Card,Male,2,5,Grocery,4,Single,8,0,16,2,4,13,141.27,1
53959,0,Computer,2,20,Debit Card,Female,2,2,Others,4,Married,3,0,18,1,4,10,112.7,0
53960,0,Mobile Phone,2,17,Debit Card,Female,2,3,Fashion,2,Single,3,0,23,0,3,3,139.38,1
53961,10,Mobile Phone,2,14,UPI,Male,1,4,Mobile Phone,3,Divorced,10,0,16,0,2,5,165.66,0
53962,5,Computer,1,25,E Wallet,Female,2,3,Laptop & Accessory,2,Married,1,1,18,1,4,3,164.32,1
53963,0,Phone,2,11,Credit Card,Female,3,5,Fashion,2,Married,5,0,17,2,5,4,138.91,1
53964,10,Mobile Phone,1,20,Debit Card,Female,2,5,Mobile Phone,2,Divorced,4,0,24,2,3,9,158.26,0
53965,0,Computer,3,11,Credit Card,Female,5,3,Mobile Phone,5,Married,1,1,11,1,3,16,139.13,1
53966,18,Computer,2,16,Debit Card,Female,2,4,Mobile Phone,5,Married,2,0,14,3,5,4,195.98,0
53967,4,Phone,1,9,E Wallet,Male,1,3,Mobile Phone,2,Married,3,0,21,1,2,0,112.96,0
53968,0,Phone,1,16,Debit Card,Male,1,3,Others,4,Divorced,1,1,23,1,2,3,137.98,1
53969,10,Computer,2,26,Credit Card,Male,3,2,Laptop & Accessory,5,Divorced,2,0,24,1,5,10,140.36,0
53970,6,Mobile Phone,1,22,Credit Card,Female,3,3,Mobile Phone,2,Single,5,0,19,4,6,13,150.65,1
53971,43,Mobile Phone,3,7,COD,Female,4,2,Mobile Phone,4,Married,1,1,17,3,7,3,252.6,0
53972,9,Mobile Phone,2,25,Debit Card,Male,1,1,Laptop & Accessory,2,Married,5,1,18,0,2,1,163.63,0
53973,3,Computer,1,12,Debit Card,Male,2,1,Laptop & Accessory,3,Divorced,5,0,23,4,8,0,157.63,0
53974,14,Computer,2,18,COD,Male,4,4,Mobile Phone,5,Single,1,0,22,0,3,10,172.92,0
53975,3,Computer,1,15,Credit Card,Male,4,2,Fashion,1,Married,6,0,18,0,3,5,137.14,0
53976,28,Mobile Phone,3,12,E Wallet,Female,2,4,Fashion,3,Married,4,1,17,3,5,2,193.98,0
53977,5,Computer,1,18,E Wallet,Male,4,5,Fashion,3,Married,6,0,18,1,2,5,119.89,1
53978,9,Mobile Phone,3,12,Credit Card,Male,3,2,Laptop & Accessory,5,Married,6,0,12,1,5,8,165.19,0
53979,0,Mobile Phone,2,20,Debit Card,Female,2,4,Mobile Phone,3,Married,2,0,13,0,3,3,117.79,0
53980,6,Mobile Phone,3,12,Debit Card,Female,1,3,Mobile Phone,5,Divorced,3,0,11,0,4,10,157.98,0
53981,21,Mobile Phone,1,11,E Wallet,Female,3,4,Fashion,2,Married,3,1,19,1,5,7,189.78,0
53982,19,Computer,1,20,UPI,Female,3,2,Laptop & Accessory,3,Married,4,0,14,2,6,8,186.71,0
53983,3,Mobile Phone,3,37,E Wallet,Male,2,5,Laptop & Accessory,1,Married,3,0,21,1,3,6,132.85,1
53984,3,Mobile Phone,2,23,Credit Card,Female,2,6,Laptop & Accessory,5,Single,7,1,21,2,5,3,141.14,1
53985,20,Phone,1,21,Debit Card,Female,1,3,Mobile Phone,2,Married,3,0,19,2,4,9,170.53,0
53986,31,Mobile Phone,1,15,Credit Card,Male,4,2,Fashion,5,Married,2,0,15,1,3,9,238.0,0
53987,1,Mobile Phone,1,20,COD,Male,1,3,Fashion,3,Married,10,0,12,2,4,15,157.48,1
53988,7,Mobile Phone,2,13,UPI,Female,3,3,Fashion,2,Married,3,0,24,2,3,3,153.62,1
53989,4,Mobile Phone,1,28,Credit Card,Male,4,6,Laptop & Accessory,3,Married,2,1,21,1,4,2,119.27,1
53990,24,Mobile Phone,1,8,Credit Card,Female,4,4,Fashion,2,Married,2,1,23,3,7,3,207.0,0
53991,1,Mobile Phone,1,15,E Wallet,Female,3,4,Laptop & Accessory,5,Single,4,0,25,3,6,0,142.43,1
53992,2,Computer,2,13,Credit Card,Male,3,4,Others,4,Married,5,1,24,3,4,0,144.87,0
53993,16,Mobile Phone,1,15,Credit Card,Male,3,3,Laptop & Accessory,2,Single,1,0,18,2,5,5,195.38,1
53994,0,Mobile Phone,3,11,Credit Card,Female,3,5,Grocery,3,Single,2,0,13,1,5,4,128.74,0
53995,8,Computer,1,16,Debit Card,Male,2,3,Laptop & Accessory,4,Divorced,1,0,15,2,4,3,144.97,0
53996,7,Mobile Phone,3,11,Debit Card,Female,3,3,Mobile Phone,3,Single,2,1,17,2,6,11,170.97,0
53997,4,Phone,2,12,Debit Card,Female,1,2,Grocery,5,Married,6,1,20,3,4,5,159.46,0
53998,6,Mobile Phone,1,19,Debit Card,Male,3,2,Fashion,1,Married,3,1,20,1,3,9,146.86,0
53999,9,Mobile Phone,1,43,Debit Card,Female,3,1,Mobile Phone,1,Married,6,0,19,1,2,7,169.49,0
54000,2,Computer,2,12,Debit Card,Male,3,3,Laptop & Accessory,3,Divorced,3,0,25,3,7,2,116.95,0
54001,10,Mobile Phone,2,18,Debit Card,Female,3,3,Fashion,4,Married,9,0,16,1,2,10,157.6,0
54002,19,Mobile Phone,2,24,Debit Card,Male,4,3,Fashion,4,Married,3,1,17,1,2,11,177.78,1
54003,17,Computer,1,18,Credit Card,Female,3,5,Mobile Phone,2,Single,4,0,18,2,3,3,191.22,0
54004,2,Mobile Phone,3,14,Credit Card,Male,2,3,Laptop & Accessory,2,Divorced,5,0,24,2,5,20,124.15,0
54005,1,Computer,3,14,COD,Female,3,2,Laptop & Accessory,4,Married,2,0,24,2,6,4,157.38,1
54006,3,Phone,2,25,Credit Card,Female,2,3,Others,2,Single,2,0,24,3,6,9,136.39,0
54007,5,Mobile Phone,2,7,Debit Card,Male,2,3,Others,4,Married,1,0,13,3,4,2,142.06,0
54008,6,Computer,2,16,Credit Card,Male,3,3,Others,2,Married,4,0,15,5,7,11,144.19,0
54009,13,Mobile Phone,1,13,UPI,Male,2,2,Mobile Phone,4,Married,5,0,16,3,5,9,147.26,0
54010,0,Phone,1,8,Credit Card,Female,4,2,Others,5,Married,2,0,13,0,2,1,136.92,1
54011,0,Computer,2,15,Debit Card,Male,3,2,Laptop & Accessory,5,Single,1,0,24,3,5,2,128.41,1
54012,5,Phone,3,12,COD,Male,2,5,Mobile Phone,3,Divorced,6,0,13,0,3,17,128.56,0
54013,14,Mobile Phone,1,10,Debit Card,Female,2,3,Laptop & Accessory,2,Married,4,1,16,0,2,10,147.8,0
54014,2,Computer,2,27,COD,Female,2,3,Mobile Phone,1,Single,5,0,12,3,6,8,140.67,1
54015,12,Mobile Phone,3,10,UPI,Female,2,4,Laptop & Accessory,2,Single,5,1,14,4,5,15,170.56,1
54016,3,Mobile Phone,1,9,E Wallet,Female,4,2,Laptop & Accessory,3,Married,3,0,12,4,5,8,165.75,1
54017,26,Phone,1,8,Credit Card,Male,2,3,Laptop & Accessory,3,Married,4,0,11,3,7,7,176.66,0
54018,27,Mobile Phone,3,17,Debit Card,Female,3,3,Mobile Phone,3,Single,5,0,16,2,5,10,199.96,0
54019,4,Phone,1,18,E Wallet,Female,4,1,Grocery,3,Single,1,0,15,3,5,20,149.81,0
54020,3,Mobile Phone,1,37,Credit Card,Female,3,2,Mobile Phone,4,Married,5,1,14,3,7,7,142.1,0
54021,6,Computer,1,13,Credit Card,Male,2,3,Fashion,4,Married,3,0,14,5,7,6,175.32,1
54022,3,Mobile Phone,1,12,Debit Card,Female,4,4,Grocery,1,Single,2,1,18,4,6,30,141.43,1
54023,13,Mobile Phone,3,9,Debit Card,Female,3,4,Fashion,5,Single,1,1,22,1,3,2,160.2,0
54024,20,Mobile Phone,2,18,Credit Card,Male,3,4,Fashion,3,Married,2,0,24,5,7,10,174.84,0
54025,13,Computer,2,8,Credit Card,Male,4,4,Mobile Phone,2,Married,4,0,23,1,4,5,171.59,1
54026,20,Mobile Phone,2,12,Credit Card,Female,3,3,Laptop & Accessory,5,Married,5,0,23,1,5,1,182.67,0
54027,6,Computer,3,17,Credit Card,Male,2,3,Fashion,1,Married,7,0,16,0,2,7,157.46,1
54028,2,Mobile Phone,1,12,E Wallet,Male,3,5,Fashion,2,Divorced,1,1,24,1,2,27,118.88,1
54029,16,Mobile Phone,1,12,Credit Card,Male,2,4,Laptop & Accessory,5,Married,3,0,20,2,5,9,178.07,0
54030,5,Mobile Phone,3,11,Credit Card,Male,4,3,Laptop & Accessory,3,Single,6,0,11,1,3,8,147.21,0
54031,13,Mobile Phone,3,27,E Wallet,Female,4,3,Mobile Phone,5,Single,2,0,24,0,1,4,164.7,0
54032,3,Computer,1,11,UPI,Female,3,3,Grocery,2,Married,2,1,26,1,4,16,145.84,1
54033,1,Computer,1,19,Credit Card,Male,2,3,Mobile Phone,3,Divorced,3,0,25,6,8,9,173.89,0
54034,58,Mobile Phone,2,11,COD,Female,3,3,Mobile Phone,1,Married,3,0,15,0,2,3,227.8,0
54035,2,Computer,1,12,Credit Card,Male,3,2,Others,3,Married,1,0,15,2,4,9,135.9,0
54036,53,Computer,2,15,Debit Card,Female,2,3,Laptop & Accessory,1,Married,3,0,22,2,5,1,256.16,0
54037,45,Mobile Phone,1,26,E Wallet,Female,2,4,Laptop & Accessory,2,Single,6,0,16,2,6,2,231.28,0
54038,18,Mobile Phone,1,7,Debit Card,Female,2,3,Fashion,4,Single,3,1,23,5,9,9,199.85,0
54039,12,Mobile Phone,2,25,UPI,Male,3,2,Laptop & Accessory,4,Married,4,0,26,0,3,20,170.74,0
54040,10,Mobile Phone,3,10,Credit Card,Male,3,4,Laptop & Accessory,3,Single,4,0,21,3,6,5,194.43,1
54041,24,Mobile Phone,2,16,E Wallet,Female,5,4,Grocery,1,Single,2,0,17,1,4,2,207.86,0
54042,4,Mobile Phone,1,14,Credit Card,Male,2,4,Laptop & Accessory,1,Divorced,4,1,17,1,5,7,129.68,1
54043,7,Computer,3,9,Debit Card,Female,2,3,Fashion,2,Married,5,0,18,4,8,5,135.67,1
54044,11,Mobile Phone,2,12,E Wallet,Male,2,4,Mobile Phone,1,Married,2,1,14,5,8,11,175.2,0
54045,6,Mobile Phone,1,15,E Wallet,Male,4,4,Laptop & Accessory,2,Married,4,1,22,3,7,10,159.04,0
54046,6,Mobile Phone,1,9,COD,Female,2,4,Mobile Phone,3,Single,10,0,14,3,7,1,155.87,0
54047,4,Mobile Phone,1,22,Credit Card,Male,4,3,Mobile Phone,1,Married,3,1,19,1,4,2,140.0,1
54048,9,Mobile Phone,2,15,Credit Card,Male,4,3,Fashion,5,Married,2,0,20,4,6,7,158.82,0
54049,22,Phone,2,12,UPI,Male,1,1,Laptop & Accessory,1,Single,5,0,11,2,3,6,172.69,0
54050,2,Mobile Phone,1,13,Debit Card,Female,2,4,Laptop & Accessory,4,Divorced,1,0,12,3,7,6,153.78,0
54051,32,Computer,1,22,Debit Card,Female,2,2,Fashion,3,Single,3,0,17,1,4,23,202.1,0
54052,14,Mobile Phone,1,25,Debit Card,Male,2,4,Laptop & Accessory,3,Single,5,0,17,2,3,15,177.85,0
54053,20,Computer,2,11,COD,Male,3,3,Laptop & Accessory,3,Single,3,0,16,2,5,8,189.94,0
54054,9,Computer,1,9,Debit Card,Male,3,4,Others,3,Married,8,0,16,2,4,13,138.56,0
54055,18,Mobile Phone,1,20,E Wallet,Female,4,3,Laptop & Accessory,4,Married,2,0,11,3,4,15,164.57,0
54056,0,Computer,3,10,Credit Card,Male,2,3,Fashion,2,Single,3,0,25,3,7,5,114.53,1
54057,20,Mobile Phone,2,18,Debit Card,Female,2,3,Laptop & Accessory,3,Married,2,0,16,2,5,9,208.86,0
54058,0,Computer,1,10,COD,Female,3,1,Grocery,4,Single,4,1,20,2,3,6,109.88,0
54059,26,Mobile Phone,2,10,Credit Card,Male,2,1,Fashion,2,Single,2,0,21,2,5,2,188.32,0
54060,57,Phone,1,8,Credit Card,Male,3,3,Mobile Phone,1,Divorced,2,0,24,3,4,4,277.63,0
54061,4,Computer,3,32,Debit Card,Male,2,5,Mobile Phone,3,Married,4,0,12,2,6,7,178.84,1
54062,2,Phone,3,25,Credit Card,Male,2,3,Fashion,5,Married,8,1,17,4,5,10,141.55,0
54063,17,Mobile Phone,2,13,E Wallet,Male,4,4,Grocery,3,Married,1,1,26,0,2,3,161.66,0
54064,3,Mobile Phone,3,16,Credit Card,Male,3,6,Laptop & Accessory,4,Married,5,1,23,3,7,3,155.47,1
54065,24,Computer,1,16,Credit Card,Male,2,2,Laptop & Accessory,3,Single,6,0,12,0,2,8,172.76,1
54066,1,Computer,3,32,Debit Card,Male,3,3,Laptop & Accessory,2,Single,4,1,21,1,2,2,99.63,0
54067,1,Phone,1,18,UPI,Female,2,3,Fashion,3,Married,2,0,21,2,3,4,174.47,0
54068,46,Mobile Phone,1,21,E Wallet,Female,1,2,Laptop & Accessory,3,Divorced,1,1,21,0,2,7,238.31,0
54069,13,Computer,3,27,E Wallet,Male,3,2,Mobile Phone,2,Married,1,0,26,1,4,12,160.02,0
54070,22,Mobile Phone,2,10,Debit Card,Male,2,2,Mobile Phone,3,Divorced,3,0,11,1,2,2,193.13,0
54071,4,Mobile Phone,3,11,Credit Card,Male,2,4,Mobile Phone,3,Single,4,0,16,1,4,2,118.94,1
54072,13,Mobile Phone,1,25,Debit Card,Female,2,3,Mobile Phone,5,Single,2,1,16,1,2,6,164.17,0
54073,10,Mobile Phone,2,13,Credit Card,Female,3,2,Fashion,2,Married,2,0,21,3,6,6,145.7,0
54074,11,Phone,1,10,Credit Card,Male,2,4,Laptop & Accessory,5,Single,2,1,16,1,5,11,165.05,1
54075,13,Mobile Phone,2,16,COD,Female,4,1,Mobile Phone,1,Single,5,0,16,2,4,2,154.57,0
54076,10,Computer,1,24,COD,Female,2,4,Mobile Phone,1,Single,4,0,15,0,4,15,158.83,0
54077,6,Computer,1,34,E Wallet,Female,2,5,Grocery,1,Married,4,1,25,2,4,4,125.31,1
54078,3,Mobile Phone,1,29,Credit Card,Male,4,3,Laptop & Accessory,4,Divorced,5,0,20,2,5,9,128.25,1
54079,17,Mobile Phone,3,6,Credit Card,Female,3,3,Mobile Phone,1,Single,1,0,15,3,7,18,183.42,0
54080,3,Computer,1,13,Debit Card,Male,2,1,Grocery,3,Single,2,0,20,0,2,11,139.04,0
54081,14,Mobile Phone,3,9,UPI,Male,3,3,Laptop & Accessory,4,Married,5,0,18,1,4,17,168.71,0
54082,3,Computer,1,11,E Wallet,Male,2,3,Fashion,3,Married,7,1,21,3,7,10,123.78,1
54083,11,Phone,1,16,E Wallet,Female,3,4,Laptop & Accessory,1,Divorced,5,1,20,4,5,7,177.13,0
54084,16,Mobile Phone,1,16,UPI,Female,1,4,Laptop & Accessory,4,Married,5,0,11,2,4,0,182.48,0
54085,2,Mobile Phone,3,6,COD,Male,4,2,Laptop & Accessory,2,Single,1,0,22,1,3,14,116.18,1
54086,0,Mobile Phone,1,11,Credit Card,Male,3,3,Mobile Phone,1,Single,4,0,11,2,4,3,133.21,0
54087,1,Computer,1,30,Credit Card,Female,3,4,Fashion,4,Married,1,0,25,3,4,7,121.87,1
54088,11,Mobile Phone,3,8,COD,Female,3,3,Laptop & Accessory,1,Married,4,1,15,1,3,9,119.92,1
54089,22,Mobile Phone,1,24,E Wallet,Female,2,3,Laptop & Accessory,3,Married,1,0,26,3,4,3,189.41,0
54090,0,Mobile Phone,3,12,UPI,Female,4,4,Mobile Phone,3,Married,2,1,13,2,3,4,153.15,0
54091,15,Phone,1,15,Debit Card,Male,2,5,Laptop & Accessory,3,Married,4,0,14,0,4,3,161.65,1
54092,5,Mobile Phone,2,26,Credit Card,Female,2,2,Mobile Phone,4,Divorced,1,0,26,0,3,30,153.26,0
54093,7,Mobile Phone,1,13,Credit Card,Male,3,2,Fashion,1,Married,4,1,24,1,2,4,153.2,1
54094,31,Phone,2,31,Credit Card,Female,5,4,Others,4,Married,1,1,19,0,1,6,212.02,0
54095,4,Computer,3,8,UPI,Male,2,2,Laptop & Accessory,4,Married,5,0,13,1,2,3,127.28,0
54096,7,Computer,3,22,Credit Card,Female,5,4,Mobile Phone,5,Divorced,3,0,22,1,2,7,152.66,1
54097,0,Computer,2,21,COD,Female,3,2,Laptop & Accessory,3,Divorced,1,0,15,2,5,2,135.15,0
54098,1,Phone,3,29,Credit Card,Male,4,1,Laptop & Accessory,2,Single,2,1,19,6,7,3,147.39,0
54099,3,Computer,1,19,Debit Card,Female,3,3,Mobile Phone,1,Married,3,0,21,2,6,11,117.6,1
54100,0,Computer,1,14,Debit Card,Male,2,1,Laptop & Accessory,3,Single,3,0,14,3,6,3,128.1,0
54101,11,Computer,2,10,Debit Card,Male,4,2,Laptop & Accessory,4,Single,4,1,14,1,4,20,161.56,1
54102,6,Computer,2,13,E Wallet,Female,1,3,Laptop & Accessory,1,Divorced,5,0,22,1,4,36,149.98,0
54103,9,Mobile Phone,1,8,Debit Card,Female,3,1,Mobile Phone,2,Single,2,1,11,0,3,0,127.11,1
54104,2,Mobile Phone,2,22,Credit Card,Female,4,1,Laptop & Accessory,4,Single,1,1,23,1,3,2,172.64,0
54105,4,Computer,1,15,E Wallet,Male,4,2,Grocery,2,Married,2,0,15,0,4,15,143.83,0
54106,13,Mobile Phone,3,14,Debit Card,Female,3,3,Fashion,3,Married,1,1,16,1,2,7,157.74,1
54107,40,Computer,3,13,Debit Card,Male,2,5,Laptop & Accessory,4,Single,5,0,12,0,4,2,231.12,0
54108,0,Mobile Phone,2,20,Credit Card,Male,3,1,Laptop & Accessory,3,Divorced,1,1,12,3,5,8,127.74,0
54109,26,Computer,1,14,E Wallet,Female,3,3,Fashion,4,Single,2,0,18,1,5,22,192.58,0
54110,10,Mobile Phone,2,15,COD,Male,4,3,Laptop & Accessory,2,Married,1,0,23,2,5,9,139.55,1
54111,9,Computer,3,15,E Wallet,Male,2,1,Mobile Phone,5,Married,3,0,26,0,1,24,157.73,0
54112,8,Computer,1,19,COD,Female,3,1,Laptop & Accessory,1,Single,1,0,13,2,3,4,144.44,0
54113,0,Mobile Phone,2,18,Debit Card,Female,2,2,Mobile Phone,4,Single,4,0,14,1,2,8,143.74,0
54114,1,Mobile Phone,3,26,Credit Card,Male,3,3,Others,1,Single,3,0,21,2,5,3,121.54,1
54115,11,Mobile Phone,1,24,UPI,Male,2,5,Mobile Phone,4,Married,3,0,13,4,5,4,185.94,0
54116,5,Mobile Phone,1,13,UPI,Male,2,3,Fashion,1,Single,7,1,21,0,4,2,138.39,0
54117,29,Mobile Phone,1,33,E Wallet,Female,4,1,Mobile Phone,3,Married,2,0,24,1,4,4,219.53,0
54118,6,Mobile Phone,2,18,Credit Card,Male,3,2,Mobile Phone,2,Single,2,0,25,1,5,17,143.46,1
54119,1,Phone,3,37,Debit Card,Male,3,5,Fashion,3,Married,3,1,14,5,6,2,121.22,1
54120,15,Mobile Phone,2,17,Debit Card,Male,4,1,Fashion,1,Single,2,1,21,0,3,2,163.33,1
54121,4,Computer,1,13,Debit Card,Male,2,3,Fashion,5,Married,5,1,19,2,6,11,140.59,0
54122,8,Mobile Phone,2,12,Debit Card,Female,2,2,Laptop & Accessory,4,Married,3,0,13,3,4,1,164.0,0
54123,14,Computer,2,8,E Wallet,Male,2,1,Fashion,2,Single,1,1,15,4,7,5,182.67,1
54124,27,Mobile Phone,2,17,Debit Card,Male,3,2,Fashion,3,Divorced,2,0,19,0,2,7,196.98,0
54125,18,Computer,1,17,Credit Card,Male,3,5,Laptop & Accessory,3,Single,3,0,17,0,3,23,201.61,0
54126,13,Computer,2,15,COD,Male,3,4,Laptop & Accessory,3,Single,4,0,12,0,4,1,160.52,0
54127,13,Computer,2,18,Credit Card,Female,3,2,Mobile Phone,3,Single,4,0,13,1,2,7,147.93,0
54128,35,Mobile Phone,1,9,Debit Card,Male,3,1,Mobile Phone,2,Divorced,4,0,18,1,3,5,195.17,1
54129,4,Computer,2,14,E Wallet,Female,4,3,Fashion,4,Single,5,0,23,1,4,18,124.52,0
54130,0,Mobile Phone,3,9,UPI,Female,3,1,Fashion,3,Single,2,0,16,2,4,1,126.45,0
54131,3,Mobile Phone,1,18,Debit Card,Male,4,3,Mobile Phone,4,Married,3,0,11,1,2,9,136.65,0
54132,2,Mobile Phone,3,16,UPI,Male,2,4,Mobile Phone,5,Single,3,0,24,2,4,7,143.6,0
54133,13,Mobile Phone,1,24,Debit Card,Male,1,3,Laptop & Accessory,1,Married,8,1,14,3,6,9,166.44,0
54134,12,Mobile Phone,3,13,E Wallet,Male,3,4,Fashion,3,Divorced,8,1,13,1,5,2,183.86,0
54135,10,Computer,1,24,Debit Card,Female,2,4,Grocery,3,Married,3,1,12,1,4,2,146.82,1
54136,0,Mobile Phone,1,14,Credit Card,Female,3,3,Laptop & Accessory,1,Married,1,0,15,1,2,5,136.45,1
54137,15,Mobile Phone,2,20,Credit Card,Female,3,4,Fashion,2,Married,5,0,24,0,2,7,119.55,0
54138,4,Mobile Phone,2,11,E Wallet,Female,2,1,Mobile Phone,1,Single,1,0,19,1,2,11,130.6,0
54139,13,Computer,3,15,E Wallet,Male,1,2,Laptop & Accessory,4,Married,3,0,14,0,3,1,166.76,0
54140,9,Computer,2,15,UPI,Male,3,4,Others,3,Married,3,0,11,1,4,10,189.69,0
54141,5,Mobile Phone,2,25,Debit Card,Female,4,1,Fashion,1,Divorced,1,0,14,2,3,3,154.2,0
54142,1,Computer,3,15,E Wallet,Female,3,1,Grocery,2,Married,2,0,23,1,3,2,100.79,0
54143,1,Mobile Phone,2,15,Debit Card,Male,3,3,Fashion,3,Married,4,1,11,0,4,3,147.67,0
54144,21,Mobile Phone,1,36,Credit Card,Female,2,4,Laptop & Accessory,2,Married,4,0,19,3,6,10,201.14,0
54145,30,Mobile Phone,1,22,Credit Card,Male,3,6,Mobile Phone,1,Married,4,0,24,3,7,2,229.38,0
54146,12,Computer,1,13,Debit Card,Female,3,3,Fashion,2,Married,3,1,11,1,4,0,179.3,1
54147,1,Computer,3,19,Debit Card,Male,2,5,Laptop & Accessory,1,Divorced,2,0,25,0,4,5,133.18,0
54148,6,Mobile Phone,1,23,UPI,Female,2,4,Fashion,1,Married,1,0,23,4,5,11,149.76,0
54149,15,Mobile Phone,1,16,Debit Card,Female,2,2,Fashion,3,Single,3,1,25,1,5,14,146.21,0
54150,18,Mobile Phone,1,21,Credit Card,Female,1,3,Laptop & Accessory,3,Single,3,0,25,1,4,3,184.99,1
54151,1,Computer,2,15,E Wallet,Female,2,3,Grocery,5,Married,3,1,11,4,6,5,132.38,0
54152,0,Computer,1,25,Debit Card,Male,3,2,Mobile Phone,1,Married,6,0,24,2,5,2,123.59,0
54153,14,Mobile Phone,1,7,Debit Card,Female,3,2,Fashion,4,Married,2,0,25,2,3,11,149.36,0
54154,5,Mobile Phone,2,10,Credit Card,Male,2,4,Laptop & Accessory,2,Single,4,1,18,3,6,10,126.82,1
54155,3,Computer,3,13,Debit Card,Male,3,2,Grocery,3,Married,2,0,18,1,4,5,136.37,0
54156,0,Computer,1,21,COD,Female,4,5,Mobile Phone,3,Married,4,0,18,2,5,9,158.81,0
54157,9,Computer,2,18,COD,Female,4,3,Laptop & Accessory,3,Single,1,0,24,2,5,7,155.47,0
54158,22,Computer,1,11,Credit Card,Female,3,2,Fashion,4,Married,2,0,25,1,5,12,180.07,0
54159,37,Computer,3,16,Debit Card,Female,2,2,Mobile Phone,1,Married,2,1,26,2,4,30,224.86,0
54160,10,Mobile Phone,1,7,Credit Card,Male,2,3,Mobile Phone,2,Married,5,0,19,4,8,12,170.21,0
54161,8,Mobile Phone,3,8,Debit Card,Female,2,3,Others,2,Single,3,0,19,0,4,5,162.88,0
54162,1,Mobile Phone,3,8,Credit Card,Male,3,2,Grocery,1,Married,2,1,13,3,6,1,136.05,0
54163,9,Computer,3,10,Debit Card,Male,2,3,Laptop & Accessory,1,Divorced,2,0,11,0,4,4,137.49,0
54164,5,Mobile Phone,1,21,E Wallet,Male,3,3,Fashion,4,Married,2,1,24,3,7,7,147.98,1
54165,11,Mobile Phone,2,18,Debit Card,Male,4,4,Laptop & Accessory,5,Divorced,4,0,15,2,3,3,162.79,0
54166,5,Mobile Phone,1,14,Credit Card,Male,4,3,Laptop & Accessory,2,Married,5,1,15,2,5,1,130.15,0
54167,3,Mobile Phone,3,21,Debit Card,Male,4,5,Laptop & Accessory,4,Married,1,0,25,1,5,5,129.09,0
54168,1,Computer,3,26,Credit Card,Male,2,3,Laptop & Accessory,5,Married,1,1,11,3,7,9,168.31,0
54169,4,Mobile Phone,3,10,Debit Card,Male,4,2,Fashion,2,Single,3,0,26,2,3,5,140.48,0
54170,1,Mobile Phone,2,24,COD,Female,3,3,Fashion,2,Married,5,0,14,2,5,6,150.18,0
54171,2,Computer,2,11,Credit Card,Female,3,4,Laptop & Accessory,4,Married,1,0,19,2,6,9,114.71,0
54172,52,Mobile Phone,2,12,Debit Card,Female,2,1,Laptop & Accessory,1,Divorced,3,1,13,2,3,17,264.57,0
54173,7,Computer,1,32,Credit Card,Female,4,3,Laptop & Accessory,3,Married,5,1,12,1,5,10,140.97,0
54174,9,Computer,2,16,Debit Card,Female,1,2,Fashion,3,Married,1,0,17,3,7,4,158.52,1
54175,24,Phone,2,12,Credit Card,Female,1,5,Mobile Phone,4,Single,2,1,20,3,7,5,186.49,1
54176,61,Computer,3,19,Debit Card,Male,2,3,Laptop & Accessory,3,Married,1,1,13,0,3,6,272.94,0
54177,10,Mobile Phone,2,22,Credit Card,Female,3,2,Mobile Phone,3,Single,1,0,14,2,5,21,165.08,0
54178,20,Computer,3,16,Credit Card,Female,3,1,Laptop & Accessory,4,Married,3,0,26,3,6,14,207.94,0
54179,4,Mobile Phone,3,12,E Wallet,Female,4,4,Fashion,3,Single,4,1,19,1,3,5,145.18,0
54180,4,Mobile Phone,2,18,Credit Card,Male,2,4,Mobile Phone,5,Divorced,6,1,19,2,5,9,153.19,1
54181,6,Mobile Phone,1,20,UPI,Male,2,3,Mobile Phone,4,Married,2,0,26,2,4,4,139.53,0
54182,13,Mobile Phone,2,14,COD,Male,3,1,Fashion,4,Single,2,1,17,2,5,14,156.89,0
54183,13,Computer,2,31,COD,Male,2,3,Mobile Phone,3,Married,3,0,15,1,2,0,182.23,0
54184,4,Mobile Phone,1,17,Debit Card,Female,3,4,Mobile Phone,5,Married,7,0,24,4,6,5,154.19,0
54185,1,Computer,1,22,E Wallet,Female,1,3,Fashion,3,Single,1,0,11,3,6,5,150.62,0
54186,12,Mobile Phone,3,22,Credit Card,Female,3,4,Mobile Phone,2,Married,1,0,13,2,6,4,181.23,1
54187,1,Mobile Phone,1,8,Credit Card,Female,4,4,Others,5,Married,5,0,24,1,5,7,147.06,0
54188,10,Phone,2,19,UPI,Male,2,2,Laptop & Accessory,3,Single,1,0,26,3,7,5,164.4,0
54189,14,Mobile Phone,3,20,Debit Card,Female,2,2,Others,3,Divorced,2,1,19,1,5,8,167.32,0
54190,14,Computer,2,12,Credit Card,Female,2,3,Grocery,3,Married,4,0,26,3,7,9,162.51,0
54191,16,Mobile Phone,2,12,Credit Card,Male,3,2,Others,4,Married,2,0,15,5,6,8,164.37,0
54192,24,Mobile Phone,3,8,Debit Card,Female,3,4,Laptop & Accessory,2,Married,3,1,13,1,3,1,192.78,1
54193,8,Mobile Phone,2,27,UPI,Male,4,2,Laptop & Accessory,4,Married,4,1,18,3,4,6,129.19,0
54194,15,Computer,1,11,Credit Card,Male,5,3,Grocery,2,Married,3,1,12,2,5,3,185.55,0
54195,11,Mobile Phone,3,9,E Wallet,Male,5,1,Others,2,Divorced,2,0,15,1,3,16,171.44,0
54196,2,Mobile Phone,2,13,COD,Female,2,2,Fashion,3,Married,2,1,15,3,7,8,149.33,0
54197,0,Mobile Phone,2,10,E Wallet,Female,3,2,Fashion,2,Married,9,0,11,2,5,2,141.26,1
54198,4,Computer,2,9,UPI,Female,4,2,Grocery,3,Married,5,0,22,0,3,5,122.09,0
54199,7,Computer,1,39,Debit Card,Female,3,2,Laptop & Accessory,1,Married,2,1,20,0,4,14,169.39,1
54200,11,Computer,3,10,Credit Card,Female,4,3,Grocery,2,Married,1,0,13,1,4,2,155.34,0
54201,22,Mobile Phone,3,11,Credit Card,Female,3,2,Laptop & Accessory,5,Single,2,0,13,4,5,4,204.57,0
54202,2,Computer,1,16,E Wallet,Male,3,2,Laptop & Accessory,5,Married,5,0,15,1,4,5,149.54,0
54203,1,Computer,3,8,Debit Card,Female,1,3,Fashion,1,Married,3,0,17,2,4,7,111.4,0
54204,39,Computer,3,15,E Wallet,Male,1,4,Fashion,4,Married,4,0,25,2,6,1,238.24,0
54205,1,Computer,2,20,Debit Card,Male,3,4,Fashion,3,Married,4,1,14,1,3,14,141.08,0
54206,7,Computer,2,17,Debit Card,Male,3,4,Mobile Phone,4,Single,5,1,19,3,4,2,149.81,0
54207,10,Mobile Phone,1,18,Credit Card,Male,3,6,Laptop & Accessory,2,Single,9,1,20,1,4,7,151.51,1
54208,9,Computer,2,14,E Wallet,Female,2,1,Fashion,3,Single,3,0,21,1,2,14,133.06,0
54209,1,Phone,1,13,COD,Male,4,3,Laptop & Accessory,5,Married,3,0,20,1,3,6,112.71,0
54210,0,Mobile Phone,2,19,E Wallet,Male,4,2,Fashion,2,Married,1,0,16,2,5,11,140.59,1
54211,1,Mobile Phone,2,18,Credit Card,Male,3,5,Others,5,Single,6,0,13,1,5,4,136.44,1
54212,10,Phone,3,10,Debit Card,Male,2,2,Others,5,Married,1,1,13,1,2,9,182.57,0
54213,9,Mobile Phone,3,16,Debit Card,Female,2,2,Mobile Phone,2,Married,4,0,13,0,2,16,137.56,1
54214,3,Computer,1,15,E Wallet,Female,3,5,Laptop & Accessory,2,Divorced,4,1,25,3,4,1,150.53,1
54215,12,Mobile Phone,3,20,Debit Card,Male,4,4,Laptop & Accessory,1,Married,2,0,16,1,5,4,154.6,0
54216,20,Mobile Phone,2,18,E Wallet,Male,3,1,Mobile Phone,2,Married,1,0,13,1,5,9,184.79,0
54217,0,Mobile Phone,2,5,Debit Card,Male,4,1,Fashion,3,Married,2,0,15,3,4,2,112.49,0
54218,8,Mobile Phone,1,26,Credit Card,Female,3,4,Laptop & Accessory,5,Divorced,2,0,18,0,3,13,175.34,0
54219,14,Mobile Phone,3,22,E Wallet,Male,3,1,Laptop & Accessory,3,Married,3,0,25,2,4,10,138.91,0
54220,3,Mobile Phone,3,24,UPI,Male,3,4,Fashion,5,Single,1,0,12,1,3,6,143.74,1
54221,4,Computer,3,20,Credit Card,Female,3,5,Laptop & Accessory,3,Married,1,1,26,1,2,5,148.51,1
54222,11,Phone,3,23,Debit Card,Female,3,1,Grocery,3,Married,3,1,19,0,4,17,171.08,1
54223,27,Mobile Phone,1,13,COD,Male,2,2,Mobile Phone,5,Single,1,0,18,1,2,2,218.11,0
54224,19,Mobile Phone,3,22,E Wallet,Male,4,1,Mobile Phone,3,Married,2,0,26,2,3,7,177.97,0
54225,10,Mobile Phone,2,15,UPI,Female,4,1,Laptop & Accessory,3,Single,5,0,21,2,4,9,166.58,0
54226,15,Mobile Phone,1,9,Debit Card,Male,3,3,Laptop & Accessory,3,Single,1,0,15,3,5,10,177.22,0
54227,5,Mobile Phone,2,22,Credit Card,Female,3,4,Grocery,3,Married,1,0,23,1,5,7,158.59,0
54228,12,Mobile Phone,2,17,Debit Card,Male,3,3,Fashion,1,Married,6,0,18,4,6,25,179.31,1
54229,7,Mobile Phone,1,28,Debit Card,Female,4,3,Laptop & Accessory,3,Divorced,2,0,21,0,2,8,123.66,0
54230,2,Mobile Phone,1,16,Debit Card,Female,4,2,Others,3,Married,2,0,16,1,3,8,139.78,0
54231,14,Mobile Phone,1,11,Credit Card,Female,4,2,Mobile Phone,4,Single,3,0,26,3,4,5,180.89,1
54232,9,Computer,1,12,COD,Male,2,3,Fashion,1,Divorced,2,0,19,6,9,9,174.83,1
54233,5,Mobile Phone,1,14,Credit Card,Male,4,4,Fashion,4,Divorced,4,1,22,1,2,2,137.19,0
54234,29,Computer,1,17,E Wallet,Female,3,3,Others,2,Divorced,2,0,26,0,2,7,226.68,0
54235,0,Phone,1,23,COD,Female,3,5,Grocery,4,Married,1,0,20,1,3,9,145.26,1
54236,4,Phone,3,17,Debit Card,Female,5,1,Fashion,4,Divorced,3,0,14,1,3,14,136.25,0
54237,0,Phone,3,10,Debit Card,Male,2,4,Laptop & Accessory,5,Single,3,0,15,2,4,5,116.35,1
54238,17,Mobile Phone,1,17,Debit Card,Female,2,2,Grocery,5,Married,2,0,19,5,9,6,178.52,0
54239,14,Mobile Phone,3,25,UPI,Female,2,4,Grocery,5,Single,2,0,23,2,4,4,165.06,0
54240,4,Mobile Phone,2,16,E Wallet,Male,2,5,Fashion,3,Single,6,1,13,1,4,6,144.22,1
54241,13,Computer,2,18,Credit Card,Female,2,4,Others,4,Married,4,0,11,4,5,1,151.7,0
54242,6,Computer,2,15,UPI,Male,3,3,Mobile Phone,4,Married,1,0,25,0,2,13,125.45,0
54243,16,Computer,2,15,Debit Card,Female,4,3,Laptop & Accessory,3,Divorced,2,0,19,2,5,8,202.05,0
54244,7,Mobile Phone,1,24,Debit Card,Male,4,3,Laptop & Accessory,4,Married,4,0,15,2,6,4,148.32,0
54245,6,Computer,1,21,Credit Card,Male,2,3,Mobile Phone,3,Single,3,0,11,1,4,1,166.85,0
54246,32,Mobile Phone,2,40,E Wallet,Female,3,4,Mobile Phone,4,Divorced,6,0,21,0,2,3,215.43,1
54247,3,Mobile Phone,2,13,Debit Card,Male,4,4,Grocery,4,Single,4,0,17,5,8,6,154.75,0
54248,1,Computer,3,12,Debit Card,Female,3,1,Grocery,3,Single,1,0,22,4,8,7,166.61,0
54249,10,Mobile Phone,1,9,Credit Card,Male,4,2,Mobile Phone,3,Single,2,0,15,3,7,3,166.39,0
54250,41,Phone,3,14,Debit Card,Female,4,3,Others,3,Married,5,0,26,1,3,3,225.95,0
54251,5,Mobile Phone,2,15,E Wallet,Male,2,3,Others,2,Divorced,2,1,12,1,5,3,174.92,0
54252,0,Computer,3,11,Credit Card,Female,4,2,Mobile Phone,3,Married,3,0,17,2,6,2,133.08,1
54253,4,Mobile Phone,1,19,Credit Card,Female,3,2,Grocery,5,Divorced,5,0,23,2,4,5,150.72,0
54254,8,Computer,3,21,UPI,Male,3,3,Laptop & Accessory,2,Married,1,1,17,1,5,12,157.64,0
54255,2,Computer,3,18,E Wallet,Male,4,3,Mobile Phone,4,Divorced,1,0,16,2,6,6,136.73,0
54256,12,Phone,2,10,Debit Card,Male,4,5,Fashion,1,Married,2,0,25,0,3,8,158.23,0
54257,61,Mobile Phone,2,12,Credit Card,Female,3,4,Mobile Phone,1,Divorced,4,1,25,2,4,4,308.49,0
54258,7,Phone,1,16,Credit Card,Male,4,3,Laptop & Accessory,5,Single,2,0,23,6,10,16,132.3,0
54259,5,Mobile Phone,3,24,UPI,Female,5,4,Laptop & Accessory,5,Single,2,0,14,1,4,17,158.32,0
54260,6,Mobile Phone,1,14,E Wallet,Male,4,4,Grocery,3,Single,2,0,13,3,7,6,148.4,0
54261,1,Mobile Phone,2,7,Credit Card,Male,1,3,Mobile Phone,3,Single,5,1,12,3,7,5,156.38,0
54262,25,Computer,1,14,UPI,Female,4,2,Laptop & Accessory,3,Married,3,0,24,3,5,7,236.52,0
54263,6,Mobile Phone,2,15,Credit Card,Male,4,5,Others,3,Married,2,1,15,2,3,1,133.95,1
54264,5,Computer,2,29,UPI,Male,4,5,Others,5,Married,5,0,20,2,4,8,156.78,1
54265,12,Computer,3,7,Debit Card,Female,3,2,Mobile Phone,2,Single,1,0,21,3,5,4,165.21,0
54266,7,Mobile Phone,2,21,Debit Card,Female,4,4,Fashion,3,Divorced,2,0,15,1,5,3,159.68,0
54267,12,Phone,3,9,E Wallet,Female,1,1,Mobile Phone,5,Married,4,0,22,2,5,3,171.66,0
54268,0,Mobile Phone,2,13,Debit Card,Male,5,1,Fashion,1,Married,3,0,13,1,2,3,126.91,1
54269,20,Computer,1,18,E Wallet,Female,2,3,Others,2,Divorced,2,0,21,3,5,8,153.73,0
54270,33,Mobile Phone,1,23,E Wallet,Male,4,3,Laptop & Accessory,3,Single,6,0,19,0,2,5,215.1,0
54271,12,Mobile Phone,3,12,E Wallet,Male,4,3,Mobile Phone,3,Divorced,4,0,25,4,8,24,171.82,0
54272,37,Mobile Phone,1,13,UPI,Female,1,3,Fashion,4,Single,3,0,11,3,7,1,241.7,0
54273,1,Mobile Phone,2,14,Credit Card,Male,4,2,Fashion,2,Single,6,0,25,1,3,8,148.31,0
54274,7,Mobile Phone,1,11,UPI,Male,4,2,Laptop & Accessory,3,Married,6,0,17,3,5,15,158.27,0
54275,11,Mobile Phone,2,28,Credit Card,Male,4,4,Mobile Phone,2,Married,2,0,24,1,2,9,149.6,0
54276,10,Mobile Phone,3,17,Credit Card,Female,2,2,Mobile Phone,2,Single,2,0,20,1,5,5,133.36,1
54277,6,Mobile Phone,2,21,Credit Card,Female,4,3,Fashion,1,Married,2,0,18,0,3,3,130.92,1
54278,4,Mobile Phone,1,14,COD,Male,3,3,Mobile Phone,1,Single,2,0,19,1,5,2,155.44,0
54279,1,Computer,1,7,Debit Card,Male,2,4,Mobile Phone,4,Single,1,0,14,3,6,7,144.74,0
54280,5,Computer,1,14,E Wallet,Male,4,3,Mobile Phone,3,Divorced,3,1,12,1,5,6,161.42,1
54281,2,Computer,1,24,Debit Card,Male,3,2,Others,4,Married,2,0,18,2,6,16,150.05,1
54282,15,Computer,2,7,Debit Card,Male,4,5,Laptop & Accessory,4,Single,2,0,18,1,4,10,173.55,0
54283,2,Computer,2,15,COD,Male,3,2,Mobile Phone,4,Married,3,0,18,4,6,13,137.81,0
54284,0,Computer,1,19,Debit Card,Male,2,2,Laptop & Accessory,5,Single,4,0,11,1,4,6,135.1,0
54285,9,Mobile Phone,2,13,E Wallet,Male,2,4,Mobile Phone,2,Single,5,0,26,3,4,1,151.62,0
54286,10,Computer,2,12,Credit Card,Female,2,4,Fashion,1,Married,7,0,12,3,5,2,161.43,0
54287,24,Mobile Phone,1,17,UPI,Female,2,4,Laptop & Accessory,3,Single,2,0,19,3,7,6,183.57,0
54288,10,Computer,2,11,E Wallet,Female,3,1,Mobile Phone,5,Married,5,0,16,2,5,3,181.38,0
54289,5,Computer,1,8,Debit Card,Male,4,4,Grocery,2,Married,3,0,24,1,2,4,134.11,0
54290,19,Mobile Phone,2,13,Credit Card,Female,3,4,Fashion,3,Single,6,1,26,2,5,1,148.45,0
54291,9,Computer,3,31,Debit Card,Female,4,3,Fashion,3,Married,4,0,15,5,8,10,151.34,0
54292,0,Mobile Phone,1,19,Credit Card,Male,2,2,Others,3,Married,4,1,18,1,4,9,127.24,1
54293,10,Mobile Phone,2,12,E Wallet,Male,3,3,Mobile Phone,3,Married,2,0,25,4,8,4,183.42,0
54294,28,Mobile Phone,2,19,Debit Card,Female,3,2,Others,5,Single,2,1,24,1,5,13,213.65,0
54295,6,Computer,1,25,UPI,Female,3,5,Mobile Phone,4,Single,5,0,17,2,3,5,152.77,1
54296,4,Computer,3,11,Debit Card,Male,3,4,Laptop & Accessory,4,Married,3,0,17,2,6,1,110.29,1
54297,1,Computer,2,19,Debit Card,Female,2,3,Grocery,3,Married,1,0,24,1,2,12,134.24,1
54298,1,Mobile Phone,2,13,Debit Card,Male,2,4,Mobile Phone,4,Single,2,0,24,4,7,13,152.98,1
54299,6,Mobile Phone,2,26,Debit Card,Male,2,3,Mobile Phone,3,Divorced,1,0,15,2,5,9,122.65,0
54300,10,Computer,3,12,Credit Card,Female,5,1,Laptop & Accessory,5,Single,1,0,21,5,8,6,157.15,0
54301,1,Mobile Phone,3,13,Debit Card,Male,2,2,Grocery,4,Single,10,0,26,3,4,2,156.9,0
54302,33,Computer,2,18,COD,Female,4,6,Fashion,4,Single,3,0,16,0,3,4,213.37,0
54303,16,Mobile Phone,3,11,COD,Male,1,4,Fashion,2,Divorced,5,1,22,8,9,0,193.51,0
54304,10,Mobile Phone,1,11,Credit Card,Female,1,5,Mobile Phone,3,Divorced,3,1,13,0,3,9,137.99,0
54305,21,Mobile Phone,2,26,Credit Card,Male,3,1,Laptop & Accessory,5,Divorced,3,0,25,2,5,17,212.13,0
54306,1,Computer,1,24,COD,Female,3,2,Mobile Phone,3,Married,10,0,21,1,3,10,134.53,1
54307,7,Mobile Phone,1,21,E Wallet,Female,4,1,Laptop & Accessory,4,Single,4,0,13,1,4,1,166.08,1
54308,11,Mobile Phone,2,12,Debit Card,Female,4,4,Mobile Phone,3,Married,1,0,22,1,4,4,148.53,0
54309,21,Mobile Phone,3,35,E Wallet,Male,4,2,Others,4,Single,4,0,14,2,6,5,180.49,0
54310,18,Mobile Phone,2,16,Debit Card,Male,4,3,Fashion,3,Married,6,1,18,3,7,3,191.99,0
54311,3,Mobile Phone,2,16,Credit Card,Male,4,2,Laptop & Accessory,5,Single,2,0,13,1,5,1,162.17,0
54312,33,Mobile Phone,2,30,Credit Card,Female,4,5,Fashion,3,Married,2,0,15,1,4,10,221.88,0
54313,1,Computer,2,15,E Wallet,Female,3,3,Fashion,4,Married,2,0,16,0,3,8,121.73,0
54314,24,Mobile Phone,1,11,Debit Card,Female,2,4,Fashion,1,Married,1,0,23,4,7,7,187.49,0
54315,42,Computer,1,20,Debit Card,Male,4,3,Fashion,3,Married,2,0,20,2,5,0,238.58,0
54316,2,Computer,1,17,UPI,Male,2,3,Laptop & Accessory,1,Married,4,0,26,3,6,12,145.23,0
54317,15,Mobile Phone,2,21,UPI,Female,2,3,Mobile Phone,2,Married,2,0,15,1,3,2,166.56,0
54318,0,Mobile Phone,1,27,Credit Card,Female,2,2,Mobile Phone,3,Married,5,1,20,0,4,5,120.31,1
54319,6,Computer,1,28,E Wallet,Male,3,2,Laptop & Accessory,3,Single,2,1,22,3,7,3,140.81,0
54320,8,Mobile Phone,2,12,E Wallet,Female,2,2,Laptop & Accessory,4,Single,6,1,23,5,7,2,159.82,0
54321,10,Mobile Phone,2,13,Credit Card,Male,2,3,Mobile Phone,3,Single,1,0,21,2,5,9,140.96,1
54322,32,Mobile Phone,2,7,Debit Card,Female,3,3,Grocery,5,Divorced,1,0,24,3,6,15,226.05,0
54323,13,Computer,1,11,Credit Card,Male,4,3,Others,2,Divorced,4,0,20,1,4,6,170.7,0
54324,7,Computer,2,15,COD,Male,2,4,Fashion,3,Single,4,1,16,1,3,5,161.87,0
54325,19,Phone,3,26,UPI,Male,4,2,Laptop & Accessory,4,Single,4,0,25,2,3,3,204.04,0
54326,36,Computer,3,15,Credit Card,Female,1,3,Others,4,Single,2,0,22,1,3,13,212.0,0
54327,0,Mobile Phone,3,23,Debit Card,Female,5,3,Others,2,Married,1,1,14,1,5,16,113.33,0
54328,48,Mobile Phone,1,12,UPI,Female,3,1,Mobile Phone,3,Single,2,0,12,2,3,6,240.33,0
54329,1,Mobile Phone,2,10,E Wallet,Male,2,2,Mobile Phone,1,Divorced,5,1,16,0,2,11,123.85,0
54330,20,Mobile Phone,1,15,Credit Card,Female,4,1,Mobile Phone,1,Married,7,1,12,0,3,5,193.95,0
54331,3,Mobile Phone,1,17,Debit Card,Male,2,4,Grocery,1,Married,7,1,19,1,4,2,132.15,0
54332,1,Mobile Phone,1,11,E Wallet,Male,2,2,Laptop & Accessory,1,Divorced,2,0,25,0,3,6,145.39,0
54333,6,Mobile Phone,3,9,Credit Card,Female,2,3,Laptop & Accessory,1,Married,4,0,11,0,1,4,130.03,0
54334,12,Mobile Phone,2,12,E Wallet,Male,3,3,Mobile Phone,5,Single,2,1,19,2,4,4,166.23,0
54335,5,Mobile Phone,2,20,Credit Card,Male,4,5,Laptop & Accessory,4,Married,5,1,20,1,3,4,133.96,1
54336,0,Phone,2,15,E Wallet,Female,4,4,Mobile Phone,4,Married,3,0,22,0,3,5,96.54,0
54337,10,Computer,1,10,Credit Card,Female,3,1,Fashion,5,Married,5,0,14,3,5,5,139.55,0
54338,27,Phone,2,11,E Wallet,Female,5,2,Grocery,4,Single,4,0,20,5,7,5,188.54,0
54339,5,Mobile Phone,2,21,Debit Card,Male,4,1,Fashion,3,Married,2,0,19,1,5,6,139.88,0
54340,2,Mobile Phone,2,14,E Wallet,Female,3,1,Fashion,4,Divorced,1,0,13,0,3,2,155.96,1
54341,7,Mobile Phone,3,8,Debit Card,Male,2,2,Fashion,4,Divorced,9,0,11,1,5,5,155.14,0
54342,0,Mobile Phone,1,25,Credit Card,Male,3,2,Laptop & Accessory,3,Divorced,3,0,14,0,1,3,114.68,1
54343,20,Mobile Phone,3,9,Credit Card,Male,2,2,Grocery,1,Married,2,0,17,0,2,4,181.67,0
54344,21,Phone,2,23,E Wallet,Male,2,3,Fashion,1,Married,5,0,12,0,3,1,205.97,0
54345,10,Phone,2,12,E Wallet,Male,3,4,Fashion,2,Divorced,1,0,12,3,7,1,128.6,0
54346,5,Mobile Phone,2,10,E Wallet,Female,2,4,Others,3,Divorced,3,1,23,1,2,1,139.69,1
54347,19,Mobile Phone,3,16,Debit Card,Male,1,3,Others,3,Single,2,0,22,5,8,5,172.18,1
54348,9,Mobile Phone,1,14,Credit Card,Female,3,3,Others,3,Single,1,0,25,1,5,10,177.63,0
54349,20,Mobile Phone,2,12,Debit Card,Male,1,3,Laptop & Accessory,3,Married,4,1,21,3,5,7,190.3,0
54350,11,Mobile Phone,2,17,Credit Card,Female,3,3,Grocery,4,Divorced,5,0,21,2,6,4,143.35,1
54351,18,Mobile Phone,1,9,E Wallet,Male,4,3,Others,4,Married,6,0,17,2,6,12,182.83,1
54352,10,Mobile Phone,1,16,Debit Card,Female,2,3,Fashion,1,Married,3,1,26,3,6,15,163.33,1
54353,6,Mobile Phone,3,16,Credit Card,Female,2,3,Fashion,2,Married,1,0,13,2,4,22,165.17,0
54354,38,Mobile Phone,1,12,UPI,Female,4,2,Grocery,3,Married,2,1,23,2,5,23,238.89,0
54355,9,Mobile Phone,1,5,E Wallet,Female,3,3,Laptop & Accessory,2,Single,3,1,23,2,3,7,154.74,1
54356,11,Mobile Phone,3,14,E Wallet,Male,2,4,Laptop & Accessory,1,Married,7,0,11,2,3,4,157.41,0
54357,2,Phone,3,14,UPI,Female,2,4,Mobile Phone,1,Married,2,0,21,1,4,14,152.27,0
54358,11,Mobile Phone,1,13,Credit Card,Male,4,2,Others,5,Single,2,0,13,4,8,5,186.78,0
54359,10,Computer,2,8,E Wallet,Male,3,3,Laptop & Accessory,2,Divorced,6,1,20,2,3,6,144.05,1
54360,2,Computer,2,16,Debit Card,Male,2,3,Mobile Phone,3,Single,2,0,26,2,5,2,148.68,0
54361,0,Phone,3,22,Debit Card,Male,1,5,Fashion,3,Married,7,0,26,1,5,19,121.77,1
54362,11,Computer,3,14,Credit Card,Female,3,2,Fashion,2,Divorced,2,0,26,2,3,3,171.71,0
54363,17,Computer,3,9,Debit Card,Female,3,2,Grocery,4,Married,4,0,13,2,3,4,181.26,0
54364,8,Computer,1,18,Credit Card,Female,1,2,Laptop & Accessory,3,Single,5,0,25,2,6,6,150.53,0
54365,3,Mobile Phone,2,28,Debit Card,Female,5,2,Laptop & Accessory,4,Single,5,1,18,2,4,6,144.15,0
54366,13,Mobile Phone,1,10,COD,Female,2,4,Grocery,2,Single,2,0,11,0,2,6,151.86,1
54367,1,Phone,1,11,UPI,Male,2,3,Grocery,4,Single,9,1,23,2,5,1,107.66,1
54368,6,Computer,3,25,COD,Female,2,3,Laptop & Accessory,1,Married,4,1,24,0,2,5,161.46,0
54369,2,Phone,1,14,UPI,Female,4,4,Mobile Phone,2,Single,1,1,14,5,8,20,127.64,1
54370,2,Computer,2,7,COD,Male,5,2,Mobile Phone,3,Divorced,4,0,17,1,2,1,109.61,0
54371,2,Computer,3,32,Credit Card,Male,2,5,Mobile Phone,1,Single,5,0,25,3,7,2,151.74,0
54372,5,Computer,1,6,Credit Card,Male,2,4,Grocery,3,Married,1,0,14,0,2,1,137.0,0
54373,0,Computer,1,7,Debit Card,Male,3,1,Fashion,2,Divorced,1,0,14,1,3,6,124.47,0
54374,6,Mobile Phone,3,9,E Wallet,Male,3,3,Mobile Phone,1,Divorced,1,1,11,1,2,3,144.83,0
54375,8,Phone,3,20,E Wallet,Female,2,4,Laptop & Accessory,2,Divorced,3,0,26,1,5,15,152.72,0
54376,7,Computer,3,21,Credit Card,Male,4,3,Laptop & Accessory,3,Single,4,0,19,1,3,18,129.91,1
54377,5,Computer,2,9,Debit Card,Female,3,6,Others,2,Married,2,0,26,1,4,2,155.46,0
54378,21,Computer,1,11,Credit Card,Female,2,4,Fashion,3,Single,1,1,15,4,5,6,197.99,0
54379,1,Mobile Phone,1,17,Debit Card,Male,3,4,Laptop & Accessory,4,Married,2,0,15,2,5,18,139.39,0
54380,8,Mobile Phone,2,27,E Wallet,Male,3,2,Laptop & Accessory,3,Single,4,0,25,3,5,18,150.74,0
54381,0,Phone,1,6,Credit Card,Male,3,2,Fashion,4,Single,1,0,12,5,7,15,146.61,1
54382,0,Computer,3,7,UPI,Male,3,3,Laptop & Accessory,4,Married,3,0,19,1,2,2,128.29,0
54383,10,Mobile Phone,2,12,COD,Female,3,3,Laptop & Accessory,3,Single,3,0,26,2,3,11,163.06,0
54384,10,Mobile Phone,2,8,Debit Card,Female,2,2,Fashion,3,Married,4,0,24,1,4,18,139.98,0
54385,25,Computer,3,24,COD,Male,2,4,Mobile Phone,2,Single,2,0,20,2,3,3,166.78,0
54386,9,Computer,3,15,COD,Male,3,4,Grocery,5,Married,6,0,14,1,2,2,160.23,0
54387,38,Computer,2,23,E Wallet,Female,4,3,Others,5,Married,10,0,14,3,6,2,242.13,0
54388,0,Computer,3,17,UPI,Female,4,3,Fashion,4,Married,5,0,24,0,3,2,128.88,0
54389,1,Mobile Phone,3,20,Debit Card,Male,1,3,Fashion,1,Divorced,1,0,14,1,5,5,143.64,0
54390,0,Mobile Phone,3,11,COD,Male,3,1,Others,4,Married,2,0,12,1,5,3,119.48,1
54391,2,Mobile Phone,3,7,Credit Card,Male,5,1,Laptop & Accessory,5,Married,2,0,25,1,5,0,129.56,0
54392,9,Computer,3,14,COD,Male,1,4,Others,5,Married,1,0,13,1,5,4,163.47,1
54393,12,Mobile Phone,2,22,Credit Card,Male,4,3,Fashion,5,Married,5,0,15,1,2,14,144.01,0
54394,0,Computer,1,31,E Wallet,Male,2,3,Laptop & Accessory,4,Married,1,1,23,0,1,12,111.03,1
54395,35,Mobile Phone,1,13,Credit Card,Male,4,3,Laptop & Accessory,2,Single,2,1,24,3,5,2,175.76,0
54396,22,Mobile Phone,1,20,Credit Card,Female,3,3,Fashion,3,Married,2,1,12,1,4,3,180.25,0
54397,4,Phone,1,11,COD,Male,3,1,Others,2,Married,4,0,20,3,4,8,134.15,1
54398,0,Mobile Phone,2,13,E Wallet,Female,5,4,Laptop & Accessory,4,Single,2,0,13,1,5,7,139.18,0
54399,2,Computer,1,14,UPI,Male,4,3,Fashion,2,Married,2,0,14,3,7,8,145.51,0
54400,1,Mobile Phone,3,28,Credit Card,Male,2,2,Mobile Phone,2,Married,2,0,16,2,6,15,134.96,0
54401,1,Mobile Phone,3,20,COD,Female,2,1,Mobile Phone,2,Married,3,1,12,1,3,10,127.58,1
54402,8,Mobile Phone,1,19,E Wallet,Male,3,1,Laptop & Accessory,3,Married,1,0,26,2,4,1,140.86,0
54403,3,Mobile Phone,1,28,Debit Card,Male,2,1,Grocery,3,Divorced,3,0,14,4,7,21,157.97,0
54404,5,Computer,3,11,E Wallet,Male,2,2,Mobile Phone,3,Married,5,0,21,2,4,2,147.98,0
54405,54,Mobile Phone,3,13,Debit Card,Female,5,2,Mobile Phone,1,Married,6,1,15,1,3,12,246.92,0
54406,13,Mobile Phone,3,19,UPI,Female,3,2,Laptop & Accessory,3,Divorced,3,0,20,2,6,6,173.97,0
54407,35,Mobile Phone,3,12,Credit Card,Female,5,3,Fashion,5,Married,5,0,25,0,1,3,226.56,0
54408,1,Computer,3,13,Credit Card,Female,1,2,Mobile Phone,5,Married,2,0,26,0,1,9,122.11,0
54409,5,Computer,2,17,E Wallet,Male,1,3,Laptop & Accessory,3,Married,3,0,13,0,3,9,153.37,1
54410,9,Mobile Phone,1,15,E Wallet,Female,3,4,Mobile Phone,2,Married,2,0,26,1,5,15,173.61,1
54411,0,Computer,3,10,E Wallet,Male,3,3,Mobile Phone,5,Single,10,0,20,2,6,4,116.54,1
54412,0,Computer,1,11,UPI,Male,2,4,Laptop & Accessory,2,Married,2,0,11,3,5,14,143.12,0
54413,13,Computer,3,10,Credit Card,Male,3,2,Laptop & Accessory,4,Married,2,0,18,3,5,6,159.72,0
54414,12,Mobile Phone,2,20,Credit Card,Female,4,2,Others,2,Single,4,1,19,4,6,18,169.21,1
54415,6,Computer,3,11,Debit Card,Female,4,3,Others,5,Single,3,0,25,1,2,14,130.47,0
54416,8,Computer,1,19,Credit Card,Female,2,5,Fashion,1,Divorced,1,1,15,1,4,3,150.87,1
54417,6,Computer,2,16,Debit Card,Male,2,3,Laptop & Accessory,2,Divorced,4,0,26,2,3,17,130.81,0
54418,0,Computer,2,15,E Wallet,Male,2,3,Laptop & Accessory,3,Divorced,3,1,22,4,8,5,133.71,0
54419,4,Phone,3,9,Credit Card,Male,3,2,Mobile Phone,1,Married,4,0,16,0,2,11,118.94,1
54420,2,Mobile Phone,1,16,UPI,Female,5,3,Mobile Phone,3,Married,4,1,24,0,3,4,140.02,0
54421,1,Phone,3,18,Credit Card,Male,2,3,Fashion,3,Single,3,0,20,4,8,6,162.94,0
54422,37,Mobile Phone,3,20,Debit Card,Female,3,2,Mobile Phone,3,Single,4,1,13,0,3,8,204.91,0
54423,10,Computer,3,9,Credit Card,Female,5,3,Others,1,Married,5,0,22,0,4,7,183.15,1
54424,15,Mobile Phone,3,14,Debit Card,Female,2,4,Laptop & Accessory,4,Single,2,0,20,3,7,6,168.79,0
54425,4,Mobile Phone,2,23,Debit Card,Female,3,2,Laptop & Accessory,3,Married,7,1,25,1,5,3,142.89,0
54426,5,Computer,1,22,E Wallet,Female,2,4,Fashion,2,Single,1,1,22,2,5,4,136.03,1
54427,3,Computer,1,14,Credit Card,Male,5,4,Others,2,Married,7,0,20,4,5,3,155.77,0
54428,1,Mobile Phone,3,9,Debit Card,Male,2,4,Grocery,4,Married,2,0,14,6,7,2,146.48,0
54429,2,Mobile Phone,3,21,Debit Card,Female,3,1,Laptop & Accessory,2,Married,3,0,12,1,2,5,133.84,1
54430,19,Mobile Phone,1,15,Credit Card,Female,2,2,Fashion,4,Married,3,0,16,2,3,8,164.84,0
54431,13,Phone,2,10,E Wallet,Female,1,5,Mobile Phone,1,Single,1,0,18,2,4,7,167.91,0
54432,9,Computer,2,14,Credit Card,Female,5,2,Fashion,5,Divorced,1,0,17,2,4,1,163.85,0
54433,7,Mobile Phone,1,9,Debit Card,Male,3,3,Laptop & Accessory,1,Married,5,0,14,1,4,13,146.17,0
54434,30,Computer,2,21,Credit Card,Male,3,2,Laptop & Accessory,3,Married,2,0,19,2,5,6,213.97,0
54435,0,Phone,1,8,COD,Female,3,4,Mobile Phone,4,Divorced,1,0,13,0,3,12,127.55,0
54436,3,Mobile Phone,1,23,Credit Card,Female,2,1,Laptop & Accessory,3,Divorced,5,0,17,0,4,7,151.77,1
54437,5,Computer,2,17,Debit Card,Male,2,1,Laptop & Accessory,5,Single,7,1,14,1,2,9,115.32,0
54438,18,Mobile Phone,2,9,Credit Card,Female,3,3,Fashion,5,Single,3,1,24,2,4,4,167.79,1
54439,58,Computer,1,13,UPI,Male,4,2,Fashion,4,Single,3,0,23,1,4,2,265.14,0
54440,3,Mobile Phone,2,13,Debit Card,Male,3,3,Grocery,3,Married,1,0,22,0,2,16,135.35,0
54441,24,Mobile Phone,1,10,Credit Card,Male,3,3,Fashion,1,Married,7,0,21,0,1,8,155.09,0
54442,21,Mobile Phone,1,16,UPI,Male,3,3,Fashion,3,Single,2,0,13,1,2,9,156.03,0
54443,3,Mobile Phone,1,28,Debit Card,Female,2,4,Laptop & Accessory,2,Married,3,1,17,1,2,2,161.31,1
54444,6,Computer,1,11,COD,Female,3,3,Fashion,3,Married,7,0,26,2,3,9,137.28,0
54445,6,Mobile Phone,1,15,Credit Card,Male,3,2,Grocery,1,Married,2,0,25,2,5,9,126.6,0
54446,45,Mobile Phone,3,15,Credit Card,Female,3,1,Mobile Phone,4,Married,1,0,18,3,7,4,257.2,0
54447,2,Computer,2,16,COD,Female,2,4,Mobile Phone,3,Married,2,1,12,4,7,3,172.03,0
54448,19,Mobile Phone,1,6,Debit Card,Female,2,4,Fashion,1,Married,1,0,15,0,4,13,183.48,1
54449,4,Mobile Phone,1,24,E Wallet,Female,1,4,Mobile Phone,3,Married,2,0,12,1,3,3,134.74,1
54450,15,Phone,1,39,UPI,Female,4,2,Fashion,2,Single,3,0,16,2,6,3,179.81,0
54451,6,Computer,3,15,Credit Card,Female,2,2,Laptop & Accessory,3,Married,2,0,19,1,3,15,153.52,0
54452,10,Mobile Phone,1,20,Debit Card,Male,2,3,Fashion,2,Married,2,1,11,2,4,16,151.8,1
54453,21,Mobile Phone,1,18,Credit Card,Female,4,2,Laptop & Accessory,4,Single,1,0,11,3,7,13,189.84,0
54454,19,Phone,2,9,Debit Card,Male,3,2,Laptop & Accessory,1,Single,4,1,15,1,5,7,187.72,0
54455,24,Mobile Phone,2,14,Credit Card,Male,2,4,Others,1,Divorced,7,0,15,1,4,23,194.25,1
54456,0,Mobile Phone,1,11,E Wallet,Male,2,2,Fashion,3,Single,2,0,23,2,6,18,98.49,1
54457,14,Mobile Phone,2,14,Credit Card,Male,3,1,Mobile Phone,3,Married,3,1,22,3,4,7,178.01,0
54458,1,Mobile Phone,1,15,E Wallet,Female,3,3,Mobile Phone,1,Married,1,0,26,2,3,9,146.01,1
54459,6,Computer,1,16,Debit Card,Female,2,2,Laptop & Accessory,4,Single,1,0,21,1,5,7,149.85,0
54460,9,Computer,2,11,Debit Card,Male,4,2,Mobile Phone,2,Single,1,0,19,2,3,9,164.58,1
54461,6,Phone,3,16,UPI,Male,1,1,Laptop & Accessory,1,Married,1,0,17,3,5,8,142.85,0
54462,8,Computer,2,14,Debit Card,Female,3,3,Grocery,1,Married,3,0,16,1,4,3,149.88,0
54463,61,Mobile Phone,1,23,Debit Card,Male,3,3,Mobile Phone,3,Single,4,0,18,1,5,5,281.88,0
54464,1,Mobile Phone,2,20,COD,Female,4,1,Laptop & Accessory,4,Single,10,0,21,3,7,12,144.08,1
54465,13,Phone,1,21,Credit Card,Female,2,1,Mobile Phone,3,Single,10,0,21,3,4,5,148.16,0
54466,6,Mobile Phone,3,22,E Wallet,Male,3,3,Mobile Phone,5,Married,2,0,13,1,5,6,162.59,0
54467,1,Mobile Phone,2,10,Debit Card,Female,3,4,Mobile Phone,3,Single,2,0,11,1,5,3,151.12,1
54468,2,Phone,1,19,Debit Card,Male,2,5,Fashion,1,Married,3,0,20,1,5,3,163.75,0
54469,35,Computer,2,10,Credit Card,Female,3,1,Mobile Phone,5,Single,5,0,24,2,4,9,226.1,0
54470,25,Mobile Phone,2,26,E Wallet,Female,2,4,Others,5,Married,4,0,16,2,4,13,192.54,0
54471,28,Computer,1,19,COD,Male,4,2,Laptop & Accessory,5,Married,3,1,20,1,5,12,206.72,0
54472,57,Phone,3,10,Credit Card,Female,4,1,Mobile Phone,2,Single,4,1,14,2,4,3,283.17,0
54473,2,Mobile Phone,3,16,Debit Card,Male,3,2,Fashion,5,Married,1,1,16,2,3,29,133.67,0
54474,5,Computer,1,11,Credit Card,Male,1,3,Fashion,5,Married,2,0,22,2,3,1,158.96,0
54475,13,Mobile Phone,3,12,Debit Card,Male,3,3,Others,5,Single,1,0,12,3,4,7,180.04,0
54476,7,Mobile Phone,2,17,Debit Card,Female,3,1,Fashion,3,Divorced,7,0,26,3,6,8,123.0,1
54477,6,Phone,3,12,Credit Card,Male,1,5,Fashion,2,Married,1,1,25,3,6,2,151.07,0
54478,5,Phone,3,13,Credit Card,Female,2,1,Fashion,2,Married,1,0,12,1,4,14,140.16,1
54479,10,Mobile Phone,2,22,Debit Card,Female,2,2,Mobile Phone,3,Married,6,0,19,3,4,8,134.81,0
54480,10,Mobile Phone,1,14,COD,Female,3,3,Mobile Phone,5,Single,7,0,19,2,5,11,171.7,0
54481,2,Mobile Phone,3,10,Credit Card,Female,3,5,Laptop & Accessory,3,Married,4,1,18,1,5,7,141.21,0
54482,7,Computer,1,7,Debit Card,Female,3,6,Fashion,3,Married,10,0,13,1,2,8,138.3,0
54483,9,Mobile Phone,1,20,Debit Card,Female,3,1,Grocery,3,Married,1,1,12,3,7,10,158.6,0
54484,10,Mobile Phone,1,20,UPI,Male,3,2,Fashion,4,Married,4,0,24,2,6,1,169.1,0
54485,2,Mobile Phone,3,16,UPI,Male,3,3,Mobile Phone,1,Married,1,0,20,2,5,1,142.19,0
54486,16,Mobile Phone,3,37,E Wallet,Female,3,3,Laptop & Accessory,4,Married,2,1,23,5,7,3,203.68,0
54487,0,Mobile Phone,1,13,Credit Card,Male,2,3,Laptop & Accessory,4,Single,2,0,22,5,9,6,173.16,0
54488,5,Computer,3,24,E Wallet,Female,3,2,Grocery,4,Divorced,5,0,13,1,5,8,126.22,0
54489,18,Mobile Phone,1,11,COD,Male,2,2,Mobile Phone,4,Married,1,0,22,1,4,3,176.87,0
54490,9,Mobile Phone,3,20,Debit Card,Male,5,1,Grocery,3,Divorced,2,0,15,1,2,1,141.78,1
54491,3,Computer,2,10,UPI,Female,5,4,Laptop & Accessory,3,Single,4,0,15,1,4,1,143.47,0
54492,14,Computer,1,20,UPI,Male,3,3,Fashion,2,Married,4,1,26,2,5,5,160.02,0
54493,10,Mobile Phone,1,13,Credit Card,Male,1,4,Others,4,Divorced,3,0,23,1,2,9,175.4,1
54494,19,Mobile Phone,1,18,Debit Card,Male,2,2,Fashion,2,Divorced,5,0,13,2,3,6,197.52,0
54495,15,Computer,1,16,Credit Card,Female,4,4,Laptop & Accessory,3,Married,1,0,15,2,5,5,180.98,0
54496,11,Mobile Phone,3,20,Debit Card,Male,2,1,Laptop & Accessory,4,Single,1,1,17,5,8,5,163.62,1
54497,8,Computer,1,7,Debit Card,Female,3,4,Laptop & Accessory,2,Married,1,0,15,1,5,5,142.29,0
54498,1,Mobile Phone,3,14,COD,Female,2,4,Laptop & Accessory,2,Single,5,0,25,1,5,1,155.88,1
54499,3,Mobile Phone,2,23,Credit Card,Male,4,2,Fashion,3,Married,3,0,20,1,2,3,116.11,1
54500,6,Mobile Phone,2,24,Credit Card,Male,4,2,Fashion,3,Divorced,2,0,18,1,2,2,145.03,0
54501,10,Computer,1,18,Debit Card,Female,3,2,Grocery,2,Single,2,1,20,0,2,5,149.3,0
54502,8,Phone,3,23,Credit Card,Female,3,4,Laptop & Accessory,2,Married,1,0,20,3,6,0,144.5,1
54503,4,Mobile Phone,2,14,E Wallet,Female,2,2,Others,2,Married,3,0,15,7,8,14,153.67,1
54504,0,Mobile Phone,3,5,Debit Card,Female,3,2,Fashion,2,Single,3,0,16,0,2,18,119.31,1
54505,8,Mobile Phone,3,11,Credit Card,Female,3,5,Laptop & Accessory,3,Divorced,1,0,25,1,3,4,147.3,0
54506,4,Mobile Phone,1,15,Debit Card,Male,3,3,Laptop & Accessory,1,Married,1,0,23,4,7,2,132.26,0
54507,15,Computer,1,16,Credit Card,Female,5,4,Mobile Phone,5,Divorced,4,1,26,1,4,9,144.72,0
54508,0,Mobile Phone,3,17,UPI,Female,4,4,Laptop & Accessory,5,Married,2,0,19,2,6,7,154.63,0
54509,10,Phone,3,15,Debit Card,Male,3,3,Laptop & Accessory,5,Single,2,0,18,2,4,3,158.42,0
54510,34,Computer,2,15,Debit Card,Male,5,4,Laptop & Accessory,4,Married,3,0,21,0,3,6,207.79,0
54511,2,Phone,1,21,Credit Card,Male,3,3,Mobile Phone,3,Single,1,0,16,1,4,19,148.53,0
54512,7,Computer,2,10,Credit Card,Female,1,3,Laptop & Accessory,2,Single,1,0,25,1,5,7,152.38,0
54513,1,Mobile Phone,1,16,Credit Card,Male,3,2,Laptop & Accessory,3,Single,2,1,14,2,5,6,118.16,1
54514,11,Mobile Phone,1,18,E Wallet,Female,4,6,Laptop & Accessory,1,Single,2,0,20,5,6,5,140.34,0
54515,9,Mobile Phone,2,12,Debit Card,Female,2,4,Laptop & Accessory,2,Married,2,0,16,0,1,12,141.15,1
54516,6,Mobile Phone,1,13,Credit Card,Female,3,2,Laptop & Accessory,3,Single,3,1,21,1,3,2,147.97,1
54517,8,Mobile Phone,2,28,Debit Card,Female,4,2,Fashion,5,Married,5,0,22,3,4,2,149.04,0
54518,27,Mobile Phone,3,16,Debit Card,Female,2,4,Laptop & Accessory,5,Single,6,0,19,1,4,15,174.83,1
54519,2,Phone,3,42,Credit Card,Female,3,1,Laptop & Accessory,4,Divorced,1,1,13,2,4,6,124.69,0
54520,0,Mobile Phone,3,15,Credit Card,Male,2,2,Laptop & Accessory,3,Married,2,1,18,1,4,22,125.95,1
54521,23,Computer,3,21,Debit Card,Female,4,3,Laptop & Accessory,2,Married,1,0,11,2,3,3,212.11,0
54522,10,Phone,1,8,Debit Card,Female,3,2,Fashion,3,Single,3,1,25,0,4,6,173.67,1
54523,26,Computer,3,7,E Wallet,Male,3,4,Fashion,5,Married,2,0,17,4,6,5,208.32,0
54524,10,Mobile Phone,3,10,Credit Card,Female,1,4,Mobile Phone,5,Divorced,2,0,14,3,7,6,170.4,0
54525,19,Mobile Phone,3,22,Debit Card,Male,4,5,Grocery,3,Single,1,0,13,1,4,3,183.26,0
54526,6,Mobile Phone,2,13,Debit Card,Female,3,2,Laptop & Accessory,5,Married,5,0,20,1,2,11,160.26,1
54527,16,Mobile Phone,1,8,E Wallet,Female,4,1,Laptop & Accessory,4,Married,4,0,15,2,4,2,147.38,0
54528,29,Mobile Phone,1,15,Debit Card,Male,2,3,Mobile Phone,3,Married,1,0,17,2,5,5,217.66,0
54529,10,Computer,1,21,Credit Card,Male,4,4,Laptop & Accessory,3,Single,1,0,26,1,3,30,150.51,0
54530,2,Mobile Phone,3,10,Credit Card,Male,2,2,Mobile Phone,3,Single,1,0,15,2,3,1,142.96,0
54531,3,Mobile Phone,2,22,UPI,Female,2,2,Others,1,Divorced,3,1,22,1,4,3,142.14,1
54532,2,Phone,3,9,E Wallet,Male,2,3,Mobile Phone,2,Married,5,0,19,0,2,6,128.39,0
54533,3,Mobile Phone,2,21,E Wallet,Male,1,3,Laptop & Accessory,1,Single,4,1,17,2,5,21,142.5,1
54534,4,Mobile Phone,2,24,Credit Card,Male,3,3,Fashion,5,Divorced,3,0,21,1,4,18,141.9,0
54535,9,Computer,1,11,E Wallet,Male,3,3,Mobile Phone,3,Single,4,1,18,2,3,17,141.18,0
54536,10,Mobile Phone,1,25,E Wallet,Male,2,4,Fashion,3,Married,3,0,22,1,3,5,151.96,0
54537,6,Computer,2,28,Credit Card,Female,3,3,Laptop & Accessory,1,Single,4,1,23,1,3,11,122.17,1
54538,11,Mobile Phone,2,18,UPI,Female,2,3,Mobile Phone,1,Married,5,0,26,1,4,9,150.5,0
54539,1,Computer,1,12,COD,Female,4,4,Laptop & Accessory,2,Married,3,0,14,0,1,5,121.4,1
54540,1,Mobile Phone,3,43,Credit Card,Male,3,2,Laptop & Accessory,3,Married,3,0,19,1,3,1,127.75,0
54541,2,Mobile Phone,1,11,UPI,Male,5,4,Fashion,3,Married,3,1,15,1,4,4,141.03,0
54542,8,Computer,3,29,Credit Card,Female,2,3,Laptop & Accessory,3,Married,6,0,15,0,3,5,136.13,0
54543,2,Mobile Phone,1,34,Credit Card,Female,2,2,Laptop & Accessory,3,Divorced,3,0,13,4,6,7,134.78,0
54544,3,Mobile Phone,2,18,Credit Card,Male,2,3,Laptop & Accessory,4,Single,1,1,22,1,2,6,141.45,0
54545,6,Mobile Phone,1,10,Debit Card,Male,2,2,Fashion,1,Divorced,5,0,17,0,4,8,166.46,0
54546,20,Mobile Phone,3,17,COD,Female,4,2,Laptop & Accessory,3,Married,1,0,17,4,8,6,209.03,0
54547,0,Mobile Phone,2,37,E Wallet,Male,2,1,Fashion,2,Single,1,0,16,3,5,4,132.69,1
54548,12,Computer,2,12,Credit Card,Female,2,3,Mobile Phone,4,Married,1,0,14,1,2,10,149.53,0
54549,13,Computer,3,15,E Wallet,Male,1,5,Mobile Phone,2,Single,1,0,17,3,7,11,167.17,1
54550,19,Computer,1,7,E Wallet,Female,5,3,Fashion,2,Married,3,0,13,0,1,4,163.09,0
54551,32,Mobile Phone,1,15,Debit Card,Female,4,3,Fashion,4,Married,5,0,13,0,4,2,221.1,0
54552,0,Mobile Phone,3,20,Debit Card,Female,2,4,Others,4,Married,2,0,26,0,1,11,113.65,1
54553,2,Computer,2,10,UPI,Male,3,5,Laptop & Accessory,3,Single,1,0,15,0,3,1,143.25,0
54554,26,Computer,1,29,UPI,Female,3,2,Grocery,2,Married,2,1,20,2,5,14,200.62,1
54555,7,Mobile Phone,2,9,COD,Female,1,3,Fashion,3,Married,2,0,20,3,4,23,157.44,1
54556,9,Mobile Phone,1,12,Debit Card,Male,3,2,Grocery,3,Single,5,0,19,1,4,7,139.17,0
54557,13,Mobile Phone,1,26,Credit Card,Male,2,1,Fashion,1,Married,4,1,11,3,4,7,159.51,0
54558,13,Mobile Phone,2,14,E Wallet,Female,3,2,Fashion,3,Married,1,0,13,1,4,19,151.38,0
54559,32,Computer,3,32,Credit Card,Male,1,1,Fashion,4,Single,2,0,22,1,3,9,240.81,0
54560,61,Mobile Phone,2,7,E Wallet,Female,3,4,Laptop & Accessory,3,Divorced,3,0,16,2,4,12,280.22,0
54561,15,Computer,2,13,Debit Card,Male,1,4,Grocery,1,Single,1,0,12,1,2,22,146.06,1
54562,4,Mobile Phone,3,17,Debit Card,Female,3,2,Fashion,5,Married,4,1,13,2,3,20,125.53,0
54563,25,Mobile Phone,1,36,Debit Card,Female,3,2,Others,4,Divorced,5,0,18,2,3,6,182.23,1
54564,0,Computer,3,16,Credit Card,Male,3,3,Laptop & Accessory,3,Single,5,0,24,3,4,5,138.85,0
54565,3,Mobile Phone,3,19,Credit Card,Female,3,4,Others,2,Married,1,0,23,2,3,6,136.64,0
54566,27,Mobile Phone,1,15,UPI,Female,1,4,Grocery,1,Single,5,0,16,3,7,6,222.87,1
54567,3,Phone,1,14,Debit Card,Male,1,1,Laptop & Accessory,4,Married,3,1,15,1,2,7,142.37,0
54568,2,Computer,3,12,Credit Card,Male,2,4,Laptop & Accessory,3,Married,3,0,16,2,6,19,161.55,1
54569,1,Computer,3,18,COD,Female,4,4,Fashion,4,Married,3,1,20,2,4,2,121.55,0
54570,23,Mobile Phone,1,13,Credit Card,Female,3,1,Fashion,4,Single,2,1,24,1,3,4,170.35,0
54571,8,Mobile Phone,1,20,Debit Card,Male,2,4,Fashion,2,Single,4,0,15,3,6,4,165.28,1
54572,13,Phone,1,16,Debit Card,Male,3,2,Grocery,3,Married,2,0,22,1,5,9,190.72,0
54573,3,Mobile Phone,1,13,E Wallet,Male,3,2,Fashion,2,Single,4,0,20,3,6,14,156.01,1
54574,17,Computer,2,29,Debit Card,Male,2,3,Laptop & Accessory,5,Married,6,0,20,2,6,10,180.52,0
54575,17,Mobile Phone,2,11,COD,Male,4,3,Grocery,2,Married,1,0,11,0,2,3,167.78,0
54576,4,Mobile Phone,3,12,Credit Card,Male,4,3,Mobile Phone,3,Married,2,1,26,0,1,26,105.45,1
54577,6,Phone,1,6,E Wallet,Female,2,5,Mobile Phone,3,Single,1,0,21,4,7,4,161.98,1
54578,2,Mobile Phone,3,14,Credit Card,Male,3,2,Mobile Phone,3,Married,2,1,20,2,3,2,112.45,0
54579,45,Mobile Phone,1,28,COD,Female,2,3,Grocery,3,Married,2,1,11,0,4,11,279.07,0
54580,12,Mobile Phone,1,28,Credit Card,Male,1,3,Others,3,Single,4,1,26,3,5,21,182.13,0
54581,32,Mobile Phone,2,12,E Wallet,Male,4,4,Laptop & Accessory,3,Married,2,0,16,2,5,14,242.7,0
54582,4,Mobile Phone,1,19,UPI,Female,4,2,Laptop & Accessory,3,Divorced,5,0,26,0,4,1,133.32,0
54583,18,Mobile Phone,1,21,UPI,Female,2,1,Laptop & Accessory,1,Married,2,0,13,3,6,4,167.97,0
54584,17,Mobile Phone,3,8,Debit Card,Male,3,6,Others,3,Divorced,3,0,19,2,5,27,193.59,0
54585,14,Computer,1,25,Debit Card,Female,3,3,Mobile Phone,3,Single,2,1,13,4,8,16,189.37,0
54586,40,Mobile Phone,3,9,Debit Card,Female,2,5,Laptop & Accessory,4,Married,1,0,11,2,5,15,246.05,0
54587,6,Phone,1,13,Debit Card,Male,2,3,Fashion,1,Single,4,0,14,0,2,13,157.98,0
54588,1,Mobile Phone,1,10,UPI,Male,4,3,Mobile Phone,3,Divorced,2,0,24,0,4,13,149.78,0
54589,13,Computer,2,17,Credit Card,Female,4,3,Laptop & Accessory,2,Single,3,0,26,2,4,1,169.83,0
54590,15,Mobile Phone,3,11,Credit Card,Male,3,6,Laptop & Accessory,3,Divorced,3,0,26,2,4,12,172.27,0
54591,10,Computer,2,12,Debit Card,Female,1,2,Laptop & Accessory,3,Married,3,0,22,1,4,12,146.11,0
54592,2,Phone,2,23,COD,Male,4,2,Mobile Phone,1,Married,2,0,21,0,3,5,124.3,1
54593,8,Computer,3,12,UPI,Male,5,3,Mobile Phone,2,Divorced,1,1,20,2,3,6,158.27,0
54594,4,Computer,3,15,Credit Card,Female,4,1,Mobile Phone,1,Single,1,0,23,0,2,14,135.85,0
54595,6,Mobile Phone,1,9,E Wallet,Male,2,4,Mobile Phone,5,Married,3,1,20,0,4,3,155.6,0
54596,12,Computer,3,8,E Wallet,Male,3,6,Fashion,2,Divorced,2,1,21,0,3,7,185.67,0
54597,16,Phone,2,16,E Wallet,Male,4,4,Fashion,3,Married,3,0,23,1,5,7,186.49,0
54598,3,Phone,3,12,Debit Card,Male,2,2,Others,1,Married,4,0,17,1,5,7,139.53,1
54599,6,Mobile Phone,2,31,E Wallet,Male,2,4,Mobile Phone,4,Married,3,1,23,3,5,12,136.01,1
54600,3,Phone,1,38,Credit Card,Male,4,3,Laptop & Accessory,5,Married,3,0,11,2,3,9,131.29,0
54601,2,Mobile Phone,2,9,E Wallet,Female,2,2,Others,3,Single,7,0,20,4,5,8,125.53,0
54602,18,Mobile Phone,2,8,Credit Card,Male,4,3,Laptop & Accessory,4,Married,2,0,13,1,2,13,163.28,0
54603,28,Mobile Phone,2,32,COD,Female,3,4,Mobile Phone,4,Single,1,1,20,2,3,1,172.84,0
54604,5,Mobile Phone,3,18,E Wallet,Male,3,2,Others,4,Single,5,0,26,0,3,2,125.72,1
54605,16,Computer,3,16,Credit Card,Female,4,3,Others,1,Married,2,1,11,3,5,3,178.6,0
54606,27,Computer,2,8,UPI,Male,1,1,Fashion,4,Married,3,0,19,3,6,10,186.83,0
54607,22,Computer,2,37,Credit Card,Male,3,4,Laptop & Accessory,3,Married,6,0,20,0,1,6,165.26,0
54608,2,Computer,2,11,Credit Card,Female,3,2,Mobile Phone,2,Married,4,1,19,3,4,8,152.08,1
54609,37,Mobile Phone,2,21,Credit Card,Male,3,3,Others,3,Single,5,0,25,1,3,15,230.16,0
54610,5,Computer,3,21,Credit Card,Male,2,3,Grocery,4,Single,2,0,14,2,6,15,142.97,0
54611,4,Mobile Phone,2,8,Debit Card,Female,4,3,Grocery,3,Married,3,0,16,5,6,6,183.8,0
54612,0,Computer,1,11,E Wallet,Female,2,2,Laptop & Accessory,2,Married,1,0,23,1,4,11,137.45,0
54613,7,Computer,2,8,UPI,Male,3,3,Grocery,3,Single,4,0,24,3,7,16,146.84,1
54614,1,Computer,2,7,Credit Card,Male,2,3,Fashion,3,Married,4,0,15,1,4,15,164.18,1
54615,3,Mobile Phone,2,14,Credit Card,Female,5,3,Grocery,4,Single,3,1,17,0,4,6,152.28,1
54616,4,Computer,2,9,Debit Card,Male,2,3,Fashion,4,Single,5,1,15,1,5,9,187.98,1
54617,19,Mobile Phone,1,11,COD,Male,4,2,Mobile Phone,2,Single,1,0,17,3,4,12,201.53,0
54618,25,Mobile Phone,1,8,E Wallet,Female,2,3,Fashion,3,Married,1,0,25,0,3,6,203.59,0
54619,4,Computer,1,13,Credit Card,Male,2,4,Mobile Phone,3,Divorced,1,1,23,1,3,3,128.81,1
54620,23,Mobile Phone,2,31,E Wallet,Male,3,3,Laptop & Accessory,4,Married,5,1,22,3,7,8,225.92,0
54621,23,Computer,1,17,Credit Card,Female,4,3,Grocery,3,Single,1,1,16,6,8,6,171.89,1
54622,17,Mobile Phone,3,12,Debit Card,Male,3,2,Grocery,1,Single,1,0,20,0,1,9,134.49,0
54623,1,Mobile Phone,1,15,Debit Card,Female,4,3,Fashion,5,Single,4,0,24,1,4,2,171.14,1
54624,14,Computer,3,17,Debit Card,Male,1,2,Laptop & Accessory,1,Divorced,4,1,20,2,5,13,153.38,1
54625,34,Mobile Phone,1,17,Credit Card,Female,5,3,Laptop & Accessory,5,Married,1,0,26,2,3,10,196.93,0
54626,13,Mobile Phone,1,13,E Wallet,Female,1,2,Laptop & Accessory,5,Divorced,4,0,21,0,3,6,143.17,0
54627,4,Mobile Phone,2,11,Credit Card,Female,3,2,Mobile Phone,2,Married,2,0,15,5,9,4,146.76,0
54628,8,Mobile Phone,1,21,Credit Card,Female,2,1,Laptop & Accessory,4,Single,1,1,23,3,4,4,165.36,0
54629,12,Computer,3,9,Debit Card,Male,4,3,Grocery,3,Divorced,1,0,23,2,6,4,170.13,0
54630,8,Mobile Phone,1,21,E Wallet,Female,4,4,Mobile Phone,3,Single,1,1,16,2,4,10,153.94,1
54631,1,Computer,2,12,Debit Card,Male,3,3,Mobile Phone,1,Married,5,1,25,3,5,16,131.92,1
54632,4,Computer,3,25,E Wallet,Male,3,4,Grocery,3,Married,2,0,18,1,3,1,152.44,0
54633,19,Mobile Phone,1,10,Credit Card,Female,4,2,Laptop & Accessory,3,Divorced,2,0,22,4,6,3,179.55,0
54634,23,Computer,1,10,Debit Card,Male,4,2,Grocery,3,Single,4,0,20,3,4,13,221.25,0
54635,1,Computer,1,15,Credit Card,Female,3,3,Grocery,2,Married,3,0,23,1,2,5,117.98,0
54636,36,Mobile Phone,2,11,E Wallet,Female,4,4,Fashion,3,Single,5,0,19,1,4,7,254.57,0
54637,4,Mobile Phone,1,32,Credit Card,Male,3,3,Laptop & Accessory,5,Married,1,0,24,2,6,15,153.47,1
54638,13,Mobile Phone,2,11,Credit Card,Male,3,3,Laptop & Accessory,4,Single,1,0,11,2,6,11,199.32,1
54639,16,Computer,3,10,Debit Card,Female,3,2,Laptop & Accessory,2,Single,5,1,13,2,5,6,199.95,0
54640,20,Computer,3,18,Credit Card,Male,3,4,Laptop & Accessory,3,Married,7,0,25,2,6,13,182.9,0
54641,34,Mobile Phone,1,6,UPI,Female,3,4,Fashion,3,Single,2,0,12,0,3,6,216.04,0
54642,4,Computer,1,33,Credit Card,Male,3,3,Laptop & Accessory,3,Divorced,1,0,19,1,5,1,137.99,0
54643,23,Computer,1,20,Debit Card,Male,3,1,Laptop & Accessory,4,Married,1,1,24,3,4,21,186.03,0
54644,1,Computer,2,17,E Wallet,Male,4,2,Laptop & Accessory,4,Married,1,0,21,3,5,20,156.99,0
54645,14,Computer,1,11,Debit Card,Male,2,4,Fashion,3,Single,4,0,11,2,3,7,144.3,0
54646,16,Mobile Phone,3,14,UPI,Male,3,3,Mobile Phone,2,Single,2,0,17,2,5,1,176.86,0
54647,13,Computer,3,11,COD,Female,1,3,Laptop & Accessory,3,Divorced,2,1,12,4,6,15,153.02,0
54648,3,Computer,1,12,Credit Card,Female,3,3,Laptop & Accessory,1,Divorced,2,1,11,1,5,9,146.61,1
54649,24,Computer,2,22,UPI,Male,2,5,Laptop & Accessory,4,Single,2,1,21,2,5,9,197.16,0
54650,2,Mobile Phone,1,17,Debit Card,Male,3,2,Mobile Phone,4,Single,1,1,11,1,2,7,133.89,1
54651,0,Mobile Phone,1,13,Debit Card,Female,4,3,Fashion,5,Single,3,0,16,6,9,8,136.22,0
54652,15,Mobile Phone,1,8,Credit Card,Female,3,1,Fashion,5,Married,1,0,21,4,7,3,189.29,0
54653,7,Mobile Phone,1,39,E Wallet,Male,3,4,Mobile Phone,1,Married,3,0,13,2,3,3,157.29,0
54654,22,Computer,2,9,Credit Card,Female,3,2,Laptop & Accessory,3,Married,2,1,18,0,3,18,201.04,1
54655,5,Mobile Phone,2,22,Credit Card,Female,3,4,Laptop & Accessory,4,Married,2,0,23,1,3,3,139.17,1
54656,2,Computer,1,11,Debit Card,Female,3,1,Fashion,4,Married,1,0,17,2,5,3,158.94,0
54657,21,Computer,3,16,UPI,Male,4,4,Mobile Phone,2,Married,4,1,17,1,4,3,177.81,0
54658,9,Computer,2,10,Debit Card,Female,4,5,Laptop & Accessory,5,Single,3,0,23,4,8,5,147.85,0
54659,2,Mobile Phone,1,11,Credit Card,Male,3,3,Laptop & Accessory,3,Married,4,1,14,2,3,4,139.83,0
54660,15,Phone,1,11,Debit Card,Female,2,3,Laptop & Accessory,3,Single,3,0,12,0,3,4,167.1,0
54661,8,Computer,2,16,Debit Card,Male,2,3,Fashion,3,Married,3,0,22,2,6,2,147.57,1
54662,11,Computer,3,11,Debit Card,Female,2,5,Fashion,2,Single,2,0,13,1,2,6,156.8,1
54663,7,Mobile Phone,2,15,Credit Card,Female,3,3,Laptop & Accessory,3,Married,2,0,11,0,4,3,130.81,0
54664,21,Mobile Phone,3,26,Credit Card,Male,2,1,Mobile Phone,1,Single,3,1,13,1,4,2,186.92,0
54665,21,Mobile Phone,2,9,Credit Card,Female,3,3,Laptop & Accessory,4,Married,1,0,23,2,6,5,201.9,0
54666,14,Mobile Phone,2,9,E Wallet,Male,2,3,Mobile Phone,1,Single,4,0,15,2,4,1,164.38,1
54667,1,Mobile Phone,2,29,UPI,Male,2,4,Laptop & Accessory,5,Divorced,6,1,25,1,4,12,120.9,0
54668,21,Computer,2,20,Debit Card,Male,3,2,Fashion,4,Married,7,1,11,3,4,2,183.04,0
54669,13,Computer,1,15,Debit Card,Female,5,5,Fashion,2,Single,5,0,20,1,4,2,179.38,1
54670,14,Mobile Phone,3,8,Credit Card,Female,2,4,Laptop & Accessory,1,Single,5,0,16,1,5,10,168.13,0
54671,5,Mobile Phone,1,8,Credit Card,Female,2,2,Others,5,Divorced,1,1,12,1,5,27,157.51,1
54672,25,Computer,2,10,Debit Card,Male,2,3,Fashion,4,Married,2,0,14,1,2,2,200.85,0
54673,15,Mobile Phone,2,16,E Wallet,Female,2,3,Laptop & Accessory,3,Married,4,0,23,3,6,7,161.94,0
54674,1,Computer,2,23,Credit Card,Female,2,1,Mobile Phone,1,Single,1,1,12,3,7,6,134.16,1
54675,6,Mobile Phone,1,16,E Wallet,Female,2,3,Others,3,Single,1,1,22,1,2,10,161.32,1
54676,26,Mobile Phone,2,16,Credit Card,Male,4,3,Laptop & Accessory,5,Married,3,0,13,2,3,4,204.69,0
54677,0,Mobile Phone,2,24,Credit Card,Male,3,2,Laptop & Accessory,1,Married,2,1,23,3,4,2,127.92,0
54678,39,Computer,2,18,UPI,Female,2,3,Fashion,3,Married,4,0,17,4,6,5,248.84,0
54679,13,Mobile Phone,3,12,Debit Card,Male,2,1,Mobile Phone,4,Married,2,0,22,0,1,1,176.7,0
54680,11,Computer,3,14,Credit Card,Male,3,5,Mobile Phone,4,Single,1,0,25,2,4,1,143.58,0
54681,3,Mobile Phone,1,23,Debit Card,Female,3,1,Mobile Phone,3,Single,5,0,13,0,2,3,126.99,0
54682,3,Mobile Phone,3,17,Credit Card,Male,2,2,Grocery,5,Married,4,0,20,2,5,8,134.23,1
54683,34,Computer,3,30,UPI,Male,2,5,Grocery,3,Single,3,1,21,4,5,1,217.95,0
54684,4,Mobile Phone,1,11,Debit Card,Male,2,3,Fashion,5,Married,5,1,17,1,2,7,154.68,0
54685,17,Computer,1,9,E Wallet,Female,1,4,Fashion,3,Married,2,0,17,0,3,4,191.82,0
54686,5,Mobile Phone,1,17,UPI,Female,2,2,Laptop & Accessory,2,Single,2,1,22,2,4,13,157.24,1
54687,1,Mobile Phone,2,15,Credit Card,Male,3,1,Fashion,5,Single,2,0,18,1,5,12,160.71,1
54688,0,Computer,3,9,Credit Card,Female,3,2,Others,5,Single,1,0,24,3,6,5,110.2,0
54689,9,Phone,3,11,COD,Male,3,5,Grocery,2,Divorced,4,1,16,1,3,6,138.52,1
54690,44,Mobile Phone,3,27,Debit Card,Male,5,1,Laptop & Accessory,2,Single,3,0,11,0,3,7,238.07,0
54691,5,Computer,1,18,Debit Card,Male,3,3,Others,5,Divorced,2,1,24,2,6,3,164.17,0
54692,5,Mobile Phone,2,12,UPI,Male,4,3,Laptop & Accessory,3,Single,5,0,21,1,3,4,139.46,0
54693,5,Computer,1,10,Debit Card,Male,4,4,Laptop & Accessory,5,Married,3,0,17,1,3,9,145.95,0
54694,8,Computer,1,13,UPI,Female,4,2,Laptop & Accessory,2,Divorced,3,0,14,2,4,2,139.0,1
54695,6,Mobile Phone,2,23,Credit Card,Female,2,1,Laptop & Accessory,1,Married,4,0,22,2,5,8,156.69,1
54696,25,Mobile Phone,1,15,UPI,Female,3,4,Laptop & Accessory,1,Single,1,0,21,0,1,4,188.09,0
54697,8,Mobile Phone,2,14,E Wallet,Female,1,3,Mobile Phone,2,Married,2,0,18,1,2,11,116.63,0
54698,8,Mobile Phone,2,23,Credit Card,Female,3,3,Fashion,3,Single,5,0,24,4,8,6,138.74,0
54699,1,Mobile Phone,3,9,Credit Card,Female,2,2,Fashion,2,Single,1,0,16,2,6,30,146.32,1
54700,48,Computer,1,11,Debit Card,Male,2,4,Mobile Phone,3,Married,5,0,11,3,6,6,244.22,0
54701,3,Phone,3,16,Debit Card,Female,4,2,Laptop & Accessory,1,Divorced,3,0,26,2,4,5,148.85,0
54702,0,Mobile Phone,3,14,E Wallet,Female,3,2,Others,5,Married,5,0,15,0,1,2,152.74,0
54703,13,Mobile Phone,3,13,UPI,Male,5,1,Laptop & Accessory,2,Married,1,1,12,5,9,18,198.24,1
54704,10,Computer,3,24,E Wallet,Male,3,1,Mobile Phone,5,Single,4,0,16,1,3,14,166.11,0
54705,6,Phone,2,7,COD,Female,2,4,Mobile Phone,3,Married,4,0,15,0,1,5,173.96,1
54706,6,Mobile Phone,2,10,UPI,Male,2,4,Laptop & Accessory,3,Single,1,0,20,1,3,1,153.27,0
54707,18,Mobile Phone,3,10,E Wallet,Male,3,2,Mobile Phone,1,Single,4,0,14,3,4,12,174.5,0
54708,2,Mobile Phone,3,19,UPI,Female,2,4,Mobile Phone,1,Married,3,0,12,3,5,11,133.22,0
54709,20,Mobile Phone,2,12,Debit Card,Female,5,3,Laptop & Accessory,3,Single,1,0,25,1,4,8,188.35,0
54710,12,Mobile Phone,3,37,E Wallet,Male,2,3,Grocery,2,Married,3,0,25,3,5,3,155.01,0
54711,6,Mobile Phone,2,24,E Wallet,Male,1,1,Fashion,2,Divorced,2,0,13,0,4,10,168.56,0
54712,7,Mobile Phone,1,12,Debit Card,Male,2,3,Laptop & Accessory,1,Single,7,1,21,1,2,8,152.27,1
54713,3,Computer,2,19,COD,Female,4,4,Laptop & Accessory,3,Divorced,8,0,14,2,3,3,158.65,0
54714,16,Mobile Phone,1,18,Debit Card,Male,3,3,Others,2,Married,1,0,20,1,5,2,189.42,0
54715,8,Mobile Phone,1,28,Credit Card,Male,4,3,Laptop & Accessory,4,Married,1,0,19,1,2,6,144.73,0
54716,4,Mobile Phone,1,13,Debit Card,Male,2,4,Grocery,1,Married,3,0,25,1,4,6,152.82,1
54717,10,Phone,1,12,Credit Card,Female,3,2,Laptop & Accessory,1,Single,3,1,21,1,4,2,156.9,1
54718,61,Computer,3,18,Credit Card,Female,3,2,Grocery,5,Married,3,0,17,3,6,12,273.16,0
54719,6,Mobile Phone,2,13,E Wallet,Female,2,3,Mobile Phone,1,Married,4,0,13,1,2,12,144.96,0
54720,30,Mobile Phone,1,20,E Wallet,Male,3,3,Fashion,5,Divorced,1,0,22,1,2,4,215.65,0
54721,5,Computer,2,26,E Wallet,Female,3,5,Laptop & Accessory,5,Married,2,0,26,4,7,16,167.13,1
54722,0,Mobile Phone,1,10,E Wallet,Female,2,2,Mobile Phone,5,Married,3,0,12,3,5,7,157.97,0
54723,2,Mobile Phone,2,11,Debit Card,Male,1,2,Mobile Phone,3,Divorced,1,0,11,1,2,4,117.57,1
54724,6,Mobile Phone,2,25,Credit Card,Male,2,3,Mobile Phone,3,Single,5,0,12,5,7,5,162.01,0
54725,2,Phone,3,15,UPI,Male,3,3,Fashion,3,Married,4,0,25,1,4,5,109.27,0
54726,0,Computer,1,15,E Wallet,Female,3,5,Mobile Phone,5,Single,4,0,25,1,4,2,137.17,1
54727,29,Computer,2,23,E Wallet,Male,3,5,Mobile Phone,4,Married,2,1,13,1,5,7,214.62,1
54728,22,Mobile Phone,3,14,Debit Card,Male,2,3,Mobile Phone,4,Married,3,0,15,1,5,7,170.45,0
54729,16,Phone,3,21,Credit Card,Female,3,3,Fashion,3,Single,1,1,24,2,5,11,150.29,0
54730,2,Phone,1,10,COD,Female,2,3,Others,2,Married,3,0,14,3,4,2,143.79,0
54731,1,Phone,2,12,UPI,Male,3,4,Laptop & Accessory,3,Married,1,1,19,2,5,13,125.26,0
54732,0,Mobile Phone,1,28,Debit Card,Male,4,3,Laptop & Accessory,1,Single,2,0,24,2,5,14,127.49,1
54733,15,Mobile Phone,2,15,Credit Card,Female,3,2,Laptop & Accessory,3,Married,2,1,12,4,7,15,174.27,0
54734,31,Computer,1,10,Credit Card,Female,2,4,Others,3,Married,3,0,21,1,5,1,203.54,0
54735,6,Mobile Phone,3,10,Credit Card,Female,4,5,Fashion,4,Single,2,1,15,4,5,14,154.53,1
54736,1,Mobile Phone,1,14,Credit Card,Male,2,4,Laptop & Accessory,3,Single,1,0,16,2,3,7,143.47,1
54737,8,Mobile Phone,2,22,E Wallet,Female,3,2,Mobile Phone,3,Divorced,3,0,22,4,6,5,138.09,1
54738,5,Computer,2,6,COD,Female,1,4,Mobile Phone,1,Single,4,0,19,2,4,2,142.97,1
54739,5,Computer,3,12,UPI,Female,3,6,Fashion,4,Single,2,0,25,1,2,2,178.85,0
54740,11,Mobile Phone,2,18,UPI,Female,3,3,Laptop & Accessory,4,Married,5,1,20,3,5,7,173.48,1
54741,15,Computer,1,16,E Wallet,Female,3,2,Mobile Phone,5,Married,7,0,18,1,3,1,178.63,0
54742,1,Computer,1,18,Debit Card,Male,4,1,Grocery,2,Divorced,4,1,11,0,1,10,118.85,0
54743,0,Computer,1,11,Credit Card,Female,3,3,Fashion,3,Divorced,5,0,26,1,5,5,142.2,0
54744,61,Mobile Phone,3,16,Credit Card,Male,1,3,Laptop & Accessory,3,Single,3,0,14,2,5,7,306.24,0
54745,3,Mobile Phone,2,24,UPI,Female,5,5,Others,4,Married,3,1,12,3,5,2,152.26,1
54746,0,Mobile Phone,2,12,COD,Male,1,3,Mobile Phone,3,Single,1,0,21,3,4,20,137.52,1
54747,2,Mobile Phone,1,15,Credit Card,Female,3,2,Mobile Phone,4,Married,3,0,13,3,6,35,137.93,0
54748,0,Computer,3,7,Credit Card,Female,3,3,Fashion,1,Married,3,0,23,0,4,3,125.7,1
54749,5,Mobile Phone,2,18,Credit Card,Male,4,1,Mobile Phone,1,Married,3,1,20,3,7,14,146.17,1
54750,19,Phone,3,11,Credit Card,Female,3,2,Fashion,2,Married,2,0,24,2,5,4,156.65,0
54751,5,Mobile Phone,2,9,Debit Card,Male,4,4,Mobile Phone,3,Single,2,0,19,2,3,9,154.55,1
54752,7,Mobile Phone,1,12,COD,Male,4,2,Mobile Phone,4,Married,7,0,18,3,7,2,182.21,0
54753,13,Mobile Phone,1,19,Credit Card,Male,2,1,Mobile Phone,3,Single,5,0,15,0,4,6,154.27,1
54754,8,Mobile Phone,1,11,COD,Male,3,3,Mobile Phone,4,Single,3,0,17,5,6,7,150.36,0
54755,23,Mobile Phone,3,9,Debit Card,Female,3,3,Mobile Phone,4,Single,2,1,25,0,3,17,178.28,0
54756,24,Computer,3,20,Debit Card,Male,2,4,Laptop & Accessory,3,Married,4,0,12,4,8,15,212.78,0
54757,0,Mobile Phone,1,10,Credit Card,Male,2,2,Laptop & Accessory,5,Married,2,0,24,2,6,5,113.08,0
54758,18,Computer,1,36,UPI,Female,4,3,Fashion,2,Married,3,1,20,3,7,6,196.34,1
54759,7,Computer,1,23,Credit Card,Female,5,3,Laptop & Accessory,2,Single,5,0,13,1,5,2,128.44,1
54760,53,Mobile Phone,3,28,UPI,Male,3,1,Grocery,5,Single,1,0,20,1,3,2,265.54,0
54761,7,Computer,1,16,Credit Card,Female,3,2,Mobile Phone,2,Single,4,0,20,3,4,1,183.16,0
54762,52,Computer,1,11,UPI,Male,2,3,Laptop & Accessory,5,Married,10,0,18,2,3,2,265.6,0
54763,16,Mobile Phone,1,24,Debit Card,Female,2,2,Mobile Phone,5,Married,1,0,25,1,5,16,193.58,0
54764,3,Mobile Phone,2,9,Credit Card,Male,3,3,Laptop & Accessory,3,Married,1,1,18,2,6,4,137.64,1
54765,9,Phone,3,7,Debit Card,Male,1,3,Grocery,1,Divorced,4,0,21,0,1,4,145.4,1
54766,58,Mobile Phone,3,18,Debit Card,Female,3,3,Laptop & Accessory,3,Married,2,0,15,3,7,9,294.53,0
54767,23,Mobile Phone,1,8,Credit Card,Female,2,4,Mobile Phone,1,Married,1,0,24,3,4,4,174.91,0
54768,1,Phone,2,14,Credit Card,Male,3,3,Laptop & Accessory,2,Married,3,1,24,0,3,15,127.86,1
54769,14,Mobile Phone,1,14,E Wallet,Female,2,2,Laptop & Accessory,1,Divorced,5,0,15,1,5,17,155.8,0
54770,5,Mobile Phone,3,21,E Wallet,Female,2,2,Fashion,1,Single,3,0,25,1,4,9,144.5,0
54771,0,Computer,1,9,Credit Card,Male,3,3,Fashion,4,Single,7,0,18,2,3,10,106.5,1
54772,6,Computer,1,8,COD,Female,2,2,Laptop & Accessory,5,Single,3,0,24,1,3,14,126.18,0
54773,3,Mobile Phone,2,13,COD,Female,1,2,Grocery,4,Single,1,0,20,3,6,21,137.73,0
54774,20,Mobile Phone,1,6,COD,Male,3,4,Mobile Phone,3,Single,5,0,18,1,3,8,189.17,0
54775,4,Computer,1,17,Credit Card,Female,3,2,Mobile Phone,2,Single,2,0,22,1,3,6,152.57,0
54776,21,Computer,2,16,Credit Card,Female,2,3,Mobile Phone,5,Single,3,0,21,2,3,3,195.58,0
54777,0,Mobile Phone,3,17,Credit Card,Male,3,1,Laptop & Accessory,2,Married,2,1,23,0,3,4,127.04,1
54778,4,Mobile Phone,2,13,Debit Card,Male,2,3,Fashion,1,Married,2,0,22,2,4,1,136.36,0
54779,3,Mobile Phone,2,32,E Wallet,Male,2,6,Laptop & Accessory,2,Single,1,0,13,1,4,1,125.4,1
54780,3,Computer,2,18,Credit Card,Male,4,5,Grocery,2,Married,3,0,20,2,3,5,144.33,1
54781,0,Computer,2,20,E Wallet,Female,3,5,Grocery,3,Single,2,0,13,3,5,10,118.31,1
54782,2,Phone,2,11,Credit Card,Male,2,3,Mobile Phone,4,Married,2,1,14,4,8,10,172.0,1
54783,9,Computer,2,14,Debit Card,Male,4,2,Mobile Phone,4,Married,1,0,24,1,4,2,152.16,0
54784,4,Computer,1,10,E Wallet,Male,4,3,Others,3,Single,2,0,21,3,6,5,127.54,1
54785,6,Mobile Phone,1,16,Credit Card,Male,2,2,Fashion,5,Divorced,5,0,11,2,3,8,142.75,0
54786,5,Computer,2,10,Credit Card,Male,1,1,Laptop & Accessory,3,Single,7,0,12,1,3,9,135.44,0
54787,25,Computer,2,20,Credit Card,Male,3,2,Laptop & Accessory,2,Married,2,0,16,2,3,5,171.95,0
54788,28,Mobile Phone,3,15,Debit Card,Male,3,3,Fashion,3,Married,4,0,25,2,6,5,234.15,0
54789,8,Mobile Phone,1,5,UPI,Male,3,1,Mobile Phone,4,Married,6,1,21,2,3,3,154.68,1
54790,4,Phone,1,10,Debit Card,Male,3,5,Grocery,3,Married,2,1,22,1,4,1,127.85,1
54791,1,Mobile Phone,1,27,Credit Card,Female,3,3,Fashion,3,Married,1,1,17,2,6,6,124.37,0
54792,36,Mobile Phone,1,28,UPI,Male,5,2,Others,2,Married,2,0,26,1,5,5,233.01,0
54793,0,Computer,3,19,Debit Card,Female,4,3,Laptop & Accessory,2,Single,5,0,11,2,3,6,144.25,1
54794,4,Computer,2,14,Credit Card,Male,2,3,Mobile Phone,3,Married,2,0,12,0,1,0,145.67,0
54795,4,Mobile Phone,3,25,Credit Card,Female,3,4,Mobile Phone,1,Married,3,1,25,0,1,0,143.2,0
54796,4,Computer,2,14,Debit Card,Male,3,2,Mobile Phone,3,Divorced,7,1,26,2,5,3,148.67,0
54797,2,Mobile Phone,3,25,Credit Card,Female,3,3,Grocery,3,Divorced,3,0,16,3,6,10,165.72,1
54798,18,Mobile Phone,3,16,Credit Card,Male,4,4,Mobile Phone,1,Married,2,1,11,3,7,7,199.92,0
54799,1,Mobile Phone,2,13,Debit Card,Female,2,3,Fashion,1,Married,6,1,24,2,6,2,143.16,1
54800,12,Computer,3,20,Credit Card,Male,3,3,Fashion,1,Single,1,1,17,4,6,5,172.51,1
54801,1,Phone,2,9,Debit Card,Male,4,2,Mobile Phone,3,Single,4,0,24,0,2,8,105.15,0
54802,0,Computer,3,10,UPI,Male,1,4,Fashion,3,Married,2,0,24,1,5,7,126.27,0
54803,28,Phone,3,8,E Wallet,Male,4,2,Laptop & Accessory,2,Married,4,0,19,4,6,12,187.95,0
54804,2,Mobile Phone,3,18,Debit Card,Male,4,4,Laptop & Accessory,5,Married,3,0,26,2,3,10,136.61,1
54805,20,Mobile Phone,2,14,UPI,Female,2,1,Others,3,Married,5,0,23,1,3,14,151.39,0
54806,9,Computer,3,47,Credit Card,Female,2,2,Mobile Phone,3,Married,2,0,23,2,5,5,175.31,0
54807,0,Mobile Phone,2,18,Debit Card,Male,2,3,Mobile Phone,1,Married,1,0,15,2,6,7,175.21,0
54808,37,Computer,1,13,Debit Card,Female,2,3,Laptop & Accessory,1,Married,2,0,12,2,4,2,222.17,0
54809,3,Computer,1,14,Credit Card,Male,3,2,Fashion,3,Married,1,0,26,1,3,3,127.46,0
54810,23,Phone,3,16,Debit Card,Female,5,3,Others,4,Divorced,1,1,20,2,6,11,184.9,1
54811,2,Mobile Phone,1,11,Debit Card,Female,2,3,Grocery,4,Single,2,1,24,2,3,22,105.96,0
54812,23,Mobile Phone,2,6,E Wallet,Male,2,3,Mobile Phone,3,Married,2,1,22,1,4,4,199.36,0
54813,0,Mobile Phone,1,8,COD,Male,2,3,Grocery,3,Divorced,1,0,21,3,6,1,137.34,0
54814,8,Mobile Phone,1,12,Credit Card,Female,4,2,Mobile Phone,3,Single,4,1,25,2,5,7,160.06,1
54815,17,Computer,3,7,Credit Card,Female,3,5,Laptop & Accessory,2,Married,3,0,13,2,4,2,175.54,0
54816,32,Mobile Phone,3,15,COD,Male,2,4,Laptop & Accessory,5,Single,5,0,19,1,3,3,209.41,0
54817,28,Mobile Phone,2,23,Debit Card,Female,4,4,Laptop & Accessory,5,Married,2,0,26,2,6,3,185.84,0
54818,20,Mobile Phone,1,10,Debit Card,Female,4,3,Others,3,Married,2,0,16,1,5,6,192.54,0
54819,26,Mobile Phone,2,12,COD,Male,3,4,Others,3,Divorced,4,0,17,2,6,5,228.49,0
54820,2,Mobile Phone,2,14,E Wallet,Female,2,3,Laptop & Accessory,4,Married,2,0,14,0,2,6,124.13,0
54821,4,Mobile Phone,1,13,Debit Card,Female,2,3,Mobile Phone,2,Single,2,0,15,1,3,7,127.18,0
54822,4,Mobile Phone,1,15,E Wallet,Male,2,4,Others,3,Single,2,0,17,2,6,7,167.34,0
54823,5,Mobile Phone,2,7,UPI,Male,2,3,Grocery,4,Single,3,0,26,1,4,4,126.18,0
54824,5,Mobile Phone,1,24,Debit Card,Male,2,1,Mobile Phone,1,Single,2,0,21,0,1,17,145.04,0
54825,9,Mobile Phone,2,13,Credit Card,Male,4,6,Mobile Phone,3,Single,3,1,18,2,3,8,169.05,1
54826,2,Mobile Phone,1,10,Debit Card,Male,1,3,Grocery,2,Married,9,1,17,2,6,2,159.2,1
54827,14,Mobile Phone,2,17,E Wallet,Male,3,3,Laptop & Accessory,4,Single,3,1,20,1,2,6,138.05,1
54828,2,Computer,1,22,E Wallet,Female,1,3,Others,5,Single,4,0,23,1,3,18,134.68,0
54829,4,Computer,3,9,Debit Card,Male,2,2,Laptop & Accessory,2,Married,4,1,26,2,6,3,140.67,0
54830,8,Computer,2,17,E Wallet,Female,3,4,Others,2,Married,3,1,13,0,3,3,129.08,1
54831,19,Mobile Phone,1,26,E Wallet,Female,2,3,Laptop & Accessory,5,Married,4,0,17,0,4,8,180.83,0
54832,16,Mobile Phone,2,26,Debit Card,Male,5,4,Others,3,Single,3,0,20,3,5,2,184.99,1
54833,12,Computer,3,21,Credit Card,Female,1,3,Laptop & Accessory,1,Married,1,1,12,2,3,8,163.66,1
54834,2,Mobile Phone,3,12,E Wallet,Female,2,4,Others,1,Married,4,0,25,2,3,13,171.94,0
54835,9,Computer,3,10,Credit Card,Female,4,4,Laptop & Accessory,5,Married,6,1,23,0,2,4,179.73,0
54836,1,Mobile Phone,1,10,COD,Female,5,2,Laptop & Accessory,3,Married,5,0,15,4,6,5,141.88,0
54837,5,Mobile Phone,2,26,Credit Card,Male,5,1,Others,5,Married,2,1,12,1,3,11,140.61,0
54838,6,Computer,3,19,Debit Card,Male,4,4,Fashion,3,Married,6,0,14,0,2,3,139.3,1
54839,0,Mobile Phone,2,21,E Wallet,Female,5,2,Grocery,4,Single,1,0,18,1,4,2,149.95,0
54840,3,Mobile Phone,3,14,E Wallet,Female,4,4,Mobile Phone,2,Married,2,0,17,0,3,6,111.86,0
54841,37,Mobile Phone,1,7,COD,Male,1,3,Laptop & Accessory,1,Married,1,1,24,3,6,9,233.32,1
54842,36,Mobile Phone,1,17,Debit Card,Male,4,3,Laptop & Accessory,4,Single,2,0,12,2,3,9,188.57,0
54843,5,Mobile Phone,3,10,Credit Card,Male,3,2,Others,2,Single,1,1,20,1,2,13,142.75,0
54844,0,Computer,2,23,Credit Card,Male,3,3,Mobile Phone,4,Single,4,1,17,3,4,14,134.4,0
54845,2,Computer,1,10,UPI,Female,1,2,Fashion,1,Married,2,0,12,4,5,3,163.61,1
54846,5,Computer,1,16,Credit Card,Male,3,2,Fashion,3,Divorced,3,1,15,4,6,1,155.39,1
54847,35,Mobile Phone,3,19,E Wallet,Male,3,4,Mobile Phone,4,Single,3,0,24,0,2,10,223.57,0
54848,1,Phone,1,48,Debit Card,Male,4,1,Grocery,1,Married,2,0,15,3,6,5,160.51,1
54849,17,Computer,1,14,Credit Card,Female,2,3,Fashion,3,Single,2,0,16,0,3,4,179.56,0
54850,1,Mobile Phone,1,14,Debit Card,Female,2,3,Fashion,3,Married,3,0,20,3,7,21,140.05,1
54851,47,Computer,3,23,COD,Female,3,5,Grocery,4,Single,2,1,26,2,6,6,235.7,0
54852,5,Computer,3,13,Debit Card,Male,2,4,Laptop & Accessory,2,Single,1,0,12,0,1,12,125.44,1
54853,17,Computer,2,12,Credit Card,Female,4,3,Laptop & Accessory,4,Married,4,0,25,5,7,2,210.21,0
54854,5,Mobile Phone,2,11,Debit Card,Male,2,4,Fashion,3,Divorced,2,0,19,1,2,4,131.79,0
54855,11,Mobile Phone,1,15,COD,Male,2,4,Grocery,2,Married,2,1,14,4,8,7,163.49,1
54856,2,Computer,1,12,E Wallet,Female,3,1,Fashion,2,Married,6,0,20,1,5,3,156.86,1
54857,1,Mobile Phone,3,27,COD,Male,3,5,Others,4,Single,1,0,26,2,4,7,129.94,0
54858,33,Computer,1,21,Debit Card,Female,2,3,Grocery,4,Married,1,1,20,3,7,5,189.16,0
54859,29,Computer,2,16,Debit Card,Male,2,3,Grocery,3,Divorced,2,1,19,0,1,9,169.38,1
54860,26,Computer,2,15,Credit Card,Female,3,4,Laptop & Accessory,3,Married,3,0,15,2,3,10,183.23,0
54861,11,Mobile Phone,1,11,E Wallet,Male,5,2,Mobile Phone,1,Single,3,1,25,1,2,15,166.8,0
54862,19,Computer,2,14,Credit Card,Female,5,1,Mobile Phone,3,Single,1,1,24,2,4,7,188.15,0
54863,0,Mobile Phone,2,14,E Wallet,Female,3,2,Laptop & Accessory,3,Married,2,0,21,3,7,9,133.1,1
54864,4,Computer,3,33,Debit Card,Male,4,4,Fashion,2,Single,3,0,11,0,3,9,139.77,1
54865,4,Computer,1,13,E Wallet,Female,2,3,Mobile Phone,2,Single,7,1,18,2,5,7,150.49,1
54866,12,Mobile Phone,1,18,Credit Card,Female,2,3,Fashion,5,Single,1,0,15,2,4,9,130.74,0
54867,5,Computer,2,19,Credit Card,Male,3,2,Fashion,2,Single,4,1,23,0,1,5,107.16,0
54868,1,Mobile Phone,3,10,Credit Card,Male,4,4,Laptop & Accessory,2,Single,2,0,24,1,5,3,138.05,1
54869,10,Mobile Phone,1,13,Debit Card,Male,2,3,Laptop & Accessory,3,Married,5,0,11,1,3,12,152.47,1
54870,20,Mobile Phone,3,20,COD,Female,3,3,Mobile Phone,2,Single,4,0,22,1,3,12,190.48,0
54871,5,Mobile Phone,3,9,E Wallet,Male,2,1,Fashion,3,Married,2,1,17,2,4,11,110.53,0
54872,1,Mobile Phone,3,37,Credit Card,Male,3,3,Mobile Phone,3,Divorced,3,1,15,3,7,8,148.86,1
54873,2,Mobile Phone,1,16,Credit Card,Male,4,1,Others,5,Married,2,0,17,0,4,1,121.72,0
54874,3,Computer,1,12,Debit Card,Female,4,4,Laptop & Accessory,2,Married,4,1,25,3,5,20,146.45,1
54875,4,Computer,1,9,Credit Card,Female,3,2,Laptop & Accessory,1,Single,4,0,21,1,5,8,127.3,1
54876,12,Computer,1,29,Credit Card,Female,2,2,Laptop & Accessory,1,Married,4,0,24,3,7,8,186.9,1
54877,11,Mobile Phone,3,14,Credit Card,Male,4,5,Laptop & Accessory,1,Married,2,0,17,1,3,12,170.48,1
54878,14,Phone,1,18,UPI,Male,2,1,Laptop & Accessory,4,Single,1,0,14,2,6,6,165.71,0
54879,5,Computer,2,9,Debit Card,Male,4,2,Mobile Phone,5,Single,1,0,11,1,4,7,116.13,0
54880,20,Mobile Phone,1,11,Debit Card,Male,2,2,Fashion,1,Married,3,0,26,0,3,2,195.58,0
54881,2,Computer,3,23,Credit Card,Female,3,4,Laptop & Accessory,2,Married,3,0,15,2,6,2,146.15,0
54882,7,Mobile Phone,1,29,E Wallet,Female,3,4,Mobile Phone,5,Single,1,0,18,2,6,10,187.55,0
54883,19,Computer,1,10,Debit Card,Female,1,5,Mobile Phone,5,Married,3,0,23,2,4,7,184.54,0
54884,2,Mobile Phone,1,18,Credit Card,Male,4,3,Mobile Phone,2,Divorced,2,1,12,2,6,10,163.85,1
54885,1,Mobile Phone,3,18,Debit Card,Female,3,2,Mobile Phone,5,Married,1,0,14,2,5,2,143.91,0
54886,25,Computer,1,23,E Wallet,Female,2,2,Mobile Phone,3,Married,2,1,13,4,5,8,164.07,0
54887,5,Mobile Phone,1,19,Credit Card,Female,2,4,Others,5,Married,3,1,15,3,6,4,137.96,1
54888,13,Mobile Phone,1,20,UPI,Female,3,5,Laptop & Accessory,1,Married,4,0,18,2,3,18,142.56,0
54889,0,Phone,3,7,Credit Card,Female,1,5,Fashion,4,Divorced,4,1,21,2,4,12,104.1,1
54890,14,Phone,2,18,UPI,Male,3,4,Mobile Phone,1,Married,3,0,26,2,5,12,173.48,0
54891,4,Computer,3,9,E Wallet,Female,3,4,Laptop & Accessory,4,Married,1,0,13,1,3,3,141.41,0
54892,0,Mobile Phone,2,17,UPI,Male,2,3,Grocery,5,Married,3,0,20,1,4,6,115.8,0
54893,11,Mobile Phone,1,24,UPI,Male,2,4,Mobile Phone,2,Single,1,0,13,1,2,0,158.77,0
54894,3,Computer,2,16,Credit Card,Female,3,2,Mobile Phone,2,Single,2,0,18,2,4,13,119.82,0
54895,5,Mobile Phone,1,20,Credit Card,Male,2,2,Mobile Phone,2,Divorced,4,0,18,0,3,10,156.2,0
54896,1,Mobile Phone,2,22,E Wallet,Female,2,3,Mobile Phone,3,Married,1,0,13,3,7,13,169.32,0
54897,1,Mobile Phone,2,21,Credit Card,Male,2,3,Fashion,3,Divorced,3,0,25,1,5,14,164.23,0
54898,4,Mobile Phone,2,17,Debit Card,Male,3,3,Fashion,3,Married,4,1,20,3,6,15,151.78,0
54899,1,Mobile Phone,1,17,UPI,Male,2,3,Fashion,4,Single,5,0,14,0,3,19,122.72,1
54900,29,Mobile Phone,1,24,Credit Card,Female,4,3,Mobile Phone,3,Married,2,0,14,1,3,4,195.49,0
54901,0,Mobile Phone,3,40,Debit Card,Male,4,3,Fashion,1,Married,5,0,14,4,6,2,132.57,0
54902,7,Mobile Phone,3,11,E Wallet,Male,2,1,Fashion,3,Married,2,0,19,2,5,3,178.49,1
54903,1,Mobile Phone,1,12,UPI,Male,2,5,Fashion,2,Married,2,0,11,0,3,9,143.01,1
54904,4,Mobile Phone,1,21,UPI,Female,4,5,Laptop & Accessory,3,Single,7,0,24,3,5,10,127.17,0
54905,31,Computer,3,33,Credit Card,Female,3,1,Fashion,3,Single,3,0,17,1,5,1,234.46,0
54906,2,Computer,3,8,Debit Card,Female,4,3,Fashion,3,Single,5,0,20,4,7,2,138.37,1
54907,40,Mobile Phone,3,9,E Wallet,Male,3,4,Laptop & Accessory,3,Single,4,1,26,2,5,8,238.47,1
54908,2,Mobile Phone,1,15,E Wallet,Female,1,3,Fashion,3,Married,2,0,13,0,2,15,148.41,0
54909,16,Mobile Phone,2,10,Debit Card,Male,4,3,Grocery,2,Married,1,0,19,1,2,12,166.42,0
54910,9,Mobile Phone,1,16,COD,Male,3,4,Mobile Phone,4,Single,3,0,22,1,3,4,143.31,0
54911,25,Mobile Phone,2,21,Debit Card,Female,3,3,Laptop & Accessory,3,Married,2,0,25,0,4,6,186.72,0
54912,9,Mobile Phone,1,15,Credit Card,Male,2,2,Fashion,3,Married,3,0,18,2,4,3,141.09,0
54913,9,Computer,1,12,Debit Card,Male,1,3,Laptop & Accessory,2,Married,4,0,21,2,4,2,143.5,1
54914,2,Computer,1,21,COD,Female,2,2,Mobile Phone,3,Married,3,0,18,0,1,17,124.53,0
54915,2,Mobile Phone,2,8,Debit Card,Female,2,3,Fashion,3,Single,4,1,15,4,7,10,144.82,1
54916,29,Mobile Phone,2,11,Credit Card,Female,3,4,Mobile Phone,3,Married,4,1,22,1,4,6,215.07,1
54917,4,Computer,2,17,UPI,Male,1,2,Mobile Phone,3,Single,4,0,14,2,5,16,144.84,0
54918,5,Mobile Phone,3,18,Debit Card,Male,4,2,Grocery,2,Married,3,0,24,0,4,5,138.47,0
54919,17,Computer,3,20,Debit Card,Female,2,4,Laptop & Accessory,4,Married,5,0,13,1,2,6,176.87,0
54920,4,Mobile Phone,2,12,Debit Card,Female,4,3,Laptop & Accessory,2,Married,2,1,22,2,4,7,143.63,0
54921,36,Computer,3,8,Credit Card,Male,4,2,Grocery,3,Married,5,0,20,1,3,2,236.02,0
54922,16,Phone,2,10,Credit Card,Male,2,3,Laptop & Accessory,2,Married,3,0,26,1,4,6,183.1,0
54923,10,Phone,1,10,E Wallet,Male,2,3,Mobile Phone,4,Single,3,0,25,2,5,13,125.7,1
54924,25,Mobile Phone,3,10,Debit Card,Male,3,3,Mobile Phone,4,Divorced,1,0,21,2,5,14,198.66,0
54925,0,Mobile Phone,1,7,E Wallet,Female,3,3,Mobile Phone,4,Married,5,1,21,2,4,12,145.04,1
54926,3,Mobile Phone,2,9,COD,Female,1,3,Laptop & Accessory,5,Single,3,0,24,2,3,9,134.45,0
54927,7,Phone,1,23,UPI,Female,1,4,Fashion,4,Married,1,0,26,2,5,19,159.33,0
54928,3,Mobile Phone,2,11,E Wallet,Male,2,2,Mobile Phone,2,Divorced,1,0,11,2,4,5,122.22,1
54929,16,Mobile Phone,2,19,COD,Female,3,2,Laptop & Accessory,3,Married,3,0,15,1,5,3,182.49,1
54930,30,Mobile Phone,1,7,COD,Female,1,4,Mobile Phone,5,Divorced,2,0,18,0,3,2,224.62,0
54931,6,Mobile Phone,2,13,Credit Card,Female,3,1,Fashion,4,Single,2,1,21,3,6,19,138.84,0
54932,5,Mobile Phone,3,13,Debit Card,Female,2,6,Mobile Phone,5,Single,1,1,24,2,3,7,145.92,0
54933,39,Computer,1,21,COD,Male,3,3,Laptop & Accessory,4,Divorced,2,0,22,3,4,8,216.92,0
54934,7,Mobile Phone,1,15,UPI,Female,4,4,Mobile Phone,1,Married,7,0,22,2,5,7,155.45,0
54935,8,Mobile Phone,1,12,Debit Card,Male,4,3,Mobile Phone,2,Divorced,3,1,23,2,6,10,133.39,1
54936,5,Phone,3,18,COD,Male,1,4,Laptop & Accessory,2,Single,3,0,19,2,3,12,133.17,1
54937,28,Computer,3,15,Credit Card,Female,4,3,Laptop & Accessory,3,Married,3,0,21,4,7,24,222.72,0
54938,10,Computer,3,11,Credit Card,Female,3,3,Others,2,Married,4,0,19,3,7,13,159.02,0
54939,17,Mobile Phone,1,18,Credit Card,Male,4,3,Laptop & Accessory,4,Married,4,0,19,0,1,1,164.98,0
54940,20,Computer,1,21,Credit Card,Male,3,5,Laptop & Accessory,4,Married,1,0,24,2,6,3,205.21,0
54941,5,Mobile Phone,1,23,Credit Card,Male,3,1,Mobile Phone,2,Married,3,1,22,0,4,23,149.12,1
54942,6,Mobile Phone,1,13,Credit Card,Male,3,2,Laptop & Accessory,2,Single,4,0,26,1,3,8,153.6,0
54943,22,Mobile Phone,2,17,Credit Card,Male,2,3,Laptop & Accessory,2,Divorced,3,0,20,0,1,3,159.92,0
54944,5,Mobile Phone,3,18,Credit Card,Male,2,2,Laptop & Accessory,2,Married,3,0,25,0,1,5,132.2,0
54945,18,Mobile Phone,1,8,E Wallet,Male,1,3,Laptop & Accessory,4,Married,1,0,19,1,3,5,168.47,0
54946,33,Phone,3,20,Debit Card,Male,4,2,Laptop & Accessory,3,Single,1,1,16,2,4,5,218.03,0
54947,11,Mobile Phone,1,18,COD,Female,4,3,Laptop & Accessory,3,Single,4,1,18,2,4,11,160.57,1
54948,16,Mobile Phone,3,11,E Wallet,Male,4,3,Fashion,1,Single,4,0,21,0,4,3,170.67,0
54949,19,Mobile Phone,1,18,E Wallet,Male,4,2,Laptop & Accessory,3,Married,3,0,25,2,5,5,187.77,0
54950,22,Mobile Phone,3,8,Credit Card,Female,5,5,Fashion,3,Single,5,0,11,1,2,18,202.78,1
54951,6,Computer,1,20,COD,Male,3,4,Mobile Phone,4,Married,4,0,24,2,3,2,130.15,0
54952,0,Mobile Phone,3,16,Debit Card,Female,2,4,Grocery,2,Single,2,0,14,4,5,4,134.72,1
54953,6,Computer,1,12,Debit Card,Male,3,3,Fashion,4,Married,3,0,24,2,5,5,139.15,1
54954,13,Mobile Phone,1,9,UPI,Male,2,1,Grocery,4,Single,3,0,24,1,5,1,204.73,0
54955,7,Computer,2,11,E Wallet,Female,2,3,Mobile Phone,3,Single,1,1,11,2,5,11,120.55,1
54956,16,Computer,1,8,Debit Card,Male,3,4,Fashion,3,Married,1,0,25,3,6,2,160.81,0
54957,5,Computer,2,19,Credit Card,Male,1,2,Fashion,1,Divorced,5,1,26,4,6,1,133.75,1
54958,12,Computer,3,18,Credit Card,Male,1,3,Fashion,2,Divorced,8,0,15,0,4,5,177.07,0
54959,2,Computer,2,22,Credit Card,Male,3,5,Fashion,5,Single,4,0,17,0,3,7,158.83,0
54960,16,Mobile Phone,3,9,Credit Card,Female,2,4,Mobile Phone,5,Divorced,1,0,19,1,4,19,177.39,0
54961,9,Mobile Phone,1,9,COD,Male,2,3,Laptop & Accessory,2,Married,3,0,26,0,2,14,151.36,1
54962,2,Computer,2,8,COD,Female,2,2,Grocery,2,Single,3,0,14,4,5,5,139.48,1
54963,4,Computer,2,10,COD,Male,3,3,Laptop & Accessory,1,Divorced,2,1,20,1,4,5,140.98,1
54964,16,Mobile Phone,3,23,Credit Card,Female,2,4,Fashion,2,Single,3,0,11,1,2,2,183.27,1
54965,7,Mobile Phone,1,24,Credit Card,Male,3,3,Others,4,Single,1,0,20,1,5,7,137.8,0
54966,2,Computer,2,14,Credit Card,Male,4,4,Laptop & Accessory,3,Divorced,3,0,15,1,4,6,148.08,0
54967,41,Mobile Phone,1,40,E Wallet,Female,4,2,Fashion,5,Divorced,2,1,26,1,4,4,207.71,0
54968,15,Mobile Phone,1,10,Credit Card,Female,4,3,Others,5,Married,2,1,26,0,1,11,174.91,0
54969,37,Mobile Phone,1,13,E Wallet,Male,4,3,Mobile Phone,2,Married,8,1,24,3,6,11,215.22,0
54970,6,Computer,1,48,E Wallet,Female,2,1,Fashion,3,Single,4,1,20,3,5,17,137.62,0
54971,7,Phone,1,14,COD,Male,4,2,Mobile Phone,4,Married,5,0,19,2,5,4,174.1,0
54972,27,Mobile Phone,1,23,Debit Card,Female,3,2,Mobile Phone,3,Married,1,0,26,0,3,5,171.69,0
54973,8,Mobile Phone,3,20,E Wallet,Female,2,1,Fashion,2,Single,2,0,11,1,3,5,163.93,1
54974,14,Mobile Phone,1,11,Credit Card,Male,3,2,Grocery,5,Married,6,1,19,0,3,2,160.06,0
54975,3,Mobile Phone,3,45,Debit Card,Male,2,3,Others,4,Divorced,2,1,13,6,9,1,169.53,0
54976,7,Computer,1,20,Credit Card,Male,2,3,Mobile Phone,1,Married,5,0,22,0,1,3,145.04,0
54977,1,Mobile Phone,1,16,Debit Card,Male,3,2,Fashion,3,Married,4,1,19,2,3,6,125.61,0
54978,2,Mobile Phone,2,9,Credit Card,Male,2,5,Fashion,2,Single,1,0,12,5,8,1,136.09,1
54979,0,Computer,2,15,Debit Card,Male,2,3,Laptop & Accessory,4,Married,1,0,12,3,4,17,107.31,0
54980,0,Computer,2,24,COD,Male,4,3,Mobile Phone,1,Married,3,0,15,1,4,5,116.55,1
54981,45,Mobile Phone,2,14,Debit Card,Female,2,1,Fashion,2,Single,6,1,12,1,4,11,231.6,0
54982,3,Mobile Phone,1,16,UPI,Female,4,3,Laptop & Accessory,2,Married,3,0,16,0,1,1,114.08,1
54983,13,Phone,2,19,COD,Female,2,3,Grocery,5,Married,4,1,12,1,4,11,175.55,0
54984,21,Mobile Phone,2,8,Credit Card,Female,4,2,Mobile Phone,5,Married,4,0,12,2,3,7,196.77,0
54985,9,Computer,1,9,Debit Card,Male,3,2,Mobile Phone,4,Divorced,1,0,13,2,5,8,161.2,0
54986,1,Mobile Phone,3,21,Credit Card,Male,3,2,Grocery,4,Single,5,0,19,3,4,12,141.29,0
54987,15,Computer,3,13,Debit Card,Female,3,3,Laptop & Accessory,5,Single,4,0,15,4,8,16,185.26,0
54988,11,Computer,1,15,Debit Card,Female,4,1,Laptop & Accessory,2,Divorced,2,0,22,1,5,9,173.89,0
54989,15,Computer,3,16,Credit Card,Female,1,2,Laptop & Accessory,4,Married,3,1,21,0,1,8,158.17,0
54990,17,Computer,3,14,Credit Card,Female,3,4,Laptop & Accessory,4,Married,3,0,23,2,4,18,185.12,1
54991,44,Phone,2,35,E Wallet,Female,2,2,Others,4,Single,4,0,22,3,4,2,247.31,0
54992,10,Computer,1,26,Credit Card,Female,4,2,Fashion,3,Married,7,0,14,3,5,6,165.95,1
54993,5,Mobile Phone,3,11,UPI,Female,2,1,Fashion,4,Single,5,1,23,2,5,5,152.49,1
54994,12,Mobile Phone,1,13,Debit Card,Female,2,6,Fashion,2,Married,3,0,24,1,4,4,164.05,1
54995,0,Computer,1,23,Debit Card,Male,3,1,Laptop & Accessory,3,Married,2,1,23,4,8,6,133.08,1
54996,27,Computer,1,23,Credit Card,Male,3,3,Mobile Phone,5,Married,2,0,19,1,5,3,200.84,0
54997,1,Mobile Phone,3,10,UPI,Female,3,3,Laptop & Accessory,4,Married,4,1,14,0,2,17,134.75,1
54998,4,Mobile Phone,3,10,UPI,Male,2,5,Laptop & Accessory,4,Married,2,0,25,4,8,4,142.99,0
54999,20,Computer,2,15,E Wallet,Male,3,4,Mobile Phone,2,Single,1,1,26,1,2,1,176.62,1
55000,10,Mobile Phone,3,27,Credit Card,Female,1,2,Others,4,Married,1,0,11,1,4,9,153.14,0
55001,6,Mobile Phone,1,11,E Wallet,Female,5,1,Mobile Phone,5,Married,3,0,19,1,2,0,157.62,0
55002,7,Computer,1,21,Debit Card,Male,3,3,Mobile Phone,1,Married,5,0,22,1,4,11,141.06,0
55003,23,Computer,2,12,Credit Card,Female,2,2,Grocery,3,Married,2,0,16,4,8,8,194.3,0
55004,4,Mobile Phone,3,16,Credit Card,Female,4,4,Laptop & Accessory,4,Single,2,1,16,0,4,3,159.58,1
55005,24,Mobile Phone,2,26,Credit Card,Male,2,4,Mobile Phone,5,Single,3,0,25,2,4,11,205.29,0
55006,1,Mobile Phone,1,8,UPI,Female,5,5,Laptop & Accessory,3,Single,4,1,25,0,2,7,117.31,1
55007,17,Mobile Phone,1,16,UPI,Female,3,3,Grocery,3,Married,1,0,18,0,3,0,165.24,0
55008,22,Computer,1,9,Debit Card,Female,3,3,Laptop & Accessory,1,Single,5,1,26,1,3,2,188.48,1
55009,2,Mobile Phone,1,37,COD,Female,2,3,Mobile Phone,3,Single,10,1,22,2,3,3,143.65,1
55010,6,Mobile Phone,1,14,Debit Card,Male,3,2,Laptop & Accessory,2,Single,2,1,23,4,7,8,156.26,1
55011,2,Mobile Phone,3,24,Debit Card,Male,2,3,Laptop & Accessory,5,Married,5,0,25,3,7,1,138.05,1
55012,14,Mobile Phone,2,8,COD,Male,4,6,Laptop & Accessory,3,Married,2,0,13,0,3,9,150.71,1
55013,9,Phone,2,27,Credit Card,Female,2,3,Mobile Phone,2,Single,1,1,25,0,1,10,145.06,1
55014,12,Mobile Phone,1,23,UPI,Female,2,1,Others,5,Single,3,0,23,4,7,18,164.31,0
55015,2,Computer,1,29,Debit Card,Female,3,4,Fashion,3,Married,1,0,26,0,3,15,153.92,0
55016,2,Computer,2,24,UPI,Female,4,2,Grocery,4,Married,1,1,23,1,5,2,120.19,0
55017,0,Mobile Phone,3,12,UPI,Female,3,3,Laptop & Accessory,5,Single,4,0,25,1,2,1,151.24,0
55018,4,Computer,2,7,Credit Card,Female,3,4,Grocery,4,Married,1,0,18,1,4,2,142.9,0
55019,9,Mobile Phone,3,15,E Wallet,Female,2,2,Mobile Phone,5,Single,2,0,22,2,6,13,143.15,0
55020,23,Computer,3,14,COD,Female,2,2,Others,3,Single,2,0,25,0,4,9,182.95,0
55021,13,Mobile Phone,1,16,Credit Card,Male,2,2,Fashion,1,Single,6,0,22,3,4,21,148.12,1
55022,6,Computer,1,18,Credit Card,Female,1,4,Mobile Phone,5,Single,3,0,24,1,2,16,144.78,1
55023,36,Mobile Phone,2,29,E Wallet,Male,4,2,Others,3,Single,1,0,11,0,4,5,260.34,0
55024,15,Computer,2,25,Credit Card,Male,2,3,Mobile Phone,4,Married,2,0,26,4,7,11,177.22,0
55025,31,Mobile Phone,1,28,COD,Female,1,2,Fashion,3,Married,1,0,18,1,4,2,222.99,0
55026,8,Computer,2,14,Debit Card,Male,4,3,Mobile Phone,4,Divorced,4,1,25,1,4,8,184.04,0
55027,3,Mobile Phone,2,23,Credit Card,Male,5,2,Fashion,1,Married,1,0,18,3,7,10,169.76,0
55028,0,Computer,3,23,E Wallet,Female,3,4,Laptop & Accessory,1,Married,2,0,25,1,3,4,133.06,0
55029,15,Mobile Phone,1,28,Credit Card,Male,2,3,Mobile Phone,5,Single,1,0,19,4,6,11,178.79,0
55030,1,Mobile Phone,1,15,Debit Card,Male,3,1,Mobile Phone,3,Single,4,1,26,1,5,18,145.99,0
55031,4,Computer,2,35,Credit Card,Female,2,5,Grocery,2,Married,3,1,18,2,5,7,128.56,0
55032,9,Phone,2,36,UPI,Male,3,4,Others,5,Single,2,0,22,0,2,15,133.35,0
55033,9,Mobile Phone,2,10,Credit Card,Male,2,2,Fashion,5,Single,4,1,13,5,9,3,157.23,0
55034,11,Phone,3,16,Credit Card,Male,1,2,Grocery,3,Divorced,3,0,17,3,6,2,169.32,0
55035,2,Computer,3,20,E Wallet,Male,1,3,Mobile Phone,3,Married,1,0,18,2,5,11,136.6,0
55036,5,Computer,2,18,E Wallet,Female,3,3,Laptop & Accessory,5,Single,1,0,19,1,4,4,161.21,0
55037,11,Mobile Phone,1,10,Credit Card,Male,2,2,Fashion,2,Single,1,0,12,1,2,1,185.16,0
55038,42,Mobile Phone,2,10,Credit Card,Male,2,4,Fashion,3,Single,2,0,25,1,5,8,235.3,0
55039,15,Computer,2,10,Debit Card,Male,3,1,Laptop & Accessory,4,Married,1,0,20,2,6,6,206.62,0
55040,30,Mobile Phone,3,10,E Wallet,Male,2,3,Others,4,Married,2,1,22,1,5,3,220.54,0
55041,17,Mobile Phone,3,17,Credit Card,Male,1,3,Mobile Phone,4,Married,1,1,24,4,5,6,156.9,0
55042,10,Mobile Phone,2,38,Credit Card,Male,2,4,Grocery,4,Married,1,0,26,2,6,32,185.67,0
55043,2,Mobile Phone,2,9,Debit Card,Male,4,4,Laptop & Accessory,2,Divorced,2,0,24,1,5,11,146.73,0
55044,13,Computer,1,15,Debit Card,Male,4,2,Laptop & Accessory,3,Single,3,1,25,1,4,14,144.57,1
55045,11,Computer,1,16,E Wallet,Female,4,2,Fashion,1,Single,2,1,12,0,3,3,153.5,1
55046,11,Computer,1,33,Credit Card,Female,3,3,Laptop & Accessory,1,Single,1,0,13,2,5,6,159.62,1
55047,8,Mobile Phone,1,22,Debit Card,Female,5,3,Others,4,Single,1,0,11,2,3,6,135.56,0
55048,9,Mobile Phone,2,17,Debit Card,Female,2,4,Fashion,4,Divorced,1,0,21,5,9,3,178.35,0
55049,4,Mobile Phone,1,10,Debit Card,Male,3,1,Fashion,2,Single,4,0,16,2,5,1,177.5,0
55050,8,Mobile Phone,2,18,Credit Card,Female,3,3,Fashion,3,Single,4,0,19,0,4,5,148.57,0
55051,2,Computer,2,24,E Wallet,Male,1,2,Mobile Phone,1,Divorced,5,0,11,2,5,2,152.72,0
55052,19,Computer,2,9,Debit Card,Female,2,4,Grocery,3,Married,6,1,23,2,5,3,168.1,0
55053,2,Mobile Phone,2,17,Credit Card,Male,4,2,Laptop & Accessory,1,Married,4,0,13,2,6,7,153.49,0
55054,1,Computer,1,20,Debit Card,Female,4,3,Mobile Phone,3,Married,1,0,20,1,5,17,156.91,1
55055,6,Mobile Phone,3,22,Debit Card,Female,1,2,Grocery,3,Married,1,1,25,1,5,5,144.0,0
55056,12,Computer,1,20,UPI,Female,3,3,Laptop & Accessory,4,Married,4,0,22,2,6,6,142.94,0
55057,6,Mobile Phone,3,26,E Wallet,Female,3,3,Laptop & Accessory,3,Married,5,1,26,0,1,10,157.99,1
55058,3,Computer,1,9,E Wallet,Female,5,4,Others,5,Married,3,0,24,1,3,4,101.23,0
55059,9,Mobile Phone,2,27,Debit Card,Male,3,2,Others,1,Married,2,0,16,1,5,9,166.81,0
55060,5,Mobile Phone,1,8,Credit Card,Female,3,3,Mobile Phone,3,Divorced,1,1,23,1,3,11,165.93,0
55061,32,Mobile Phone,1,21,Credit Card,Male,4,3,Fashion,5,Single,4,1,26,0,2,5,191.93,0
55062,30,Mobile Phone,2,27,E Wallet,Female,3,3,Fashion,2,Single,2,0,11,1,4,16,195.8,0
55063,8,Mobile Phone,3,12,Credit Card,Female,4,4,Mobile Phone,4,Single,2,1,13,0,3,5,157.43,0
55064,4,Mobile Phone,1,10,Credit Card,Male,3,4,Grocery,2,Married,3,1,13,3,5,3,148.75,0
55065,16,Mobile Phone,2,12,Debit Card,Female,3,1,Fashion,5,Single,5,1,12,3,4,5,168.28,0
55066,0,Computer,1,12,Credit Card,Male,3,4,Laptop & Accessory,4,Single,3,0,15,2,5,2,148.5,0
55067,7,Mobile Phone,1,14,UPI,Female,3,2,Grocery,4,Married,3,0,18,1,3,12,123.94,1
55068,4,Computer,3,22,Credit Card,Male,2,3,Laptop & Accessory,5,Divorced,2,0,13,2,6,7,159.07,1
55069,30,Mobile Phone,3,15,Debit Card,Female,4,3,Fashion,3,Married,2,0,16,2,5,6,220.48,0
55070,0,Phone,2,18,Credit Card,Male,2,2,Fashion,2,Single,9,0,14,0,4,12,121.73,0
55071,9,Phone,1,12,E Wallet,Male,2,2,Grocery,2,Single,3,0,18,5,6,8,180.05,0
55072,16,Mobile Phone,1,11,Debit Card,Male,3,5,Others,3,Married,2,0,14,5,7,2,182.83,0
55073,7,Computer,3,11,Credit Card,Male,3,2,Others,3,Married,4,1,12,3,5,13,160.82,0
55074,1,Mobile Phone,1,18,COD,Male,2,1,Fashion,5,Married,4,1,20,2,5,8,104.88,0
55075,43,Phone,3,20,Credit Card,Male,4,4,Fashion,3,Divorced,2,1,12,1,5,1,206.87,0
55076,8,Mobile Phone,1,24,Debit Card,Male,2,3,Laptop & Accessory,3,Divorced,4,0,22,0,3,11,146.42,0
55077,11,Mobile Phone,3,20,E Wallet,Female,1,3,Laptop & Accessory,3,Divorced,5,0,22,4,6,8,160.33,0
55078,3,Mobile Phone,1,16,Debit Card,Male,1,2,Mobile Phone,1,Married,5,1,22,2,4,4,129.1,0
55079,7,Mobile Phone,1,14,Debit Card,Female,4,2,Fashion,1,Divorced,1,0,12,1,3,7,156.56,1
55080,6,Mobile Phone,2,9,Debit Card,Female,3,2,Fashion,4,Married,4,1,19,5,7,4,160.95,0
55081,0,Computer,3,12,Debit Card,Female,2,2,Laptop & Accessory,3,Single,2,0,11,1,3,1,104.57,0
55082,1,Mobile Phone,3,8,UPI,Male,3,2,Laptop & Accessory,3,Married,1,0,19,3,4,33,153.79,0
55083,21,Mobile Phone,3,16,E Wallet,Male,3,2,Mobile Phone,5,Married,5,0,12,1,2,22,175.45,1
55084,3,Mobile Phone,3,11,Credit Card,Female,5,4,Others,4,Single,3,1,21,0,3,1,124.04,1
55085,2,Mobile Phone,2,13,UPI,Female,4,3,Laptop & Accessory,3,Single,5,0,17,2,6,11,150.56,1
55086,8,Mobile Phone,3,17,E Wallet,Female,2,2,Mobile Phone,4,Married,3,1,12,1,3,9,175.28,0
55087,17,Computer,3,13,Credit Card,Male,3,2,Laptop & Accessory,5,Single,2,0,15,1,4,4,144.26,0
55088,0,Mobile Phone,2,11,Debit Card,Male,2,5,Laptop & Accessory,2,Married,3,0,21,2,6,3,122.77,1
55089,10,Computer,2,11,E Wallet,Female,2,2,Others,5,Divorced,7,0,20,2,5,7,164.4,0
55090,1,Mobile Phone,2,26,Credit Card,Male,2,4,Laptop & Accessory,3,Married,3,0,20,2,6,5,142.63,1
55091,0,Mobile Phone,2,16,Credit Card,Male,3,4,Laptop & Accessory,4,Divorced,5,0,14,2,6,3,155.21,1
55092,0,Computer,3,19,Debit Card,Female,3,3,Laptop & Accessory,4,Single,5,0,15,7,9,7,152.92,0
55093,21,Mobile Phone,1,10,Debit Card,Male,4,3,Fashion,4,Divorced,2,1,13,3,7,7,173.03,0
55094,1,Mobile Phone,1,9,E Wallet,Female,2,3,Laptop & Accessory,5,Divorced,1,1,16,1,5,5,119.59,0
55095,0,Computer,2,7,Debit Card,Female,3,3,Mobile Phone,3,Married,8,0,20,2,6,11,125.77,0
55096,6,Mobile Phone,1,12,Credit Card,Female,4,4,Others,2,Married,5,1,23,3,6,4,167.74,1
55097,22,Mobile Phone,2,32,Debit Card,Female,1,4,Laptop & Accessory,4,Married,3,0,26,1,4,13,182.43,0
55098,3,Computer,3,19,E Wallet,Male,3,3,Others,2,Married,7,1,14,2,6,5,144.86,1
55099,6,Computer,2,12,Credit Card,Female,4,4,Laptop & Accessory,5,Married,3,0,19,0,3,21,149.77,0
55100,0,Mobile Phone,3,23,E Wallet,Male,2,4,Laptop & Accessory,2,Married,3,0,12,1,3,7,155.73,1
55101,7,Mobile Phone,1,9,Debit Card,Male,4,2,Fashion,2,Married,3,0,15,4,5,2,140.66,0
55102,10,Mobile Phone,3,25,Debit Card,Female,3,3,Laptop & Accessory,1,Married,5,1,19,3,4,7,141.0,1
55103,10,Mobile Phone,2,27,Debit Card,Female,3,3,Laptop & Accessory,5,Single,2,0,20,2,3,8,152.15,0
55104,4,Computer,1,12,E Wallet,Female,2,1,Fashion,5,Married,2,0,19,1,2,6,124.63,0
55105,4,Computer,2,13,Debit Card,Female,3,3,Mobile Phone,1,Married,1,0,25,0,2,2,124.19,0
55106,1,Computer,3,17,E Wallet,Male,4,3,Others,3,Married,5,0,18,1,2,3,124.15,1
55107,5,Mobile Phone,1,9,Debit Card,Male,3,2,Laptop & Accessory,3,Single,2,0,15,3,4,3,157.22,0
55108,1,Mobile Phone,2,15,COD,Male,3,1,Fashion,4,Married,2,0,16,1,2,7,125.99,0
55109,17,Computer,3,37,Credit Card,Male,3,2,Mobile Phone,2,Married,3,0,15,2,4,3,182.81,0
55110,40,Mobile Phone,1,12,Debit Card,Female,5,4,Laptop & Accessory,2,Single,5,0,23,1,5,34,218.11,0
55111,42,Computer,2,14,Debit Card,Female,1,1,Others,2,Divorced,3,0,22,1,4,10,265.77,0
55112,24,Computer,2,14,Credit Card,Male,3,3,Fashion,3,Married,5,1,23,0,1,5,185.96,0
55113,11,Phone,1,23,UPI,Female,4,2,Grocery,3,Married,1,0,12,1,5,10,159.23,1
55114,14,Mobile Phone,2,18,Debit Card,Female,3,2,Laptop & Accessory,5,Married,1,1,24,2,4,1,138.66,0
55115,4,Mobile Phone,1,22,E Wallet,Female,2,4,Mobile Phone,3,Divorced,4,0,16,3,6,5,148.8,0
55116,11,Computer,3,12,Credit Card,Female,4,4,Mobile Phone,3,Single,2,0,22,2,3,10,160.37,0
55117,7,Computer,1,20,UPI,Male,4,3,Fashion,1,Single,6,0,15,0,1,12,137.45,0
55118,7,Computer,1,9,UPI,Male,3,4,Mobile Phone,2,Divorced,4,0,16,2,4,9,156.95,0
55119,17,Mobile Phone,2,8,COD,Male,3,4,Laptop & Accessory,5,Single,4,1,23,0,3,32,175.48,1
55120,3,Computer,1,24,Debit Card,Male,2,2,Laptop & Accessory,2,Married,1,1,15,1,2,5,119.65,0
55121,4,Computer,1,10,E Wallet,Male,2,3,Fashion,2,Married,4,0,12,1,2,23,152.42,0
55122,31,Mobile Phone,3,7,Debit Card,Male,3,4,Laptop & Accessory,2,Divorced,3,0,11,1,5,8,210.51,0
55123,0,Mobile Phone,3,15,Credit Card,Female,3,3,Mobile Phone,3,Married,1,1,22,1,5,5,138.53,1
55124,7,Computer,3,19,E Wallet,Male,2,4,Laptop & Accessory,3,Divorced,3,0,23,2,6,6,176.42,1
55125,29,Mobile Phone,2,8,Credit Card,Female,2,3,Laptop & Accessory,3,Single,1,0,13,1,5,4,192.08,1
55126,11,Mobile Phone,3,13,Credit Card,Female,1,2,Mobile Phone,5,Single,3,1,22,1,3,2,156.25,1
55127,9,Computer,3,19,COD,Female,3,3,Fashion,1,Single,1,0,14,3,4,5,151.52,1
55128,3,Mobile Phone,2,19,UPI,Female,2,3,Mobile Phone,1,Single,1,1,19,1,2,4,106.7,1
55129,5,Computer,1,7,Credit Card,Male,1,3,Laptop & Accessory,3,Divorced,2,1,22,2,6,7,154.67,0
55130,22,Mobile Phone,1,16,Credit Card,Female,2,1,Mobile Phone,2,Divorced,2,1,20,1,4,10,220.18,0
55131,9,Mobile Phone,2,17,Debit Card,Male,4,2,Laptop & Accessory,4,Single,3,0,16,0,4,7,165.14,0
55132,8,Phone,3,15,Credit Card,Female,2,4,Mobile Phone,4,Married,7,1,14,3,5,8,154.05,1
55133,1,Phone,2,25,E Wallet,Male,3,3,Laptop & Accessory,4,Single,1,0,16,2,6,10,118.29,1
55134,0,Mobile Phone,2,14,E Wallet,Female,3,2,Laptop & Accessory,2,Single,2,0,12,1,2,5,129.64,0
55135,39,Computer,1,20,COD,Male,3,1,Mobile Phone,4,Married,3,0,12,3,7,7,213.15,0
55136,5,Mobile Phone,1,16,Debit Card,Male,3,2,Laptop & Accessory,3,Divorced,2,1,16,4,7,4,166.23,0
55137,11,Mobile Phone,2,18,COD,Female,3,2,Fashion,4,Married,3,0,20,1,4,7,149.8,0
55138,0,Mobile Phone,3,16,E Wallet,Male,1,6,Laptop & Accessory,5,Single,5,0,15,2,6,8,136.93,1
55139,13,Mobile Phone,1,15,Debit Card,Female,3,4,Laptop & Accessory,3,Married,2,1,14,0,1,9,158.7,1
55140,32,Computer,3,27,Credit Card,Male,2,1,Mobile Phone,3,Divorced,2,0,24,0,1,3,195.93,0
55141,10,Computer,1,12,Credit Card,Male,2,4,Mobile Phone,2,Married,2,0,24,3,4,7,167.61,1
55142,1,Phone,2,11,Credit Card,Female,4,3,Grocery,1,Married,4,1,19,1,3,19,148.21,1
55143,10,Computer,2,26,Debit Card,Male,3,2,Laptop & Accessory,4,Married,1,1,16,0,1,1,134.67,0
55144,17,Mobile Phone,3,12,Credit Card,Female,2,4,Mobile Phone,4,Married,3,0,16,0,4,7,195.72,0
55145,6,Computer,1,8,Debit Card,Male,3,1,Mobile Phone,3,Divorced,2,0,20,1,3,12,166.04,0
55146,25,Phone,1,15,COD,Female,5,4,Mobile Phone,4,Divorced,3,1,12,3,4,3,217.99,0
55147,12,Computer,1,8,UPI,Male,2,4,Fashion,2,Married,3,0,18,2,4,3,146.16,0
55148,27,Computer,3,6,Credit Card,Male,4,4,Fashion,1,Married,2,0,25,4,6,8,196.19,0
55149,11,Phone,1,15,Debit Card,Male,3,4,Fashion,1,Married,1,0,13,3,7,10,170.25,0
55150,1,Mobile Phone,1,19,Credit Card,Female,3,5,Laptop & Accessory,3,Married,1,0,16,2,3,6,122.33,0
55151,4,Computer,2,25,Credit Card,Female,5,4,Grocery,1,Married,4,0,24,1,3,6,160.79,1
55152,2,Computer,2,23,UPI,Male,2,3,Laptop & Accessory,4,Divorced,3,0,19,0,3,3,113.34,0
55153,28,Phone,3,9,Debit Card,Female,2,1,Laptop & Accessory,4,Married,4,0,26,5,6,2,214.38,0
55154,17,Mobile Phone,3,13,E Wallet,Male,2,2,Fashion,5,Divorced,6,0,20,2,3,2,183.85,0
55155,13,Mobile Phone,2,20,Credit Card,Male,4,4,Laptop & Accessory,4,Single,4,1,11,2,4,9,174.11,0
55156,4,Computer,3,14,Debit Card,Female,2,6,Mobile Phone,1,Divorced,6,0,23,5,9,10,158.0,1
55157,2,Mobile Phone,3,11,Debit Card,Male,2,4,Fashion,2,Divorced,1,0,21,0,4,10,154.83,0
55158,16,Computer,1,7,E Wallet,Male,3,3,Laptop & Accessory,3,Divorced,3,1,13,0,2,1,185.19,0
55159,7,Mobile Phone,3,15,Credit Card,Female,2,2,Laptop & Accessory,3,Single,2,1,18,2,4,23,145.3,1
55160,3,Mobile Phone,2,9,COD,Female,1,5,Fashion,5,Divorced,1,0,12,1,3,5,123.73,0
55161,11,Mobile Phone,2,18,UPI,Female,2,3,Mobile Phone,4,Married,2,0,16,2,5,6,149.75,0
55162,0,Mobile Phone,2,12,Credit Card,Female,4,3,Laptop & Accessory,2,Married,5,1,12,0,1,0,106.57,1
55163,4,Mobile Phone,2,12,E Wallet,Male,4,4,Mobile Phone,1,Married,3,1,18,3,4,8,130.39,1
55164,7,Mobile Phone,1,20,Debit Card,Female,3,5,Fashion,5,Single,4,0,14,6,7,4,176.79,0
55165,1,Mobile Phone,3,11,UPI,Female,2,3,Mobile Phone,3,Married,3,1,15,1,2,8,103.94,1
55166,50,Mobile Phone,3,11,Credit Card,Female,3,3,Laptop & Accessory,1,Single,2,0,11,2,6,15,277.24,0
55167,2,Mobile Phone,3,17,Credit Card,Female,2,2,Fashion,4,Married,3,0,21,3,5,23,125.05,0
55168,1,Mobile Phone,1,12,UPI,Male,4,5,Laptop & Accessory,3,Married,2,0,25,2,4,1,158.29,0
55169,2,Computer,3,14,Debit Card,Male,3,2,Fashion,5,Divorced,10,0,14,1,2,14,143.65,0
55170,17,Computer,1,29,Credit Card,Male,1,5,Laptop & Accessory,4,Married,4,0,19,1,4,15,186.29,1
55171,6,Mobile Phone,1,16,E Wallet,Female,2,2,Laptop & Accessory,3,Married,1,0,20,1,4,8,146.06,0
55172,10,Mobile Phone,1,14,Debit Card,Male,3,5,Mobile Phone,3,Married,10,0,17,1,3,12,174.53,0
55173,0,Computer,1,23,Debit Card,Male,4,3,Mobile Phone,3,Single,1,0,19,0,4,8,113.39,1
55174,0,Mobile Phone,2,7,Credit Card,Female,4,3,Laptop & Accessory,1,Married,4,1,15,1,5,17,146.77,0
55175,7,Phone,2,24,Credit Card,Female,2,1,Mobile Phone,5,Single,2,0,22,2,6,4,156.42,1
55176,20,Computer,3,6,Credit Card,Female,4,3,Mobile Phone,5,Single,3,1,23,2,4,19,186.55,1
55177,25,Mobile Phone,3,29,UPI,Female,1,3,Laptop & Accessory,2,Married,4,0,11,0,3,6,191.31,0
55178,1,Mobile Phone,3,8,Credit Card,Male,2,1,Fashion,4,Married,2,0,14,1,5,20,148.95,0
55179,9,Mobile Phone,2,15,Credit Card,Male,1,3,Laptop & Accessory,5,Divorced,1,0,16,1,5,11,150.54,1
55180,29,Mobile Phone,3,8,Debit Card,Female,1,4,Mobile Phone,1,Married,4,1,15,1,5,5,228.17,0
55181,5,Mobile Phone,3,22,Debit Card,Female,1,1,Laptop & Accessory,2,Married,1,1,24,1,5,0,133.42,1
55182,21,Mobile Phone,2,24,Credit Card,Female,2,3,Laptop & Accessory,3,Married,2,0,22,3,4,9,188.71,0
55183,1,Computer,3,23,Credit Card,Female,4,1,Mobile Phone,3,Single,1,0,21,1,5,9,144.26,0
55184,32,Mobile Phone,2,11,E Wallet,Male,2,4,Others,5,Married,4,1,18,4,7,7,222.9,0
55185,16,Mobile Phone,1,18,Credit Card,Male,3,2,Fashion,2,Single,5,0,11,1,2,3,151.5,0
55186,34,Computer,2,29,Debit Card,Female,3,1,Laptop & Accessory,3,Married,2,0,11,3,6,2,211.5,0
55187,13,Mobile Phone,2,14,E Wallet,Female,5,4,Fashion,4,Divorced,2,0,20,0,4,10,160.25,0
55188,5,Mobile Phone,3,14,Credit Card,Male,2,3,Laptop & Accessory,4,Married,1,0,20,1,3,2,125.59,0
55189,33,Mobile Phone,1,19,Debit Card,Male,2,1,Grocery,1,Divorced,1,1,23,3,5,16,241.19,1
55190,3,Computer,2,11,COD,Male,5,3,Mobile Phone,2,Married,2,0,16,2,6,5,144.75,0
55191,4,Phone,3,9,Credit Card,Female,3,4,Others,1,Single,5,0,12,0,2,5,146.86,1
55192,14,Mobile Phone,3,7,Debit Card,Female,2,3,Fashion,3,Married,3,1,14,2,5,24,177.85,1
55193,17,Mobile Phone,1,19,E Wallet,Male,2,2,Grocery,3,Single,1,0,12,2,5,4,205.51,1
55194,31,Mobile Phone,1,12,UPI,Male,1,3,Laptop & Accessory,4,Married,3,0,14,1,4,12,183.16,0
55195,2,Mobile Phone,2,17,E Wallet,Female,3,5,Grocery,5,Married,1,0,19,3,6,10,147.61,1
55196,19,Mobile Phone,2,14,Credit Card,Female,3,3,Laptop & Accessory,1,Divorced,2,0,11,2,6,13,180.82,0
55197,16,Computer,1,24,Credit Card,Female,3,3,Others,3,Married,6,0,12,4,7,5,186.46,1
55198,0,Phone,1,26,E Wallet,Male,4,4,Laptop & Accessory,3,Divorced,3,0,13,1,2,9,134.18,0
55199,5,Mobile Phone,3,16,E Wallet,Female,3,1,Fashion,5,Married,3,0,14,0,3,5,144.14,0
55200,3,Mobile Phone,3,29,Credit Card,Male,2,2,Mobile Phone,3,Single,4,1,18,1,4,5,153.77,0
55201,4,Computer,2,11,E Wallet,Female,2,2,Mobile Phone,2,Married,1,0,19,2,6,5,170.3,0
55202,48,Mobile Phone,2,10,Debit Card,Male,2,3,Mobile Phone,5,Married,1,1,21,2,3,7,242.63,0
55203,12,Mobile Phone,2,16,Debit Card,Female,2,3,Mobile Phone,5,Divorced,2,0,23,3,7,14,141.2,0
55204,15,Mobile Phone,1,18,COD,Female,5,4,Mobile Phone,1,Married,1,0,12,2,5,4,175.89,0
55205,45,Mobile Phone,2,26,COD,Female,2,3,Fashion,5,Married,1,0,13,0,4,9,268.97,0
55206,5,Mobile Phone,1,15,E Wallet,Female,3,2,Others,4,Married,2,1,16,3,6,9,157.26,0
55207,19,Computer,2,17,Credit Card,Female,2,2,Fashion,3,Married,3,0,12,2,4,13,189.11,0
55208,6,Computer,1,49,Debit Card,Female,2,4,Fashion,3,Married,1,0,13,2,5,2,146.41,0
55209,24,Mobile Phone,2,10,Credit Card,Male,3,1,Fashion,2,Married,8,1,20,4,6,6,175.2,0
55210,2,Mobile Phone,2,13,E Wallet,Male,3,3,Mobile Phone,2,Married,4,0,17,0,4,3,122.15,0
55211,35,Phone,1,18,Credit Card,Female,1,2,Grocery,2,Single,4,1,21,2,4,3,201.93,0
55212,2,Mobile Phone,1,33,E Wallet,Female,4,2,Mobile Phone,1,Single,5,0,26,0,1,13,126.96,0
55213,4,Computer,1,12,E Wallet,Male,3,1,Laptop & Accessory,4,Divorced,3,0,14,0,4,6,153.36,0
55214,16,Mobile Phone,2,8,E Wallet,Male,2,5,Mobile Phone,1,Divorced,2,0,23,0,3,2,172.97,0
55215,6,Mobile Phone,1,29,COD,Male,4,1,Fashion,1,Married,3,0,24,2,5,2,127.13,0
55216,11,Mobile Phone,1,12,UPI,Male,2,2,Laptop & Accessory,2,Single,1,0,15,1,2,8,153.04,0
55217,7,Computer,2,10,E Wallet,Female,3,3,Grocery,4,Married,2,0,25,2,5,5,179.02,0
55218,16,Mobile Phone,3,13,Debit Card,Female,3,3,Mobile Phone,1,Single,4,0,22,2,6,1,191.29,1
55219,3,Mobile Phone,1,11,COD,Male,4,5,Fashion,2,Married,3,0,22,0,3,7,115.7,1
55220,0,Mobile Phone,2,18,Debit Card,Male,2,2,Laptop & Accessory,5,Single,1,0,15,1,5,5,144.45,0
55221,4,Computer,3,21,Credit Card,Female,4,4,Mobile Phone,2,Single,5,0,26,2,6,4,173.67,1
55222,7,Phone,3,15,UPI,Female,3,3,Laptop & Accessory,4,Single,4,0,23,0,1,7,132.9,0
55223,2,Phone,1,14,Debit Card,Male,4,3,Laptop & Accessory,5,Divorced,3,1,24,3,5,3,120.28,0
55224,5,Phone,3,23,E Wallet,Male,5,2,Fashion,1,Single,7,1,14,1,5,10,152.27,0
55225,6,Mobile Phone,2,11,Credit Card,Female,4,2,Mobile Phone,3,Single,6,0,16,2,3,11,146.54,1
55226,0,Mobile Phone,3,11,E Wallet,Female,2,2,Grocery,3,Single,1,0,22,3,6,16,126.32,0
55227,10,Mobile Phone,2,15,COD,Male,3,2,Mobile Phone,4,Married,4,0,13,1,5,9,163.57,0
55228,25,Mobile Phone,3,9,UPI,Female,4,2,Fashion,5,Single,6,0,23,5,7,7,194.47,0
55229,1,Computer,3,8,Debit Card,Male,3,6,Laptop & Accessory,1,Married,5,0,19,3,6,14,155.53,0
55230,10,Computer,2,12,Debit Card,Female,3,3,Laptop & Accessory,3,Married,5,0,26,5,7,8,166.07,0
55231,13,Mobile Phone,3,13,COD,Male,2,3,Mobile Phone,3,Married,5,0,17,3,7,6,147.65,0
55232,6,Computer,1,24,Credit Card,Female,4,3,Mobile Phone,5,Married,9,0,24,4,6,13,133.24,0
55233,14,Phone,1,14,Debit Card,Male,4,2,Laptop & Accessory,4,Married,2,0,15,3,6,3,172.39,0
55234,6,Mobile Phone,2,12,E Wallet,Female,4,3,Grocery,5,Single,1,1,16,1,3,7,134.15,1
55235,8,Mobile Phone,3,9,Debit Card,Male,3,1,Laptop & Accessory,1,Married,1,0,17,1,5,14,142.43,1
55236,0,Mobile Phone,2,22,Debit Card,Male,4,5,Mobile Phone,1,Single,5,1,23,3,4,4,130.48,1
55237,14,Mobile Phone,2,12,E Wallet,Male,2,3,Mobile Phone,5,Married,3,1,16,1,5,13,160.71,0
55238,12,Computer,2,10,Credit Card,Female,4,1,Others,2,Divorced,2,0,16,0,1,5,133.27,1
55239,0,Mobile Phone,1,14,Credit Card,Male,5,3,Mobile Phone,4,Single,4,0,11,2,3,4,114.23,0
55240,5,Mobile Phone,1,23,E Wallet,Female,4,2,Laptop & Accessory,2,Married,1,1,11,1,3,2,137.71,1
55241,46,Phone,3,18,UPI,Male,3,4,Others,3,Married,1,0,16,0,3,18,252.27,0
55242,6,Mobile Phone,3,19,E Wallet,Female,4,5,Laptop & Accessory,5,Divorced,2,0,19,3,4,17,129.22,0
55243,8,Mobile Phone,1,11,Credit Card,Male,1,5,Others,4,Divorced,2,0,20,1,5,3,128.61,0
55244,28,Phone,2,20,E Wallet,Male,1,3,Fashion,3,Married,2,1,23,1,5,8,223.55,0
55245,15,Mobile Phone,1,21,E Wallet,Female,5,4,Laptop & Accessory,5,Single,1,1,21,3,5,12,153.54,0
55246,10,Mobile Phone,1,19,E Wallet,Female,3,2,Laptop & Accessory,1,Divorced,1,0,19,1,4,9,147.9,0
55247,19,Computer,1,22,Credit Card,Male,2,1,Fashion,3,Married,3,0,12,0,1,9,189.9,0
55248,23,Mobile Phone,2,34,Debit Card,Female,2,4,Laptop & Accessory,3,Divorced,1,1,11,3,6,2,218.45,0
55249,7,Computer,1,26,E Wallet,Male,3,3,Fashion,1,Divorced,4,0,17,3,7,13,160.05,0
55250,7,Mobile Phone,1,10,Debit Card,Female,4,5,Mobile Phone,1,Married,1,0,15,3,7,2,154.2,0
55251,5,Mobile Phone,3,11,Credit Card,Male,2,5,Grocery,3,Single,4,0,26,4,8,6,145.99,1
55252,40,Mobile Phone,3,22,Debit Card,Male,3,2,Laptop & Accessory,4,Married,1,0,15,1,3,12,240.8,0
55253,14,Mobile Phone,1,17,Credit Card,Male,4,2,Laptop & Accessory,5,Single,8,0,26,3,6,11,192.22,0
55254,1,Computer,2,30,Credit Card,Male,5,3,Mobile Phone,2,Married,2,0,20,1,2,4,104.22,0
55255,23,Computer,1,25,UPI,Male,3,3,Grocery,2,Married,2,0,12,4,5,7,168.96,0
55256,7,Phone,3,12,E Wallet,Female,3,1,Laptop & Accessory,3,Married,2,1,23,0,4,21,149.6,0
55257,0,Computer,2,9,Debit Card,Female,3,3,Grocery,4,Single,2,0,19,1,4,5,138.72,0
55258,9,Mobile Phone,3,22,UPI,Female,3,1,Laptop & Accessory,3,Divorced,1,0,14,0,1,15,169.52,0
55259,6,Computer,1,11,Credit Card,Female,1,3,Laptop & Accessory,3,Married,5,0,13,1,2,5,153.82,0
55260,25,Computer,2,13,Debit Card,Female,2,1,Laptop & Accessory,2,Married,3,0,21,2,3,15,166.39,0
55261,2,Computer,2,11,Credit Card,Male,3,3,Fashion,4,Single,1,0,14,2,3,3,115.0,0
55262,21,Computer,1,15,Debit Card,Female,2,2,Mobile Phone,3,Married,5,0,13,2,6,8,182.05,0
55263,9,Computer,1,20,Credit Card,Female,2,3,Grocery,3,Married,5,1,25,1,2,11,128.52,0
55264,0,Mobile Phone,2,14,UPI,Male,5,5,Mobile Phone,4,Married,6,0,17,0,3,4,108.2,0
55265,42,Computer,3,16,E Wallet,Male,1,2,Grocery,1,Divorced,1,0,16,2,5,9,228.73,0
55266,8,Mobile Phone,1,14,Credit Card,Female,2,4,Laptop & Accessory,3,Married,3,0,19,1,5,5,169.89,0
55267,4,Mobile Phone,2,22,Debit Card,Female,3,3,Others,5,Married,3,0,15,2,6,10,149.48,0
55268,7,Computer,1,24,Debit Card,Female,2,4,Fashion,1,Married,5,1,25,4,6,7,160.97,0
55269,23,Mobile Phone,1,23,COD,Female,3,2,Mobile Phone,1,Married,3,1,23,3,7,5,176.21,1
55270,4,Mobile Phone,2,29,Credit Card,Male,2,1,Fashion,2,Married,3,0,18,2,4,7,153.5,0
55271,2,Mobile Phone,1,9,E Wallet,Male,3,5,Others,1,Married,4,0,17,1,5,7,146.3,0
55272,1,Computer,2,25,Credit Card,Male,4,3,Mobile Phone,5,Married,3,1,19,2,3,0,136.83,1
55273,4,Mobile Phone,1,12,Debit Card,Male,3,2,Laptop & Accessory,5,Married,2,0,13,1,4,2,137.16,0
55274,18,Computer,2,13,COD,Male,1,5,Laptop & Accessory,3,Married,3,1,12,3,4,5,169.38,0
55275,7,Mobile Phone,2,7,Debit Card,Male,4,2,Others,4,Divorced,3,0,15,4,6,12,152.05,0
55276,3,Mobile Phone,3,19,E Wallet,Female,2,3,Mobile Phone,2,Married,3,1,21,4,7,4,140.09,1
55277,2,Mobile Phone,1,9,UPI,Female,3,4,Grocery,3,Single,1,0,17,1,2,7,139.18,1
55278,4,Computer,3,19,E Wallet,Male,3,4,Laptop & Accessory,3,Single,5,0,26,1,5,11,139.77,1
55279,33,Mobile Phone,1,10,UPI,Male,4,1,Mobile Phone,2,Single,1,1,23,0,2,5,195.67,0
55280,5,Phone,2,18,E Wallet,Male,3,2,Fashion,3,Single,1,0,14,2,3,6,129.65,0
55281,53,Phone,2,24,Credit Card,Male,2,4,Others,4,Divorced,1,1,15,1,3,6,269.52,0
55282,7,Computer,1,18,UPI,Female,3,3,Fashion,5,Married,1,0,18,1,4,0,116.27,0
55283,2,Phone,2,14,COD,Female,3,3,Laptop & Accessory,2,Single,5,0,12,1,3,14,132.7,0
55284,26,Mobile Phone,1,16,Credit Card,Male,4,3,Fashion,5,Married,4,0,19,6,9,3,190.28,0
55285,7,Mobile Phone,1,9,Credit Card,Male,2,4,Fashion,3,Married,2,0,17,3,5,7,151.43,1
55286,14,Computer,1,13,Credit Card,Female,4,2,Laptop & Accessory,3,Single,2,0,23,1,4,9,162.09,0
55287,49,Computer,3,17,Debit Card,Female,2,2,Fashion,1,Married,2,1,24,4,6,13,257.11,0
55288,0,Computer,3,8,Debit Card,Female,3,6,Others,4,Married,3,0,22,4,5,22,147.9,0
55289,1,Computer,1,7,Debit Card,Female,2,2,Laptop & Accessory,2,Single,2,1,15,2,3,0,109.85,0
55290,15,Phone,2,20,UPI,Female,3,6,Others,3,Married,6,0,22,0,2,15,166.73,1
55291,3,Mobile Phone,1,13,Credit Card,Female,4,5,Laptop & Accessory,1,Married,1,0,11,2,4,44,141.17,0
55292,2,Computer,1,16,UPI,Female,3,4,Fashion,2,Married,7,0,11,5,8,6,152.85,0
55293,0,Computer,3,20,E Wallet,Male,3,3,Laptop & Accessory,3,Single,3,0,23,1,4,8,156.65,0
55294,0,Computer,2,16,Credit Card,Female,3,1,Fashion,3,Married,7,0,20,1,3,30,100.45,0
55295,17,Mobile Phone,1,20,Debit Card,Male,3,3,Mobile Phone,3,Divorced,4,0,11,1,4,11,180.53,0
55296,1,Computer,1,11,Credit Card,Male,3,4,Laptop & Accessory,3,Divorced,1,0,11,3,6,3,167.43,0
55297,7,Phone,3,16,COD,Female,4,4,Mobile Phone,5,Divorced,4,0,11,4,7,10,154.57,0
55298,11,Mobile Phone,1,7,UPI,Female,2,2,Mobile Phone,1,Married,7,0,13,2,4,9,155.09,0
55299,6,Computer,1,15,E Wallet,Female,2,3,Laptop & Accessory,2,Single,3,1,13,2,3,12,167.33,1
55300,0,Mobile Phone,2,9,E Wallet,Female,5,3,Fashion,2,Married,5,0,25,2,6,7,153.65,0
55301,18,Phone,2,33,Credit Card,Female,4,3,Fashion,3,Married,9,0,14,1,5,8,195.34,0
55302,0,Mobile Phone,2,13,Debit Card,Female,3,4,Laptop & Accessory,4,Divorced,2,1,15,2,5,1,132.75,0
55303,17,Mobile Phone,3,10,Debit Card,Female,1,3,Others,3,Married,2,0,13,1,4,8,186.93,0
55304,26,Mobile Phone,1,13,Credit Card,Male,4,2,Laptop & Accessory,4,Divorced,2,0,20,3,4,12,186.41,0
55305,6,Computer,3,13,Credit Card,Male,4,1,Laptop & Accessory,3,Single,6,0,17,4,5,46,131.72,1
55306,9,Mobile Phone,1,8,E Wallet,Male,5,2,Mobile Phone,4,Married,3,0,19,1,4,14,134.66,0
55307,7,Computer,2,23,Credit Card,Male,1,1,Laptop & Accessory,1,Married,4,0,16,2,4,7,144.35,0
55308,5,Phone,3,24,Debit Card,Male,1,3,Laptop & Accessory,3,Married,1,1,15,0,1,3,140.32,1
55309,26,Computer,2,33,E Wallet,Male,3,2,Grocery,1,Single,2,1,18,0,4,15,194.71,0
55310,26,Mobile Phone,3,25,E Wallet,Male,4,1,Mobile Phone,2,Married,3,0,14,1,4,6,181.46,0
55311,4,Phone,3,23,Debit Card,Female,5,1,Mobile Phone,1,Single,4,0,11,2,4,2,158.26,1
55312,11,Computer,1,18,COD,Male,2,3,Fashion,3,Divorced,4,0,18,1,2,6,136.63,1
55313,31,Mobile Phone,3,18,Credit Card,Female,1,5,Fashion,2,Married,4,0,17,0,2,6,188.31,1
55314,39,Mobile Phone,3,15,E Wallet,Female,2,6,Fashion,1,Divorced,3,1,19,1,3,6,216.75,0
55315,8,Mobile Phone,2,17,COD,Female,4,1,Mobile Phone,4,Married,1,0,20,2,6,4,156.8,0
55316,7,Computer,1,17,Debit Card,Female,3,4,Fashion,1,Single,3,0,16,1,4,4,147.55,1
55317,3,Mobile Phone,1,17,UPI,Male,4,3,Others,3,Married,5,0,15,1,3,6,125.22,0
55318,38,Mobile Phone,1,23,E Wallet,Male,3,3,Laptop & Accessory,5,Married,1,1,12,2,4,13,225.29,0
55319,1,Computer,1,11,Debit Card,Male,1,3,Fashion,4,Divorced,2,0,14,0,2,10,119.77,0
55320,10,Computer,2,18,E Wallet,Female,3,5,Grocery,3,Single,2,0,24,2,3,6,149.43,1
55321,3,Computer,1,13,UPI,Male,3,3,Others,1,Single,1,0,14,1,5,17,158.62,1
55322,3,Computer,1,19,E Wallet,Male,3,2,Laptop & Accessory,4,Single,2,1,16,0,3,0,125.94,0
55323,6,Mobile Phone,2,27,E Wallet,Female,4,4,Others,2,Single,2,0,25,4,6,1,135.05,1
55324,61,Computer,2,18,Debit Card,Male,3,3,Fashion,2,Married,5,0,11,0,2,4,269.02,0
55325,0,Mobile Phone,2,28,Debit Card,Female,4,2,Fashion,5,Married,9,0,17,1,5,5,136.04,0
55326,10,Computer,3,25,Credit Card,Female,1,3,Laptop & Accessory,1,Married,1,0,14,2,5,7,193.75,0
55327,1,Computer,1,22,Credit Card,Male,3,3,Fashion,4,Divorced,2,0,17,4,8,6,125.29,0
55328,2,Mobile Phone,1,21,COD,Male,3,2,Mobile Phone,3,Married,6,0,17,1,4,7,144.78,0
55329,6,Phone,1,11,Credit Card,Female,2,5,Fashion,4,Married,5,1,23,1,5,5,165.78,0
55330,8,Mobile Phone,2,17,Credit Card,Male,2,4,Fashion,3,Divorced,7,1,11,1,4,3,169.1,1
55331,3,Mobile Phone,1,26,Debit Card,Male,3,3,Laptop & Accessory,5,Single,5,1,18,0,3,22,130.06,1
55332,4,Phone,3,35,Debit Card,Female,2,1,Laptop & Accessory,3,Married,3,0,23,2,6,6,143.82,1
55333,1,Computer,1,9,Debit Card,Male,2,3,Mobile Phone,2,Married,3,1,13,4,7,9,136.78,0
55334,4,Computer,3,8,Credit Card,Male,2,3,Fashion,5,Married,2,1,12,2,3,0,152.07,1
55335,40,Mobile Phone,2,10,Debit Card,Female,4,4,Fashion,3,Married,1,0,16,2,3,3,230.88,0
55336,34,Computer,2,15,UPI,Male,4,2,Fashion,5,Married,3,0,18,0,2,1,227.39,0
55337,4,Mobile Phone,3,37,Credit Card,Female,4,3,Grocery,4,Married,5,1,15,4,6,3,144.73,0
55338,10,Mobile Phone,3,15,UPI,Male,2,3,Fashion,3,Married,1,1,11,1,3,22,145.57,1
55339,28,Mobile Phone,2,13,Credit Card,Male,1,3,Mobile Phone,3,Married,2,0,15,0,3,3,175.93,0
55340,0,Mobile Phone,3,9,Credit Card,Male,1,2,Mobile Phone,2,Married,1,0,17,1,4,18,164.04,1
55341,19,Computer,2,15,Credit Card,Female,3,3,Fashion,3,Married,1,0,24,2,4,23,158.7,0
55342,35,Mobile Phone,3,43,COD,Male,3,3,Grocery,3,Married,1,1,22,3,5,7,200.65,1
55343,1,Mobile Phone,1,11,E Wallet,Male,2,5,Grocery,2,Married,3,0,22,2,5,4,104.95,0
55344,2,Mobile Phone,3,12,Credit Card,Male,3,3,Mobile Phone,4,Divorced,5,1,11,1,4,4,141.72,0
55345,38,Computer,1,22,E Wallet,Male,2,3,Fashion,2,Single,1,0,23,0,2,7,212.03,0
55346,9,Computer,1,27,Debit Card,Female,2,3,Fashion,4,Single,2,0,13,1,3,6,178.61,0
55347,0,Mobile Phone,2,12,E Wallet,Female,3,2,Fashion,5,Single,5,0,17,2,6,1,123.94,0
55348,3,Computer,1,16,COD,Female,3,2,Laptop & Accessory,5,Single,6,1,22,1,4,21,138.13,1
55349,7,Mobile Phone,1,21,Debit Card,Male,1,4,Grocery,5,Married,1,0,12,5,9,2,145.73,0
55350,14,Computer,1,16,E Wallet,Male,4,3,Mobile Phone,5,Single,4,0,24,0,4,3,178.8,0
55351,15,Mobile Phone,2,20,Credit Card,Male,2,4,Others,4,Married,4,0,23,2,3,13,136.53,1
55352,61,Mobile Phone,3,23,UPI,Female,4,5,Fashion,4,Married,7,0,18,1,2,6,267.14,0
55353,4,Computer,2,15,Debit Card,Male,3,2,Mobile Phone,2,Single,1,0,16,4,5,21,119.26,1
55354,9,Phone,3,13,Debit Card,Male,3,2,Laptop & Accessory,1,Single,5,0,15,0,4,8,154.33,0
55355,9,Mobile Phone,2,9,Debit Card,Female,3,2,Mobile Phone,3,Single,3,0,15,1,2,13,129.12,1
55356,6,Computer,1,9,Debit Card,Male,4,1,Laptop & Accessory,4,Divorced,1,0,23,0,1,3,131.18,0
55357,2,Computer,1,9,E Wallet,Male,2,4,Others,3,Divorced,2,0,26,2,3,14,128.27,1
55358,45,Phone,2,23,Debit Card,Male,3,2,Fashion,5,Married,3,0,20,1,3,11,236.73,0
55359,23,Mobile Phone,1,28,E Wallet,Female,2,4,Grocery,2,Married,1,1,23,4,7,7,179.76,0
55360,8,Mobile Phone,1,9,UPI,Female,4,3,Laptop & Accessory,2,Married,4,0,25,2,3,2,141.91,0
55361,11,Computer,2,21,Debit Card,Male,2,2,Laptop & Accessory,5,Married,5,0,19,1,3,2,132.41,0
55362,3,Mobile Phone,2,9,Debit Card,Male,3,3,Mobile Phone,3,Married,3,0,19,3,7,3,138.6,0
55363,9,Mobile Phone,1,7,COD,Male,3,3,Others,1,Single,4,1,15,0,3,2,142.86,1
55364,14,Mobile Phone,3,34,E Wallet,Female,3,4,Laptop & Accessory,2,Married,3,1,14,2,6,4,172.18,0
55365,8,Computer,3,10,Debit Card,Male,2,2,Fashion,3,Divorced,1,1,14,3,7,6,154.75,0
55366,55,Mobile Phone,3,15,Credit Card,Female,2,6,Laptop & Accessory,2,Married,2,0,26,2,3,10,261.23,0
55367,11,Computer,3,7,COD,Male,2,3,Laptop & Accessory,3,Married,5,1,25,1,4,4,166.89,0
55368,5,Mobile Phone,1,22,Debit Card,Female,5,4,Fashion,4,Divorced,4,0,18,0,3,7,137.47,1
55369,17,Mobile Phone,2,14,E Wallet,Female,2,1,Laptop & Accessory,3,Married,2,0,15,4,8,9,167.99,0
55370,2,Mobile Phone,3,16,Debit Card,Female,5,4,Laptop & Accessory,3,Married,3,0,17,2,5,3,136.04,0
55371,5,Mobile Phone,2,16,Credit Card,Female,3,3,Laptop & Accessory,2,Single,6,0,15,2,4,6,155.48,0
55372,5,Computer,3,10,UPI,Male,1,3,Fashion,1,Single,8,0,23,2,6,6,163.93,1
55373,6,Computer,2,11,Debit Card,Female,1,3,Mobile Phone,3,Married,5,1,25,5,6,4,149.3,1
55374,18,Mobile Phone,2,9,Credit Card,Female,3,3,Mobile Phone,2,Married,2,1,15,2,6,9,215.8,1
55375,7,Mobile Phone,1,18,Credit Card,Male,3,5,Mobile Phone,3,Married,1,1,13,2,6,12,142.8,1
55376,18,Computer,3,16,E Wallet,Male,3,3,Laptop & Accessory,3,Single,5,1,19,0,3,2,173.86,0
55377,10,Computer,3,15,Debit Card,Male,1,2,Laptop & Accessory,1,Married,4,1,14,2,4,10,132.19,1
55378,5,Computer,3,21,Credit Card,Female,2,4,Laptop & Accessory,2,Married,5,0,17,2,3,3,123.19,0
55379,19,Computer,2,18,Credit Card,Female,2,3,Fashion,5,Single,1,0,25,5,6,10,211.43,0
55380,3,Mobile Phone,1,14,Debit Card,Female,3,3,Grocery,3,Single,3,1,18,1,3,7,139.86,0
55381,3,Computer,1,21,Credit Card,Female,3,4,Laptop & Accessory,4,Single,5,0,26,2,4,15,152.16,0
55382,8,Mobile Phone,3,12,COD,Male,3,3,Laptop & Accessory,3,Married,1,0,19,4,7,2,159.61,0
55383,3,Mobile Phone,1,8,Debit Card,Male,2,3,Laptop & Accessory,4,Single,6,0,15,3,5,6,144.48,0
55384,0,Computer,1,13,Credit Card,Female,3,5,Others,3,Single,4,0,17,2,6,9,163.4,1
55385,12,Phone,2,11,Debit Card,Female,1,1,Laptop & Accessory,1,Single,2,0,17,5,9,2,192.63,0
55386,8,Computer,2,25,Debit Card,Male,5,2,Fashion,3,Single,4,1,24,4,5,17,117.47,1
55387,7,Mobile Phone,2,21,Debit Card,Female,3,4,Laptop & Accessory,3,Married,4,0,14,2,4,1,176.89,0
55388,40,Mobile Phone,2,10,Credit Card,Male,2,4,Fashion,2,Married,3,1,11,3,7,3,241.01,0
55389,10,Mobile Phone,2,10,Debit Card,Female,3,2,Laptop & Accessory,4,Married,4,0,17,6,10,3,180.44,1
55390,23,Computer,3,12,E Wallet,Female,4,2,Grocery,1,Divorced,1,0,11,3,4,5,206.77,1
55391,1,Mobile Phone,1,15,COD,Male,4,4,Laptop & Accessory,2,Single,3,0,20,3,4,1,103.78,0
55392,10,Computer,1,15,Debit Card,Female,2,3,Mobile Phone,4,Married,2,1,26,1,2,9,153.07,0
55393,24,Mobile Phone,2,12,E Wallet,Male,5,4,Fashion,2,Single,1,0,26,4,6,17,212.07,0
55394,10,Computer,3,17,Debit Card,Female,1,5,Fashion,3,Married,4,1,18,1,2,6,144.23,0
55395,15,Phone,1,11,Debit Card,Female,2,1,Others,4,Single,3,0,16,2,4,2,160.93,0
55396,5,Mobile Phone,1,30,Debit Card,Female,2,5,Fashion,2,Married,10,1,22,4,8,4,160.98,1
55397,1,Mobile Phone,2,14,Credit Card,Female,2,4,Laptop & Accessory,3,Single,5,1,21,0,4,8,144.39,0
55398,7,Computer,2,21,Debit Card,Female,1,4,Fashion,5,Married,2,0,16,4,7,3,157.77,0
55399,6,Mobile Phone,3,22,E Wallet,Male,3,3,Mobile Phone,3,Single,4,0,12,1,4,10,130.83,1
55400,24,Computer,3,15,Debit Card,Male,1,2,Laptop & Accessory,1,Married,1,1,19,3,6,7,218.08,0
55401,3,Computer,2,12,Credit Card,Female,3,3,Laptop & Accessory,2,Single,3,0,14,2,4,2,158.61,0
55402,40,Mobile Phone,2,8,E Wallet,Female,2,3,Grocery,4,Divorced,2,0,14,2,3,5,234.23,0
55403,38,Computer,1,11,Debit Card,Male,2,5,Fashion,3,Single,3,1,19,2,5,9,218.41,0
55404,3,Mobile Phone,2,14,Credit Card,Male,2,3,Laptop & Accessory,1,Married,5,0,13,0,3,4,169.43,0
55405,5,Phone,3,11,Debit Card,Male,3,1,Fashion,3,Married,3,0,13,0,2,2,160.39,0
55406,27,Mobile Phone,1,13,Debit Card,Male,3,3,Fashion,4,Single,5,0,11,0,1,4,181.61,0
55407,40,Computer,1,32,UPI,Male,3,1,Laptop & Accessory,4,Single,4,0,23,1,3,0,199.72,0
55408,7,Mobile Phone,3,13,Credit Card,Female,4,5,Mobile Phone,3,Married,2,0,18,5,6,17,155.19,0
55409,4,Mobile Phone,2,18,UPI,Female,2,3,Others,4,Married,3,0,16,0,4,8,134.12,0
55410,8,Mobile Phone,2,22,Debit Card,Male,3,5,Fashion,3,Married,5,1,19,1,2,2,126.84,1
55411,13,Computer,1,30,Credit Card,Female,2,1,Mobile Phone,3,Divorced,4,0,23,1,2,10,164.63,0
55412,3,Computer,2,19,Debit Card,Male,3,3,Laptop & Accessory,3,Single,5,1,18,0,4,5,147.26,0
55413,16,Computer,3,6,Credit Card,Male,2,2,Laptop & Accessory,2,Single,2,0,16,1,3,11,175.29,0
55414,0,Mobile Phone,1,17,Credit Card,Male,3,3,Laptop & Accessory,4,Married,4,1,21,1,4,2,133.36,1
55415,0,Computer,2,10,Debit Card,Male,4,3,Mobile Phone,4,Single,2,0,24,1,3,5,101.94,0
55416,5,Computer,1,12,Credit Card,Female,3,3,Grocery,5,Married,7,0,20,2,5,13,165.17,0
55417,5,Mobile Phone,2,15,Debit Card,Female,4,3,Laptop & Accessory,2,Married,3,1,26,2,4,5,138.13,0
55418,4,Mobile Phone,3,22,UPI,Male,3,1,Laptop & Accessory,3,Married,5,0,21,0,1,4,145.08,1
55419,8,Mobile Phone,2,15,Credit Card,Female,4,2,Laptop & Accessory,2,Divorced,4,0,12,3,5,9,135.65,0
55420,4,Mobile Phone,3,10,E Wallet,Female,4,4,Mobile Phone,5,Married,6,0,22,0,2,3,153.03,1
55421,2,Mobile Phone,3,23,UPI,Male,3,4,Laptop & Accessory,2,Married,3,0,14,4,8,10,149.65,1
55422,4,Computer,3,10,Debit Card,Male,4,4,Fashion,4,Single,2,1,14,1,4,7,125.47,1
55423,44,Mobile Phone,3,6,Credit Card,Female,3,2,Laptop & Accessory,4,Single,4,0,15,3,5,4,231.05,1
55424,6,Computer,1,12,Debit Card,Female,3,1,Mobile Phone,3,Single,2,0,17,5,9,2,149.51,0
55425,7,Phone,3,11,Debit Card,Female,1,1,Laptop & Accessory,2,Married,5,0,18,4,7,9,134.49,0
55426,10,Computer,1,16,Debit Card,Male,5,3,Fashion,1,Married,1,0,24,2,4,2,132.34,0
55427,49,Computer,1,22,Credit Card,Male,4,3,Mobile Phone,5,Single,2,1,24,3,6,4,250.84,0
55428,3,Mobile Phone,1,10,Credit Card,Male,4,2,Laptop & Accessory,4,Married,4,0,13,0,3,9,144.87,0
55429,13,Computer,1,16,Debit Card,Male,2,2,Mobile Phone,4,Divorced,2,0,23,0,4,14,165.37,0
55430,15,Mobile Phone,2,27,Debit Card,Male,2,3,Others,3,Single,1,1,11,1,2,7,167.66,1
55431,11,Computer,2,10,Debit Card,Male,3,3,Fashion,2,Married,10,0,12,2,4,31,173.12,1
55432,1,Phone,1,16,Debit Card,Female,4,4,Grocery,2,Married,3,1,23,0,2,6,125.62,1
55433,13,Computer,2,37,E Wallet,Female,4,3,Grocery,2,Single,3,0,17,1,5,8,182.03,0
55434,0,Computer,2,18,E Wallet,Male,2,1,Mobile Phone,3,Married,2,0,19,3,4,10,147.85,0
55435,10,Mobile Phone,3,14,Credit Card,Male,3,3,Fashion,1,Divorced,1,0,14,2,3,7,172.02,0
55436,16,Mobile Phone,1,19,E Wallet,Male,3,1,Others,4,Married,2,0,11,3,5,5,173.74,0
55437,2,Computer,1,22,Credit Card,Female,3,3,Grocery,2,Single,2,0,16,2,3,10,112.87,0
55438,22,Mobile Phone,1,16,Credit Card,Male,2,3,Fashion,3,Single,3,1,21,2,6,1,177.14,0
55439,0,Computer,1,32,Debit Card,Male,1,2,Grocery,1,Married,6,0,19,1,3,9,126.36,0
55440,22,Mobile Phone,2,13,Debit Card,Male,1,3,Fashion,4,Married,1,0,23,3,7,12,194.11,0
55441,7,Computer,2,11,E Wallet,Male,2,3,Mobile Phone,3,Married,8,0,14,2,3,15,135.23,0
55442,2,Mobile Phone,1,18,COD,Male,4,4,Laptop & Accessory,5,Married,3,0,24,3,4,15,143.08,0
55443,1,Mobile Phone,1,14,E Wallet,Female,3,2,Fashion,2,Married,3,1,25,2,3,2,122.61,0
55444,36,Computer,1,25,Debit Card,Female,3,2,Others,5,Single,1,0,18,0,1,13,224.64,0
55445,0,Mobile Phone,3,23,Debit Card,Male,4,4,Others,5,Single,5,0,24,0,4,10,114.89,0
55446,2,Mobile Phone,1,17,Credit Card,Female,3,2,Laptop & Accessory,2,Married,5,1,15,2,6,3,138.42,1
55447,5,Mobile Phone,3,19,E Wallet,Male,3,1,Fashion,5,Married,4,0,12,1,5,21,158.63,0
55448,11,Mobile Phone,3,13,Debit Card,Female,2,3,Fashion,2,Divorced,1,1,19,3,5,8,175.24,0
55449,9,Mobile Phone,1,17,E Wallet,Male,2,4,Mobile Phone,2,Single,2,0,20,2,3,4,147.36,0
55450,1,Mobile Phone,3,7,Credit Card,Male,4,3,Fashion,5,Divorced,7,1,13,4,6,2,147.59,0
55451,4,Computer,3,27,E Wallet,Male,4,3,Mobile Phone,4,Single,2,0,11,1,2,4,141.53,0
55452,3,Mobile Phone,2,18,Credit Card,Female,4,1,Others,3,Married,2,0,23,2,5,3,107.84,0
55453,2,Phone,2,19,E Wallet,Female,1,4,Laptop & Accessory,1,Married,1,0,23,0,4,15,139.22,1
55454,6,Mobile Phone,2,15,Debit Card,Male,2,2,Laptop & Accessory,3,Married,1,1,26,0,1,3,121.02,0
55455,14,Mobile Phone,1,16,E Wallet,Female,3,4,Fashion,4,Married,2,1,20,1,5,6,182.03,0
55456,2,Mobile Phone,1,14,UPI,Male,2,3,Laptop & Accessory,3,Married,3,0,19,2,4,5,164.77,0
55457,5,Computer,3,19,UPI,Male,2,3,Laptop & Accessory,1,Single,5,0,24,5,8,17,168.87,0
55458,5,Mobile Phone,3,15,Debit Card,Male,3,3,Grocery,3,Single,6,0,17,1,3,4,176.76,0
55459,44,Computer,1,15,E Wallet,Female,3,2,Mobile Phone,4,Single,2,0,16,2,3,4,234.21,0
55460,37,Mobile Phone,3,6,COD,Male,3,2,Others,5,Married,5,1,11,1,2,3,213.0,0
55461,19,Mobile Phone,3,17,Credit Card,Male,5,3,Mobile Phone,5,Married,3,0,11,1,5,6,190.45,0
55462,3,Computer,1,19,Debit Card,Female,3,4,Fashion,4,Married,8,0,21,1,4,6,160.26,0
55463,0,Mobile Phone,2,21,UPI,Male,2,5,Laptop & Accessory,5,Married,6,0,16,3,4,16,158.36,0
55464,4,Mobile Phone,2,19,Debit Card,Female,5,3,Mobile Phone,2,Married,4,1,15,3,4,23,167.06,1
55465,3,Computer,3,7,Debit Card,Female,3,1,Laptop & Accessory,5,Single,1,0,20,1,5,5,154.01,0
55466,8,Computer,3,16,Credit Card,Female,3,5,Fashion,5,Single,6,0,14,2,6,18,179.31,0
55467,18,Computer,1,15,Debit Card,Female,2,3,Laptop & Accessory,3,Divorced,1,0,19,1,4,15,180.68,1
55468,23,Computer,2,12,Debit Card,Male,3,2,Fashion,3,Married,5,1,11,1,5,10,219.76,1
55469,22,Computer,3,23,Credit Card,Female,3,5,Mobile Phone,4,Single,3,0,16,4,6,15,169.39,0
55470,5,Computer,3,17,E Wallet,Female,4,2,Mobile Phone,3,Single,3,0,26,1,2,4,155.23,0
55471,13,Mobile Phone,1,24,COD,Female,4,3,Laptop & Accessory,4,Single,5,0,23,2,3,7,172.98,0
55472,4,Computer,2,8,E Wallet,Male,1,2,Laptop & Accessory,3,Married,4,0,25,4,7,14,133.14,0
55473,0,Computer,3,13,UPI,Male,2,4,Fashion,2,Divorced,1,0,20,3,4,14,129.32,1
55474,14,Mobile Phone,1,6,Credit Card,Female,1,5,Fashion,5,Married,2,0,26,2,6,12,181.1,0
55475,0,Mobile Phone,2,28,Credit Card,Female,3,6,Mobile Phone,5,Single,8,0,22,2,6,5,104.76,0
55476,6,Mobile Phone,3,24,Credit Card,Male,2,2,Laptop & Accessory,5,Married,2,1,25,0,3,9,119.6,0
55477,4,Computer,1,30,E Wallet,Female,1,4,Grocery,5,Married,5,0,25,0,4,4,121.09,0
55478,14,Mobile Phone,3,26,Credit Card,Female,4,3,Fashion,3,Divorced,4,0,12,1,2,4,142.38,0
55479,17,Phone,1,16,Debit Card,Female,1,4,Laptop & Accessory,3,Married,7,0,18,3,6,12,200.96,1
55480,4,Mobile Phone,1,13,Credit Card,Female,2,2,Laptop & Accessory,5,Divorced,7,1,23,1,4,13,130.58,0
55481,20,Computer,1,19,Credit Card,Male,4,3,Laptop & Accessory,1,Divorced,3,0,17,4,8,7,221.14,0
55482,4,Mobile Phone,1,13,Debit Card,Male,3,2,Grocery,2,Single,2,0,18,2,3,4,147.66,0
55483,7,Computer,1,20,UPI,Female,4,4,Mobile Phone,2,Married,2,0,17,3,5,6,141.6,0
55484,15,Computer,2,13,Credit Card,Male,3,4,Mobile Phone,2,Single,2,0,19,3,6,5,177.4,1
55485,14,Computer,1,22,E Wallet,Female,4,2,Fashion,3,Single,3,0,23,3,7,10,152.09,0
55486,52,Computer,3,10,Debit Card,Male,3,3,Fashion,3,Single,2,0,14,3,7,16,257.55,0
55487,3,Computer,2,22,Credit Card,Male,1,2,Fashion,3,Divorced,5,0,21,1,3,15,141.66,0
55488,13,Mobile Phone,2,9,COD,Male,3,1,Grocery,5,Married,2,0,12,4,7,2,191.39,0
55489,11,Mobile Phone,2,14,Debit Card,Male,3,3,Fashion,2,Single,10,0,18,2,3,4,134.94,0
55490,29,Computer,2,8,Credit Card,Male,3,4,Laptop & Accessory,4,Single,4,0,20,1,3,4,186.2,0
55491,2,Mobile Phone,2,14,Credit Card,Male,4,5,Laptop & Accessory,5,Single,2,0,11,3,6,3,138.6,0
55492,16,Mobile Phone,1,8,Credit Card,Female,2,3,Grocery,4,Single,3,1,26,2,6,5,209.05,0
55493,10,Computer,3,12,E Wallet,Male,3,4,Laptop & Accessory,1,Single,2,0,12,4,7,22,174.89,1
55494,3,Mobile Phone,2,18,Credit Card,Female,4,3,Fashion,1,Single,3,0,23,0,4,2,139.53,1
55495,7,Mobile Phone,1,13,E Wallet,Male,4,4,Laptop & Accessory,4,Single,3,1,15,1,3,7,137.22,0
55496,4,Computer,2,12,Credit Card,Female,3,4,Others,3,Single,4,1,21,2,4,10,138.98,0
55497,10,Mobile Phone,2,11,Debit Card,Female,2,2,Laptop & Accessory,3,Married,2,0,21,1,2,0,150.65,1
55498,26,Mobile Phone,1,10,COD,Male,4,3,Mobile Phone,5,Married,7,0,19,4,7,11,238.32,0
55499,10,Mobile Phone,3,10,Debit Card,Male,4,1,Fashion,4,Single,1,1,26,1,5,5,135.48,1
55500,11,Computer,2,21,Credit Card,Male,2,2,Fashion,4,Single,2,0,23,1,5,11,140.92,0
55501,8,Phone,2,25,Debit Card,Male,2,5,Mobile Phone,4,Married,4,0,16,3,7,5,153.02,0
55502,0,Computer,2,15,COD,Female,4,1,Fashion,3,Married,3,0,22,1,5,1,155.93,1
55503,3,Mobile Phone,3,24,COD,Male,3,2,Others,4,Married,1,1,25,0,3,13,139.43,1
55504,8,Phone,1,31,Credit Card,Female,2,2,Laptop & Accessory,4,Divorced,5,0,15,2,5,1,171.42,0
55505,4,Computer,2,14,Debit Card,Female,3,3,Laptop & Accessory,1,Single,4,1,16,1,4,4,139.19,1
55506,2,Computer,1,12,E Wallet,Female,3,2,Mobile Phone,2,Single,3,0,26,3,6,20,146.77,1
55507,8,Computer,3,12,Debit Card,Male,5,1,Mobile Phone,1,Married,5,0,18,0,3,21,160.34,0
55508,4,Mobile Phone,1,19,E Wallet,Female,2,5,Mobile Phone,4,Single,5,0,16,2,6,6,142.75,1
55509,3,Mobile Phone,1,42,COD,Female,2,4,Mobile Phone,3,Single,2,0,17,0,2,4,134.12,1
55510,7,Mobile Phone,3,8,Credit Card,Male,2,3,Fashion,5,Married,3,1,26,3,4,8,158.64,0
55511,1,Mobile Phone,2,38,UPI,Male,1,2,Mobile Phone,4,Married,5,0,16,1,3,4,168.92,0
55512,31,Computer,1,12,Debit Card,Male,2,3,Laptop & Accessory,3,Married,1,0,22,0,2,13,195.5,0
55513,24,Computer,2,14,COD,Male,4,4,Fashion,5,Single,2,0,13,2,4,2,184.49,1
55514,14,Computer,3,20,Debit Card,Male,2,5,Grocery,5,Married,2,0,24,5,8,8,189.38,1
55515,1,Mobile Phone,1,39,Debit Card,Male,3,2,Fashion,3,Married,2,0,21,1,4,9,118.54,1
55516,17,Mobile Phone,1,11,UPI,Female,3,3,Mobile Phone,3,Married,3,1,17,1,5,33,195.72,1
55517,19,Mobile Phone,3,33,Credit Card,Male,3,3,Others,3,Married,4,0,23,3,5,2,182.45,0
55518,17,Mobile Phone,2,7,E Wallet,Male,4,2,Fashion,1,Single,3,0,20,3,7,10,177.81,1
55519,1,Mobile Phone,1,9,UPI,Female,3,4,Laptop & Accessory,4,Married,1,1,20,2,3,0,133.05,0
55520,12,Computer,3,15,E Wallet,Female,2,4,Fashion,5,Married,5,0,13,2,3,4,196.23,0
55521,21,Mobile Phone,2,11,Debit Card,Male,2,5,Others,3,Single,2,1,11,1,4,5,172.52,0
55522,10,Phone,1,15,E Wallet,Male,3,1,Mobile Phone,2,Divorced,2,1,15,2,5,11,135.06,0
55523,12,Mobile Phone,1,18,Debit Card,Male,4,2,Fashion,4,Married,1,0,13,5,9,16,194.72,0
55524,7,Computer,1,15,Debit Card,Female,2,4,Laptop & Accessory,5,Married,2,0,22,2,4,12,145.56,1
55525,9,Mobile Phone,3,23,E Wallet,Male,2,3,Laptop & Accessory,4,Married,2,1,18,1,5,0,145.53,0
55526,0,Mobile Phone,1,27,COD,Male,3,3,Fashion,2,Single,2,0,24,3,7,5,120.54,0
55527,12,Computer,1,27,E Wallet,Male,2,3,Mobile Phone,2,Single,6,0,16,1,3,3,183.41,0
55528,1,Computer,3,10,Credit Card,Female,5,3,Mobile Phone,3,Married,4,0,24,0,1,4,152.14,0
55529,6,Mobile Phone,1,26,UPI,Male,1,1,Mobile Phone,2,Divorced,6,0,13,1,5,3,138.23,0
55530,4,Mobile Phone,2,39,COD,Male,3,3,Mobile Phone,4,Married,3,0,19,3,6,0,150.03,0
55531,9,Mobile Phone,1,18,Credit Card,Female,2,2,Laptop & Accessory,4,Single,3,0,15,3,4,7,176.26,0
55532,1,Computer,2,15,Debit Card,Female,3,5,Laptop & Accessory,5,Divorced,7,0,16,1,4,6,127.39,0
55533,14,Phone,1,16,Debit Card,Female,3,3,Mobile Phone,3,Married,3,1,19,1,2,10,164.91,0
55534,19,Mobile Phone,1,9,Credit Card,Male,4,4,Mobile Phone,4,Married,1,1,12,1,5,7,197.42,0
55535,2,Mobile Phone,2,20,Debit Card,Male,3,5,Grocery,3,Married,3,0,12,3,6,4,135.99,1
55536,1,Phone,2,12,Credit Card,Female,2,1,Mobile Phone,2,Married,1,0,11,2,5,3,153.3,0
55537,1,Mobile Phone,2,40,E Wallet,Male,1,2,Fashion,5,Divorced,7,0,19,1,5,8,116.69,0
55538,25,Computer,2,25,Credit Card,Male,3,4,Mobile Phone,1,Married,1,0,19,0,1,12,177.94,0
55539,9,Mobile Phone,2,21,COD,Female,3,4,Mobile Phone,1,Married,5,0,25,2,4,7,158.33,0
55540,7,Computer,2,18,Credit Card,Male,2,1,Fashion,2,Divorced,1,1,20,4,5,16,151.66,0
55541,1,Mobile Phone,2,6,Debit Card,Male,2,5,Fashion,5,Divorced,2,1,18,1,3,7,129.98,1
55542,12,Mobile Phone,2,26,Credit Card,Female,2,3,Mobile Phone,1,Married,1,1,14,4,8,3,167.9,0
55543,24,Mobile Phone,2,12,COD,Male,2,3,Mobile Phone,3,Married,2,1,17,2,5,5,193.98,0
55544,21,Computer,2,15,Debit Card,Male,4,4,Grocery,3,Divorced,1,0,13,1,5,5,160.88,0
55545,11,Computer,1,17,Debit Card,Female,3,2,Fashion,2,Single,2,0,25,0,1,3,156.99,0
55546,0,Computer,1,35,E Wallet,Male,5,3,Others,4,Single,2,0,21,1,3,19,141.38,0
55547,1,Computer,1,28,Debit Card,Male,3,2,Grocery,3,Single,4,0,14,0,1,9,148.8,0
55548,0,Mobile Phone,3,7,E Wallet,Male,3,2,Fashion,4,Married,3,0,18,2,4,6,153.42,0
55549,3,Mobile Phone,3,11,Credit Card,Female,2,3,Laptop & Accessory,2,Married,4,1,21,3,4,1,152.24,0
55550,1,Computer,2,31,E Wallet,Female,3,2,Mobile Phone,1,Married,3,0,23,4,6,2,126.21,0
55551,3,Mobile Phone,1,15,Credit Card,Female,3,3,Fashion,3,Divorced,5,1,14,1,4,11,149.89,0
55552,5,Mobile Phone,1,9,Debit Card,Female,2,3,Laptop & Accessory,3,Single,2,0,20,2,5,0,145.8,0
55553,34,Mobile Phone,3,17,Credit Card,Male,1,3,Fashion,2,Married,2,0,20,1,3,2,211.36,0
55554,11,Mobile Phone,3,19,Credit Card,Male,2,2,Others,3,Married,1,1,20,1,3,5,152.51,0
55555,21,Mobile Phone,1,9,UPI,Female,2,2,Grocery,3,Single,10,0,25,3,7,3,199.31,0
55556,14,Computer,3,20,E Wallet,Male,3,2,Fashion,3,Married,3,1,19,2,3,5,151.23,0
55557,1,Phone,2,7,E Wallet,Female,3,2,Fashion,3,Married,6,0,12,4,8,4,153.63,0
55558,15,Computer,1,30,Credit Card,Female,3,2,Grocery,1,Divorced,5,1,21,0,1,11,151.74,0
55559,3,Phone,3,23,E Wallet,Female,3,1,Mobile Phone,1,Married,2,0,21,0,2,13,116.71,1
55560,12,Phone,2,24,Debit Card,Female,3,1,Mobile Phone,3,Divorced,3,1,23,5,7,3,188.04,0
55561,5,Mobile Phone,3,16,Debit Card,Female,2,3,Fashion,3,Married,3,0,11,1,3,5,142.76,1
55562,61,Mobile Phone,1,28,Debit Card,Female,3,2,Fashion,2,Married,5,1,20,3,7,16,303.1,0
55563,3,Computer,1,18,E Wallet,Male,3,2,Grocery,3,Married,1,0,16,0,2,2,121.79,0
55564,3,Mobile Phone,1,28,Credit Card,Female,3,3,Mobile Phone,5,Married,5,0,23,2,3,2,126.37,1
55565,32,Mobile Phone,1,16,Credit Card,Male,3,1,Mobile Phone,3,Married,1,0,16,2,5,1,242.34,0
55566,0,Mobile Phone,2,29,UPI,Male,3,2,Laptop & Accessory,2,Single,2,0,16,3,5,14,126.05,1
55567,14,Mobile Phone,1,12,Credit Card,Female,3,4,Fashion,2,Married,5,1,20,5,9,10,201.42,0
55568,15,Mobile Phone,2,11,E Wallet,Male,1,2,Mobile Phone,3,Married,2,0,12,3,5,8,169.35,0
55569,21,Mobile Phone,1,18,COD,Female,4,2,Mobile Phone,2,Divorced,1,1,22,0,4,10,186.33,0
55570,44,Mobile Phone,3,12,Credit Card,Male,3,2,Laptop & Accessory,3,Married,1,0,11,1,3,5,266.55,0
55571,44,Computer,2,16,E Wallet,Female,3,6,Fashion,3,Married,1,1,20,2,4,10,240.05,0
55572,0,Computer,2,7,Credit Card,Male,2,2,Mobile Phone,4,Married,3,1,12,2,4,4,134.34,0
55573,20,Computer,1,21,Debit Card,Male,3,5,Fashion,2,Married,5,1,26,0,4,1,149.35,0
55574,12,Mobile Phone,1,27,UPI,Female,1,1,Laptop & Accessory,3,Married,4,0,22,2,6,9,181.89,0
55575,12,Mobile Phone,1,12,COD,Female,2,4,Grocery,3,Married,5,0,18,3,4,2,166.22,0
55576,1,Computer,1,19,Credit Card,Male,3,3,Grocery,1,Divorced,2,0,14,1,5,15,126.65,0
55577,12,Mobile Phone,1,23,Credit Card,Female,4,3,Mobile Phone,3,Married,2,0,17,1,4,0,200.97,0
55578,48,Computer,1,13,Credit Card,Female,4,2,Laptop & Accessory,4,Married,3,0,11,2,6,4,248.59,0
55579,29,Computer,2,8,COD,Female,5,4,Mobile Phone,5,Single,2,0,14,1,2,5,186.12,0
55580,6,Computer,3,17,COD,Female,4,3,Fashion,1,Married,4,0,15,2,3,13,142.48,0
55581,0,Phone,1,22,Debit Card,Female,3,3,Fashion,3,Single,8,0,17,2,3,17,109.91,0
55582,5,Mobile Phone,3,10,E Wallet,Male,3,3,Grocery,5,Married,4,0,17,1,2,17,139.16,1
55583,21,Mobile Phone,1,26,E Wallet,Female,2,2,Others,4,Single,7,0,15,3,7,5,163.73,0
55584,14,Computer,2,19,Debit Card,Male,2,4,Fashion,3,Single,8,0,26,2,6,2,188.73,0
55585,7,Mobile Phone,2,12,Credit Card,Male,2,2,Fashion,1,Single,2,1,24,0,3,5,146.38,1
55586,0,Mobile Phone,3,32,Debit Card,Male,3,2,Laptop & Accessory,1,Married,3,0,16,2,5,4,131.97,1
55587,6,Mobile Phone,1,13,UPI,Female,3,3,Mobile Phone,1,Single,4,1,22,1,2,10,144.66,0
55588,7,Mobile Phone,1,7,Debit Card,Male,3,1,Mobile Phone,4,Single,3,1,13,2,5,2,136.46,0
55589,31,Mobile Phone,1,23,UPI,Male,3,5,Mobile Phone,3,Married,3,1,13,2,3,6,189.74,0
55590,12,Mobile Phone,2,11,COD,Male,2,2,Fashion,2,Married,2,1,14,1,3,10,171.58,0
55591,4,Computer,3,13,Debit Card,Male,1,3,Mobile Phone,5,Single,3,1,15,3,6,0,155.76,1
55592,8,Computer,3,12,E Wallet,Male,5,3,Mobile Phone,4,Single,2,0,19,1,4,15,137.75,0
55593,0,Computer,3,23,Credit Card,Male,4,3,Laptop & Accessory,4,Married,2,1,18,2,5,5,146.18,1
55594,43,Computer,2,18,COD,Female,2,3,Laptop & Accessory,4,Divorced,2,0,24,3,6,3,291.82,0
55595,5,Mobile Phone,3,10,E Wallet,Female,3,3,Mobile Phone,2,Married,2,0,21,1,4,6,137.66,0
55596,7,Mobile Phone,2,9,E Wallet,Male,2,5,Laptop & Accessory,5,Married,1,0,11,2,6,2,176.35,0
55597,5,Mobile Phone,1,9,COD,Female,2,4,Laptop & Accessory,2,Married,3,0,18,2,4,9,146.46,1
55598,13,Computer,3,13,Debit Card,Female,3,3,Grocery,5,Single,3,0,26,5,7,10,169.82,0
55599,13,Computer,1,25,Credit Card,Male,4,2,Mobile Phone,5,Married,1,1,22,4,6,8,159.52,0
55600,15,Mobile Phone,1,14,UPI,Male,3,4,Others,4,Single,3,1,17,1,5,15,186.75,0
55601,3,Mobile Phone,1,30,Debit Card,Female,1,3,Laptop & Accessory,4,Single,1,0,23,0,1,3,137.78,1
55602,4,Phone,2,15,COD,Male,3,2,Others,2,Single,5,0,16,3,6,12,164.29,0
55603,1,Computer,2,8,E Wallet,Male,3,2,Fashion,2,Married,2,0,23,3,5,4,150.61,0
55604,12,Computer,1,8,Credit Card,Male,4,3,Fashion,3,Married,2,0,25,4,5,4,182.41,0
55605,0,Mobile Phone,3,25,Credit Card,Female,3,3,Grocery,3,Married,2,0,21,2,4,4,150.87,0
55606,10,Mobile Phone,3,20,Debit Card,Male,3,3,Fashion,2,Single,4,0,16,0,3,20,148.89,1
55607,24,Computer,3,11,Debit Card,Female,2,3,Laptop & Accessory,5,Married,3,0,22,2,4,20,197.73,0
55608,26,Computer,2,8,Credit Card,Male,3,2,Others,1,Single,3,0,16,1,3,2,196.66,0
55609,7,Computer,3,10,UPI,Female,3,2,Grocery,3,Single,3,0,12,2,5,14,143.08,0
55610,7,Computer,3,21,Credit Card,Male,4,3,Mobile Phone,2,Married,4,0,21,0,1,22,124.95,1
55611,0,Computer,1,24,Credit Card,Female,2,1,Laptop & Accessory,5,Single,6,0,16,0,4,16,155.28,0
55612,13,Computer,1,8,Credit Card,Male,3,3,Grocery,1,Married,4,0,19,1,4,2,175.72,0
55613,20,Mobile Phone,2,10,Debit Card,Male,2,2,Mobile Phone,3,Married,1,1,18,3,6,1,214.81,0
55614,3,Mobile Phone,1,33,COD,Female,2,2,Mobile Phone,1,Married,3,0,17,1,5,2,150.39,1
55615,6,Computer,1,21,Debit Card,Male,4,2,Others,4,Married,1,1,24,0,3,9,141.34,0
55616,21,Mobile Phone,2,9,Credit Card,Male,3,2,Laptop & Accessory,4,Divorced,1,0,14,1,3,7,177.03,1
55617,25,Mobile Phone,1,11,E Wallet,Male,3,2,Laptop & Accessory,4,Married,4,0,24,1,5,10,191.22,1
55618,3,Computer,1,29,Credit Card,Male,1,3,Fashion,2,Married,1,1,19,0,4,2,137.06,1
55619,9,Phone,2,12,Credit Card,Male,3,2,Laptop & Accessory,3,Single,4,0,17,3,6,11,158.63,0
55620,2,Mobile Phone,3,13,COD,Male,3,4,Mobile Phone,5,Married,3,1,20,6,10,10,165.22,0
55621,1,Mobile Phone,3,13,E Wallet,Female,3,3,Laptop & Accessory,2,Single,2,0,12,2,3,1,112.94,0
55622,29,Computer,2,13,Debit Card,Female,3,3,Fashion,5,Single,5,0,13,2,4,11,195.34,0
55623,20,Computer,2,22,UPI,Female,4,2,Laptop & Accessory,5,Single,6,0,19,2,5,1,162.42,0
55624,17,Computer,1,17,Debit Card,Female,2,4,Grocery,3,Married,2,0,19,1,4,15,181.02,0
55625,0,Mobile Phone,1,22,Credit Card,Female,4,4,Fashion,2,Married,5,0,11,3,7,9,152.05,1
55626,22,Mobile Phone,1,11,UPI,Male,4,1,Laptop & Accessory,2,Married,3,0,20,1,2,4,191.75,0
55627,6,Computer,3,6,COD,Female,2,4,Fashion,4,Divorced,3,0,24,3,4,6,134.03,0
55628,5,Computer,2,12,Credit Card,Female,5,2,Mobile Phone,4,Divorced,2,1,24,0,1,3,121.98,0
55629,9,Computer,3,14,Debit Card,Female,5,3,Mobile Phone,2,Single,5,0,26,2,3,32,140.49,1
55630,1,Mobile Phone,3,19,Credit Card,Female,3,4,Laptop & Accessory,5,Married,5,0,11,3,4,11,117.77,0
55631,16,Mobile Phone,1,13,COD,Male,2,5,Fashion,2,Married,4,0,22,3,6,4,186.6,0
55632,10,Mobile Phone,2,10,E Wallet,Male,3,2,Grocery,3,Married,2,1,13,1,5,16,148.41,0
55633,2,Phone,2,8,E Wallet,Male,2,5,Fashion,1,Married,1,1,19,1,3,4,138.9,1
55634,2,Computer,2,42,Credit Card,Female,2,1,Fashion,3,Single,3,0,12,3,6,4,159.55,0
55635,2,Mobile Phone,2,23,E Wallet,Male,3,5,Grocery,4,Single,2,1,19,4,8,9,145.67,1
55636,0,Mobile Phone,3,17,UPI,Male,3,4,Mobile Phone,3,Single,2,0,17,4,7,8,138.87,1
55637,10,Computer,3,16,Credit Card,Female,3,5,Others,1,Single,2,0,23,3,5,3,148.32,1
55638,22,Mobile Phone,3,12,Debit Card,Male,2,3,Mobile Phone,3,Single,2,0,17,5,9,5,212.19,0
55639,0,Computer,1,14,Credit Card,Male,2,5,Fashion,5,Single,9,1,13,0,1,13,117.8,0
55640,0,Computer,1,10,Credit Card,Male,5,4,Laptop & Accessory,4,Married,5,1,21,2,4,0,131.92,0
55641,10,Mobile Phone,1,15,Credit Card,Female,3,2,Fashion,3,Married,1,0,17,2,3,5,170.16,0
55642,20,Mobile Phone,1,21,Debit Card,Male,4,2,Mobile Phone,1,Single,5,0,25,5,9,0,196.62,0
55643,4,Computer,2,14,Credit Card,Female,2,3,Laptop & Accessory,4,Single,1,1,17,1,5,1,129.46,0
55644,5,Mobile Phone,2,7,UPI,Male,4,3,Laptop & Accessory,2,Married,5,1,22,0,2,10,137.51,0
55645,10,Mobile Phone,2,19,Credit Card,Male,3,2,Mobile Phone,4,Married,1,0,18,4,7,4,165.33,0
55646,3,Phone,3,17,COD,Female,2,3,Fashion,1,Married,3,0,25,3,6,13,151.9,0
55647,0,Computer,3,23,E Wallet,Female,3,1,Fashion,3,Married,2,0,23,1,3,9,150.48,0
55648,15,Computer,1,15,Credit Card,Female,4,3,Mobile Phone,3,Married,3,0,11,2,6,15,157.82,0
55649,11,Mobile Phone,3,22,Debit Card,Male,2,3,Grocery,1,Married,2,0,17,2,5,13,162.35,1
55650,10,Mobile Phone,2,8,E Wallet,Male,3,3,Laptop & Accessory,3,Single,1,0,14,1,3,4,146.94,1
55651,16,Mobile Phone,2,10,Credit Card,Male,5,2,Laptop & Accessory,2,Single,4,0,21,0,2,4,173.93,0
55652,13,Mobile Phone,3,13,COD,Male,4,2,Laptop & Accessory,1,Married,3,0,20,2,5,3,173.97,0
55653,2,Computer,1,15,Debit Card,Male,3,2,Laptop & Accessory,3,Divorced,2,0,23,0,3,5,130.07,0
55654,5,Mobile Phone,3,23,Debit Card,Male,1,1,Fashion,5,Married,3,1,25,2,5,6,136.81,0
55655,1,Computer,2,17,Debit Card,Female,3,2,Mobile Phone,4,Single,1,0,20,1,2,17,151.82,0
55656,1,Mobile Phone,3,10,E Wallet,Female,3,4,Fashion,5,Married,3,1,25,2,3,7,130.15,0
55657,13,Mobile Phone,3,20,UPI,Male,3,2,Fashion,1,Divorced,2,1,17,0,2,8,147.57,0
55658,23,Phone,2,11,Debit Card,Female,5,2,Mobile Phone,2,Married,3,0,21,2,4,5,151.09,0
55659,39,Mobile Phone,1,13,Credit Card,Male,4,4,Mobile Phone,4,Married,3,0,21,3,6,3,238.39,0
55660,11,Mobile Phone,1,20,Debit Card,Male,2,2,Mobile Phone,2,Divorced,1,0,26,1,2,6,152.99,0
55661,2,Mobile Phone,1,11,Credit Card,Male,3,2,Fashion,3,Married,3,0,17,2,6,16,153.8,1
55662,1,Mobile Phone,1,20,Debit Card,Male,2,3,Mobile Phone,3,Single,2,0,25,0,1,2,130.39,0
55663,20,Mobile Phone,3,8,Credit Card,Female,3,3,Mobile Phone,3,Divorced,2,1,13,5,8,7,201.45,0
55664,10,Mobile Phone,1,10,Credit Card,Male,3,2,Fashion,5,Married,4,0,21,1,2,9,134.43,0
55665,11,Computer,3,10,Debit Card,Female,2,3,Others,4,Single,1,0,24,2,3,7,142.86,0
55666,18,Computer,3,12,E Wallet,Female,3,3,Grocery,5,Single,2,0,24,3,4,6,187.5,0
55667,14,Mobile Phone,1,11,Credit Card,Male,2,3,Mobile Phone,1,Married,1,0,17,2,4,3,158.7,0
55668,21,Mobile Phone,2,10,E Wallet,Male,3,4,Fashion,3,Married,7,1,22,4,8,4,197.32,0
55669,0,Computer,2,14,Credit Card,Male,2,6,Mobile Phone,2,Divorced,2,1,20,1,4,6,107.28,0
55670,16,Mobile Phone,2,7,E Wallet,Male,5,3,Mobile Phone,4,Single,5,0,24,2,6,9,151.52,0
55671,22,Computer,2,7,Credit Card,Female,2,5,Fashion,1,Married,3,1,15,5,6,6,181.4,1
55672,4,Computer,1,18,COD,Male,2,3,Grocery,5,Single,2,0,26,1,2,1,136.14,0
55673,12,Mobile Phone,2,9,COD,Male,3,3,Laptop & Accessory,3,Married,3,1,23,0,2,3,162.88,0
55674,4,Computer,2,12,E Wallet,Female,2,4,Laptop & Accessory,4,Single,3,0,13,2,3,3,149.65,0
55675,38,Phone,3,16,COD,Male,2,5,Fashion,4,Married,3,0,24,1,5,18,224.19,0
55676,0,Computer,3,32,COD,Female,3,6,Fashion,4,Married,2,1,12,2,3,14,126.21,1
55677,10,Mobile Phone,1,15,Debit Card,Male,1,4,Fashion,4,Divorced,5,0,26,2,5,6,163.01,1
55678,2,Computer,1,25,COD,Male,2,3,Laptop & Accessory,5,Married,4,1,17,1,2,10,131.25,0
55679,14,Phone,3,17,Debit Card,Male,1,2,Fashion,2,Married,8,1,13,2,5,9,170.69,0
55680,2,Mobile Phone,3,36,Debit Card,Male,2,3,Mobile Phone,1,Divorced,5,0,13,1,5,4,158.46,1
55681,3,Computer,2,24,COD,Female,3,4,Laptop & Accessory,3,Single,2,0,15,2,5,7,166.61,0
55682,8,Mobile Phone,1,15,Debit Card,Male,3,1,Grocery,1,Single,2,0,15,2,3,6,118.13,0
55683,29,Mobile Phone,1,20,Credit Card,Female,2,2,Mobile Phone,3,Single,3,0,20,2,4,6,208.38,0
55684,2,Computer,1,14,COD,Male,1,3,Grocery,4,Single,1,0,22,2,4,12,132.31,0
55685,1,Computer,1,13,Debit Card,Female,1,4,Mobile Phone,4,Married,2,1,22,2,6,1,133.26,1
55686,17,Computer,2,35,Debit Card,Male,1,3,Fashion,2,Single,1,0,23,0,3,12,165.35,0
55687,8,Phone,2,9,E Wallet,Female,1,3,Grocery,4,Single,1,0,12,1,5,11,177.96,0
55688,29,Mobile Phone,1,15,E Wallet,Male,1,5,Mobile Phone,2,Single,2,1,17,3,6,3,217.17,0
55689,1,Mobile Phone,1,18,UPI,Male,1,3,Grocery,4,Single,3,1,25,4,5,4,161.99,0
55690,12,Phone,1,12,UPI,Female,3,4,Mobile Phone,5,Married,8,1,20,0,2,1,171.11,0
55691,3,Mobile Phone,3,18,Debit Card,Male,4,3,Laptop & Accessory,4,Married,1,0,18,2,3,4,158.59,0
55692,2,Computer,2,14,Credit Card,Male,4,4,Fashion,3,Divorced,1,0,12,2,6,2,144.24,1
55693,13,Mobile Phone,3,20,E Wallet,Male,2,4,Mobile Phone,2,Single,6,0,14,1,4,1,153.39,0
55694,10,Mobile Phone,2,9,E Wallet,Male,2,6,Others,3,Married,3,0,16,2,6,7,164.11,1
55695,16,Mobile Phone,1,11,Credit Card,Female,1,3,Grocery,2,Married,3,1,11,3,4,8,166.46,1
55696,4,Mobile Phone,1,10,Credit Card,Male,2,2,Laptop & Accessory,4,Married,1,0,12,0,1,9,136.83,0
55697,7,Computer,2,8,Credit Card,Female,3,4,Others,4,Single,2,0,17,2,4,8,115.27,1
55698,6,Computer,2,26,UPI,Male,5,4,Mobile Phone,1,Single,3,0,19,1,4,6,137.69,1
55699,49,Computer,2,12,COD,Male,4,1,Fashion,5,Married,2,0,23,1,3,5,252.05,0
55700,4,Mobile Phone,3,23,Debit Card,Female,3,2,Laptop & Accessory,5,Divorced,5,0,15,4,5,4,143.46,0
55701,4,Mobile Phone,3,12,Credit Card,Male,3,4,Laptop & Accessory,1,Married,3,0,14,0,3,1,124.75,0
55702,5,Mobile Phone,1,16,Credit Card,Female,2,3,Laptop & Accessory,2,Single,7,0,20,3,7,2,174.06,0
55703,9,Mobile Phone,3,33,COD,Female,3,4,Laptop & Accessory,4,Married,4,0,11,0,2,13,140.56,0
55704,3,Mobile Phone,2,23,COD,Female,3,3,Laptop & Accessory,3,Divorced,1,0,13,2,3,3,147.71,0
55705,29,Mobile Phone,1,23,E Wallet,Male,3,3,Mobile Phone,1,Married,3,0,12,4,5,12,173.69,0
55706,3,Mobile Phone,2,13,Debit Card,Female,3,4,Fashion,5,Divorced,1,0,23,1,2,7,112.4,0
55707,27,Mobile Phone,2,9,Debit Card,Female,4,3,Laptop & Accessory,3,Single,5,0,23,1,4,4,171.82,1
55708,1,Mobile Phone,1,10,Credit Card,Female,3,3,Mobile Phone,1,Single,2,0,22,1,5,3,120.93,1
55709,12,Computer,2,13,COD,Female,3,4,Mobile Phone,3,Married,2,0,15,3,5,5,157.34,1
55710,28,Mobile Phone,1,29,Debit Card,Male,2,2,Mobile Phone,4,Married,5,1,23,4,8,5,209.24,0
55711,2,Mobile Phone,1,18,E Wallet,Female,2,3,Mobile Phone,3,Married,2,1,17,2,3,2,120.73,1
55712,41,Phone,1,24,Debit Card,Female,1,2,Mobile Phone,1,Married,3,0,16,2,4,3,210.24,0
55713,7,Mobile Phone,1,18,Credit Card,Female,2,1,Laptop & Accessory,1,Single,4,0,18,1,3,1,148.07,1
55714,34,Computer,1,12,E Wallet,Male,3,4,Mobile Phone,4,Divorced,1,0,20,1,4,20,215.82,0
55715,13,Mobile Phone,1,12,E Wallet,Female,3,3,Laptop & Accessory,3,Married,2,0,19,2,6,15,183.02,0
55716,4,Computer,3,18,E Wallet,Male,3,5,Laptop & Accessory,2,Single,1,1,20,2,4,8,139.51,1
55717,2,Mobile Phone,1,34,UPI,Female,4,3,Laptop & Accessory,4,Married,4,0,14,0,4,8,133.08,0
55718,4,Computer,2,14,Credit Card,Male,2,1,Others,1,Married,1,0,22,2,5,5,164.75,0
55719,1,Mobile Phone,1,16,Credit Card,Female,3,3,Mobile Phone,2,Married,7,0,15,3,7,7,130.41,1
55720,1,Computer,3,9,UPI,Male,3,2,Others,3,Divorced,2,0,23,2,5,11,115.57,0
55721,1,Mobile Phone,1,20,Debit Card,Male,2,5,Laptop & Accessory,1,Married,3,0,13,1,4,4,152.4,0
55722,6,Mobile Phone,1,13,Credit Card,Male,2,3,Laptop & Accessory,5,Married,2,0,15,4,5,2,163.57,0
55723,19,Computer,1,17,COD,Male,3,3,Fashion,3,Single,5,0,17,1,4,12,209.02,0
55724,1,Mobile Phone,3,12,UPI,Female,4,3,Mobile Phone,3,Married,2,0,24,1,5,3,147.6,0
55725,1,Phone,2,23,UPI,Female,1,3,Mobile Phone,1,Married,3,0,20,0,2,13,105.28,1
55726,12,Mobile Phone,1,21,Debit Card,Female,5,1,Grocery,5,Divorced,7,1,22,3,6,8,157.66,0
55727,2,Mobile Phone,1,10,UPI,Male,3,3,Laptop & Accessory,5,Divorced,3,1,20,2,4,24,127.89,1
55728,1,Computer,1,9,COD,Female,3,3,Fashion,5,Married,3,0,18,1,2,3,113.15,0
55729,2,Mobile Phone,1,14,E Wallet,Male,4,3,Grocery,4,Married,5,1,16,1,3,8,158.37,0
55730,30,Mobile Phone,3,11,Debit Card,Male,2,3,Laptop & Accessory,4,Single,5,0,14,3,6,6,177.1,0
55731,20,Computer,2,18,Credit Card,Male,1,4,Mobile Phone,4,Divorced,4,0,18,0,3,5,184.27,0
55732,5,Computer,2,20,E Wallet,Male,2,3,Grocery,2,Divorced,1,0,21,1,4,9,144.92,0
55733,12,Phone,1,37,UPI,Female,2,3,Mobile Phone,1,Single,4,1,24,0,1,5,142.59,1
55734,9,Mobile Phone,2,14,Credit Card,Male,5,2,Mobile Phone,2,Married,4,0,18,2,6,16,148.08,0
55735,13,Mobile Phone,1,8,Credit Card,Female,1,3,Fashion,5,Married,2,0,11,1,3,4,132.71,0
55736,13,Mobile Phone,1,12,E Wallet,Male,4,1,Mobile Phone,2,Married,3,0,23,2,4,3,186.34,0
55737,11,Mobile Phone,2,8,E Wallet,Male,3,3,Fashion,2,Single,2,0,25,1,3,3,154.59,0
55738,3,Computer,1,11,Credit Card,Male,2,4,Laptop & Accessory,5,Married,2,1,16,2,3,10,112.86,0
55739,0,Mobile Phone,2,17,Credit Card,Female,2,2,Laptop & Accessory,2,Married,2,0,19,0,1,11,114.15,0
55740,7,Mobile Phone,3,15,E Wallet,Female,3,4,Laptop & Accessory,1,Single,5,1,13,0,3,8,164.79,1
55741,26,Mobile Phone,1,19,Debit Card,Male,3,3,Laptop & Accessory,4,Single,6,0,12,0,1,16,181.5,0
55742,10,Computer,3,12,Debit Card,Male,2,1,Laptop & Accessory,4,Single,4,1,16,1,5,7,169.42,0
55743,21,Phone,1,8,Credit Card,Female,4,5,Fashion,3,Married,1,0,12,1,4,10,194.12,0
55744,57,Computer,1,32,Debit Card,Male,2,2,Others,2,Single,4,1,17,3,4,16,277.02,0
55745,2,Mobile Phone,2,13,E Wallet,Female,3,2,Laptop & Accessory,2,Divorced,2,0,18,1,2,20,100.45,0
55746,14,Computer,2,6,E Wallet,Male,3,3,Laptop & Accessory,2,Married,1,1,25,2,3,2,159.95,0
55747,13,Computer,1,16,E Wallet,Male,4,5,Mobile Phone,5,Single,3,1,22,1,5,2,181.22,0
55748,46,Mobile Phone,3,17,COD,Male,1,3,Laptop & Accessory,1,Single,6,0,15,2,4,5,205.4,0
55749,50,Mobile Phone,3,7,Debit Card,Female,2,5,Mobile Phone,4,Single,2,1,21,1,5,5,261.28,0
55750,13,Mobile Phone,1,14,Debit Card,Male,2,3,Mobile Phone,5,Single,3,0,25,1,4,20,166.09,1
55751,3,Mobile Phone,3,18,Debit Card,Female,1,2,Laptop & Accessory,4,Single,4,0,17,3,6,7,143.79,0
55752,19,Computer,2,23,E Wallet,Female,3,3,Others,3,Married,5,0,15,0,3,35,195.08,0
55753,1,Mobile Phone,3,25,Credit Card,Female,2,2,Laptop & Accessory,1,Single,1,0,19,1,5,6,137.99,0
55754,18,Mobile Phone,1,19,Debit Card,Female,3,2,Grocery,1,Single,3,1,17,0,4,2,152.14,0
55755,28,Phone,3,22,Debit Card,Female,4,2,Mobile Phone,2,Married,5,0,11,4,7,5,210.21,0
55756,5,Computer,1,23,UPI,Male,3,1,Laptop & Accessory,3,Married,2,0,25,1,3,9,140.98,1
55757,11,Computer,3,17,E Wallet,Male,4,2,Laptop & Accessory,3,Single,1,0,22,1,2,4,144.99,0
55758,6,Mobile Phone,2,27,Credit Card,Male,4,3,Mobile Phone,3,Single,2,0,22,2,3,1,107.93,0
55759,6,Mobile Phone,1,26,COD,Male,2,1,Mobile Phone,1,Single,4,0,15,3,4,4,159.93,0
55760,4,Mobile Phone,1,5,UPI,Male,1,1,Others,4,Divorced,8,0,23,0,1,1,114.85,0
55761,17,Mobile Phone,3,7,Debit Card,Female,2,2,Laptop & Accessory,4,Married,3,1,21,5,7,3,175.69,0
55762,33,Mobile Phone,2,17,Credit Card,Female,4,5,Fashion,3,Married,6,1,21,0,1,3,198.43,1
55763,33,Computer,1,15,Credit Card,Male,3,3,Laptop & Accessory,2,Married,6,0,16,1,3,7,221.74,0
55764,2,Mobile Phone,2,10,UPI,Male,4,3,Grocery,3,Married,5,0,21,3,7,7,153.8,0
55765,24,Mobile Phone,3,17,Debit Card,Female,3,3,Mobile Phone,2,Single,2,1,20,0,2,12,188.99,0
55766,16,Mobile Phone,1,26,Credit Card,Male,2,3,Grocery,5,Divorced,4,0,18,4,6,7,174.12,0
55767,3,Computer,1,12,E Wallet,Male,3,2,Mobile Phone,3,Married,6,0,17,1,3,0,155.66,0
55768,0,Computer,3,13,COD,Male,3,3,Laptop & Accessory,2,Single,5,1,26,2,6,6,140.75,0
55769,3,Computer,1,17,UPI,Male,2,4,Mobile Phone,5,Married,3,0,15,4,6,9,154.77,0
55770,29,Mobile Phone,1,19,Credit Card,Male,1,3,Laptop & Accessory,2,Divorced,5,0,23,2,6,1,219.22,0
55771,12,Mobile Phone,1,18,E Wallet,Male,2,4,Laptop & Accessory,3,Married,5,1,18,2,4,24,148.47,1
55772,15,Mobile Phone,3,7,UPI,Female,2,2,Others,2,Married,1,0,19,2,4,5,179.16,0
55773,3,Mobile Phone,1,31,E Wallet,Male,3,4,Fashion,1,Divorced,2,1,12,1,2,6,138.15,1
55774,15,Computer,2,20,UPI,Male,3,3,Grocery,1,Single,5,0,11,2,5,8,164.8,0
55775,0,Phone,3,43,UPI,Female,3,3,Fashion,1,Single,4,1,19,2,4,6,148.84,1
55776,5,Computer,1,20,UPI,Male,2,3,Laptop & Accessory,4,Single,2,0,11,1,5,12,168.91,0
55777,11,Phone,3,11,Debit Card,Female,3,2,Grocery,3,Single,3,0,22,1,5,3,163.03,0
55778,1,Computer,2,16,Credit Card,Male,3,3,Fashion,5,Married,9,0,19,1,3,4,153.12,0
55779,20,Mobile Phone,2,11,Credit Card,Female,3,3,Laptop & Accessory,3,Married,2,0,18,2,6,5,187.78,1
55780,3,Phone,1,23,E Wallet,Female,4,1,Laptop & Accessory,4,Single,2,1,12,1,5,8,145.54,0
55781,12,Mobile Phone,2,19,Credit Card,Female,2,2,Laptop & Accessory,2,Single,4,0,16,2,3,9,144.7,0
55782,6,Computer,1,20,Credit Card,Female,1,3,Laptop & Accessory,2,Married,1,1,18,2,4,3,150.12,1
55783,10,Mobile Phone,1,8,Credit Card,Male,2,6,Laptop & Accessory,3,Married,1,1,23,1,2,6,149.29,1
55784,1,Mobile Phone,3,31,COD,Female,2,3,Laptop & Accessory,4,Divorced,5,1,23,2,6,1,132.78,0
55785,0,Computer,1,21,Credit Card,Female,5,2,Mobile Phone,3,Single,5,1,26,1,3,2,141.69,1
55786,28,Mobile Phone,3,6,Debit Card,Male,2,5,Others,3,Married,4,0,14,3,6,8,209.0,0
55787,3,Mobile Phone,1,16,Debit Card,Male,4,1,Fashion,3,Single,1,1,21,3,6,5,153.49,0
55788,20,Mobile Phone,1,20,Debit Card,Male,3,2,Fashion,3,Single,2,0,11,3,5,5,164.1,1
55789,61,Mobile Phone,3,16,COD,Male,2,3,Laptop & Accessory,3,Single,4,1,13,2,6,5,302.41,0
55790,2,Phone,1,27,COD,Male,3,1,Laptop & Accessory,3,Married,5,0,18,3,7,2,146.65,0
55791,3,Computer,3,12,Credit Card,Female,3,3,Mobile Phone,3,Single,3,0,23,1,4,0,138.09,1
55792,13,Mobile Phone,2,18,E Wallet,Male,2,2,Laptop & Accessory,3,Divorced,5,0,18,3,6,5,169.54,0
55793,40,Mobile Phone,1,11,E Wallet,Male,2,3,Grocery,4,Married,5,0,16,2,6,2,223.07,0
55794,29,Computer,2,12,Debit Card,Female,2,2,Laptop & Accessory,1,Single,5,0,14,1,5,9,227.79,0
55795,8,Mobile Phone,1,6,Credit Card,Female,3,4,Fashion,3,Single,4,0,23,0,3,18,147.12,0
55796,19,Mobile Phone,1,16,E Wallet,Male,3,4,Mobile Phone,4,Single,5,1,24,2,3,12,166.48,1
55797,1,Mobile Phone,3,13,UPI,Female,3,5,Fashion,3,Single,1,0,14,2,6,1,133.68,0
55798,45,Computer,1,19,E Wallet,Female,4,1,Grocery,3,Married,3,1,16,2,5,12,257.2,0
55799,40,Mobile Phone,1,22,Credit Card,Male,3,3,Mobile Phone,3,Single,2,1,24,1,5,8,261.5,0
55800,2,Mobile Phone,3,8,COD,Female,4,4,Mobile Phone,3,Single,1,1,25,0,3,10,110.09,1
55801,4,Mobile Phone,3,11,E Wallet,Male,3,5,Mobile Phone,3,Married,9,0,24,1,4,11,166.04,1
55802,1,Mobile Phone,2,15,UPI,Male,1,3,Mobile Phone,2,Married,3,0,12,3,4,12,149.97,1
55803,3,Computer,2,27,Credit Card,Female,3,5,Grocery,3,Divorced,5,0,15,4,5,13,129.21,0
55804,20,Mobile Phone,2,12,Debit Card,Female,4,2,Laptop & Accessory,4,Single,2,0,20,3,6,9,200.43,0
55805,5,Mobile Phone,2,5,Debit Card,Male,3,3,Mobile Phone,1,Married,2,0,15,1,3,3,148.53,0
55806,1,Mobile Phone,2,25,COD,Female,3,2,Grocery,3,Single,3,1,24,0,4,7,139.99,0
55807,5,Mobile Phone,3,18,Debit Card,Female,5,2,Grocery,5,Single,1,0,19,3,5,9,168.1,0
55808,47,Computer,1,19,Credit Card,Male,2,2,Fashion,3,Married,1,0,24,1,4,12,241.64,0
55809,11,Computer,2,25,Credit Card,Female,4,3,Mobile Phone,3,Single,1,0,17,4,8,12,182.3,1
55810,6,Mobile Phone,3,17,Credit Card,Female,3,3,Grocery,1,Married,5,1,21,3,7,8,132.14,1
55811,2,Mobile Phone,2,28,Credit Card,Female,3,2,Laptop & Accessory,4,Married,3,0,16,2,3,2,149.85,0
55812,51,Mobile Phone,3,21,Debit Card,Male,2,1,Laptop & Accessory,3,Single,9,1,13,1,3,0,241.56,0
55813,20,Computer,1,19,Debit Card,Male,3,5,Laptop & Accessory,4,Single,5,0,20,1,3,10,194.45,0
55814,3,Computer,1,10,Debit Card,Male,4,2,Laptop & Accessory,1,Single,3,1,23,2,3,8,129.0,1
55815,0,Mobile Phone,3,9,Debit Card,Female,3,2,Fashion,1,Divorced,3,0,21,3,5,9,130.24,0
55816,0,Computer,1,26,Debit Card,Female,4,2,Laptop & Accessory,2,Divorced,3,0,23,2,3,9,134.68,1
55817,1,Computer,3,9,E Wallet,Male,3,2,Fashion,2,Single,1,0,23,2,3,6,133.99,1
55818,10,Phone,1,32,Debit Card,Male,2,2,Mobile Phone,4,Married,1,0,18,2,3,2,180.14,0
55819,31,Mobile Phone,3,23,Debit Card,Female,4,2,Laptop & Accessory,4,Divorced,3,0,15,2,3,2,211.62,0
55820,8,Mobile Phone,2,13,E Wallet,Male,3,2,Laptop & Accessory,5,Single,5,1,21,1,3,3,141.39,0
55821,22,Mobile Phone,1,12,Debit Card,Male,4,3,Mobile Phone,1,Married,3,0,24,0,3,0,178.21,0
55822,7,Computer,2,13,COD,Male,2,4,Mobile Phone,2,Single,3,0,21,1,5,9,159.55,0
55823,14,Computer,2,10,Credit Card,Male,4,1,Mobile Phone,5,Married,3,1,26,3,4,4,160.74,0
55824,15,Computer,1,21,COD,Female,2,2,Mobile Phone,1,Single,2,0,24,2,5,6,170.91,0
55825,2,Mobile Phone,2,20,Debit Card,Male,1,4,Mobile Phone,3,Married,2,0,13,2,6,4,163.39,0
55826,5,Mobile Phone,2,15,Debit Card,Female,1,2,Grocery,4,Married,4,0,16,2,5,20,140.35,0
55827,12,Mobile Phone,1,9,Credit Card,Male,1,4,Laptop & Accessory,2,Married,2,1,13,4,7,6,146.15,1
55828,0,Computer,3,31,Credit Card,Male,2,3,Mobile Phone,4,Divorced,1,0,20,2,4,1,131.08,1
55829,5,Mobile Phone,1,10,Credit Card,Male,2,4,Fashion,5,Single,3,0,17,3,7,5,153.22,0
55830,9,Mobile Phone,1,14,Credit Card,Male,1,1,Laptop & Accessory,3,Single,4,0,24,0,4,3,133.07,0
55831,61,Computer,2,12,Credit Card,Female,4,4,Laptop & Accessory,4,Single,2,1,18,1,3,4,280.07,0
55832,7,Mobile Phone,2,10,UPI,Male,4,3,Laptop & Accessory,3,Married,2,1,13,2,6,22,189.33,0
55833,20,Mobile Phone,3,7,Debit Card,Female,4,3,Others,4,Married,3,0,18,0,1,17,147.12,0
55834,6,Mobile Phone,1,8,Credit Card,Female,3,2,Fashion,3,Single,5,0,23,1,3,9,152.73,0
55835,19,Computer,1,11,Credit Card,Male,3,2,Grocery,1,Divorced,3,0,25,2,6,7,187.72,0
55836,10,Computer,1,16,E Wallet,Male,3,4,Laptop & Accessory,2,Married,5,0,18,2,4,2,154.17,1
55837,26,Phone,3,27,Debit Card,Female,2,2,Laptop & Accessory,2,Single,2,1,26,3,4,3,200.77,0
55838,6,Mobile Phone,2,12,Credit Card,Male,3,3,Fashion,5,Married,3,0,26,0,2,9,151.85,0
55839,11,Phone,3,12,Credit Card,Male,1,2,Laptop & Accessory,3,Divorced,4,0,16,3,6,2,156.84,0
55840,11,Computer,1,9,COD,Male,3,3,Laptop & Accessory,5,Single,6,0,15,0,1,0,111.61,0
55841,6,Computer,3,12,E Wallet,Female,3,2,Others,1,Married,5,0,20,1,3,7,149.7,0
55842,1,Phone,2,15,Debit Card,Male,4,3,Mobile Phone,3,Married,1,0,22,3,5,1,125.8,0
55843,1,Mobile Phone,3,13,Credit Card,Male,5,4,Others,3,Single,4,1,13,2,3,5,134.85,0
55844,0,Mobile Phone,1,12,E Wallet,Male,4,1,Laptop & Accessory,1,Married,1,0,21,2,6,12,133.84,1
55845,24,Mobile Phone,2,18,Credit Card,Male,3,5,Mobile Phone,3,Single,10,0,15,6,10,9,210.45,0
55846,3,Computer,3,21,Credit Card,Male,3,2,Laptop & Accessory,3,Married,2,0,24,0,3,4,129.81,1
55847,2,Computer,2,20,Credit Card,Male,2,3,Fashion,2,Divorced,4,0,15,2,3,7,136.44,1
55848,15,Computer,1,14,Credit Card,Male,3,2,Mobile Phone,1,Married,1,1,22,0,3,3,168.74,0
55849,4,Mobile Phone,3,22,Debit Card,Male,2,3,Mobile Phone,4,Divorced,4,0,23,2,6,1,143.62,0
55850,8,Mobile Phone,1,14,E Wallet,Female,1,3,Fashion,3,Divorced,4,0,18,5,8,8,151.27,0
55851,2,Mobile Phone,1,23,E Wallet,Female,3,3,Fashion,3,Married,2,1,17,0,4,1,146.76,0
55852,38,Computer,2,31,Debit Card,Male,2,4,Fashion,5,Divorced,2,0,20,2,4,5,228.59,0
55853,22,Mobile Phone,2,6,E Wallet,Female,4,4,Mobile Phone,1,Single,4,0,25,0,2,15,178.72,0
55854,23,Phone,3,17,Credit Card,Female,3,2,Fashion,3,Single,2,1,21,2,5,5,182.31,0
55855,6,Mobile Phone,1,27,Debit Card,Male,3,1,Fashion,5,Divorced,7,1,20,4,5,7,159.24,1
55856,17,Mobile Phone,2,17,E Wallet,Male,4,5,Grocery,3,Married,2,1,21,3,6,0,166.01,0
55857,1,Computer,2,28,UPI,Female,2,1,Fashion,3,Married,2,0,24,2,5,14,126.87,0
55858,0,Mobile Phone,1,21,E Wallet,Male,5,4,Laptop & Accessory,1,Single,4,1,16,2,6,10,168.97,0
55859,0,Mobile Phone,3,13,E Wallet,Male,2,1,Mobile Phone,4,Married,1,1,14,4,7,3,151.21,0
55860,10,Mobile Phone,3,22,Credit Card,Male,4,5,Grocery,4,Married,3,1,11,0,2,10,135.87,0
55861,7,Mobile Phone,2,8,Debit Card,Female,4,1,Grocery,1,Married,3,0,17,2,5,8,153.6,1
55862,8,Phone,1,14,E Wallet,Male,1,1,Mobile Phone,3,Divorced,2,0,22,3,5,0,177.02,0
55863,0,Computer,3,16,Debit Card,Male,3,3,Mobile Phone,3,Married,7,0,23,4,6,8,136.11,0
55864,6,Mobile Phone,1,14,E Wallet,Male,3,3,Laptop & Accessory,3,Single,2,0,13,4,7,2,168.16,1
55865,15,Computer,1,9,Credit Card,Female,5,3,Laptop & Accessory,4,Single,2,0,20,2,5,5,147.37,0
55866,7,Mobile Phone,1,16,E Wallet,Male,2,3,Laptop & Accessory,1,Married,4,0,19,2,3,1,131.87,1
55867,15,Computer,1,14,Credit Card,Male,3,4,Others,2,Single,4,0,19,2,6,4,183.22,0
55868,3,Phone,3,10,UPI,Male,4,4,Fashion,4,Married,2,0,22,3,6,4,177.39,0
55869,20,Computer,2,32,UPI,Male,2,4,Mobile Phone,2,Married,1,0,25,1,4,7,202.64,0
55870,10,Mobile Phone,3,12,Debit Card,Female,4,2,Laptop & Accessory,4,Married,3,0,14,2,4,19,163.47,0
55871,2,Mobile Phone,1,13,Debit Card,Female,3,2,Mobile Phone,4,Single,2,1,20,3,4,18,167.88,1
55872,3,Mobile Phone,2,17,UPI,Male,3,3,Grocery,3,Divorced,2,0,18,1,3,8,152.43,0
55873,11,Computer,3,13,Credit Card,Male,1,4,Mobile Phone,4,Divorced,3,0,26,3,7,3,166.67,0
55874,21,Mobile Phone,3,15,Credit Card,Female,2,2,Laptop & Accessory,3,Married,9,0,19,0,4,5,184.74,0
55875,6,Mobile Phone,3,21,Debit Card,Female,3,2,Fashion,5,Married,4,0,19,2,5,8,126.21,0
55876,3,Phone,1,8,Credit Card,Female,2,5,Fashion,4,Single,5,0,24,1,5,8,127.51,0
55877,24,Mobile Phone,3,28,Debit Card,Female,5,1,Mobile Phone,2,Single,4,1,23,0,4,17,194.7,1
55878,13,Mobile Phone,1,13,UPI,Female,4,3,Fashion,3,Single,2,1,24,1,4,3,168.93,0
55879,7,Mobile Phone,2,9,Debit Card,Male,4,2,Fashion,3,Married,6,0,24,1,2,12,154.67,0
55880,8,Mobile Phone,2,13,Credit Card,Male,3,4,Laptop & Accessory,4,Divorced,5,0,11,2,3,5,141.51,0
55881,2,Mobile Phone,2,15,Debit Card,Male,3,4,Grocery,2,Single,4,0,11,1,2,14,140.02,0
55882,11,Mobile Phone,3,7,Credit Card,Male,4,2,Laptop & Accessory,5,Single,3,0,17,4,5,26,168.81,0
55883,5,Mobile Phone,2,20,COD,Male,2,3,Others,2,Single,2,1,22,1,2,2,160.15,0
55884,61,Mobile Phone,1,9,Debit Card,Male,3,4,Others,3,Single,2,0,19,1,3,5,286.0,0
55885,7,Computer,2,17,Debit Card,Male,3,3,Laptop & Accessory,1,Married,2,0,22,1,5,1,167.71,0
55886,7,Mobile Phone,2,18,Credit Card,Female,3,3,Fashion,3,Married,6,0,19,3,5,1,168.05,0
55887,10,Computer,1,14,E Wallet,Female,3,3,Others,1,Married,2,1,21,4,8,10,175.21,1
55888,29,Mobile Phone,1,12,COD,Female,3,3,Fashion,1,Married,6,0,12,0,1,9,163.86,0
55889,19,Mobile Phone,1,23,Debit Card,Female,3,5,Fashion,3,Married,2,1,15,1,2,5,185.1,0
55890,7,Phone,2,13,E Wallet,Female,2,2,Others,3,Married,5,1,12,3,6,1,148.42,1
55891,15,Mobile Phone,3,15,Credit Card,Female,4,2,Fashion,1,Single,2,0,14,0,1,8,177.96,0
55892,10,Mobile Phone,1,12,Debit Card,Female,4,5,Laptop & Accessory,5,Divorced,7,0,18,1,3,4,160.17,0
55893,8,Computer,2,12,Debit Card,Male,1,1,Mobile Phone,3,Single,5,0,14,1,3,4,171.38,0
55894,2,Computer,3,11,COD,Male,3,4,Mobile Phone,4,Married,4,0,15,2,5,7,116.9,0
55895,7,Mobile Phone,1,14,UPI,Male,2,5,Laptop & Accessory,5,Married,6,0,24,2,4,21,172.2,0
55896,3,Mobile Phone,3,15,Credit Card,Female,3,2,Laptop & Accessory,5,Married,3,0,16,2,3,23,115.23,1
55897,29,Computer,1,12,COD,Female,3,3,Laptop & Accessory,4,Divorced,1,0,19,1,4,4,223.08,0
55898,4,Computer,3,12,Debit Card,Female,1,2,Laptop & Accessory,1,Single,2,0,20,1,2,10,121.68,1
55899,36,Mobile Phone,1,26,Credit Card,Male,3,3,Laptop & Accessory,3,Married,1,0,14,2,6,7,231.04,0
55900,9,Mobile Phone,1,16,E Wallet,Male,2,3,Fashion,1,Single,1,0,11,1,3,14,152.03,0
55901,11,Mobile Phone,1,24,COD,Female,2,3,Mobile Phone,3,Single,3,1,20,1,5,9,160.0,1
55902,9,Mobile Phone,1,16,Credit Card,Female,1,2,Fashion,5,Single,8,0,17,3,7,12,173.95,0
55903,1,Mobile Phone,3,11,UPI,Female,4,3,Others,1,Married,2,1,12,5,9,1,152.14,1
55904,5,Mobile Phone,1,15,COD,Female,3,3,Fashion,4,Married,7,0,14,2,5,0,146.28,0
55905,1,Mobile Phone,2,18,Debit Card,Female,3,3,Fashion,2,Married,5,1,21,0,3,14,124.92,0
55906,11,Mobile Phone,1,10,Debit Card,Female,3,4,Fashion,2,Single,1,0,26,1,2,6,129.66,0
55907,7,Phone,3,9,Debit Card,Female,2,5,Mobile Phone,2,Single,5,0,25,2,6,15,146.18,1
55908,18,Mobile Phone,3,14,E Wallet,Male,3,4,Laptop & Accessory,3,Single,2,1,24,2,6,5,190.36,1
55909,2,Mobile Phone,2,9,Credit Card,Male,2,1,Others,4,Single,1,0,22,1,2,20,140.34,0
55910,2,Mobile Phone,1,5,Debit Card,Male,1,2,Mobile Phone,3,Married,1,0,23,1,5,6,142.48,1
55911,6,Phone,2,17,Credit Card,Male,3,1,Others,3,Married,3,0,14,0,4,5,164.81,0
55912,31,Computer,1,9,Credit Card,Female,2,3,Laptop & Accessory,2,Married,3,0,25,3,6,9,242.55,0
55913,14,Computer,1,15,E Wallet,Female,4,4,Laptop & Accessory,2,Single,1,0,20,1,3,5,176.91,1
55914,6,Mobile Phone,2,12,E Wallet,Female,3,1,Fashion,5,Single,4,0,12,1,3,4,134.39,1
55915,8,Computer,3,10,Debit Card,Male,2,2,Grocery,2,Married,1,0,14,2,6,2,177.27,0
55916,1,Mobile Phone,3,22,Credit Card,Male,3,1,Fashion,2,Married,4,0,20,0,4,3,123.87,1
55917,50,Mobile Phone,2,18,Debit Card,Female,2,3,Fashion,3,Single,1,0,14,1,5,5,258.63,0
55918,13,Computer,2,21,E Wallet,Female,4,5,Fashion,3,Married,2,0,16,0,2,17,158.54,1
55919,4,Computer,3,27,E Wallet,Male,3,3,Fashion,2,Married,5,0,17,1,2,15,135.16,0
55920,10,Computer,2,19,E Wallet,Female,4,3,Mobile Phone,1,Married,7,0,15,2,4,3,128.66,0
55921,1,Computer,2,12,Debit Card,Male,2,3,Mobile Phone,4,Single,1,0,20,1,3,11,122.64,0
55922,40,Phone,3,11,Credit Card,Male,2,4,Fashion,1,Single,5,0,19,1,2,6,210.92,0
55923,2,Mobile Phone,1,11,UPI,Female,2,4,Grocery,4,Divorced,3,0,21,1,4,2,141.07,0
55924,12,Mobile Phone,1,26,E Wallet,Male,1,2,Laptop & Accessory,2,Married,6,1,13,1,4,8,172.16,0
55925,3,Mobile Phone,2,10,UPI,Female,5,3,Laptop & Accessory,5,Single,2,0,24,2,3,7,128.06,0
55926,15,Computer,1,9,Debit Card,Female,3,3,Fashion,3,Divorced,4,0,11,1,4,4,158.51,1
55927,17,Mobile Phone,1,18,Debit Card,Male,2,4,Laptop & Accessory,1,Single,1,0,23,3,6,5,186.93,0
55928,13,Computer,2,12,Credit Card,Female,2,2,Laptop & Accessory,3,Married,2,1,15,1,5,4,194.77,0
55929,11,Mobile Phone,2,11,Credit Card,Female,2,4,Laptop & Accessory,5,Divorced,3,1,15,1,4,1,170.92,0
55930,26,Mobile Phone,3,13,Debit Card,Female,1,3,Mobile Phone,1,Divorced,2,0,11,1,2,1,190.57,0
55931,0,Mobile Phone,1,10,Credit Card,Female,2,2,Laptop & Accessory,3,Married,4,0,24,0,2,4,138.39,1
55932,4,Mobile Phone,1,35,E Wallet,Female,2,2,Laptop & Accessory,4,Married,1,0,14,1,3,2,122.14,0
55933,3,Computer,1,22,E Wallet,Female,3,1,Laptop & Accessory,1,Married,1,0,12,0,3,5,156.95,0
55934,53,Mobile Phone,2,25,Debit Card,Male,3,5,Fashion,2,Married,1,0,20,1,3,7,239.0,0
55935,5,Mobile Phone,3,21,COD,Female,3,2,Laptop & Accessory,1,Married,1,1,21,2,4,3,157.63,0
55936,15,Mobile Phone,2,15,Credit Card,Male,3,5,Fashion,3,Married,2,1,13,0,2,2,198.69,0
55937,13,Mobile Phone,1,31,Credit Card,Female,2,4,Laptop & Accessory,4,Married,6,1,19,3,7,9,166.36,0
55938,2,Mobile Phone,2,14,COD,Male,2,2,Laptop & Accessory,3,Single,4,0,26,3,4,13,140.77,1
55939,3,Mobile Phone,2,14,Debit Card,Female,2,2,Mobile Phone,1,Single,2,0,14,5,7,30,153.76,0
55940,3,Computer,1,28,Credit Card,Female,3,3,Laptop & Accessory,3,Single,2,0,26,0,2,3,133.87,0
55941,6,Mobile Phone,2,26,UPI,Female,4,5,Mobile Phone,5,Divorced,4,1,13,0,3,4,160.93,1
55942,3,Mobile Phone,2,11,Credit Card,Male,4,4,Fashion,3,Married,4,1,19,0,4,11,109.83,1
55943,0,Computer,3,26,E Wallet,Female,3,3,Laptop & Accessory,2,Divorced,3,0,19,0,3,4,135.79,1
55944,25,Mobile Phone,3,18,UPI,Female,3,3,Laptop & Accessory,2,Divorced,5,0,15,3,4,7,226.77,0
55945,40,Mobile Phone,3,10,Debit Card,Female,5,3,Laptop & Accessory,2,Single,3,0,19,1,4,2,227.31,0
55946,5,Mobile Phone,3,9,Debit Card,Male,3,5,Others,1,Single,2,0,12,1,2,11,160.34,0
55947,4,Mobile Phone,3,10,Credit Card,Male,4,6,Fashion,3,Married,4,0,25,3,6,4,112.21,1
55948,0,Computer,3,22,Credit Card,Female,3,2,Grocery,5,Single,2,0,15,1,4,6,133.64,0
55949,13,Mobile Phone,1,11,Debit Card,Male,1,5,Laptop & Accessory,4,Single,3,0,25,2,4,4,190.65,0
55950,20,Computer,2,17,Debit Card,Female,4,5,Grocery,3,Divorced,1,0,11,1,2,4,180.84,0
55951,1,Phone,3,17,UPI,Male,2,3,Fashion,5,Divorced,2,1,13,2,4,1,134.05,0
55952,2,Mobile Phone,2,11,Credit Card,Male,3,3,Mobile Phone,3,Single,1,1,11,1,3,7,138.24,1
55953,18,Mobile Phone,1,15,Debit Card,Female,2,4,Fashion,4,Married,7,1,22,4,5,5,159.28,0
55954,11,Mobile Phone,1,10,COD,Female,4,5,Laptop & Accessory,2,Divorced,1,0,18,3,4,4,154.78,1
55955,0,Mobile Phone,1,14,E Wallet,Female,2,3,Mobile Phone,2,Married,2,0,26,4,5,10,175.27,1
55956,11,Computer,1,12,Credit Card,Male,2,3,Mobile Phone,5,Married,2,1,11,3,7,7,171.95,0
55957,4,Computer,1,19,E Wallet,Female,3,2,Fashion,2,Married,2,0,18,4,8,6,151.91,0
55958,5,Mobile Phone,2,24,Credit Card,Male,3,2,Laptop & Accessory,3,Single,2,0,21,0,3,6,150.79,1
55959,17,Mobile Phone,3,8,E Wallet,Male,4,6,Others,2,Single,2,1,16,1,2,1,155.18,1
55960,19,Mobile Phone,3,9,Credit Card,Female,4,2,Grocery,3,Divorced,2,0,16,1,5,13,165.73,0
55961,6,Computer,3,23,Debit Card,Male,2,4,Fashion,3,Single,2,0,14,2,6,8,130.48,1
55962,35,Computer,3,12,Debit Card,Male,2,3,Others,4,Single,8,1,25,2,5,14,205.32,0
55963,6,Computer,2,29,Debit Card,Female,3,1,Mobile Phone,4,Single,2,1,19,2,3,5,121.89,1
55964,17,Mobile Phone,1,25,Credit Card,Male,3,2,Others,2,Married,2,0,26,1,2,5,187.35,0
55965,7,Computer,1,10,Credit Card,Female,4,1,Fashion,3,Married,2,0,15,3,4,3,157.93,0
55966,27,Mobile Phone,3,18,Debit Card,Female,3,6,Laptop & Accessory,5,Married,3,0,12,2,5,7,204.05,0
55967,28,Mobile Phone,1,14,UPI,Male,4,2,Mobile Phone,3,Single,8,0,17,1,5,2,203.31,0
55968,1,Mobile Phone,3,7,E Wallet,Male,2,4,Laptop & Accessory,3,Married,3,0,22,0,4,8,108.94,0
55969,33,Mobile Phone,1,10,Credit Card,Male,4,3,Fashion,1,Married,9,0,21,1,3,6,189.78,0
55970,20,Computer,3,12,COD,Female,2,3,Fashion,3,Single,2,0,11,2,4,1,195.35,0
55971,18,Computer,2,7,COD,Female,4,2,Fashion,5,Married,6,1,18,2,3,6,167.58,1
55972,2,Mobile Phone,3,9,Debit Card,Female,3,1,Mobile Phone,5,Divorced,2,0,11,1,4,11,126.16,0
55973,19,Phone,1,17,E Wallet,Male,4,4,Mobile Phone,4,Married,3,0,22,2,4,0,175.08,0
55974,22,Mobile Phone,1,10,UPI,Male,2,4,Others,2,Single,1,0,16,1,4,6,193.28,0
55975,4,Computer,2,15,Debit Card,Female,3,2,Laptop & Accessory,4,Married,1,1,11,1,5,5,162.82,0
55976,36,Computer,3,14,Debit Card,Female,4,4,Laptop & Accessory,3,Single,2,0,20,0,4,6,201.72,0
55977,0,Mobile Phone,2,9,Debit Card,Male,4,3,Fashion,3,Married,1,0,26,1,3,3,145.48,0
55978,1,Computer,3,23,Debit Card,Male,3,2,Fashion,4,Divorced,2,0,16,2,3,11,132.13,0
55979,9,Mobile Phone,3,7,COD,Male,3,4,Others,2,Divorced,2,0,23,0,2,1,143.84,0
55980,10,Mobile Phone,3,23,E Wallet,Male,2,3,Mobile Phone,3,Divorced,7,0,26,0,3,11,160.22,1
55981,12,Computer,2,11,Debit Card,Male,2,3,Laptop & Accessory,3,Married,1,1,20,2,5,1,169.21,0
55982,0,Computer,1,12,E Wallet,Female,2,2,Grocery,5,Married,3,1,20,4,6,14,110.63,0
55983,38,Computer,1,15,Debit Card,Female,4,3,Mobile Phone,1,Single,2,0,13,0,2,7,211.51,0
55984,0,Computer,3,15,Credit Card,Male,2,2,Laptop & Accessory,3,Divorced,1,0,23,3,6,1,142.75,0
55985,1,Mobile Phone,3,17,Credit Card,Male,2,2,Mobile Phone,2,Married,1,0,18,3,7,6,114.11,0
55986,0,Mobile Phone,3,18,Debit Card,Male,4,2,Mobile Phone,4,Married,5,0,15,0,4,2,137.76,0
55987,10,Phone,1,16,Credit Card,Female,4,3,Laptop & Accessory,2,Married,2,0,11,3,6,5,134.58,0
55988,32,Mobile Phone,1,17,E Wallet,Female,3,3,Laptop & Accessory,2,Married,4,0,15,1,5,9,212.89,0
55989,13,Computer,3,28,Debit Card,Male,3,1,Laptop & Accessory,4,Married,2,1,16,2,5,3,168.69,0
55990,20,Mobile Phone,1,7,UPI,Male,3,3,Grocery,2,Married,6,1,17,1,4,5,214.14,0
55991,0,Computer,3,13,Debit Card,Female,3,1,Mobile Phone,3,Divorced,4,0,13,4,8,3,142.01,0
55992,9,Mobile Phone,1,15,Credit Card,Male,1,5,Fashion,1,Married,2,0,16,4,5,5,158.39,1
55993,7,Phone,2,7,UPI,Male,3,4,Others,3,Single,5,0,24,3,6,11,156.76,0
55994,8,Computer,3,8,Debit Card,Female,3,4,Fashion,4,Single,1,1,19,1,4,8,172.58,1
55995,0,Phone,1,8,E Wallet,Female,2,2,Laptop & Accessory,3,Married,1,0,17,1,3,6,139.14,0
55996,13,Mobile Phone,1,10,Credit Card,Male,2,6,Mobile Phone,1,Single,3,0,11,1,2,7,147.09,0
55997,8,Computer,3,18,Credit Card,Male,4,5,Mobile Phone,4,Married,4,0,19,0,4,6,148.67,0
55998,17,Computer,2,9,Debit Card,Female,4,3,Fashion,2,Single,3,1,23,1,4,11,187.28,0
55999,7,Computer,3,11,E Wallet,Male,4,1,Others,5,Single,4,0,23,2,3,10,174.82,0
56000,1,Phone,3,15,Credit Card,Female,3,3,Laptop & Accessory,4,Single,2,0,26,6,10,8,146.87,0
56001,12,Mobile Phone,1,13,Credit Card,Female,3,2,Grocery,1,Divorced,5,0,21,2,5,4,170.93,0
56002,2,Mobile Phone,1,14,E Wallet,Female,2,3,Laptop & Accessory,5,Divorced,8,0,15,4,6,3,139.66,0
56003,24,Mobile Phone,2,22,COD,Male,2,6,Grocery,1,Single,2,0,11,2,3,11,208.6,0
56004,11,Mobile Phone,1,18,Credit Card,Male,2,4,Fashion,3,Married,2,1,20,2,5,23,176.05,1
56005,2,Phone,2,26,E Wallet,Male,2,2,Laptop & Accessory,2,Married,3,1,26,2,4,6,130.37,0
56006,39,Mobile Phone,3,9,COD,Female,3,3,Fashion,1,Married,2,0,17,0,4,2,239.22,0
56007,8,Mobile Phone,1,20,Debit Card,Male,4,5,Others,1,Single,1,0,15,2,3,6,113.51,0
56008,0,Mobile Phone,2,8,Credit Card,Female,4,2,Mobile Phone,1,Single,4,0,13,2,6,1,153.06,0
56009,11,Mobile Phone,1,7,Debit Card,Male,3,4,Laptop & Accessory,4,Single,3,0,23,2,3,11,133.52,0
56010,3,Mobile Phone,1,18,UPI,Female,3,1,Others,2,Single,1,1,26,4,5,6,141.84,1
56011,19,Mobile Phone,2,18,Debit Card,Female,2,3,Mobile Phone,1,Single,3,0,24,1,4,8,179.69,0
56012,20,Mobile Phone,3,10,Credit Card,Male,4,4,Mobile Phone,2,Divorced,10,1,20,1,3,10,184.86,0
56013,46,Mobile Phone,1,9,E Wallet,Male,3,3,Others,1,Divorced,3,0,25,1,2,9,227.06,0
56014,8,Phone,2,17,E Wallet,Female,3,3,Fashion,1,Divorced,6,1,22,1,4,4,154.51,1
56015,7,Mobile Phone,2,8,Credit Card,Female,2,3,Fashion,4,Married,5,0,13,0,4,12,151.92,0
56016,16,Mobile Phone,1,9,E Wallet,Male,4,3,Fashion,1,Married,1,1,23,2,5,2,187.54,0
56017,1,Phone,2,14,COD,Female,2,2,Fashion,5,Married,2,0,15,3,7,6,134.52,0
56018,9,Computer,3,27,UPI,Female,4,3,Grocery,2,Divorced,3,0,17,1,2,11,159.7,0
56019,9,Phone,2,15,E Wallet,Female,2,6,Laptop & Accessory,5,Single,3,0,20,2,4,3,130.72,1
56020,1,Phone,1,11,COD,Male,1,2,Others,4,Married,2,0,16,2,6,10,154.34,0
56021,6,Mobile Phone,2,18,UPI,Male,3,1,Mobile Phone,2,Divorced,1,0,23,1,2,12,129.03,0
56022,23,Computer,2,30,E Wallet,Male,1,3,Mobile Phone,2,Married,2,0,24,2,3,0,168.68,0
56023,23,Mobile Phone,1,18,COD,Male,1,3,Grocery,2,Married,3,0,24,4,7,10,213.4,0
56024,1,Mobile Phone,1,11,UPI,Female,3,2,Mobile Phone,2,Single,2,0,15,2,3,5,111.73,1
56025,1,Computer,1,10,Credit Card,Male,2,3,Fashion,2,Married,2,0,13,1,4,10,139.23,1
56026,3,Mobile Phone,1,39,Credit Card,Male,3,3,Mobile Phone,3,Married,5,0,23,1,4,6,139.75,1
56027,24,Computer,1,12,Debit Card,Male,3,4,Fashion,4,Single,2,0,14,0,3,2,206.9,0
56028,1,Computer,2,16,Debit Card,Male,2,3,Mobile Phone,2,Single,7,1,26,2,3,3,132.55,1
56029,15,Mobile Phone,1,22,E Wallet,Male,2,6,Laptop & Accessory,4,Divorced,1,1,21,1,5,10,172.5,0
56030,1,Computer,3,12,Credit Card,Female,1,4,Others,4,Married,1,0,20,1,4,6,119.61,1
56031,11,Mobile Phone,2,13,E Wallet,Male,3,3,Fashion,3,Single,2,0,25,0,4,9,166.36,0
56032,5,Mobile Phone,3,31,COD,Male,2,3,Laptop & Accessory,1,Single,1,0,22,0,2,13,137.93,1
56033,18,Computer,2,15,Credit Card,Male,1,4,Laptop & Accessory,3,Married,2,0,17,1,5,5,173.34,0
56034,3,Mobile Phone,1,21,Debit Card,Male,2,4,Mobile Phone,3,Divorced,3,0,12,4,7,11,135.17,0
56035,12,Computer,2,24,E Wallet,Male,1,3,Fashion,5,Divorced,2,0,19,2,5,7,183.05,1
56036,3,Mobile Phone,3,19,Debit Card,Male,4,2,Laptop & Accessory,5,Married,5,0,12,1,3,14,133.71,1
56037,15,Mobile Phone,1,11,E Wallet,Male,2,3,Others,1,Married,2,0,21,2,4,6,159.78,0
56038,24,Computer,1,10,Credit Card,Male,3,4,Others,1,Married,2,0,19,0,1,8,219.83,0
56039,1,Computer,1,28,E Wallet,Female,4,3,Grocery,4,Married,1,0,25,1,5,7,117.49,0
56040,24,Mobile Phone,1,13,Credit Card,Male,4,5,Laptop & Accessory,1,Single,2,1,24,0,4,5,177.83,0
56041,10,Mobile Phone,1,8,Debit Card,Male,3,4,Others,2,Single,1,0,26,2,5,13,157.44,0
56042,1,Computer,1,44,Debit Card,Male,4,3,Fashion,5,Married,2,0,25,5,9,6,147.29,1
56043,6,Mobile Phone,1,20,E Wallet,Female,3,2,Fashion,3,Married,4,0,14,2,3,7,129.58,0
56044,2,Computer,2,11,Credit Card,Female,3,2,Laptop & Accessory,4,Single,2,0,20,1,3,1,131.0,0
56045,14,Mobile Phone,1,14,Credit Card,Male,3,3,Fashion,2,Divorced,1,0,15,3,4,1,158.74,0
56046,17,Computer,2,9,Credit Card,Male,3,2,Mobile Phone,4,Married,2,0,16,3,5,4,173.33,0
56047,1,Phone,2,11,UPI,Male,3,1,Mobile Phone,3,Married,5,0,21,1,5,11,134.59,0
56048,8,Mobile Phone,2,8,COD,Female,4,2,Laptop & Accessory,4,Married,2,0,26,2,5,18,168.46,0
56049,20,Computer,1,5,Credit Card,Male,3,3,Mobile Phone,2,Married,3,0,19,2,3,1,171.42,0
56050,33,Computer,2,15,E Wallet,Female,4,4,Laptop & Accessory,1,Divorced,3,1,24,1,4,9,202.66,1
56051,8,Computer,1,22,Debit Card,Male,3,2,Laptop & Accessory,1,Married,8,1,11,0,2,16,163.15,0
56052,36,Mobile Phone,2,30,E Wallet,Female,4,3,Laptop & Accessory,4,Single,2,1,22,0,1,16,205.82,0
56053,9,Computer,2,29,Credit Card,Female,4,3,Grocery,4,Married,4,1,24,2,3,18,139.35,1
56054,6,Computer,1,19,E Wallet,Male,3,3,Fashion,1,Married,3,0,22,1,5,15,136.42,1
56055,22,Computer,1,18,Debit Card,Female,4,4,Grocery,3,Single,3,1,25,2,6,8,212.83,0
56056,8,Computer,1,24,UPI,Female,3,3,Mobile Phone,1,Single,5,0,15,1,2,5,154.2,0
56057,7,Mobile Phone,1,9,Debit Card,Male,2,3,Mobile Phone,1,Married,1,0,15,0,1,10,140.81,1
56058,8,Phone,1,9,COD,Female,1,5,Fashion,3,Married,5,0,22,1,3,14,118.71,0
56059,22,Mobile Phone,3,12,Debit Card,Female,2,2,Mobile Phone,2,Married,1,1,14,1,5,7,196.48,1
56060,21,Mobile Phone,1,12,Debit Card,Female,4,4,Mobile Phone,3,Divorced,4,1,17,4,6,5,176.18,0
56061,6,Mobile Phone,2,12,Credit Card,Female,1,3,Mobile Phone,4,Married,2,0,18,1,4,2,166.89,1
56062,4,Mobile Phone,2,13,UPI,Female,2,3,Laptop & Accessory,5,Married,3,1,16,4,5,2,167.35,0
56063,8,Mobile Phone,2,15,Credit Card,Female,2,1,Laptop & Accessory,2,Divorced,1,0,20,3,7,19,156.51,1
56064,10,Mobile Phone,3,17,Debit Card,Female,1,4,Fashion,3,Single,4,0,18,2,5,16,133.86,0
56065,3,Mobile Phone,3,15,UPI,Male,4,2,Fashion,2,Married,2,0,16,1,3,1,127.26,0
56066,18,Computer,3,11,Credit Card,Female,2,3,Fashion,4,Single,4,0,15,1,2,4,140.68,0
56067,7,Mobile Phone,3,10,Debit Card,Male,3,4,Laptop & Accessory,4,Married,3,0,13,3,4,20,169.52,0
56068,4,Mobile Phone,1,17,Credit Card,Male,2,3,Mobile Phone,4,Single,2,0,22,2,6,11,148.28,0
56069,1,Mobile Phone,2,26,E Wallet,Male,3,3,Others,3,Married,3,0,21,1,2,15,112.29,0
56070,3,Mobile Phone,3,14,E Wallet,Female,2,2,Grocery,3,Single,1,0,17,0,2,4,114.8,0
56071,35,Mobile Phone,2,12,E Wallet,Female,1,4,Fashion,2,Divorced,10,0,18,0,3,12,206.53,0
56072,4,Computer,3,14,UPI,Female,3,3,Others,4,Married,3,1,16,2,6,11,157.71,0
56073,2,Phone,1,17,UPI,Male,3,3,Fashion,4,Single,3,0,18,3,4,2,125.53,0
56074,7,Computer,2,10,E Wallet,Male,3,3,Mobile Phone,5,Single,6,0,13,2,3,0,165.91,0
56075,4,Computer,3,8,Debit Card,Male,1,2,Fashion,3,Single,2,1,19,5,8,4,156.67,0
56076,0,Mobile Phone,1,10,E Wallet,Male,3,3,Mobile Phone,4,Married,2,0,16,1,5,9,144.19,0
56077,4,Mobile Phone,3,14,COD,Male,4,3,Grocery,3,Married,3,1,11,3,6,2,140.85,1
56078,9,Mobile Phone,1,11,Credit Card,Male,1,3,Mobile Phone,4,Divorced,6,0,11,3,5,26,185.69,0
56079,9,Computer,2,10,E Wallet,Male,3,2,Fashion,3,Single,3,1,24,1,4,11,165.97,0
56080,5,Mobile Phone,3,12,E Wallet,Female,2,4,Laptop & Accessory,3,Married,1,0,15,6,9,4,153.43,1
56081,7,Computer,1,26,E Wallet,Male,4,4,Others,1,Married,5,0,26,1,2,12,147.86,0
56082,40,Mobile Phone,1,13,COD,Male,2,1,Laptop & Accessory,4,Divorced,2,1,25,2,5,5,207.13,0
56083,5,Mobile Phone,1,9,Credit Card,Male,4,3,Fashion,4,Married,5,0,20,2,6,5,143.09,0
56084,3,Phone,3,26,Credit Card,Female,4,1,Mobile Phone,2,Married,9,1,13,0,3,4,131.35,0
56085,3,Computer,3,21,Debit Card,Female,2,2,Laptop & Accessory,3,Married,4,0,17,0,4,4,153.04,0
56086,7,Computer,1,16,COD,Male,3,3,Mobile Phone,3,Married,2,0,26,4,5,1,183.03,0
56087,17,Computer,1,26,Debit Card,Female,3,2,Laptop & Accessory,2,Divorced,2,1,24,3,7,11,194.52,0
56088,2,Computer,3,17,COD,Female,3,3,Fashion,3,Single,4,0,24,3,7,6,128.07,0
56089,14,Computer,3,17,Debit Card,Male,3,4,Laptop & Accessory,3,Single,1,0,15,0,2,4,173.83,0
56090,0,Phone,1,14,Debit Card,Female,3,3,Laptop & Accessory,1,Single,4,1,24,3,6,1,134.93,1
56091,6,Mobile Phone,1,24,Credit Card,Female,4,2,Others,2,Married,2,0,26,2,5,1,149.79,0
56092,17,Computer,3,9,E Wallet,Male,2,3,Grocery,1,Single,1,0,18,1,2,2,143.89,1
56093,4,Computer,2,21,Credit Card,Female,1,3,Laptop & Accessory,4,Single,3,0,11,3,6,4,149.15,0
56094,9,Mobile Phone,3,43,Credit Card,Female,5,5,Laptop & Accessory,4,Married,3,0,18,2,4,5,143.15,0
56095,2,Computer,2,24,Credit Card,Female,3,3,Fashion,2,Married,3,1,23,2,4,6,125.35,1
56096,16,Phone,2,20,COD,Male,3,4,Mobile Phone,3,Single,2,0,23,3,4,7,213.28,0
56097,0,Mobile Phone,2,11,COD,Female,4,6,Laptop & Accessory,3,Married,6,1,13,3,6,2,112.56,0
56098,22,Mobile Phone,3,33,Credit Card,Male,3,3,Fashion,2,Divorced,1,0,18,2,4,11,228.81,0
56099,2,Mobile Phone,1,10,E Wallet,Female,2,2,Laptop & Accessory,4,Single,1,1,26,2,6,8,139.09,0
56100,24,Computer,1,15,E Wallet,Female,4,4,Fashion,4,Single,2,1,15,2,3,7,194.48,0
56101,5,Computer,1,15,E Wallet,Female,2,4,Laptop & Accessory,2,Married,2,0,25,1,3,9,150.69,1
56102,15,Mobile Phone,3,6,Debit Card,Male,1,4,Mobile Phone,3,Single,1,1,20,4,5,5,180.14,1
56103,4,Mobile Phone,2,17,Credit Card,Female,2,5,Laptop & Accessory,2,Married,9,0,21,5,7,10,118.75,0
56104,28,Mobile Phone,1,11,E Wallet,Male,4,2,Laptop & Accessory,1,Divorced,9,1,24,2,4,2,178.21,1
56105,1,Computer,2,6,Debit Card,Male,1,2,Fashion,2,Married,4,0,14,4,6,4,142.12,1
56106,2,Mobile Phone,1,22,Credit Card,Male,3,3,Fashion,4,Single,2,0,13,2,3,4,133.5,1
56107,8,Mobile Phone,1,14,Debit Card,Male,2,3,Laptop & Accessory,4,Married,2,0,23,2,5,5,171.45,0
56108,1,Computer,1,8,UPI,Female,3,4,Fashion,2,Divorced,5,1,12,2,3,6,88.56,1
56109,2,Mobile Phone,2,21,UPI,Male,3,2,Laptop & Accessory,1,Married,1,0,15,3,4,10,135.98,0
56110,34,Mobile Phone,3,10,Debit Card,Male,3,3,Laptop & Accessory,4,Married,1,0,23,0,3,2,200.54,0
56111,45,Mobile Phone,3,10,E Wallet,Male,2,5,Mobile Phone,3,Married,2,0,18,0,4,5,244.87,0
56112,5,Mobile Phone,3,19,Credit Card,Female,2,2,Others,1,Single,10,0,13,0,4,10,148.24,0
56113,30,Mobile Phone,2,7,E Wallet,Female,1,2,Others,4,Married,1,0,20,0,4,3,214.38,0
56114,9,Phone,3,15,Credit Card,Female,4,3,Mobile Phone,3,Married,3,0,18,1,4,5,169.87,0
56115,3,Computer,1,19,Credit Card,Male,3,1,Grocery,1,Single,5,1,19,3,5,2,151.21,0
56116,14,Computer,1,9,UPI,Female,2,2,Fashion,1,Single,1,1,25,3,7,8,169.49,1
56117,12,Phone,1,11,E Wallet,Female,4,3,Fashion,4,Married,1,0,19,3,5,2,179.34,0
56118,54,Mobile Phone,2,17,Debit Card,Female,4,1,Fashion,2,Married,2,0,19,9,10,13,296.08,0
56119,3,Mobile Phone,1,23,Debit Card,Female,2,3,Fashion,3,Single,3,1,18,0,4,8,134.08,1
56120,13,Mobile Phone,1,32,COD,Female,3,2,Mobile Phone,1,Divorced,2,1,16,1,5,1,189.77,1
56121,0,Computer,2,26,Debit Card,Female,2,4,Grocery,4,Married,3,0,22,0,4,6,168.68,1
56122,1,Computer,1,23,E Wallet,Male,3,3,Mobile Phone,1,Married,1,0,16,1,3,7,126.18,0
56123,0,Mobile Phone,2,18,Credit Card,Male,3,4,Fashion,4,Single,4,0,16,1,2,8,128.4,1
56124,61,Mobile Phone,2,10,Debit Card,Male,3,2,Grocery,3,Married,2,0,16,1,3,8,294.0,0
56125,19,Mobile Phone,1,21,E Wallet,Female,2,1,Fashion,1,Single,2,0,12,0,1,7,165.7,0
56126,18,Mobile Phone,1,13,COD,Male,1,3,Mobile Phone,3,Married,4,0,15,2,3,14,170.29,0
56127,8,Computer,1,9,Debit Card,Male,3,1,Mobile Phone,3,Married,2,0,19,0,3,5,159.46,0
56128,4,Mobile Phone,1,15,Debit Card,Female,5,4,Fashion,2,Married,3,1,22,3,4,17,164.39,0
56129,1,Phone,2,26,UPI,Male,3,2,Laptop & Accessory,4,Single,1,1,15,1,5,3,110.76,0
56130,4,Mobile Phone,3,9,Credit Card,Male,3,2,Fashion,4,Single,2,0,11,4,8,8,153.47,0
56131,5,Computer,1,45,E Wallet,Male,2,4,Mobile Phone,1,Married,1,0,19,0,1,8,140.74,1
56132,16,Phone,1,13,Credit Card,Female,3,4,Laptop & Accessory,2,Married,2,0,13,3,5,21,171.5,0
56133,9,Phone,3,10,Credit Card,Male,3,1,Others,2,Single,9,0,13,2,6,8,182.2,1
56134,0,Mobile Phone,1,12,Debit Card,Female,3,3,Mobile Phone,3,Married,2,0,25,3,6,46,141.84,0
56135,0,Mobile Phone,1,33,Credit Card,Female,4,3,Mobile Phone,1,Married,1,0,15,1,2,1,113.78,1
56136,1,Mobile Phone,2,12,Debit Card,Male,3,3,Mobile Phone,4,Divorced,9,0,15,0,4,13,146.86,1
56137,6,Mobile Phone,2,10,E Wallet,Female,4,2,Fashion,1,Married,2,0,12,1,5,2,124.92,0
56138,32,Computer,2,21,Credit Card,Female,2,4,Laptop & Accessory,2,Divorced,4,0,23,1,5,6,204.63,0
56139,12,Phone,3,22,UPI,Female,2,2,Fashion,4,Married,5,0,16,1,4,11,140.59,0
56140,19,Mobile Phone,1,7,COD,Female,2,3,Mobile Phone,4,Married,2,1,23,1,3,8,144.5,1
56141,7,Mobile Phone,2,25,COD,Male,4,4,Fashion,3,Married,3,0,19,4,6,2,158.62,0
56142,5,Mobile Phone,1,16,E Wallet,Male,3,2,Fashion,4,Single,1,0,24,4,5,13,148.78,1
56143,1,Computer,3,14,Credit Card,Male,2,1,Laptop & Accessory,3,Single,2,0,23,4,5,1,146.33,0
56144,25,Phone,3,12,Credit Card,Male,2,4,Fashion,3,Single,5,0,13,1,3,9,194.48,1
56145,18,Mobile Phone,1,11,E Wallet,Female,4,3,Mobile Phone,2,Married,5,0,15,3,6,5,150.8,0
56146,2,Mobile Phone,1,17,E Wallet,Female,2,3,Mobile Phone,5,Married,2,0,12,1,5,7,137.63,0
56147,8,Computer,1,10,Debit Card,Male,2,3,Mobile Phone,5,Single,1,0,16,0,2,38,160.95,0
56148,8,Computer,1,25,COD,Female,2,2,Fashion,5,Divorced,3,0,22,3,6,5,171.24,0
56149,11,Mobile Phone,1,52,Debit Card,Male,4,4,Laptop & Accessory,5,Married,1,0,13,0,2,10,176.11,0
56150,35,Computer,2,14,E Wallet,Male,2,2,Fashion,4,Married,5,0,22,2,4,14,192.82,0
56151,10,Phone,3,35,Credit Card,Female,2,2,Mobile Phone,5,Single,3,1,16,3,5,12,171.45,0
56152,9,Computer,1,17,Credit Card,Male,3,3,Laptop & Accessory,5,Divorced,2,0,13,3,6,14,150.04,0
56153,0,Computer,1,15,Credit Card,Male,3,4,Mobile Phone,2,Single,2,1,15,0,4,5,132.74,1
56154,0,Mobile Phone,1,19,Debit Card,Female,3,4,Fashion,4,Single,3,0,26,1,5,12,137.32,0
56155,2,Computer,1,17,COD,Female,4,1,Mobile Phone,3,Married,5,0,20,1,4,8,132.95,0
56156,0,Mobile Phone,1,19,COD,Male,5,4,Grocery,3,Married,3,0,20,3,6,7,139.0,0
56157,16,Mobile Phone,3,19,Credit Card,Female,3,3,Fashion,1,Married,1,0,15,3,4,5,189.96,0
56158,15,Mobile Phone,1,12,Debit Card,Male,2,3,Fashion,5,Divorced,3,0,17,1,5,7,165.03,0
56159,1,Mobile Phone,3,16,Debit Card,Male,3,5,Laptop & Accessory,2,Single,2,0,22,2,6,1,141.67,0
56160,21,Mobile Phone,2,19,Debit Card,Female,2,2,Mobile Phone,2,Single,3,0,14,2,3,7,168.62,0
56161,2,Mobile Phone,2,21,E Wallet,Male,3,3,Grocery,4,Single,1,0,14,4,7,2,154.91,1
56162,4,Computer,1,10,Credit Card,Female,2,3,Fashion,1,Single,1,0,15,4,5,2,147.69,1
56163,3,Computer,2,13,Credit Card,Male,3,3,Laptop & Accessory,2,Divorced,4,0,19,1,3,5,142.03,1
56164,5,Mobile Phone,2,12,Credit Card,Male,4,4,Grocery,3,Single,3,1,19,1,2,9,152.35,1
56165,3,Mobile Phone,1,8,UPI,Male,2,3,Mobile Phone,5,Married,2,1,20,1,2,6,146.58,0
56166,8,Computer,1,16,Debit Card,Male,3,3,Others,3,Divorced,7,0,26,2,4,5,155.73,0
56167,6,Mobile Phone,3,17,Credit Card,Female,3,3,Mobile Phone,2,Divorced,1,1,14,0,2,5,132.17,0
56168,51,Phone,1,29,E Wallet,Female,3,3,Fashion,3,Married,6,0,24,1,2,6,265.69,0
56169,0,Mobile Phone,2,11,COD,Male,3,3,Fashion,3,Single,5,0,23,1,5,7,126.49,0
56170,1,Computer,1,14,E Wallet,Male,2,2,Laptop & Accessory,5,Married,3,0,22,2,3,4,108.03,1
56171,0,Mobile Phone,1,24,Credit Card,Female,4,2,Fashion,4,Single,3,1,23,1,5,7,137.06,1
56172,11,Computer,1,19,E Wallet,Male,3,2,Laptop & Accessory,4,Single,1,0,25,3,6,16,152.28,0
56173,0,Computer,1,33,COD,Female,3,4,Grocery,3,Divorced,2,0,15,1,3,11,144.38,0
56174,21,Phone,2,18,UPI,Female,4,4,Others,5,Married,3,1,17,5,8,9,200.95,1
56175,8,Phone,2,15,Debit Card,Male,5,3,Laptop & Accessory,5,Divorced,2,0,22,0,2,8,177.49,1
56176,8,Mobile Phone,3,12,Credit Card,Male,3,5,Grocery,4,Divorced,6,0,17,4,6,12,183.65,0
56177,9,Computer,3,10,E Wallet,Female,2,2,Laptop & Accessory,4,Married,1,0,11,1,3,14,151.62,0
56178,2,Mobile Phone,1,16,E Wallet,Female,4,4,Mobile Phone,5,Married,2,0,25,3,6,7,150.09,1
56179,2,Computer,2,13,Credit Card,Female,3,2,Laptop & Accessory,2,Married,6,0,13,2,6,8,166.81,0
56180,4,Mobile Phone,3,15,Credit Card,Male,1,1,Laptop & Accessory,5,Single,1,0,26,0,4,6,138.22,0
56181,10,Computer,2,29,E Wallet,Female,2,1,Fashion,1,Married,3,0,16,0,4,17,141.65,0
56182,2,Phone,2,18,Credit Card,Male,4,3,Grocery,5,Single,4,0,21,4,7,2,134.05,1
56183,1,Mobile Phone,3,8,Credit Card,Female,3,4,Grocery,2,Divorced,2,1,11,3,4,12,122.39,0
56184,42,Mobile Phone,1,10,UPI,Male,4,4,Laptop & Accessory,3,Divorced,5,0,23,2,4,18,227.62,0
56185,0,Mobile Phone,3,14,Credit Card,Female,2,3,Grocery,3,Married,1,0,20,3,7,16,119.11,0
56186,19,Computer,1,13,E Wallet,Male,2,1,Laptop & Accessory,5,Married,9,0,11,0,1,2,189.15,0
56187,18,Mobile Phone,2,27,UPI,Female,2,1,Mobile Phone,2,Married,3,0,19,1,4,5,176.4,0
56188,4,Phone,1,15,E Wallet,Male,5,5,Laptop & Accessory,3,Single,2,1,25,3,6,4,135.23,0
56189,1,Computer,3,12,Credit Card,Male,2,1,Others,1,Single,1,1,21,0,2,5,115.65,1
56190,1,Computer,2,24,Debit Card,Female,3,4,Fashion,3,Divorced,3,0,23,3,7,2,150.74,1
56191,14,Computer,2,15,E Wallet,Male,3,1,Mobile Phone,3,Single,3,0,24,3,6,9,156.57,0
56192,12,Mobile Phone,3,6,COD,Male,3,2,Mobile Phone,3,Married,2,0,26,5,7,10,203.9,0
56193,18,Phone,3,13,UPI,Male,3,2,Mobile Phone,1,Married,6,0,25,4,5,6,171.78,1
56194,33,Computer,3,19,E Wallet,Female,3,2,Mobile Phone,4,Married,2,0,14,0,3,6,212.17,0
56195,14,Phone,1,12,Credit Card,Female,1,3,Fashion,3,Single,3,0,11,3,6,6,148.36,0
56196,2,Mobile Phone,3,19,Debit Card,Female,3,2,Grocery,3,Married,1,1,18,0,4,7,124.88,1
56197,3,Computer,2,23,E Wallet,Male,2,5,Laptop & Accessory,3,Married,3,0,18,2,3,12,145.23,0
56198,22,Mobile Phone,2,20,Debit Card,Female,1,1,Grocery,3,Divorced,4,1,21,4,7,8,208.37,0
56199,2,Computer,3,16,UPI,Female,2,4,Grocery,2,Married,4,0,13,1,4,11,153.6,1
56200,0,Computer,1,16,Credit Card,Male,2,3,Grocery,1,Single,3,0,19,3,7,1,126.71,1
56201,14,Computer,1,12,Credit Card,Male,3,1,Others,1,Single,5,1,15,1,5,11,171.63,1
56202,6,Computer,2,11,Debit Card,Male,4,2,Others,3,Single,7,1,20,0,3,4,147.04,1
56203,30,Mobile Phone,3,19,Credit Card,Male,3,3,Laptop & Accessory,1,Divorced,2,0,16,1,2,4,209.9,0
56204,12,Phone,2,12,E Wallet,Female,3,2,Grocery,3,Single,2,0,14,3,4,20,164.9,1
56205,1,Phone,2,11,Credit Card,Male,2,3,Grocery,5,Divorced,3,0,23,0,2,9,148.35,0
56206,35,Mobile Phone,2,14,E Wallet,Female,5,3,Mobile Phone,1,Married,10,0,26,0,2,2,216.63,0
56207,3,Phone,2,14,E Wallet,Female,4,3,Fashion,4,Married,1,0,17,2,5,9,145.42,0
56208,4,Mobile Phone,3,17,Credit Card,Male,4,3,Others,3,Married,2,1,13,2,6,0,135.34,0
56209,6,Computer,1,9,Credit Card,Male,2,1,Laptop & Accessory,5,Married,3,1,17,5,9,1,203.06,0
56210,0,Mobile Phone,2,14,UPI,Male,3,4,Mobile Phone,4,Married,9,0,25,1,2,4,113.48,1
56211,8,Phone,3,13,Debit Card,Male,2,2,Others,1,Married,5,0,13,1,5,12,157.07,0
56212,1,Mobile Phone,2,19,E Wallet,Female,3,2,Mobile Phone,2,Married,2,1,19,4,6,1,155.88,0
56213,6,Mobile Phone,1,21,Credit Card,Male,1,2,Laptop & Accessory,3,Single,4,0,12,2,6,5,175.42,0
56214,5,Mobile Phone,1,15,E Wallet,Female,2,2,Others,2,Married,2,1,12,4,5,10,151.7,0
56215,17,Mobile Phone,3,17,Credit Card,Female,5,3,Others,4,Single,3,0,20,2,3,1,169.6,0
56216,19,Computer,1,14,Debit Card,Female,3,3,Grocery,2,Married,1,1,22,3,4,5,178.88,1
56217,1,Mobile Phone,1,24,COD,Male,1,2,Fashion,4,Married,2,0,23,2,4,8,156.1,0
56218,5,Computer,1,24,Debit Card,Female,4,1,Mobile Phone,2,Single,4,0,17,0,4,10,165.91,0
56219,5,Phone,2,11,Debit Card,Male,1,1,Grocery,2,Single,2,0,24,0,3,2,146.91,0
56220,1,Computer,3,8,Credit Card,Female,3,3,Mobile Phone,5,Married,4,0,17,3,6,11,145.77,0
56221,19,Computer,3,20,COD,Male,3,4,Mobile Phone,3,Married,2,0,25,2,3,4,157.76,0
56222,14,Mobile Phone,1,9,Debit Card,Male,1,3,Laptop & Accessory,3,Married,1,1,23,3,7,8,190.11,0
56223,2,Mobile Phone,2,25,Credit Card,Male,3,4,Mobile Phone,1,Married,6,0,16,3,5,3,138.4,1
56224,5,Mobile Phone,3,9,Credit Card,Male,1,2,Laptop & Accessory,2,Single,2,0,13,2,5,6,134.94,0
56225,1,Mobile Phone,1,21,Credit Card,Male,1,2,Mobile Phone,1,Married,4,1,17,1,4,1,94.38,0
56226,11,Phone,1,15,E Wallet,Male,1,4,Fashion,2,Married,3,0,14,2,3,6,148.75,0
56227,1,Mobile Phone,3,34,Credit Card,Male,2,4,Mobile Phone,2,Single,4,0,18,2,6,6,146.41,1
56228,51,Phone,2,25,Credit Card,Male,4,3,Fashion,1,Divorced,3,0,22,0,3,5,260.36,0
56229,18,Mobile Phone,2,8,Debit Card,Female,2,4,Mobile Phone,5,Single,3,0,21,1,2,5,170.52,0
56230,5,Computer,1,10,COD,Female,3,3,Laptop & Accessory,1,Single,5,0,22,3,6,2,140.59,0
56231,10,Mobile Phone,3,19,Debit Card,Female,2,3,Fashion,5,Married,3,1,12,1,2,8,147.55,1
56232,29,Mobile Phone,2,23,E Wallet,Male,4,3,Laptop & Accessory,3,Single,5,1,24,1,2,6,202.01,0
56233,9,Computer,3,9,UPI,Male,3,3,Others,2,Single,2,0,15,0,3,13,163.74,1
56234,2,Mobile Phone,3,21,Debit Card,Female,1,3,Grocery,3,Married,8,0,24,0,3,1,149.18,0
56235,5,Computer,3,16,Debit Card,Female,3,2,Others,5,Single,1,0,11,3,5,4,147.02,0
56236,22,Computer,3,17,Credit Card,Male,2,5,Laptop & Accessory,5,Married,2,0,21,2,6,9,201.94,0
56237,12,Mobile Phone,1,10,E Wallet,Female,2,5,Mobile Phone,3,Single,1,0,19,0,4,6,164.76,1
56238,12,Phone,3,30,E Wallet,Female,3,2,Laptop & Accessory,4,Married,2,0,14,2,5,5,156.18,0
56239,24,Mobile Phone,1,17,UPI,Female,2,3,Mobile Phone,1,Single,1,0,25,4,5,6,175.58,0
56240,26,Computer,3,13,Credit Card,Male,2,4,Laptop & Accessory,3,Divorced,3,0,20,3,5,14,219.3,0
56241,30,Mobile Phone,1,13,COD,Female,3,1,Grocery,2,Divorced,1,1,23,2,4,7,212.65,0
56242,1,Computer,2,13,Credit Card,Male,2,2,Laptop & Accessory,2,Single,3,0,24,1,2,14,111.73,1
56243,9,Mobile Phone,1,17,UPI,Male,2,3,Laptop & Accessory,3,Married,6,0,24,2,3,3,173.29,1
56244,16,Mobile Phone,3,15,Credit Card,Female,3,1,Laptop & Accessory,5,Married,1,1,26,2,6,18,187.99,1
56245,16,Mobile Phone,1,8,Debit Card,Male,1,4,Fashion,4,Single,4,1,19,0,4,6,214.28,0
56246,11,Mobile Phone,2,8,Credit Card,Male,4,4,Fashion,3,Married,2,0,26,2,4,2,177.09,0
56247,2,Mobile Phone,3,21,Debit Card,Female,3,4,Laptop & Accessory,3,Divorced,1,0,11,4,5,5,140.03,0
56248,19,Computer,2,18,Debit Card,Male,1,4,Fashion,5,Married,5,0,18,1,4,7,166.67,0
56249,15,Computer,1,29,Credit Card,Female,2,3,Grocery,1,Married,3,0,24,0,1,6,143.06,0
56250,1,Mobile Phone,2,9,Debit Card,Female,5,2,Mobile Phone,4,Married,1,1,20,4,6,4,148.12,0
56251,7,Mobile Phone,1,15,Credit Card,Male,3,1,Fashion,2,Married,3,0,24,3,7,7,165.67,0
56252,2,Mobile Phone,2,15,Debit Card,Female,2,4,Mobile Phone,2,Divorced,8,1,20,2,6,1,141.99,1
56253,4,Mobile Phone,3,6,Credit Card,Male,2,4,Mobile Phone,2,Married,5,1,17,2,4,6,149.07,1
56254,0,Mobile Phone,2,14,COD,Male,3,3,Laptop & Accessory,3,Divorced,3,0,16,2,5,3,128.07,0
56255,6,Mobile Phone,1,19,Credit Card,Male,2,4,Laptop & Accessory,2,Single,7,0,21,2,6,5,146.15,1
56256,9,Phone,1,24,Debit Card,Female,3,1,Others,3,Married,5,0,15,2,4,3,162.75,0
56257,11,Computer,3,9,Credit Card,Female,3,2,Mobile Phone,1,Married,2,0,20,1,3,11,146.58,0
56258,13,Mobile Phone,1,18,E Wallet,Male,4,2,Laptop & Accessory,2,Married,3,1,15,2,6,5,176.44,0
56259,21,Mobile Phone,2,8,Credit Card,Female,2,2,Fashion,4,Single,6,0,25,0,1,5,169.8,0
56260,2,Computer,2,12,Credit Card,Male,1,4,Others,3,Single,1,0,12,2,6,5,127.73,0
56261,1,Mobile Phone,3,16,E Wallet,Male,5,4,Mobile Phone,4,Single,2,0,13,2,5,8,136.61,1
56262,22,Computer,3,15,Debit Card,Female,3,3,Laptop & Accessory,3,Single,2,0,11,3,5,11,190.47,0
56263,2,Phone,1,8,Credit Card,Male,1,3,Others,5,Single,2,1,11,1,2,1,141.23,0
56264,44,Computer,2,9,Debit Card,Female,2,3,Fashion,3,Married,1,1,14,3,7,1,256.39,0
56265,22,Mobile Phone,2,10,Debit Card,Male,3,4,Fashion,3,Married,3,1,21,1,4,8,203.22,0
56266,8,Computer,1,17,Debit Card,Male,3,3,Fashion,2,Married,3,0,12,2,4,1,167.48,0
56267,47,Phone,1,14,Credit Card,Male,2,2,Mobile Phone,3,Single,3,0,12,2,3,4,232.49,0
56268,1,Computer,2,12,UPI,Female,4,3,Fashion,4,Married,2,0,13,1,5,1,148.19,0
56269,4,Computer,1,18,Credit Card,Male,2,3,Laptop & Accessory,4,Divorced,4,1,26,1,2,6,135.55,1
56270,12,Mobile Phone,3,17,Credit Card,Male,1,3,Grocery,2,Divorced,4,0,17,1,4,8,177.26,0
56271,5,Mobile Phone,1,11,Credit Card,Female,1,4,Mobile Phone,5,Divorced,1,0,25,0,2,10,129.72,1
56272,31,Computer,1,16,Credit Card,Female,4,3,Fashion,3,Married,1,0,13,2,6,14,203.79,0
56273,0,Phone,1,17,Credit Card,Female,5,3,Grocery,2,Married,1,0,21,1,5,23,116.93,0
56274,9,Computer,1,10,UPI,Male,2,3,Laptop & Accessory,5,Married,4,0,15,2,6,8,171.51,0
56275,10,Computer,2,12,Debit Card,Female,1,2,Fashion,3,Single,1,0,25,1,5,9,153.32,0
56276,12,Mobile Phone,1,13,E Wallet,Male,4,1,Mobile Phone,2,Single,8,1,21,1,5,4,158.22,1
56277,3,Mobile Phone,3,19,UPI,Female,2,4,Mobile Phone,4,Married,4,1,18,1,2,8,151.75,1
56278,5,Mobile Phone,3,20,Credit Card,Male,2,3,Fashion,3,Married,3,0,13,3,5,4,151.23,0
56279,22,Mobile Phone,3,18,E Wallet,Female,4,1,Others,2,Divorced,1,1,13,3,4,16,194.07,0
56280,2,Computer,1,8,Credit Card,Male,5,5,Grocery,4,Single,1,0,11,1,2,1,100.3,1
56281,21,Mobile Phone,3,10,Credit Card,Female,3,2,Laptop & Accessory,5,Single,3,0,21,0,1,4,186.1,0
56282,9,Computer,1,19,Debit Card,Female,2,3,Fashion,1,Single,2,0,25,4,7,4,173.62,1
56283,17,Computer,2,20,Debit Card,Female,4,3,Mobile Phone,3,Married,2,0,17,5,8,7,202.74,0
56284,15,Mobile Phone,2,15,Debit Card,Female,2,3,Mobile Phone,3,Married,1,0,14,1,4,11,188.61,0
56285,2,Mobile Phone,1,14,E Wallet,Male,2,2,Laptop & Accessory,4,Married,2,1,14,3,7,9,153.42,0
56286,10,Computer,3,22,Credit Card,Male,3,4,Grocery,2,Married,3,0,11,1,5,4,134.97,1
56287,24,Phone,1,7,E Wallet,Male,4,2,Fashion,2,Single,2,0,13,2,5,12,191.03,0
56288,6,Computer,2,12,Debit Card,Male,2,3,Grocery,4,Divorced,2,0,16,4,6,3,160.23,0
56289,40,Mobile Phone,1,26,UPI,Female,3,4,Laptop & Accessory,4,Married,6,1,18,2,6,1,238.67,0
56290,7,Mobile Phone,3,26,Credit Card,Male,3,1,Laptop & Accessory,2,Married,2,1,15,0,3,2,144.56,1
56291,1,Mobile Phone,3,9,Debit Card,Female,4,4,Grocery,1,Married,6,1,24,4,7,14,158.04,1
56292,5,Mobile Phone,1,11,Credit Card,Male,3,3,Grocery,4,Divorced,1,0,24,1,2,8,127.87,0
56293,36,Computer,2,18,COD,Female,4,2,Laptop & Accessory,4,Married,5,0,17,1,4,19,218.08,0
56294,4,Computer,3,14,Credit Card,Male,3,3,Fashion,5,Married,3,0,15,1,4,8,140.74,0
56295,24,Mobile Phone,2,17,Credit Card,Male,3,3,Laptop & Accessory,1,Married,3,0,16,3,5,18,228.91,0
56296,25,Mobile Phone,2,8,Credit Card,Male,2,1,Laptop & Accessory,3,Divorced,3,0,24,0,1,0,155.68,0
56297,5,Mobile Phone,2,22,Credit Card,Male,4,3,Mobile Phone,2,Married,4,1,22,1,5,1,168.18,0
56298,1,Phone,1,15,Debit Card,Female,3,5,Others,4,Single,5,1,22,0,2,11,111.92,1
56299,15,Mobile Phone,2,13,Credit Card,Male,3,3,Fashion,2,Single,1,0,24,0,2,10,163.4,1
56300,4,Computer,2,20,Credit Card,Male,4,2,Mobile Phone,2,Married,2,1,11,1,5,8,153.71,0
56301,18,Mobile Phone,2,16,E Wallet,Female,2,3,Laptop & Accessory,4,Divorced,3,0,13,1,5,10,185.84,0
56302,7,Computer,3,18,Debit Card,Male,3,4,Laptop & Accessory,4,Married,7,1,16,1,5,2,151.11,1
56303,7,Mobile Phone,1,15,Credit Card,Male,3,2,Laptop & Accessory,5,Married,1,0,25,1,5,5,168.02,0
56304,18,Mobile Phone,1,12,E Wallet,Male,2,3,Laptop & Accessory,1,Married,2,0,19,0,3,9,172.32,0
56305,5,Computer,1,19,Credit Card,Female,2,3,Laptop & Accessory,4,Married,4,0,14,1,4,12,139.13,0
56306,7,Computer,1,24,Credit Card,Female,4,3,Fashion,5,Single,6,0,12,1,5,0,156.04,0
56307,5,Mobile Phone,1,25,E Wallet,Male,4,4,Mobile Phone,1,Single,5,0,14,5,8,3,152.12,0
56308,5,Mobile Phone,3,13,Credit Card,Female,4,3,Laptop & Accessory,5,Single,8,0,24,2,4,7,140.44,0
56309,8,Mobile Phone,1,9,Credit Card,Male,3,3,Fashion,5,Married,3,0,26,0,4,12,167.84,0
56310,19,Mobile Phone,2,19,UPI,Male,2,3,Others,2,Married,4,0,15,5,6,9,191.12,0
56311,5,Computer,1,11,COD,Male,2,4,Fashion,2,Single,5,0,16,2,4,2,136.71,0
56312,8,Phone,2,13,Debit Card,Male,3,3,Laptop & Accessory,2,Married,2,1,19,0,2,7,149.92,0
56313,13,Mobile Phone,3,20,UPI,Male,4,3,Mobile Phone,5,Married,1,1,19,4,5,3,134.16,1
56314,3,Mobile Phone,1,13,Credit Card,Female,2,2,Grocery,1,Divorced,1,0,11,3,5,7,143.57,0
56315,3,Mobile Phone,3,9,Credit Card,Female,4,4,Laptop & Accessory,3,Married,6,1,15,4,5,20,150.05,1
56316,32,Mobile Phone,3,14,UPI,Male,2,2,Mobile Phone,3,Married,1,0,20,5,6,9,224.0,0
56317,15,Mobile Phone,2,20,COD,Male,2,2,Mobile Phone,4,Married,2,0,24,0,1,3,140.91,1
56318,10,Computer,1,20,Debit Card,Female,4,4,Mobile Phone,2,Married,5,1,11,0,1,8,144.98,1
56319,12,Mobile Phone,2,29,Credit Card,Male,3,2,Fashion,3,Married,2,1,12,1,4,1,170.97,0
56320,0,Computer,3,14,UPI,Female,2,4,Mobile Phone,3,Divorced,1,0,12,3,6,11,148.84,0
56321,11,Computer,1,14,Credit Card,Female,4,3,Laptop & Accessory,3,Married,1,1,13,1,2,5,160.66,0
56322,8,Phone,2,18,Debit Card,Female,4,2,Mobile Phone,2,Single,1,0,22,1,5,4,152.61,1
56323,9,Phone,1,9,COD,Male,4,4,Mobile Phone,5,Married,3,0,18,1,2,10,129.93,0
56324,5,Computer,1,24,Debit Card,Female,3,2,Others,4,Single,2,0,18,3,4,10,126.57,1
56325,1,Phone,3,20,E Wallet,Male,2,3,Fashion,4,Single,1,0,11,1,2,3,139.97,0
56326,2,Mobile Phone,2,15,Credit Card,Male,4,4,Grocery,2,Married,1,0,21,1,4,1,151.48,0
56327,36,Mobile Phone,1,16,Credit Card,Male,3,3,Fashion,1,Single,5,0,20,2,3,3,202.67,0
56328,6,Mobile Phone,2,21,Debit Card,Female,4,4,Laptop & Accessory,5,Married,1,0,15,2,4,4,140.19,0
56329,7,Computer,1,35,Debit Card,Male,2,5,Mobile Phone,5,Married,3,0,16,2,3,9,150.81,0
56330,0,Phone,1,15,Debit Card,Male,5,3,Fashion,3,Single,2,0,26,0,3,8,133.42,0
56331,0,Mobile Phone,2,11,E Wallet,Male,2,2,Fashion,3,Single,2,1,25,0,4,3,138.28,1
56332,15,Computer,2,13,E Wallet,Male,2,4,Fashion,3,Single,1,0,20,4,6,4,177.3,0
56333,9,Computer,1,22,E Wallet,Male,2,3,Others,2,Divorced,3,0,11,5,6,4,147.11,1
56334,8,Phone,1,17,E Wallet,Female,5,3,Laptop & Accessory,3,Single,5,1,24,4,6,12,167.75,1
56335,3,Computer,2,27,Debit Card,Male,1,3,Others,5,Divorced,3,0,15,1,2,7,143.45,0
56336,16,Phone,3,8,COD,Male,3,4,Laptop & Accessory,1,Divorced,2,0,22,3,6,11,165.47,0
56337,2,Mobile Phone,3,14,Debit Card,Male,2,3,Others,4,Single,2,0,13,2,4,0,152.36,0
56338,2,Mobile Phone,1,22,Credit Card,Male,2,2,Laptop & Accessory,1,Married,2,0,23,2,3,4,89.92,1
56339,7,Mobile Phone,2,8,E Wallet,Male,3,4,Fashion,5,Married,2,0,25,2,3,4,139.89,0
56340,4,Mobile Phone,3,7,Debit Card,Female,4,4,Fashion,1,Single,3,0,12,2,3,10,161.01,1
56341,3,Mobile Phone,2,21,Debit Card,Female,2,1,Grocery,3,Married,2,0,21,3,5,27,166.24,1
56342,12,Computer,3,12,UPI,Female,3,2,Mobile Phone,3,Married,3,0,15,2,3,6,165.84,0
56343,12,Computer,3,19,Credit Card,Female,3,5,Laptop & Accessory,3,Married,1,0,19,2,4,14,170.65,1
56344,20,Computer,1,9,E Wallet,Male,2,2,Fashion,3,Married,2,0,17,1,5,3,193.0,0
56345,6,Mobile Phone,1,13,UPI,Male,4,2,Fashion,4,Married,4,0,15,5,6,4,154.72,1
56346,0,Mobile Phone,1,17,COD,Female,3,3,Laptop & Accessory,4,Single,4,0,21,2,4,7,141.05,0
56347,3,Mobile Phone,1,9,Debit Card,Male,5,2,Mobile Phone,1,Divorced,4,0,14,5,8,9,150.97,1
56348,46,Mobile Phone,3,9,Debit Card,Male,2,3,Laptop & Accessory,4,Single,2,0,24,3,7,17,267.8,0
56349,10,Computer,3,15,E Wallet,Female,1,2,Others,1,Divorced,2,1,24,0,2,7,141.91,1
56350,14,Mobile Phone,1,8,Debit Card,Male,3,3,Grocery,4,Married,1,0,15,2,3,22,168.98,0
56351,0,Mobile Phone,2,11,Credit Card,Male,4,6,Grocery,4,Married,7,0,13,1,4,5,113.94,0
56352,8,Computer,2,21,Credit Card,Male,2,3,Laptop & Accessory,2,Divorced,5,1,13,1,4,2,137.15,0
56353,0,Mobile Phone,1,18,Credit Card,Female,2,1,Fashion,2,Divorced,7,0,19,2,5,8,140.15,1
56354,10,Phone,2,20,E Wallet,Female,3,4,Laptop & Accessory,1,Single,3,1,20,1,4,17,145.74,1
56355,30,Mobile Phone,3,17,UPI,Female,2,3,Fashion,2,Married,3,0,16,5,6,10,218.17,1
56356,41,Phone,1,5,Debit Card,Male,4,3,Grocery,3,Married,5,0,17,3,4,5,206.89,0
56357,9,Mobile Phone,1,9,Credit Card,Female,2,5,Fashion,3,Married,2,0,17,0,1,3,124.78,0
56358,7,Computer,1,11,Credit Card,Male,3,2,Others,2,Single,2,0,26,1,3,4,148.17,0
56359,34,Mobile Phone,1,27,Credit Card,Male,4,3,Mobile Phone,3,Married,3,0,17,0,3,7,191.79,0
56360,13,Computer,1,21,Debit Card,Male,2,2,Fashion,3,Single,1,0,14,2,6,8,164.9,0
56361,0,Mobile Phone,2,25,Credit Card,Female,4,1,Mobile Phone,1,Single,4,0,18,2,5,6,135.79,1
56362,7,Mobile Phone,2,24,COD,Male,2,3,Grocery,2,Single,2,1,13,1,2,11,148.52,1
56363,3,Computer,3,21,E Wallet,Male,3,5,Fashion,5,Married,4,0,20,3,5,4,143.22,1
56364,7,Mobile Phone,1,9,Debit Card,Female,2,4,Fashion,4,Divorced,3,1,13,1,5,10,151.55,1
56365,7,Mobile Phone,1,14,E Wallet,Male,2,2,Fashion,5,Married,3,1,22,1,2,12,151.42,1
56366,10,Mobile Phone,3,12,Debit Card,Male,3,3,Grocery,3,Single,6,0,23,1,2,5,127.36,1
56367,5,Computer,3,11,E Wallet,Female,3,4,Mobile Phone,1,Married,1,0,26,0,2,3,151.84,0
56368,2,Mobile Phone,1,23,UPI,Male,3,2,Laptop & Accessory,4,Married,3,0,23,2,6,8,151.66,0
56369,8,Mobile Phone,1,17,Credit Card,Female,1,2,Others,1,Married,2,0,14,6,8,7,158.11,1
56370,21,Mobile Phone,3,12,Debit Card,Male,3,2,Fashion,5,Married,1,0,26,3,4,9,197.16,0
56371,13,Computer,1,24,Credit Card,Female,2,3,Fashion,2,Single,1,0,16,3,7,4,180.67,0
56372,4,Computer,1,9,Debit Card,Male,2,1,Fashion,4,Married,5,0,12,2,6,6,172.58,1
56373,32,Mobile Phone,2,20,E Wallet,Female,3,3,Mobile Phone,4,Single,2,0,24,0,2,9,221.18,0
56374,29,Mobile Phone,1,7,Debit Card,Female,4,4,Others,3,Married,4,0,19,5,6,7,208.52,0
56375,2,Mobile Phone,1,15,Debit Card,Female,3,4,Fashion,3,Married,6,0,26,1,2,8,117.78,1
56376,0,Mobile Phone,2,10,Credit Card,Male,2,3,Laptop & Accessory,2,Single,5,1,22,2,5,10,151.36,1
56377,16,Mobile Phone,3,11,UPI,Female,4,2,Others,4,Married,2,0,14,3,4,29,172.61,1
56378,21,Mobile Phone,3,20,Credit Card,Male,1,4,Others,2,Single,3,1,20,1,4,9,181.98,1
56379,41,Mobile Phone,3,11,Credit Card,Male,3,5,Laptop & Accessory,3,Married,2,0,22,0,1,6,214.65,0
56380,26,Phone,1,9,Debit Card,Female,2,2,Others,2,Divorced,1,0,11,2,3,13,221.75,0
56381,11,Mobile Phone,1,18,Credit Card,Male,4,5,Fashion,4,Married,6,1,25,0,2,6,140.09,1
56382,9,Computer,3,20,Credit Card,Male,2,4,Laptop & Accessory,4,Married,4,0,17,2,5,16,168.06,0
56383,0,Mobile Phone,2,7,COD,Male,3,5,Others,1,Single,5,0,25,1,3,9,152.34,1
56384,3,Mobile Phone,1,28,Debit Card,Male,4,2,Laptop & Accessory,1,Married,2,0,12,1,3,6,131.57,0
56385,7,Computer,1,12,Debit Card,Female,4,5,Fashion,1,Single,2,1,25,2,4,3,150.76,0
56386,11,Mobile Phone,1,11,Debit Card,Male,2,2,Grocery,1,Married,2,0,14,2,4,26,132.03,0
56387,9,Mobile Phone,2,6,UPI,Male,2,2,Grocery,1,Divorced,2,0,21,1,4,5,136.89,0
56388,16,Computer,1,18,Credit Card,Female,1,2,Laptop & Accessory,2,Married,1,0,19,2,6,11,204.52,0
56389,3,Mobile Phone,3,10,E Wallet,Male,4,3,Mobile Phone,4,Married,4,0,13,1,2,2,112.42,0
56390,9,Mobile Phone,1,12,E Wallet,Male,4,1,Laptop & Accessory,3,Married,8,0,11,5,9,4,169.79,0
56391,1,Mobile Phone,3,19,COD,Male,2,3,Laptop & Accessory,1,Divorced,6,0,14,1,5,4,145.96,0
56392,6,Mobile Phone,3,12,Debit Card,Male,2,3,Others,1,Single,1,1,18,1,5,0,139.14,0
56393,16,Computer,2,12,Debit Card,Female,3,1,Grocery,1,Single,2,1,20,2,5,5,167.31,1
56394,14,Mobile Phone,3,14,E Wallet,Male,3,4,Fashion,3,Single,2,0,14,3,5,8,185.81,0
56395,56,Mobile Phone,2,18,Credit Card,Female,2,2,Grocery,2,Married,1,0,16,1,4,7,258.5,0
56396,3,Mobile Phone,1,21,E Wallet,Female,3,1,Mobile Phone,4,Married,4,0,20,2,3,12,133.28,0
56397,8,Mobile Phone,1,7,Credit Card,Male,2,3,Grocery,3,Married,4,0,16,0,1,10,131.1,1
56398,4,Phone,2,21,Credit Card,Female,1,2,Fashion,5,Married,4,0,11,1,3,4,130.5,0
56399,6,Mobile Phone,2,20,COD,Male,3,4,Fashion,5,Single,3,1,17,1,4,1,178.67,0
56400,23,Phone,2,11,COD,Male,4,2,Laptop & Accessory,1,Married,2,1,15,2,5,1,174.05,0
56401,13,Computer,2,17,Debit Card,Female,4,2,Mobile Phone,2,Single,1,0,26,2,3,2,195.02,0
56402,25,Computer,2,16,Credit Card,Male,3,3,Laptop & Accessory,1,Single,3,0,21,3,4,3,178.06,1
56403,2,Mobile Phone,2,18,Credit Card,Female,5,3,Laptop & Accessory,2,Single,5,0,15,1,3,3,113.4,0
56404,24,Mobile Phone,2,15,Credit Card,Male,1,2,Laptop & Accessory,3,Single,2,0,17,1,2,8,181.56,0
56405,0,Computer,2,8,Debit Card,Male,2,2,Fashion,2,Married,2,1,19,2,3,9,112.07,0
56406,26,Computer,3,18,Credit Card,Male,2,4,Fashion,2,Single,4,0,25,2,6,8,213.69,0
56407,4,Mobile Phone,2,10,COD,Female,2,3,Laptop & Accessory,3,Married,2,1,20,1,5,8,156.09,0
56408,4,Mobile Phone,3,23,Debit Card,Female,4,2,Laptop & Accessory,1,Married,5,1,21,2,5,4,130.21,1
56409,8,Mobile Phone,2,35,UPI,Male,2,5,Grocery,5,Single,5,0,19,2,5,6,139.88,1
56410,33,Phone,2,14,Debit Card,Female,3,2,Laptop & Accessory,5,Married,5,0,17,2,6,4,229.15,0
56411,0,Mobile Phone,2,9,Credit Card,Female,3,3,Mobile Phone,1,Single,4,1,13,0,2,9,122.98,1
56412,5,Computer,1,11,Credit Card,Male,4,3,Laptop & Accessory,2,Divorced,1,0,15,2,6,7,140.82,0
56413,23,Computer,3,24,Credit Card,Female,3,2,Mobile Phone,3,Single,3,0,19,4,8,1,196.53,0
56414,6,Computer,1,21,UPI,Female,2,2,Laptop & Accessory,2,Married,3,1,23,3,5,2,155.7,1
56415,2,Computer,1,19,COD,Male,3,3,Fashion,1,Divorced,3,0,12,4,8,5,158.41,1
56416,6,Mobile Phone,1,26,Credit Card,Female,3,2,Laptop & Accessory,1,Married,4,0,26,1,4,4,141.34,0
56417,5,Phone,1,11,E Wallet,Female,3,2,Mobile Phone,4,Single,4,0,17,2,6,16,159.3,1
56418,29,Computer,3,14,Credit Card,Male,2,3,Mobile Phone,2,Married,3,0,22,0,4,1,206.82,0
56419,17,Computer,2,12,Debit Card,Female,1,4,Others,3,Single,4,1,17,3,4,5,165.81,0
56420,8,Mobile Phone,3,16,Debit Card,Female,2,4,Mobile Phone,2,Single,2,0,11,2,3,8,155.44,1
56421,53,Computer,1,19,E Wallet,Female,2,2,Laptop & Accessory,3,Married,3,1,23,5,8,8,275.62,0
56422,7,Mobile Phone,1,11,Credit Card,Female,2,4,Mobile Phone,5,Single,3,0,15,2,3,3,131.65,0
56423,0,Mobile Phone,1,24,Credit Card,Male,2,5,Fashion,4,Single,2,1,24,1,3,2,174.29,0
56424,3,Computer,2,12,COD,Female,5,3,Mobile Phone,2,Married,3,1,22,2,5,22,159.28,1
56425,6,Mobile Phone,3,15,Debit Card,Male,2,3,Fashion,5,Married,9,1,20,2,6,7,161.36,1
56426,2,Computer,2,22,Debit Card,Female,3,5,Laptop & Accessory,1,Divorced,4,0,18,2,5,3,166.37,1
56427,35,Mobile Phone,1,19,UPI,Male,3,4,Mobile Phone,2,Single,2,1,24,1,3,13,210.71,0
56428,17,Computer,3,13,Credit Card,Male,3,3,Laptop & Accessory,3,Married,4,1,11,4,6,3,178.23,0
56429,3,Mobile Phone,1,18,Credit Card,Male,1,4,Laptop & Accessory,2,Married,2,0,12,1,4,7,130.46,1
56430,10,Computer,2,15,Debit Card,Male,4,2,Fashion,4,Married,2,0,24,0,1,5,164.19,0
56431,15,Mobile Phone,2,16,COD,Female,3,3,Fashion,1,Married,3,1,21,2,4,6,172.25,1
56432,34,Computer,1,15,Debit Card,Female,5,4,Mobile Phone,2,Single,2,0,14,1,3,8,214.69,0
56433,25,Computer,1,8,Debit Card,Male,2,2,Others,5,Married,7,1,25,0,2,14,176.07,0
56434,8,Mobile Phone,1,14,Debit Card,Male,3,3,Laptop & Accessory,3,Divorced,8,0,12,4,6,4,145.92,0
56435,17,Mobile Phone,3,17,Credit Card,Female,4,2,Laptop & Accessory,2,Married,2,0,23,2,4,2,166.88,0
56436,9,Computer,2,32,UPI,Male,2,4,Grocery,3,Married,1,0,24,1,5,4,163.37,1
56437,9,Computer,3,14,Debit Card,Male,4,4,Fashion,3,Single,2,0,22,1,3,6,155.95,0
56438,1,Computer,2,26,Debit Card,Female,2,3,Fashion,2,Married,6,1,11,3,5,12,147.55,1
56439,1,Computer,2,11,Credit Card,Male,2,2,Fashion,4,Divorced,1,0,25,0,3,7,132.58,0
56440,9,Mobile Phone,3,24,COD,Male,4,3,Others,5,Single,3,0,11,4,6,4,144.66,0
56441,3,Mobile Phone,3,32,Debit Card,Male,2,2,Laptop & Accessory,3,Divorced,1,0,12,3,4,7,145.28,0
56442,0,Mobile Phone,1,7,Credit Card,Female,3,2,Mobile Phone,3,Single,3,0,24,0,3,5,132.56,0
56443,15,Mobile Phone,1,10,E Wallet,Male,3,5,Fashion,4,Married,2,0,23,0,4,6,172.93,0
56444,0,Computer,3,15,UPI,Female,1,1,Laptop & Accessory,4,Married,4,0,26,0,2,3,110.79,0
56445,10,Mobile Phone,3,7,E Wallet,Male,5,3,Mobile Phone,2,Married,3,0,23,1,5,19,168.44,0
56446,9,Phone,3,11,Debit Card,Female,2,3,Mobile Phone,4,Married,3,0,20,0,2,7,145.47,0
56447,41,Computer,2,15,Credit Card,Female,2,2,Mobile Phone,5,Single,3,1,13,6,9,17,246.8,1
56448,7,Computer,1,8,Debit Card,Male,2,1,Fashion,1,Divorced,4,0,24,1,5,4,155.6,0
56449,0,Phone,1,8,E Wallet,Female,3,3,Fashion,1,Married,3,0,21,5,8,9,166.53,0
56450,9,Mobile Phone,3,9,Debit Card,Male,2,2,Fashion,5,Single,5,0,24,1,3,9,164.74,0
56451,22,Computer,2,11,Debit Card,Male,3,2,Mobile Phone,3,Married,1,1,12,3,6,2,159.06,0
56452,61,Mobile Phone,1,23,Credit Card,Male,3,3,Others,1,Married,7,1,25,3,5,4,297.72,0
56453,6,Mobile Phone,3,12,COD,Female,2,2,Mobile Phone,4,Single,4,0,23,0,4,6,168.46,0
56454,4,Computer,1,18,E Wallet,Male,3,4,Fashion,1,Married,1,0,19,1,4,11,172.02,0
56455,28,Mobile Phone,3,13,Debit Card,Male,3,5,Laptop & Accessory,4,Married,2,0,26,5,6,12,210.03,0
56456,2,Phone,2,12,Debit Card,Male,4,4,Laptop & Accessory,3,Single,2,1,24,4,8,1,136.08,0
56457,11,Computer,1,18,Debit Card,Male,4,6,Grocery,2,Single,4,0,19,1,2,3,160.09,1
56458,6,Computer,1,14,Debit Card,Female,5,3,Grocery,3,Married,10,1,24,2,6,8,140.11,1
56459,0,Mobile Phone,1,18,E Wallet,Male,1,2,Grocery,2,Divorced,5,0,15,1,5,4,136.95,1
56460,5,Computer,2,18,E Wallet,Male,3,2,Grocery,3,Married,5,0,22,2,5,12,164.47,0
56461,3,Mobile Phone,2,10,UPI,Male,3,4,Laptop & Accessory,3,Divorced,2,0,14,3,7,8,117.44,0
56462,13,Computer,1,24,COD,Male,2,3,Fashion,2,Married,2,0,24,3,7,2,164.41,0
56463,35,Mobile Phone,3,25,Credit Card,Male,4,4,Grocery,4,Married,2,0,26,3,6,14,233.21,0
56464,3,Computer,1,7,UPI,Male,1,3,Fashion,3,Married,2,0,25,2,4,19,108.75,1
56465,20,Mobile Phone,1,20,E Wallet,Male,3,1,Others,5,Married,3,0,22,0,3,1,165.24,1
56466,0,Mobile Phone,1,18,Credit Card,Male,2,4,Fashion,1,Married,5,0,17,2,6,12,181.81,1
56467,9,Mobile Phone,1,7,COD,Male,3,3,Fashion,4,Married,1,1,12,4,7,5,170.85,0
56468,0,Mobile Phone,3,15,COD,Female,3,2,Others,3,Single,7,0,21,2,4,10,136.06,0
56469,32,Computer,1,16,UPI,Male,4,5,Mobile Phone,2,Married,2,1,18,2,6,12,226.0,0
56470,17,Mobile Phone,2,9,Debit Card,Male,3,4,Others,5,Married,2,1,20,1,4,8,175.5,0
56471,12,Mobile Phone,3,11,Debit Card,Female,4,3,Laptop & Accessory,2,Single,2,0,14,3,4,2,200.12,0
56472,20,Computer,2,12,COD,Female,3,6,Fashion,3,Single,3,0,22,3,7,7,208.84,0
56473,12,Mobile Phone,1,13,Credit Card,Female,4,4,Laptop & Accessory,3,Single,3,0,23,1,2,4,150.42,0
56474,41,Mobile Phone,3,11,E Wallet,Female,1,2,Mobile Phone,2,Single,2,1,19,3,6,5,229.33,0
56475,15,Computer,3,11,E Wallet,Male,3,6,Laptop & Accessory,1,Divorced,7,0,23,3,4,10,176.44,1
56476,31,Mobile Phone,1,7,E Wallet,Female,2,3,Laptop & Accessory,5,Divorced,3,0,20,2,5,0,196.57,0
56477,8,Mobile Phone,2,21,Debit Card,Male,4,2,Fashion,5,Single,5,0,20,3,7,11,169.54,1
56478,1,Mobile Phone,3,12,Credit Card,Male,2,4,Fashion,3,Married,6,0,20,3,6,8,164.85,0
56479,9,Mobile Phone,2,14,UPI,Male,1,1,Others,2,Married,2,0,22,2,3,2,160.66,0
56480,1,Mobile Phone,3,26,Credit Card,Female,4,3,Laptop & Accessory,3,Married,2,0,13,2,3,3,129.98,1
56481,10,Mobile Phone,3,9,E Wallet,Male,3,2,Fashion,5,Married,3,0,26,0,2,2,168.66,0
56482,7,Computer,2,12,E Wallet,Female,5,1,Laptop & Accessory,5,Married,2,0,25,3,4,4,165.05,0
56483,11,Mobile Phone,1,18,Debit Card,Female,3,3,Grocery,2,Married,2,1,19,1,2,14,132.86,0
56484,0,Mobile Phone,1,20,Debit Card,Female,3,3,Fashion,4,Single,1,0,13,0,4,16,133.27,0
56485,2,Mobile Phone,2,10,E Wallet,Female,3,3,Grocery,4,Married,5,0,22,2,5,2,133.78,0
56486,8,Computer,1,16,Debit Card,Female,2,3,Laptop & Accessory,5,Married,4,1,25,3,4,1,156.92,0
56487,36,Phone,3,9,Credit Card,Female,2,3,Mobile Phone,1,Divorced,3,1,13,0,3,2,211.42,0
56488,5,Mobile Phone,2,9,COD,Female,3,2,Laptop & Accessory,4,Single,2,0,17,0,2,12,155.52,0
56489,6,Phone,2,23,Credit Card,Male,3,4,Laptop & Accessory,3,Married,7,0,15,2,6,2,143.74,0
56490,15,Mobile Phone,3,12,COD,Male,4,4,Grocery,3,Married,2,0,15,1,4,19,154.15,0
56491,11,Mobile Phone,2,26,Credit Card,Male,1,2,Laptop & Accessory,2,Married,3,0,23,6,10,7,176.67,0
56492,4,Mobile Phone,1,10,E Wallet,Male,3,3,Mobile Phone,4,Single,1,1,13,2,6,11,113.03,1
56493,6,Mobile Phone,1,18,Debit Card,Female,2,3,Mobile Phone,3,Single,1,1,15,1,2,13,132.81,0
56494,2,Mobile Phone,2,10,Debit Card,Male,3,5,Fashion,3,Married,7,0,17,3,5,10,135.0,1
56495,40,Mobile Phone,3,13,COD,Female,4,5,Laptop & Accessory,5,Single,4,0,21,3,4,12,277.29,0
56496,1,Mobile Phone,2,6,Debit Card,Female,2,1,Fashion,3,Married,1,0,17,2,4,1,132.45,0
56497,5,Mobile Phone,1,18,Debit Card,Female,3,5,Fashion,4,Married,3,0,12,2,3,5,173.66,0
56498,0,Mobile Phone,1,12,UPI,Female,3,1,Grocery,1,Married,1,1,21,3,4,8,136.34,1
56499,3,Mobile Phone,3,13,UPI,Female,4,3,Laptop & Accessory,4,Single,4,1,12,1,5,5,144.55,0
56500,18,Computer,3,12,COD,Male,3,2,Mobile Phone,4,Married,1,1,13,1,3,14,191.4,0
56501,2,Mobile Phone,1,17,Debit Card,Male,2,3,Mobile Phone,3,Divorced,2,1,20,1,4,8,125.92,0
56502,1,Computer,3,12,Debit Card,Female,5,3,Grocery,1,Single,2,0,26,3,6,5,129.28,0
56503,7,Computer,2,15,Credit Card,Male,4,3,Mobile Phone,1,Married,3,1,26,1,4,4,147.45,1
56504,0,Mobile Phone,2,10,Credit Card,Male,3,2,Laptop & Accessory,4,Married,2,0,26,1,5,2,124.27,0
56505,1,Mobile Phone,3,21,Debit Card,Female,4,5,Fashion,5,Single,4,1,13,2,3,8,125.56,1
56506,19,Mobile Phone,1,11,Debit Card,Male,1,1,Fashion,3,Married,3,0,16,0,1,10,170.24,0
56507,17,Computer,2,15,E Wallet,Male,2,2,Fashion,3,Single,2,0,12,2,6,15,176.31,0
56508,29,Mobile Phone,1,26,E Wallet,Male,4,4,Mobile Phone,3,Divorced,4,0,17,1,5,1,185.59,1
56509,23,Mobile Phone,1,16,Debit Card,Male,2,4,Laptop & Accessory,2,Married,3,0,17,2,6,4,210.15,1
56510,13,Mobile Phone,2,19,COD,Male,1,4,Mobile Phone,1,Married,5,0,15,1,5,9,161.03,0
56511,0,Computer,1,16,Debit Card,Male,3,3,Laptop & Accessory,4,Married,3,0,12,1,2,7,142.01,1
56512,18,Mobile Phone,2,15,UPI,Male,1,3,Fashion,4,Married,2,0,24,1,4,14,183.96,0
56513,22,Computer,1,14,COD,Female,2,4,Mobile Phone,4,Married,1,0,19,2,3,16,187.65,1
56514,19,Mobile Phone,2,8,Credit Card,Male,1,3,Others,4,Married,3,0,17,2,3,9,179.46,0
56515,8,Computer,1,11,Credit Card,Male,3,3,Mobile Phone,2,Divorced,6,0,16,3,4,5,136.87,0
56516,3,Mobile Phone,3,10,Debit Card,Female,3,3,Laptop & Accessory,1,Married,1,0,11,1,4,2,153.18,0
56517,22,Mobile Phone,2,13,UPI,Male,2,1,Fashion,2,Single,8,1,26,5,6,9,197.23,0
56518,15,Phone,3,8,Debit Card,Male,3,2,Laptop & Accessory,3,Married,3,1,24,2,6,4,170.2,0
56519,47,Computer,3,13,E Wallet,Female,1,4,Mobile Phone,3,Married,2,1,11,0,2,12,256.3,1
56520,2,Mobile Phone,1,25,Credit Card,Male,2,2,Laptop & Accessory,1,Single,7,0,12,1,3,2,136.43,0
56521,3,Mobile Phone,1,25,Debit Card,Female,2,3,Mobile Phone,5,Married,9,1,22,3,6,3,138.9,0
56522,2,Computer,2,18,COD,Female,2,3,Fashion,2,Married,1,1,16,1,3,15,128.23,1
56523,18,Computer,2,11,UPI,Female,2,3,Fashion,1,Single,7,0,24,2,6,5,170.97,1
56524,2,Mobile Phone,1,13,Debit Card,Male,4,2,Mobile Phone,3,Divorced,2,1,17,1,5,7,143.75,1
56525,0,Computer,1,21,Credit Card,Male,4,3,Laptop & Accessory,2,Married,4,0,22,0,1,0,104.2,1
56526,61,Computer,2,15,Credit Card,Female,3,3,Fashion,3,Married,2,0,21,2,3,19,277.31,0
56527,0,Mobile Phone,3,31,UPI,Male,1,4,Grocery,5,Married,3,0,26,3,6,3,142.09,0
56528,21,Computer,3,18,Debit Card,Female,3,3,Mobile Phone,3,Single,2,0,24,1,3,16,176.91,0
56529,5,Mobile Phone,1,18,COD,Male,3,2,Laptop & Accessory,3,Divorced,4,0,17,2,5,0,152.1,0
56530,22,Phone,1,17,Debit Card,Female,2,3,Mobile Phone,5,Single,5,0,25,2,3,12,193.93,0
56531,9,Computer,1,15,Debit Card,Female,2,2,Mobile Phone,1,Married,4,0,23,1,3,6,125.71,0
56532,27,Computer,2,15,E Wallet,Male,3,3,Laptop & Accessory,1,Single,7,1,22,2,4,10,197.24,0
56533,31,Mobile Phone,3,16,Debit Card,Male,2,5,Fashion,5,Single,1,0,22,1,5,6,187.56,0
56534,0,Mobile Phone,3,16,UPI,Male,3,3,Laptop & Accessory,2,Single,3,1,18,2,5,20,155.75,1
56535,0,Mobile Phone,2,8,Debit Card,Male,2,2,Laptop & Accessory,4,Married,7,0,13,3,7,2,149.92,1
56536,3,Computer,1,6,COD,Female,3,3,Mobile Phone,2,Single,3,1,13,1,5,11,133.05,0
56537,13,Computer,1,10,UPI,Male,3,5,Fashion,3,Married,5,0,26,1,2,8,150.05,1
56538,26,Mobile Phone,3,12,UPI,Female,3,4,Grocery,3,Married,1,0,22,2,5,10,209.63,0
56539,7,Computer,1,24,Credit Card,Female,2,4,Laptop & Accessory,1,Divorced,7,1,12,1,5,19,147.02,0
56540,11,Computer,1,21,Credit Card,Male,4,3,Mobile Phone,4,Married,1,1,14,3,6,1,178.95,0
56541,2,Mobile Phone,3,10,Credit Card,Male,2,3,Laptop & Accessory,5,Married,1,0,25,2,4,8,130.86,0
56542,19,Mobile Phone,3,12,COD,Male,3,2,Others,1,Divorced,2,0,26,7,11,3,202.56,1
56543,41,Computer,3,13,Debit Card,Male,2,5,Fashion,3,Married,5,0,21,2,5,6,228.71,0
56544,3,Mobile Phone,1,33,Credit Card,Male,2,2,Laptop & Accessory,1,Married,1,0,13,2,5,4,136.0,1
56545,8,Computer,2,16,COD,Male,3,2,Grocery,2,Divorced,6,1,18,0,3,7,158.48,0
56546,1,Mobile Phone,2,31,Credit Card,Male,2,4,Mobile Phone,2,Married,2,1,16,3,6,7,173.17,0
56547,9,Phone,3,18,Credit Card,Female,4,3,Laptop & Accessory,4,Married,1,0,24,1,5,6,149.79,0
56548,8,Mobile Phone,3,16,E Wallet,Male,3,3,Laptop & Accessory,4,Married,3,1,23,0,3,7,130.99,0
56549,1,Mobile Phone,3,7,COD,Male,4,4,Mobile Phone,4,Married,5,0,16,1,3,9,107.25,1
56550,7,Mobile Phone,1,14,Debit Card,Female,4,3,Laptop & Accessory,1,Single,8,0,23,1,2,15,162.2,1
56551,4,Mobile Phone,3,20,COD,Female,2,3,Fashion,1,Single,2,0,23,1,3,4,149.5,1
56552,8,Mobile Phone,2,11,Debit Card,Female,2,1,Others,2,Married,5,0,21,4,8,4,161.03,1
56553,10,Mobile Phone,1,24,UPI,Female,3,3,Grocery,4,Single,1,0,14,3,7,6,144.3,0
56554,0,Phone,1,24,Debit Card,Female,2,3,Grocery,1,Single,4,0,17,2,3,7,145.75,1
56555,17,Phone,2,8,Debit Card,Female,3,4,Fashion,1,Married,1,0,26,3,4,4,192.15,1
56556,14,Mobile Phone,1,7,UPI,Male,2,3,Mobile Phone,3,Single,2,1,26,2,3,2,155.66,0
56557,5,Computer,3,26,Credit Card,Male,3,3,Laptop & Accessory,1,Single,5,0,14,3,6,2,150.99,1
56558,0,Mobile Phone,3,10,Credit Card,Male,3,4,Mobile Phone,1,Married,1,1,25,1,4,3,145.14,1
56559,16,Computer,1,11,Credit Card,Male,3,3,Laptop & Accessory,2,Married,3,0,12,4,6,9,155.91,0
56560,37,Computer,2,8,E Wallet,Male,1,2,Grocery,2,Divorced,5,0,11,2,3,8,202.19,0
56561,3,Mobile Phone,1,12,Debit Card,Male,2,4,Mobile Phone,3,Married,2,0,14,0,3,3,142.06,0
56562,4,Computer,2,12,Debit Card,Female,2,4,Grocery,4,Single,5,0,24,3,6,7,137.86,1
56563,2,Computer,2,11,Credit Card,Female,3,4,Laptop & Accessory,2,Married,2,0,20,1,2,20,142.58,1
56564,10,Mobile Phone,3,27,Debit Card,Female,4,2,Laptop & Accessory,3,Married,2,0,22,1,5,27,154.99,0
56565,2,Phone,2,26,E Wallet,Male,3,2,Grocery,5,Married,4,1,24,1,5,8,147.93,0
56566,5,Phone,3,14,UPI,Male,5,5,Fashion,2,Divorced,5,0,22,2,4,9,133.69,0
56567,14,Mobile Phone,3,22,E Wallet,Female,1,2,Fashion,1,Single,2,0,22,0,3,4,165.25,1
56568,9,Computer,2,16,Credit Card,Male,3,3,Laptop & Accessory,3,Married,2,1,11,0,2,31,144.6,0
56569,5,Phone,2,23,Credit Card,Male,4,2,Mobile Phone,4,Married,3,0,18,6,9,7,156.36,0
56570,6,Mobile Phone,3,29,Debit Card,Female,2,4,Laptop & Accessory,3,Divorced,3,0,17,3,4,7,145.55,0
56571,9,Mobile Phone,1,15,COD,Male,4,4,Grocery,3,Divorced,1,0,11,2,4,4,151.24,0
56572,0,Mobile Phone,3,5,Credit Card,Male,3,3,Laptop & Accessory,4,Divorced,3,1,17,2,4,0,134.22,0
56573,0,Computer,3,23,Credit Card,Female,5,2,Mobile Phone,3,Divorced,3,1,24,3,5,26,116.19,1
56574,25,Computer,1,11,Debit Card,Female,2,4,Others,1,Single,1,1,26,0,1,0,188.82,0
56575,0,Mobile Phone,3,20,E Wallet,Female,3,1,Fashion,5,Married,5,0,18,0,4,5,133.93,0
56576,14,Phone,1,37,Credit Card,Male,2,1,Fashion,2,Single,3,0,23,0,1,3,182.79,1
56577,30,Computer,3,15,Debit Card,Male,2,4,Grocery,3,Married,3,1,25,2,3,6,200.02,0
56578,3,Computer,1,27,Credit Card,Female,4,4,Fashion,3,Married,3,1,24,3,6,7,116.8,1
56579,5,Mobile Phone,3,21,E Wallet,Female,3,3,Mobile Phone,3,Married,3,0,15,3,4,10,161.57,1
56580,10,Mobile Phone,2,26,Debit Card,Female,3,3,Laptop & Accessory,2,Single,2,1,17,0,4,8,183.03,1
56581,25,Computer,3,19,Credit Card,Female,4,5,Mobile Phone,4,Single,2,1,14,0,2,5,201.72,0
56582,34,Mobile Phone,1,18,Debit Card,Male,3,1,Laptop & Accessory,2,Single,4,1,22,3,5,5,230.31,0
56583,16,Computer,1,18,Debit Card,Male,5,2,Mobile Phone,5,Married,3,1,26,0,3,5,138.58,1
56584,1,Computer,1,15,Credit Card,Female,4,4,Laptop & Accessory,3,Married,3,0,23,2,4,3,123.77,0
56585,13,Mobile Phone,3,41,E Wallet,Female,3,2,Mobile Phone,4,Married,5,0,25,0,1,15,160.11,0
56586,6,Computer,1,16,Debit Card,Female,5,2,Laptop & Accessory,4,Married,3,0,15,2,5,22,176.71,0
56587,7,Mobile Phone,2,22,E Wallet,Male,1,3,Laptop & Accessory,5,Single,2,0,23,0,3,12,153.91,0
56588,0,Mobile Phone,3,9,E Wallet,Female,1,4,Fashion,3,Single,3,0,26,1,5,8,115.84,0
56589,2,Mobile Phone,3,35,Credit Card,Female,1,2,Others,1,Divorced,4,1,24,0,4,4,132.7,1
56590,18,Mobile Phone,1,25,COD,Male,4,3,Fashion,1,Married,5,0,13,1,3,7,167.95,0
56591,7,Mobile Phone,3,11,UPI,Female,3,3,Laptop & Accessory,3,Married,3,0,18,1,4,2,179.73,1
56592,4,Computer,1,19,Credit Card,Female,4,2,Mobile Phone,3,Married,2,1,14,2,3,3,150.92,0
56593,5,Computer,3,19,Credit Card,Female,2,3,Laptop & Accessory,2,Married,5,0,21,2,4,8,126.57,0
56594,23,Mobile Phone,3,22,Debit Card,Female,1,4,Laptop & Accessory,5,Single,2,0,19,0,2,2,166.86,0
56595,16,Computer,1,15,COD,Male,3,4,Others,3,Divorced,7,0,23,1,3,11,184.91,0
56596,3,Mobile Phone,1,9,UPI,Female,2,3,Mobile Phone,5,Divorced,2,1,19,0,3,6,152.68,0
56597,1,Mobile Phone,2,17,E Wallet,Female,4,2,Laptop & Accessory,1,Married,9,1,21,1,2,10,131.37,1
56598,3,Computer,2,10,Debit Card,Male,3,1,Fashion,2,Married,1,0,11,1,5,5,144.13,0
56599,30,Computer,3,38,E Wallet,Female,4,1,Laptop & Accessory,3,Single,2,0,24,1,4,4,216.59,0
56600,10,Computer,1,17,Debit Card,Male,3,4,Laptop & Accessory,1,Single,2,0,24,0,2,6,161.31,1
56601,9,Mobile Phone,3,8,Debit Card,Male,3,4,Fashion,3,Married,10,1,13,4,8,6,158.14,0
56602,10,Computer,2,13,E Wallet,Male,3,4,Mobile Phone,1,Married,5,0,25,3,7,9,164.11,0
56603,5,Computer,3,17,COD,Female,2,2,Grocery,2,Divorced,4,1,19,4,7,13,148.96,0
56604,19,Phone,3,41,Debit Card,Male,4,1,Fashion,5,Single,6,0,16,4,6,7,177.73,0
56605,8,Mobile Phone,3,10,Debit Card,Male,3,4,Laptop & Accessory,5,Single,6,1,17,2,3,4,146.45,0
56606,1,Computer,1,9,Debit Card,Male,2,5,Mobile Phone,2,Divorced,1,0,12,0,3,4,137.0,0
56607,1,Computer,2,16,COD,Male,3,3,Fashion,2,Married,2,1,25,5,6,1,161.96,1
56608,9,Phone,1,16,E Wallet,Female,3,4,Fashion,3,Married,1,0,13,5,8,22,154.02,1
56609,33,Mobile Phone,1,18,E Wallet,Female,5,4,Mobile Phone,2,Single,2,0,11,0,4,9,212.71,0
56610,4,Mobile Phone,2,19,Credit Card,Male,4,4,Mobile Phone,4,Single,4,0,13,2,6,1,168.04,0
56611,24,Mobile Phone,3,17,Credit Card,Female,2,1,Fashion,3,Divorced,4,0,12,3,5,7,187.09,1
56612,17,Mobile Phone,1,32,Debit Card,Male,2,5,Mobile Phone,3,Married,2,1,17,2,3,7,137.47,0
56613,3,Mobile Phone,2,17,Debit Card,Female,2,4,Laptop & Accessory,5,Divorced,1,0,14,1,2,3,146.12,0
56614,0,Mobile Phone,2,11,E Wallet,Male,2,4,Mobile Phone,2,Married,1,0,12,1,3,8,154.36,0
56615,1,Computer,1,22,Credit Card,Female,3,6,Mobile Phone,5,Divorced,2,0,11,2,3,7,125.81,1
56616,15,Mobile Phone,2,21,Debit Card,Female,3,3,Grocery,4,Married,1,1,24,0,3,4,180.06,0
56617,2,Mobile Phone,3,13,E Wallet,Male,4,1,Laptop & Accessory,2,Single,10,0,11,1,5,4,144.97,0
56618,5,Mobile Phone,1,7,Debit Card,Female,5,4,Laptop & Accessory,2,Married,1,0,23,1,5,8,130.66,1
56619,8,Mobile Phone,3,13,Credit Card,Male,3,2,Grocery,3,Divorced,5,0,15,1,5,4,169.39,1
56620,15,Phone,2,16,Debit Card,Male,3,4,Laptop & Accessory,1,Married,2,0,13,1,3,6,183.39,0
56621,1,Computer,3,7,E Wallet,Female,3,3,Laptop & Accessory,3,Married,3,0,17,3,6,0,137.39,1
56622,6,Computer,1,11,Credit Card,Female,3,1,Laptop & Accessory,2,Married,3,0,22,0,3,5,155.57,0
56623,7,Mobile Phone,3,9,Credit Card,Female,1,3,Grocery,5,Single,1,0,24,1,3,6,136.14,0
56624,9,Phone,1,10,E Wallet,Male,2,4,Laptop & Accessory,3,Divorced,6,0,11,0,2,6,154.54,1
56625,20,Mobile Phone,2,16,E Wallet,Male,4,1,Mobile Phone,3,Married,6,0,21,1,4,4,189.55,0
56626,2,Computer,1,16,Credit Card,Female,3,1,Fashion,2,Married,2,1,21,2,4,9,137.03,1
56627,19,Mobile Phone,3,11,Debit Card,Female,3,3,Laptop & Accessory,2,Married,1,0,11,2,4,5,162.23,0
56628,14,Computer,3,21,COD,Female,4,1,Fashion,3,Single,1,0,16,0,1,3,160.1,0
56629,9,Computer,1,22,Debit Card,Female,1,5,Fashion,5,Divorced,5,0,17,3,7,12,170.05,1
56630,14,Mobile Phone,1,8,E Wallet,Male,3,4,Laptop & Accessory,3,Single,3,1,21,1,3,7,149.39,1
56631,6,Mobile Phone,1,27,COD,Female,2,3,Laptop & Accessory,1,Married,2,0,17,1,5,13,164.86,1
56632,1,Computer,1,16,Credit Card,Female,3,1,Mobile Phone,5,Married,2,0,16,1,5,15,129.19,0
56633,13,Mobile Phone,2,21,Debit Card,Male,2,3,Fashion,4,Married,3,0,15,3,5,6,163.98,1
56634,8,Mobile Phone,2,21,Debit Card,Male,3,3,Grocery,5,Single,2,0,20,1,4,23,134.0,1
56635,12,Mobile Phone,3,15,Credit Card,Male,2,3,Laptop & Accessory,3,Single,1,0,22,0,3,6,166.93,0
56636,4,Mobile Phone,3,24,Credit Card,Female,3,5,Mobile Phone,5,Single,2,0,14,2,4,4,181.77,0
56637,28,Computer,2,16,Credit Card,Male,4,4,Laptop & Accessory,2,Single,5,1,24,3,5,6,199.54,0
56638,10,Mobile Phone,1,25,E Wallet,Male,2,3,Mobile Phone,4,Single,5,0,18,1,2,5,139.98,0
56639,1,Mobile Phone,1,8,COD,Female,2,3,Mobile Phone,3,Married,6,0,21,2,5,12,132.22,0
56640,7,Computer,2,28,Credit Card,Female,4,3,Fashion,5,Married,4,0,14,2,3,0,148.23,0
56641,16,Computer,2,34,E Wallet,Male,3,5,Laptop & Accessory,2,Married,1,1,12,2,6,6,185.28,0
56642,18,Mobile Phone,2,16,Debit Card,Female,3,3,Laptop & Accessory,1,Single,3,0,16,4,7,23,201.93,1
56643,8,Computer,3,21,Credit Card,Male,3,3,Fashion,4,Married,1,0,19,1,3,7,161.43,0
56644,27,Mobile Phone,3,16,Debit Card,Male,2,3,Mobile Phone,5,Single,7,0,17,3,4,6,192.67,0
56645,3,Mobile Phone,1,7,E Wallet,Male,3,3,Laptop & Accessory,1,Single,4,0,19,4,7,8,155.5,0
56646,6,Phone,1,9,COD,Male,2,2,Laptop & Accessory,1,Married,1,1,17,2,4,5,121.28,0
56647,27,Phone,3,17,UPI,Male,4,2,Others,3,Married,7,0,25,4,5,6,191.79,0
56648,27,Mobile Phone,3,10,Credit Card,Male,3,2,Mobile Phone,4,Divorced,2,1,15,2,6,12,194.46,1
56649,13,Mobile Phone,1,37,Debit Card,Female,2,2,Mobile Phone,3,Single,1,0,14,1,4,0,162.79,0
56650,23,Mobile Phone,3,22,Debit Card,Male,3,4,Laptop & Accessory,5,Married,4,0,22,3,6,11,167.65,0
56651,1,Mobile Phone,2,26,Debit Card,Male,2,1,Fashion,4,Single,1,0,23,1,5,16,149.38,1
56652,24,Mobile Phone,2,9,Debit Card,Male,1,5,Others,3,Single,2,0,15,1,4,6,176.47,0
56653,4,Mobile Phone,1,14,Debit Card,Male,3,2,Others,3,Married,1,0,16,0,2,4,145.46,0
56654,2,Phone,3,9,Debit Card,Male,1,1,Mobile Phone,4,Married,4,0,26,1,5,5,159.92,0
56655,3,Computer,2,24,Debit Card,Female,3,6,Others,3,Married,2,0,19,3,4,2,175.24,0
56656,6,Mobile Phone,1,8,Debit Card,Male,4,6,Mobile Phone,5,Single,5,1,23,3,7,0,130.92,1
56657,3,Computer,3,18,E Wallet,Male,5,2,Mobile Phone,3,Divorced,3,1,19,2,4,4,152.49,1
56658,4,Mobile Phone,3,8,E Wallet,Male,4,2,Grocery,4,Single,2,1,23,5,7,11,146.03,0
56659,1,Mobile Phone,3,13,COD,Male,5,2,Fashion,1,Married,8,0,22,2,5,6,144.69,0
56660,4,Mobile Phone,1,14,Credit Card,Female,1,3,Mobile Phone,5,Married,1,0,16,1,3,2,133.39,0
56661,10,Computer,3,28,Credit Card,Male,3,2,Mobile Phone,4,Married,4,1,16,1,2,2,138.16,0
56662,6,Mobile Phone,1,21,Debit Card,Female,2,2,Others,3,Single,1,0,22,3,6,11,153.83,0
56663,5,Computer,2,17,Debit Card,Male,2,4,Mobile Phone,3,Single,2,0,11,1,4,14,150.24,1
56664,16,Computer,2,10,E Wallet,Male,3,4,Grocery,3,Divorced,1,1,23,4,5,2,199.77,0
56665,26,Mobile Phone,2,10,Debit Card,Female,2,5,Fashion,1,Divorced,6,0,24,4,5,3,178.05,1
56666,16,Mobile Phone,2,12,E Wallet,Female,2,3,Laptop & Accessory,3,Single,3,0,21,6,9,10,185.41,0
56667,4,Computer,3,14,E Wallet,Female,2,2,Laptop & Accessory,1,Single,5,1,14,2,3,12,121.42,0
56668,16,Phone,2,14,E Wallet,Male,1,3,Laptop & Accessory,2,Single,1,0,20,2,6,9,169.87,0
56669,1,Computer,2,22,E Wallet,Female,2,4,Laptop & Accessory,2,Divorced,3,0,22,3,4,3,142.18,0
56670,1,Mobile Phone,1,12,E Wallet,Female,2,1,Fashion,4,Single,3,0,18,7,11,11,150.43,0
56671,5,Computer,1,21,Credit Card,Female,2,5,Laptop & Accessory,5,Single,9,1,26,2,6,4,155.12,0
56672,19,Mobile Phone,1,17,E Wallet,Male,4,2,Laptop & Accessory,5,Married,4,1,17,2,5,15,205.31,0
56673,3,Phone,3,10,Credit Card,Female,2,2,Laptop & Accessory,4,Married,6,0,14,0,1,26,120.82,0
56674,0,Computer,3,18,Debit Card,Male,2,3,Fashion,2,Married,3,0,15,1,2,8,104.05,0
56675,1,Computer,3,15,Debit Card,Female,2,5,Laptop & Accessory,2,Single,5,1,23,0,4,5,119.42,1
56676,23,Mobile Phone,1,7,Credit Card,Female,1,2,Mobile Phone,2,Married,2,0,24,2,5,1,188.55,0
56677,12,Computer,2,9,Debit Card,Female,2,2,Mobile Phone,4,Married,4,0,11,0,2,6,102.99,0
56678,3,Mobile Phone,1,19,UPI,Male,3,4,Mobile Phone,4,Married,8,0,14,0,4,9,145.06,1
56679,9,Mobile Phone,3,12,Debit Card,Male,5,5,Others,1,Single,3,0,25,3,7,6,209.59,0
56680,8,Mobile Phone,1,16,Debit Card,Female,3,2,Others,3,Married,1,0,17,5,6,1,128.74,0
56681,12,Phone,1,23,Credit Card,Male,4,3,Laptop & Accessory,3,Single,2,0,22,1,3,6,137.54,0
56682,3,Computer,2,14,UPI,Female,4,5,Laptop & Accessory,1,Single,3,0,26,2,6,22,141.84,1
56683,23,Mobile Phone,1,24,Credit Card,Male,2,4,Laptop & Accessory,3,Married,1,0,14,0,3,11,201.68,0
56684,4,Computer,2,9,Debit Card,Male,3,5,Mobile Phone,5,Divorced,2,0,24,1,5,8,136.44,0
56685,14,Mobile Phone,2,24,Credit Card,Female,4,5,Grocery,1,Divorced,3,0,12,0,2,3,158.79,0
56686,0,Mobile Phone,3,10,Credit Card,Male,2,2,Fashion,2,Married,5,1,26,2,3,4,124.08,1
56687,5,Mobile Phone,3,17,E Wallet,Male,4,2,Mobile Phone,1,Divorced,3,0,12,1,5,8,140.47,0
56688,5,Computer,1,21,E Wallet,Female,5,5,Fashion,3,Married,3,0,18,2,6,9,157.03,0
56689,9,Mobile Phone,2,31,E Wallet,Male,3,4,Others,3,Married,2,1,26,1,2,6,151.64,0
56690,0,Mobile Phone,3,40,Debit Card,Female,2,3,Laptop & Accessory,5,Married,2,0,13,3,6,11,166.44,1
56691,18,Computer,2,9,Debit Card,Female,2,4,Others,4,Single,3,0,25,1,4,2,198.32,0
56692,2,Mobile Phone,1,33,COD,Female,3,2,Fashion,3,Married,1,1,21,2,5,13,121.76,1
56693,13,Computer,3,18,Debit Card,Male,1,3,Laptop & Accessory,3,Married,3,0,18,2,3,5,160.2,1
56694,19,Mobile Phone,1,12,Debit Card,Male,2,2,Fashion,4,Married,3,0,17,2,3,11,185.39,0
56695,9,Computer,1,27,E Wallet,Male,1,3,Laptop & Accessory,2,Single,4,1,21,1,4,3,151.24,0
56696,16,Computer,1,19,Credit Card,Female,3,5,Laptop & Accessory,3,Divorced,3,0,24,0,3,4,146.14,0
56697,13,Computer,1,16,Credit Card,Female,3,4,Fashion,3,Single,2,0,23,2,6,3,160.3,1
56698,5,Mobile Phone,1,16,Debit Card,Male,3,3,Grocery,1,Single,3,0,26,0,3,15,140.35,0
56699,19,Computer,1,29,Debit Card,Male,2,2,Mobile Phone,3,Married,1,0,22,3,6,4,167.64,0
56700,4,Mobile Phone,2,19,E Wallet,Male,4,1,Laptop & Accessory,4,Married,4,0,26,2,4,7,148.52,0
56701,10,Computer,1,20,Debit Card,Male,3,4,Fashion,3,Married,2,1,21,1,4,4,130.32,0
56702,16,Mobile Phone,1,23,Credit Card,Male,3,3,Laptop & Accessory,5,Married,5,1,17,3,6,2,158.26,0
56703,5,Mobile Phone,2,11,E Wallet,Male,3,2,Mobile Phone,4,Married,4,0,19,2,3,7,136.61,1
56704,4,Computer,1,21,COD,Male,3,5,Mobile Phone,3,Married,1,0,19,0,3,17,140.29,0
56705,7,Computer,1,18,UPI,Male,4,3,Fashion,3,Divorced,2,0,23,2,6,3,164.68,0
56706,20,Mobile Phone,2,27,UPI,Male,3,3,Laptop & Accessory,4,Married,4,0,22,5,7,2,174.54,0
56707,31,Phone,1,21,Credit Card,Male,3,2,Laptop & Accessory,3,Single,4,1,26,6,7,6,213.11,0
56708,9,Phone,1,9,COD,Female,4,4,Fashion,5,Single,3,0,13,2,6,0,149.53,1
56709,12,Computer,2,12,E Wallet,Male,2,4,Mobile Phone,3,Single,2,0,16,1,3,2,148.37,0
56710,28,Mobile Phone,2,22,UPI,Male,2,4,Mobile Phone,2,Married,3,1,19,0,3,26,205.42,0
56711,1,Computer,2,15,Debit Card,Male,3,1,Fashion,5,Single,10,1,19,1,5,9,146.42,0
56712,3,Mobile Phone,3,12,Debit Card,Male,1,1,Laptop & Accessory,2,Married,2,0,11,3,6,10,162.62,0
56713,14,Mobile Phone,2,10,Credit Card,Female,2,3,Mobile Phone,5,Single,3,0,15,0,3,24,164.36,0
56714,20,Phone,2,14,UPI,Male,3,2,Mobile Phone,3,Married,5,0,25,4,7,7,168.1,0
56715,23,Phone,1,16,Credit Card,Male,3,2,Laptop & Accessory,4,Married,1,0,12,1,2,10,196.97,0
56716,6,Phone,3,14,UPI,Female,3,2,Mobile Phone,2,Divorced,6,1,24,2,6,9,107.07,0
56717,1,Mobile Phone,1,19,Debit Card,Male,2,2,Grocery,3,Single,5,0,14,6,9,1,145.41,0
56718,6,Mobile Phone,2,9,Debit Card,Male,2,5,Others,2,Married,3,0,12,2,6,1,169.5,1
56719,3,Mobile Phone,2,14,E Wallet,Female,1,4,Laptop & Accessory,2,Married,3,0,20,1,2,11,122.8,0
56720,4,Mobile Phone,2,16,E Wallet,Female,4,2,Others,2,Single,6,1,26,1,5,19,112.29,0
56721,17,Mobile Phone,3,19,Credit Card,Female,2,3,Laptop & Accessory,3,Single,4,0,22,0,1,2,175.35,0
56722,0,Mobile Phone,3,16,UPI,Female,2,1,Mobile Phone,3,Single,4,1,13,1,2,10,128.5,1
56723,21,Computer,1,14,UPI,Male,1,6,Laptop & Accessory,2,Single,2,0,16,0,1,8,193.55,0
56724,6,Computer,1,11,Credit Card,Male,5,3,Fashion,3,Single,1,0,22,1,4,16,151.64,0
56725,10,Computer,3,18,UPI,Female,3,3,Mobile Phone,2,Married,2,0,25,0,3,5,148.18,0
56726,1,Computer,2,15,Credit Card,Female,1,2,Fashion,3,Single,1,0,22,0,2,4,130.62,0
56727,4,Mobile Phone,2,14,E Wallet,Female,2,3,Fashion,4,Single,2,0,19,2,3,6,166.52,1
56728,1,Mobile Phone,3,14,Debit Card,Male,4,3,Others,1,Single,3,1,19,1,5,8,133.16,1
56729,39,Computer,2,10,Debit Card,Male,2,3,Fashion,5,Single,3,1,25,0,3,3,237.45,0
56730,19,Mobile Phone,3,15,Credit Card,Female,3,1,Others,3,Single,4,0,24,0,4,5,183.54,0
56731,7,Computer,2,11,Credit Card,Male,3,2,Mobile Phone,3,Married,1,0,23,1,3,6,128.12,0
56732,3,Mobile Phone,2,14,Debit Card,Male,3,3,Laptop & Accessory,3,Single,2,0,17,1,2,6,131.79,0
56733,32,Mobile Phone,2,16,Credit Card,Male,4,2,Mobile Phone,5,Single,4,1,17,4,7,23,252.5,0
56734,5,Computer,3,12,Credit Card,Female,1,2,Mobile Phone,2,Single,1,1,19,0,2,2,156.98,0
56735,2,Computer,2,7,Debit Card,Male,4,2,Mobile Phone,3,Married,2,1,11,2,5,5,149.22,0
56736,9,Phone,2,27,Debit Card,Male,3,4,Mobile Phone,4,Single,4,0,17,1,4,7,154.88,1
56737,34,Mobile Phone,3,10,Debit Card,Female,4,3,Grocery,3,Single,4,1,19,2,5,9,197.99,0
56738,0,Mobile Phone,2,16,Debit Card,Male,1,5,Fashion,2,Divorced,2,0,20,0,1,12,142.63,1
56739,3,Computer,1,18,Credit Card,Male,1,2,Fashion,1,Married,5,0,26,2,3,3,171.37,0
56740,33,Mobile Phone,2,21,Debit Card,Male,2,4,Fashion,4,Married,5,0,22,2,6,2,242.96,0
56741,2,Mobile Phone,2,7,COD,Male,3,4,Mobile Phone,4,Divorced,3,1,18,1,2,5,143.8,1
56742,1,Phone,1,13,Debit Card,Female,1,3,Mobile Phone,2,Single,5,0,24,2,3,3,123.69,0
56743,10,Computer,2,25,Debit Card,Male,4,3,Laptop & Accessory,4,Married,8,0,14,1,4,5,145.29,1
56744,23,Phone,3,32,Credit Card,Female,3,3,Fashion,1,Married,7,1,18,0,4,9,178.98,1
56745,7,Mobile Phone,2,13,Debit Card,Male,4,2,Laptop & Accessory,3,Single,1,0,11,1,3,4,131.69,0
56746,61,Mobile Phone,3,17,Debit Card,Female,3,2,Others,2,Single,2,0,22,1,3,8,292.24,0
56747,13,Computer,2,11,E Wallet,Female,3,2,Mobile Phone,2,Married,4,0,23,3,5,3,183.98,0
56748,0,Mobile Phone,3,16,Credit Card,Male,2,4,Laptop & Accessory,5,Single,1,0,15,0,1,33,112.94,1
56749,59,Computer,1,22,Debit Card,Male,4,3,Laptop & Accessory,4,Single,1,0,20,4,6,4,278.1,0
56750,6,Mobile Phone,1,11,Credit Card,Male,3,2,Fashion,4,Divorced,2,0,17,1,5,12,151.19,0
56751,4,Computer,2,16,Debit Card,Male,3,3,Fashion,3,Single,1,1,24,3,5,9,121.91,1
56752,9,Computer,2,20,Credit Card,Male,4,1,Fashion,3,Married,2,0,12,1,4,6,154.87,0
56753,4,Mobile Phone,1,18,Credit Card,Male,4,2,Fashion,4,Married,2,0,26,1,4,6,149.49,0
56754,1,Mobile Phone,1,8,UPI,Female,1,4,Laptop & Accessory,2,Married,4,1,18,2,3,13,141.52,1
56755,0,Computer,2,18,E Wallet,Male,4,5,Laptop & Accessory,2,Divorced,1,0,18,3,7,7,148.27,0
56756,7,Computer,1,9,UPI,Female,2,2,Mobile Phone,5,Married,2,0,22,3,6,17,142.06,0
56757,21,Mobile Phone,2,7,Debit Card,Male,3,3,Laptop & Accessory,2,Married,7,0,12,3,7,12,182.9,0
56758,10,Computer,3,10,Credit Card,Male,1,3,Laptop & Accessory,4,Married,5,1,14,2,5,2,122.18,1
56759,61,Mobile Phone,3,11,Debit Card,Male,4,3,Fashion,5,Divorced,4,0,21,1,2,6,272.92,0
56760,4,Mobile Phone,1,10,UPI,Male,3,3,Mobile Phone,5,Single,8,1,19,1,2,15,131.25,1
56761,3,Mobile Phone,2,15,Credit Card,Female,4,3,Grocery,2,Married,1,0,23,1,4,20,132.27,0
56762,2,Phone,2,33,Debit Card,Male,4,3,Laptop & Accessory,5,Single,2,0,13,3,6,7,165.29,1
56763,2,Mobile Phone,3,14,Credit Card,Female,4,2,Mobile Phone,1,Married,1,1,24,2,5,1,150.31,0
56764,4,Mobile Phone,3,17,Debit Card,Male,4,5,Grocery,2,Married,4,0,11,3,6,9,142.03,0
56765,18,Computer,1,22,E Wallet,Male,4,2,Laptop & Accessory,3,Married,5,0,17,2,5,13,180.97,0
56766,28,Mobile Phone,1,30,Debit Card,Male,2,2,Grocery,4,Married,3,0,25,2,4,6,215.66,0
56767,44,Mobile Phone,1,15,Credit Card,Female,1,5,Mobile Phone,1,Married,2,0,23,1,5,4,264.21,0
56768,3,Mobile Phone,1,10,E Wallet,Male,3,2,Grocery,2,Married,1,0,13,1,2,4,124.44,0
56769,25,Computer,2,27,E Wallet,Female,2,3,Fashion,3,Divorced,3,0,22,0,2,5,181.25,0
56770,4,Computer,2,13,COD,Male,4,2,Fashion,1,Divorced,1,0,26,1,2,3,127.22,0
56771,1,Computer,1,26,Debit Card,Female,4,1,Laptop & Accessory,3,Single,1,1,26,0,3,5,121.24,0
56772,24,Computer,2,20,Credit Card,Male,2,5,Others,3,Married,3,0,21,3,6,10,175.26,0
56773,12,Computer,3,22,Credit Card,Female,2,3,Mobile Phone,4,Married,1,0,19,0,1,7,149.14,0
56774,2,Computer,2,24,Debit Card,Female,3,3,Laptop & Accessory,3,Single,6,1,26,1,3,2,153.79,1
56775,6,Mobile Phone,1,19,UPI,Male,3,4,Fashion,3,Single,2,0,23,1,3,2,163.94,0
56776,4,Mobile Phone,2,13,E Wallet,Female,3,3,Grocery,2,Single,5,0,25,4,6,6,154.65,0
56777,16,Computer,2,22,Credit Card,Female,2,4,Others,3,Married,3,0,13,1,2,3,189.42,0
56778,7,Phone,3,10,Credit Card,Male,2,4,Mobile Phone,3,Married,1,1,21,0,4,1,158.32,0
56779,54,Mobile Phone,1,24,UPI,Female,3,3,Mobile Phone,3,Single,8,0,23,2,4,4,275.86,0
56780,0,Mobile Phone,2,34,Debit Card,Female,3,3,Fashion,2,Married,3,1,11,0,4,3,148.61,0
56781,5,Mobile Phone,2,10,Credit Card,Female,2,2,Laptop & Accessory,3,Divorced,2,0,22,4,5,9,156.1,1
56782,7,Mobile Phone,2,7,COD,Female,2,1,Mobile Phone,5,Single,2,0,12,0,2,10,109.02,0
56783,8,Mobile Phone,3,21,Debit Card,Male,3,6,Mobile Phone,2,Single,1,1,16,3,7,2,177.21,1
56784,4,Mobile Phone,1,16,E Wallet,Female,3,1,Grocery,1,Married,3,0,26,0,3,0,146.41,0
56785,15,Mobile Phone,2,8,E Wallet,Male,4,3,Grocery,1,Single,3,0,12,3,4,3,157.77,0
56786,24,Computer,1,8,COD,Male,3,1,Laptop & Accessory,3,Single,3,0,15,1,2,5,194.73,0
56787,33,Mobile Phone,1,19,Debit Card,Male,5,5,Laptop & Accessory,3,Divorced,5,0,23,3,4,4,212.13,0
56788,19,Computer,2,17,COD,Female,2,2,Laptop & Accessory,1,Married,1,0,26,1,2,8,189.75,0
56789,22,Computer,1,8,Debit Card,Male,3,4,Fashion,3,Married,1,0,24,3,5,3,211.2,0
56790,9,Phone,1,27,Credit Card,Female,4,4,Laptop & Accessory,5,Married,5,0,13,1,2,9,150.01,1
56791,20,Computer,3,21,Debit Card,Male,3,1,Fashion,3,Married,1,0,24,0,4,3,195.89,0
56792,4,Mobile Phone,2,14,Debit Card,Female,2,4,Fashion,4,Married,1,0,15,2,6,15,151.3,1
56793,6,Phone,1,12,COD,Male,2,5,Grocery,1,Married,3,0,22,2,6,0,152.88,1
56794,4,Computer,2,13,E Wallet,Male,3,3,Grocery,3,Married,2,0,26,3,7,1,163.85,0
56795,7,Mobile Phone,1,11,Credit Card,Female,3,2,Laptop & Accessory,4,Married,4,1,22,2,4,8,151.78,1
56796,4,Mobile Phone,1,37,Debit Card,Female,2,3,Mobile Phone,3,Divorced,1,0,26,3,4,15,146.66,1
56797,39,Mobile Phone,2,14,Credit Card,Male,2,2,Laptop & Accessory,1,Married,5,0,18,0,3,6,249.41,0
56798,4,Mobile Phone,1,18,Credit Card,Male,4,5,Fashion,5,Single,2,0,14,2,4,13,176.83,1
56799,1,Mobile Phone,3,9,Debit Card,Male,4,3,Fashion,2,Single,2,0,24,1,2,3,136.24,0
56800,8,Phone,1,13,E Wallet,Female,2,3,Laptop & Accessory,4,Single,1,1,11,3,5,9,153.35,0
56801,0,Mobile Phone,3,16,E Wallet,Male,4,3,Laptop & Accessory,1,Married,7,0,24,0,1,3,146.36,0
56802,1,Computer,3,16,Credit Card,Female,3,1,Mobile Phone,3,Single,2,0,20,3,4,10,148.01,0
56803,2,Computer,3,6,Credit Card,Female,3,1,Laptop & Accessory,2,Married,3,0,12,5,7,15,156.63,0
56804,7,Computer,2,14,E Wallet,Female,2,3,Fashion,5,Divorced,3,0,12,2,3,9,141.56,0
56805,6,Computer,3,23,Debit Card,Female,3,3,Laptop & Accessory,5,Married,2,1,17,2,3,3,145.72,0
56806,19,Phone,3,8,UPI,Female,4,6,Grocery,3,Married,1,0,18,4,6,3,177.02,0
56807,16,Mobile Phone,1,39,UPI,Male,1,2,Mobile Phone,5,Single,3,0,16,0,4,6,186.76,1
56808,6,Phone,2,17,Credit Card,Male,3,3,Fashion,2,Married,3,0,15,1,2,7,148.67,0
56809,4,Computer,1,18,Debit Card,Female,4,6,Fashion,3,Married,2,0,14,2,3,9,120.6,1
56810,4,Mobile Phone,2,8,Credit Card,Male,5,1,Mobile Phone,4,Single,3,1,18,1,2,12,119.44,0
56811,17,Computer,2,17,Debit Card,Female,1,3,Fashion,4,Married,4,0,14,3,4,7,197.63,0
56812,0,Computer,1,16,E Wallet,Male,4,2,Laptop & Accessory,3,Married,5,1,18,4,7,14,144.59,1
56813,0,Phone,3,8,Credit Card,Male,2,5,Mobile Phone,3,Married,2,1,14,3,5,6,169.48,1
56814,19,Mobile Phone,1,25,Credit Card,Male,3,2,Fashion,2,Married,4,0,24,2,6,10,187.33,0
56815,7,Computer,3,11,COD,Male,4,4,Mobile Phone,3,Single,5,0,17,3,7,9,189.42,0
56816,1,Mobile Phone,1,14,Credit Card,Female,3,5,Laptop & Accessory,1,Single,4,0,11,0,3,5,120.48,0
56817,3,Mobile Phone,2,25,E Wallet,Female,2,4,Fashion,4,Married,5,1,14,1,2,4,132.52,1
56818,32,Mobile Phone,1,9,E Wallet,Male,3,3,Mobile Phone,5,Single,3,1,12,3,6,1,221.38,0
56819,23,Mobile Phone,1,10,Credit Card,Male,2,5,Mobile Phone,1,Married,1,0,14,1,3,5,172.16,0
56820,14,Computer,3,15,Debit Card,Female,2,3,Others,4,Married,4,0,13,3,5,4,175.99,0
56821,7,Mobile Phone,1,16,E Wallet,Male,3,4,Laptop & Accessory,4,Divorced,5,1,19,2,5,11,163.33,0
56822,8,Mobile Phone,2,19,E Wallet,Male,5,2,Fashion,1,Single,2,0,13,2,5,16,173.12,1
56823,44,Mobile Phone,3,34,Debit Card,Male,3,3,Laptop & Accessory,3,Married,4,0,25,2,5,8,250.95,0
56824,40,Mobile Phone,1,27,Debit Card,Male,2,3,Fashion,5,Married,1,1,15,0,4,26,234.33,0
56825,2,Mobile Phone,3,21,E Wallet,Female,4,2,Laptop & Accessory,3,Married,3,1,22,1,3,7,163.27,0
56826,19,Mobile Phone,1,19,COD,Male,2,5,Grocery,3,Married,1,1,17,1,3,5,170.17,1
56827,2,Computer,1,12,UPI,Female,2,2,Laptop & Accessory,5,Single,3,1,16,2,5,10,154.53,1
56828,2,Mobile Phone,1,7,E Wallet,Male,3,4,Mobile Phone,5,Single,5,0,24,2,5,8,152.14,0
56829,13,Mobile Phone,3,50,COD,Female,3,1,Mobile Phone,3,Married,2,0,11,2,5,5,161.55,0
56830,6,Mobile Phone,1,12,Debit Card,Female,3,2,Fashion,3,Single,1,1,24,2,6,16,151.11,1
56831,32,Computer,3,12,Debit Card,Female,3,3,Laptop & Accessory,2,Single,4,1,11,3,6,18,213.29,0
56832,1,Mobile Phone,3,9,Credit Card,Male,3,3,Laptop & Accessory,4,Married,5,0,14,1,5,7,119.46,0
56833,8,Computer,1,19,COD,Female,3,1,Fashion,2,Divorced,2,1,22,4,6,12,138.78,0
56834,30,Computer,2,13,UPI,Female,1,3,Mobile Phone,1,Single,3,0,26,1,5,1,194.03,0
56835,28,Computer,3,28,Debit Card,Female,4,2,Laptop & Accessory,1,Married,4,0,11,3,4,7,193.88,0
56836,2,Mobile Phone,1,29,Credit Card,Female,1,4,Mobile Phone,2,Married,2,1,26,0,4,6,102.68,1
56837,5,Computer,1,13,Debit Card,Male,3,4,Mobile Phone,4,Married,1,0,15,2,5,8,136.23,0
56838,11,Computer,2,26,E Wallet,Male,2,4,Mobile Phone,5,Single,5,1,14,6,9,0,185.98,1
56839,2,Mobile Phone,3,15,Credit Card,Male,2,5,Laptop & Accessory,4,Single,5,1,19,1,2,9,170.05,0
56840,41,Computer,3,10,COD,Male,2,4,Mobile Phone,2,Single,1,1,19,2,3,6,217.18,1
56841,29,Phone,1,10,Debit Card,Female,2,2,Fashion,5,Married,3,1,16,2,6,21,195.29,0
56842,2,Computer,1,18,E Wallet,Female,5,5,Laptop & Accessory,4,Married,4,0,15,0,1,8,156.14,1
56843,1,Computer,3,12,Credit Card,Female,5,2,Fashion,4,Divorced,1,1,24,1,5,5,134.71,1
56844,1,Computer,1,18,Debit Card,Male,3,2,Laptop & Accessory,2,Married,5,0,19,2,4,5,140.6,1
56845,28,Computer,3,19,Credit Card,Female,3,2,Mobile Phone,3,Married,2,1,15,2,6,7,233.68,0
56846,2,Computer,1,14,Credit Card,Male,1,2,Mobile Phone,3,Married,3,1,15,3,4,14,142.21,0
56847,6,Computer,3,12,Credit Card,Male,4,1,Fashion,4,Single,2,0,20,3,5,12,155.15,0
56848,7,Computer,3,13,E Wallet,Female,2,3,Laptop & Accessory,4,Single,3,0,15,1,3,10,149.85,0
56849,10,Mobile Phone,1,25,E Wallet,Male,2,3,Laptop & Accessory,1,Married,4,1,13,2,6,11,175.59,0
56850,0,Mobile Phone,1,9,Debit Card,Female,3,3,Grocery,5,Married,4,0,14,1,2,8,125.12,0
56851,3,Computer,2,9,Credit Card,Male,2,2,Fashion,3,Single,2,0,22,1,5,13,166.26,0
56852,32,Mobile Phone,1,12,E Wallet,Female,1,4,Mobile Phone,2,Married,1,0,18,2,6,2,219.46,0
56853,28,Computer,2,25,Debit Card,Female,2,3,Mobile Phone,4,Divorced,2,0,20,1,5,9,219.42,0
56854,18,Phone,2,26,E Wallet,Female,5,4,Fashion,1,Married,5,0,22,2,4,4,158.89,0
56855,0,Computer,1,19,UPI,Male,3,2,Fashion,2,Married,3,0,16,2,6,12,107.45,0
56856,4,Phone,1,24,UPI,Male,3,2,Mobile Phone,3,Single,2,1,21,4,5,8,141.54,1
56857,11,Computer,3,12,Debit Card,Male,2,4,Mobile Phone,3,Single,4,0,26,1,5,8,149.0,0
56858,3,Mobile Phone,2,9,E Wallet,Female,3,1,Mobile Phone,3,Married,5,1,15,3,4,9,136.61,1
56859,28,Computer,1,16,E Wallet,Female,3,5,Others,2,Married,5,1,15,4,8,10,235.06,0
56860,12,Mobile Phone,2,20,Credit Card,Female,4,3,Fashion,4,Married,4,1,21,2,6,4,161.71,0
56861,0,Mobile Phone,3,28,Credit Card,Male,4,5,Fashion,1,Divorced,1,1,22,1,3,1,143.12,0
56862,28,Mobile Phone,2,8,Debit Card,Female,2,4,Mobile Phone,4,Married,2,0,26,2,6,11,233.89,0
56863,37,Mobile Phone,1,15,Credit Card,Female,2,5,Others,5,Married,7,0,16,4,6,2,233.79,1
56864,0,Mobile Phone,1,11,Credit Card,Female,3,1,Mobile Phone,2,Married,4,0,21,4,7,1,135.72,0
56865,9,Mobile Phone,3,6,Debit Card,Male,4,4,Laptop & Accessory,5,Single,5,1,19,0,3,6,154.55,1
56866,4,Computer,3,15,Credit Card,Female,3,4,Grocery,2,Single,3,0,16,2,3,18,142.66,1
56867,5,Computer,2,19,Credit Card,Male,3,6,Mobile Phone,3,Married,1,0,26,3,6,10,121.11,1
56868,2,Mobile Phone,1,13,Debit Card,Male,2,1,Laptop & Accessory,5,Divorced,1,1,16,4,8,5,149.68,1
56869,10,Mobile Phone,2,14,Credit Card,Female,4,1,Laptop & Accessory,4,Married,7,0,15,2,5,9,137.23,0
56870,38,Computer,3,14,UPI,Female,3,4,Others,3,Married,2,1,25,1,5,3,233.04,0
56871,8,Computer,1,8,Debit Card,Female,2,1,Fashion,2,Married,2,0,15,0,4,2,173.67,0
56872,1,Phone,1,14,E Wallet,Female,3,1,Mobile Phone,2,Single,8,0,16,1,4,16,152.85,0
56873,11,Mobile Phone,2,7,Debit Card,Female,3,3,Mobile Phone,3,Single,3,1,23,2,6,3,176.71,0
56874,4,Computer,3,20,Debit Card,Male,2,3,Laptop & Accessory,5,Divorced,1,0,16,1,3,24,124.98,1
56875,23,Mobile Phone,1,11,COD,Male,2,3,Fashion,2,Married,3,0,17,3,7,4,173.0,0
56876,6,Computer,2,26,E Wallet,Female,2,1,Mobile Phone,3,Married,4,0,14,2,3,10,144.91,0
56877,2,Mobile Phone,2,6,Debit Card,Male,5,3,Others,2,Married,3,0,26,3,5,10,126.95,1
56878,2,Mobile Phone,2,25,E Wallet,Male,1,2,Laptop & Accessory,3,Married,3,0,23,2,4,8,120.17,1
56879,17,Mobile Phone,2,10,Debit Card,Male,1,4,Laptop & Accessory,4,Divorced,3,1,17,1,5,1,174.2,0
56880,3,Mobile Phone,2,29,UPI,Male,2,2,Mobile Phone,2,Married,2,0,23,4,5,3,160.97,0
56881,17,Mobile Phone,1,19,Debit Card,Female,3,3,Fashion,2,Single,1,0,26,2,4,2,187.15,0
56882,2,Computer,1,28,UPI,Female,2,3,Fashion,3,Single,1,0,22,2,3,6,145.72,0
56883,4,Computer,2,14,Debit Card,Male,4,3,Laptop & Accessory,4,Single,4,0,16,1,4,7,131.84,0
56884,7,Computer,1,22,Credit Card,Male,2,1,Mobile Phone,3,Single,2,1,15,0,2,6,117.77,0
56885,34,Mobile Phone,2,16,COD,Female,2,3,Laptop & Accessory,1,Divorced,3,0,22,0,2,4,199.13,0
56886,32,Mobile Phone,2,8,Debit Card,Male,3,3,Mobile Phone,2,Married,1,0,21,2,3,2,208.29,0
56887,2,Phone,1,10,Debit Card,Male,2,3,Laptop & Accessory,2,Married,3,0,13,0,2,6,145.08,0
56888,5,Computer,2,29,Credit Card,Female,2,4,Others,4,Divorced,2,0,13,2,3,6,145.58,0
56889,1,Mobile Phone,2,14,Debit Card,Female,4,1,Grocery,3,Single,5,1,15,1,4,4,124.06,0
56890,8,Mobile Phone,1,15,E Wallet,Female,3,5,Laptop & Accessory,3,Married,3,0,12,5,6,6,148.74,1
56891,7,Computer,2,13,Credit Card,Female,4,3,Mobile Phone,2,Single,1,0,11,1,3,10,158.63,1
56892,27,Mobile Phone,3,11,Credit Card,Male,2,3,Others,4,Married,2,1,23,1,5,14,215.48,0
56893,31,Mobile Phone,2,12,E Wallet,Male,3,1,Mobile Phone,4,Single,2,1,13,1,2,5,217.37,1
56894,5,Computer,2,14,Debit Card,Male,4,4,Mobile Phone,2,Single,5,0,18,1,3,13,154.96,0
56895,8,Computer,1,13,COD,Male,3,3,Mobile Phone,1,Single,3,0,16,7,9,11,143.8,0
56896,27,Computer,1,25,Credit Card,Male,3,5,Mobile Phone,4,Single,3,0,12,2,4,3,192.99,0
56897,19,Mobile Phone,1,12,E Wallet,Female,4,3,Fashion,4,Divorced,3,1,21,3,4,3,182.13,0
56898,0,Mobile Phone,3,27,Debit Card,Female,2,4,Laptop & Accessory,4,Single,2,0,18,1,2,7,127.99,1
56899,4,Phone,1,12,E Wallet,Male,2,1,Laptop & Accessory,3,Married,5,0,19,2,5,7,130.76,0
56900,6,Computer,1,14,Debit Card,Female,4,1,Fashion,4,Married,5,0,22,2,4,9,151.31,0
56901,3,Mobile Phone,3,11,Debit Card,Female,2,5,Others,5,Married,5,0,22,5,8,6,164.04,1
56902,2,Mobile Phone,1,15,Debit Card,Male,3,2,Mobile Phone,3,Divorced,7,0,12,3,7,5,157.32,1
56903,0,Mobile Phone,1,14,Credit Card,Male,3,5,Grocery,3,Married,2,0,12,4,6,4,130.25,0
56904,12,Mobile Phone,2,21,Credit Card,Male,3,1,Grocery,3,Single,4,0,19,2,4,2,147.15,0
56905,3,Computer,1,14,Credit Card,Male,3,3,Mobile Phone,3,Married,2,0,17,1,2,1,132.99,0
56906,0,Phone,2,29,COD,Female,3,3,Mobile Phone,4,Married,5,1,14,0,3,3,126.51,0
56907,3,Mobile Phone,1,11,Debit Card,Male,4,5,Fashion,4,Married,3,0,24,1,3,8,144.52,1
56908,19,Mobile Phone,1,18,E Wallet,Female,2,3,Others,4,Married,2,0,22,2,6,3,195.51,0
56909,22,Computer,3,19,Credit Card,Male,4,1,Grocery,2,Divorced,1,0,23,0,4,1,198.46,0
56910,7,Mobile Phone,3,24,Credit Card,Female,3,3,Mobile Phone,3,Married,4,0,14,1,2,5,122.04,0
56911,6,Phone,3,11,Debit Card,Male,3,4,Mobile Phone,3,Married,3,0,22,0,4,2,165.28,0
56912,45,Computer,3,23,E Wallet,Female,2,1,Fashion,5,Married,1,0,25,2,4,8,248.54,0
56913,2,Phone,2,35,Credit Card,Male,1,1,Mobile Phone,1,Single,2,1,11,2,4,28,139.82,1
56914,2,Mobile Phone,2,22,UPI,Female,4,4,Grocery,2,Single,3,0,18,2,3,5,132.49,1
56915,4,Mobile Phone,2,10,COD,Female,2,4,Mobile Phone,4,Married,2,0,21,0,1,17,137.21,1
56916,2,Mobile Phone,3,13,Debit Card,Female,2,2,Laptop & Accessory,2,Single,4,0,18,0,1,8,149.1,0
56917,5,Mobile Phone,2,16,Debit Card,Male,1,3,Laptop & Accessory,4,Divorced,4,1,24,3,4,9,149.18,1
56918,29,Mobile Phone,1,12,Credit Card,Female,3,1,Fashion,5,Married,1,0,19,2,3,4,201.25,0
56919,11,Phone,3,26,Credit Card,Female,3,4,Laptop & Accessory,3,Divorced,3,1,13,2,6,7,169.13,1
56920,6,Computer,3,9,Credit Card,Female,4,2,Others,3,Married,3,1,19,3,4,7,150.85,0
56921,32,Computer,3,11,COD,Male,4,2,Mobile Phone,4,Single,4,0,20,4,8,16,221.18,0
56922,0,Mobile Phone,1,12,E Wallet,Female,3,3,Grocery,4,Single,3,0,21,1,3,3,142.19,0
56923,2,Computer,1,22,COD,Male,2,5,Fashion,4,Single,2,1,24,0,4,12,113.15,1
56924,10,Computer,1,15,Credit Card,Male,2,1,Fashion,1,Single,3,0,13,1,3,3,159.41,1
56925,11,Mobile Phone,2,20,Credit Card,Male,2,2,Fashion,3,Married,3,0,20,3,5,3,168.9,0
56926,0,Phone,1,15,Credit Card,Female,2,2,Mobile Phone,1,Single,1,0,19,1,4,6,148.69,1
56927,6,Mobile Phone,1,17,Credit Card,Female,4,5,Mobile Phone,1,Married,2,0,12,1,5,8,139.37,0
56928,12,Mobile Phone,1,12,E Wallet,Female,4,4,Fashion,1,Single,2,0,20,1,2,5,133.44,0
56929,14,Mobile Phone,1,18,UPI,Male,2,5,Mobile Phone,1,Married,1,1,12,1,3,7,180.82,1
56930,12,Computer,3,22,Credit Card,Female,4,3,Mobile Phone,3,Married,3,0,19,1,2,6,159.9,0
56931,4,Computer,3,10,Debit Card,Female,4,2,Mobile Phone,5,Married,2,0,18,2,6,24,136.64,0
56932,1,Mobile Phone,1,13,Credit Card,Female,4,2,Mobile Phone,1,Married,2,0,13,2,6,6,126.42,0
56933,6,Mobile Phone,2,17,E Wallet,Male,2,4,Fashion,4,Single,1,0,18,1,4,5,152.42,0
56934,1,Mobile Phone,1,18,Credit Card,Male,2,2,Grocery,3,Married,4,1,14,4,8,2,162.89,0
56935,35,Mobile Phone,1,10,Credit Card,Male,3,3,Fashion,2,Divorced,3,0,24,2,3,1,230.16,0
56936,7,Mobile Phone,3,28,Debit Card,Male,2,2,Mobile Phone,2,Divorced,1,1,18,3,5,16,147.5,1
56937,4,Mobile Phone,3,14,UPI,Male,3,3,Mobile Phone,1,Single,1,0,15,2,4,2,105.55,1
56938,17,Mobile Phone,3,13,E Wallet,Male,1,2,Laptop & Accessory,4,Married,2,0,12,3,4,3,155.54,1
56939,8,Computer,2,38,Debit Card,Male,4,2,Grocery,1,Married,7,0,20,1,3,6,136.25,0
56940,4,Mobile Phone,3,18,Credit Card,Female,2,3,Laptop & Accessory,1,Single,3,1,19,1,2,5,149.09,1
56941,20,Computer,1,20,Credit Card,Female,3,2,Mobile Phone,3,Married,6,0,11,1,5,11,172.25,0
56942,24,Mobile Phone,1,16,Credit Card,Male,4,4,Laptop & Accessory,3,Single,10,0,18,4,5,15,197.42,0
56943,13,Mobile Phone,1,15,Credit Card,Female,4,3,Fashion,4,Married,3,0,11,3,5,1,176.93,0
56944,0,Mobile Phone,3,19,E Wallet,Male,4,2,Mobile Phone,4,Married,1,1,19,3,7,10,136.69,1
56945,10,Mobile Phone,1,9,Debit Card,Male,3,2,Mobile Phone,3,Single,5,1,18,1,3,6,176.14,0
56946,17,Mobile Phone,1,15,Credit Card,Male,3,1,Mobile Phone,4,Divorced,3,1,21,0,4,14,192.82,0
56947,1,Computer,2,11,Debit Card,Male,3,2,Laptop & Accessory,2,Single,1,0,13,1,2,14,105.76,0
56948,3,Phone,1,11,Debit Card,Female,1,3,Fashion,1,Married,3,1,25,4,6,2,130.26,0
56949,25,Mobile Phone,1,9,Credit Card,Female,1,2,Laptop & Accessory,5,Married,4,0,15,2,4,5,192.1,0
56950,0,Mobile Phone,1,11,Debit Card,Female,4,1,Fashion,3,Divorced,2,1,14,3,7,13,111.64,1
56951,16,Phone,1,12,Debit Card,Female,3,2,Grocery,1,Single,3,0,18,2,3,2,182.14,0
56952,7,Mobile Phone,2,7,Credit Card,Female,1,3,Laptop & Accessory,4,Single,6,0,26,1,2,14,151.6,0
56953,7,Computer,2,27,COD,Female,3,3,Mobile Phone,3,Single,1,0,16,2,3,1,150.83,1
56954,0,Phone,1,20,E Wallet,Female,3,2,Laptop & Accessory,3,Single,3,1,18,1,2,9,119.31,1
56955,20,Phone,1,9,Debit Card,Female,2,4,Others,1,Married,1,0,20,4,7,7,172.83,0
56956,5,Mobile Phone,3,10,Credit Card,Female,3,3,Mobile Phone,4,Single,2,1,19,5,8,10,167.59,1
56957,9,Mobile Phone,2,9,Credit Card,Male,3,3,Laptop & Accessory,2,Married,2,0,20,2,6,1,140.76,0
56958,13,Mobile Phone,2,13,Debit Card,Male,3,1,Fashion,1,Married,2,0,24,0,1,13,146.0,0
56959,14,Computer,2,12,Debit Card,Female,3,3,Mobile Phone,2,Married,2,0,25,1,5,4,143.51,0
56960,37,Phone,1,36,Debit Card,Male,2,3,Grocery,4,Married,4,1,20,2,5,8,189.25,0
56961,9,Computer,3,12,Credit Card,Female,1,2,Fashion,4,Divorced,3,0,12,3,7,4,166.3,0
56962,6,Computer,2,18,E Wallet,Male,1,2,Others,2,Married,2,0,22,1,5,9,134.47,0
56963,36,Computer,1,11,Credit Card,Female,3,2,Laptop & Accessory,2,Single,1,0,22,2,5,2,221.09,0
56964,12,Computer,2,21,COD,Male,2,2,Laptop & Accessory,2,Divorced,5,1,22,0,2,7,158.07,0
56965,4,Computer,1,12,Debit Card,Female,4,3,Others,3,Single,1,1,21,1,4,12,139.27,1
56966,1,Computer,1,9,COD,Male,3,3,Others,2,Single,5,0,12,1,5,14,154.55,1
56967,22,Mobile Phone,3,11,Credit Card,Male,3,3,Mobile Phone,5,Married,4,1,17,1,2,0,191.76,0
56968,5,Mobile Phone,3,11,Debit Card,Female,3,2,Mobile Phone,4,Married,1,0,18,2,6,10,155.12,0
56969,12,Computer,1,18,COD,Female,2,3,Mobile Phone,3,Single,3,0,16,1,5,5,147.83,0
56970,7,Mobile Phone,1,15,Credit Card,Female,2,3,Fashion,4,Single,1,1,11,1,2,19,160.05,1
56971,2,Mobile Phone,3,17,Credit Card,Female,1,3,Fashion,2,Single,2,0,25,1,5,13,138.15,1
56972,11,Computer,1,22,Debit Card,Female,3,2,Laptop & Accessory,4,Divorced,2,0,19,0,2,15,152.35,0
56973,0,Computer,2,8,Debit Card,Female,4,4,Mobile Phone,2,Married,9,0,26,3,5,21,155.54,1
56974,6,Phone,2,13,COD,Female,4,1,Laptop & Accessory,3,Married,3,0,13,1,3,3,116.55,0
56975,9,Mobile Phone,2,12,Credit Card,Female,3,4,Laptop & Accessory,5,Single,1,1,21,1,5,4,132.59,0
56976,6,Computer,3,18,COD,Male,4,2,Laptop & Accessory,5,Married,1,1,18,2,6,3,159.7,0
56977,16,Mobile Phone,3,17,Credit Card,Female,5,3,Laptop & Accessory,4,Married,1,0,24,2,6,5,217.41,0
56978,21,Phone,3,7,Debit Card,Female,5,3,Laptop & Accessory,4,Married,5,0,23,4,7,5,216.12,0
56979,17,Mobile Phone,1,18,Debit Card,Male,3,3,Mobile Phone,4,Married,4,0,17,1,2,9,169.84,0
56980,0,Computer,3,11,Credit Card,Female,2,3,Laptop & Accessory,3,Single,3,0,17,1,5,3,147.55,0
56981,2,Computer,1,25,Debit Card,Female,2,5,Grocery,2,Married,5,1,26,0,4,7,139.06,1
56982,9,Mobile Phone,1,14,E Wallet,Male,5,4,Fashion,3,Married,3,1,24,0,2,2,155.59,0
56983,32,Phone,1,11,Debit Card,Female,2,2,Fashion,1,Married,5,1,23,0,3,9,209.99,0
56984,21,Computer,2,25,UPI,Female,1,3,Fashion,1,Divorced,2,0,22,6,7,6,190.21,0
56985,22,Mobile Phone,1,10,UPI,Male,2,4,Fashion,4,Married,6,1,13,3,4,12,199.18,1
56986,4,Mobile Phone,3,22,Debit Card,Male,3,2,Laptop & Accessory,3,Married,7,1,25,2,4,4,140.32,1
56987,6,Mobile Phone,2,19,E Wallet,Male,4,1,Laptop & Accessory,1,Single,3,0,21,2,3,5,154.75,0
56988,7,Mobile Phone,1,26,UPI,Female,3,5,Others,2,Married,3,0,23,2,3,11,142.2,1
56989,2,Computer,3,19,Credit Card,Female,2,5,Mobile Phone,4,Married,3,1,14,3,7,4,139.0,0
56990,0,Phone,3,23,Credit Card,Male,4,2,Laptop & Accessory,5,Married,2,0,24,0,3,4,119.43,0
56991,35,Mobile Phone,2,16,Credit Card,Male,3,2,Laptop & Accessory,4,Married,1,0,25,2,3,5,198.29,0
56992,3,Mobile Phone,1,29,E Wallet,Female,1,2,Grocery,3,Married,1,0,25,1,2,1,139.43,0
56993,3,Mobile Phone,3,14,Debit Card,Male,4,3,Laptop & Accessory,2,Married,4,0,17,1,2,14,137.15,0
56994,1,Mobile Phone,3,9,Credit Card,Male,3,4,Mobile Phone,2,Single,3,0,24,2,4,1,110.73,0
56995,31,Mobile Phone,1,9,Debit Card,Male,1,3,Fashion,4,Single,2,0,20,3,6,7,187.04,0
56996,10,Mobile Phone,1,8,Credit Card,Female,1,2,Others,4,Single,1,0,19,7,10,8,179.51,0
56997,13,Mobile Phone,2,32,Debit Card,Female,1,3,Laptop & Accessory,3,Single,7,0,12,1,3,6,149.08,1
56998,29,Computer,3,15,Credit Card,Female,4,3,Mobile Phone,3,Divorced,4,0,26,1,3,12,192.66,0
56999,5,Computer,1,7,Credit Card,Male,3,3,Others,4,Divorced,1,0,17,2,6,1,147.41,0
57000,11,Mobile Phone,1,19,Debit Card,Male,2,3,Laptop & Accessory,4,Married,4,0,25,3,4,6,151.23,0
57001,0,Computer,3,13,Debit Card,Male,2,1,Laptop & Accessory,3,Single,1,0,18,2,4,2,126.72,0
57002,2,Computer,1,26,Credit Card,Male,3,3,Laptop & Accessory,5,Married,3,0,21,5,8,18,164.78,0
57003,21,Computer,3,20,UPI,Female,1,2,Mobile Phone,2,Single,3,0,16,1,3,9,175.49,0
57004,17,Mobile Phone,1,18,Credit Card,Male,3,3,Mobile Phone,4,Married,1,1,18,2,5,9,153.3,0
57005,5,Computer,2,12,Debit Card,Female,2,1,Fashion,3,Single,4,0,12,1,4,14,139.62,1
57006,5,Computer,1,33,Debit Card,Male,4,4,Fashion,5,Single,3,0,24,1,4,20,148.1,1
57007,9,Mobile Phone,3,16,UPI,Female,4,4,Fashion,2,Divorced,5,0,23,2,5,5,176.46,1
57008,0,Mobile Phone,3,20,Credit Card,Male,1,3,Mobile Phone,4,Married,6,1,15,0,4,1,140.35,0
57009,3,Phone,3,11,Debit Card,Female,2,4,Others,5,Single,4,1,26,2,3,17,111.68,1
57010,2,Computer,2,13,E Wallet,Male,3,3,Mobile Phone,4,Single,2,0,18,2,6,3,168.07,0
57011,3,Phone,1,8,Debit Card,Female,3,3,Laptop & Accessory,4,Married,2,1,20,2,3,3,134.9,1
57012,19,Computer,1,13,Debit Card,Male,3,3,Mobile Phone,5,Single,2,0,16,1,2,8,176.43,0
57013,3,Computer,2,18,Debit Card,Male,4,3,Fashion,2,Single,5,0,20,1,4,11,139.17,0
57014,2,Mobile Phone,2,7,Debit Card,Female,1,5,Fashion,1,Married,3,0,15,1,4,5,142.79,1
57015,8,Mobile Phone,3,9,E Wallet,Male,1,3,Fashion,5,Divorced,7,1,22,0,4,5,129.01,0
57016,24,Phone,1,11,Credit Card,Male,3,6,Others,1,Married,4,0,26,3,7,9,217.34,1
57017,3,Mobile Phone,3,10,E Wallet,Female,3,3,Mobile Phone,3,Married,3,0,14,1,4,21,124.81,0
57018,0,Mobile Phone,3,9,Credit Card,Female,4,1,Laptop & Accessory,2,Divorced,5,0,21,2,5,23,135.65,0
57019,5,Computer,1,12,Credit Card,Female,2,2,Others,3,Single,3,0,25,2,4,4,159.54,0
57020,16,Computer,3,18,Credit Card,Male,5,3,Mobile Phone,5,Single,5,0,11,3,6,1,175.34,0
57021,9,Mobile Phone,2,8,Credit Card,Male,2,5,Laptop & Accessory,1,Married,3,1,23,3,5,7,153.42,1
57022,20,Mobile Phone,3,9,Debit Card,Male,2,3,Mobile Phone,4,Single,3,0,12,4,5,10,179.84,0
57023,38,Mobile Phone,1,16,E Wallet,Female,2,3,Fashion,1,Single,2,1,19,5,6,12,216.8,0
57024,18,Mobile Phone,1,23,COD,Male,1,1,Fashion,2,Single,5,0,25,1,2,1,175.74,0
57025,11,Computer,1,32,Credit Card,Female,4,2,Others,4,Single,2,0,24,2,3,23,161.15,0
57026,8,Mobile Phone,3,9,Credit Card,Female,1,1,Mobile Phone,2,Married,7,1,13,1,4,6,169.07,0
57027,0,Computer,3,10,Debit Card,Female,3,4,Laptop & Accessory,3,Married,2,0,26,4,6,5,125.58,0
57028,49,Computer,1,10,UPI,Female,1,4,Others,5,Single,2,1,25,0,2,13,232.12,0
57029,5,Computer,3,41,COD,Female,1,2,Laptop & Accessory,5,Single,3,0,25,2,5,11,157.72,0
57030,1,Mobile Phone,2,12,UPI,Male,4,2,Fashion,4,Single,2,1,13,2,4,6,147.45,0
57031,13,Mobile Phone,3,37,Debit Card,Male,4,3,Laptop & Accessory,2,Single,3,1,19,1,3,4,143.67,1
57032,4,Mobile Phone,1,18,COD,Female,2,2,Grocery,2,Married,3,0,15,5,6,25,178.45,1
57033,10,Mobile Phone,1,23,Debit Card,Male,3,3,Others,4,Married,1,0,21,4,7,5,176.56,0
57034,10,Computer,2,18,Credit Card,Female,4,5,Laptop & Accessory,4,Married,5,0,16,0,3,9,162.95,1
57035,7,Mobile Phone,1,14,Credit Card,Female,4,4,Laptop & Accessory,2,Single,4,0,22,3,4,4,151.04,0
57036,21,Computer,2,13,UPI,Male,3,2,Others,3,Married,4,0,20,2,5,15,201.54,1
57037,3,Mobile Phone,2,7,E Wallet,Female,3,1,Fashion,3,Married,7,0,19,4,7,6,178.52,0
57038,7,Mobile Phone,1,20,E Wallet,Female,3,3,Laptop & Accessory,3,Single,5,0,19,4,6,4,132.27,1
57039,9,Phone,1,26,UPI,Female,2,6,Laptop & Accessory,3,Married,3,0,18,1,5,6,142.47,0
57040,13,Computer,3,8,Credit Card,Female,3,4,Mobile Phone,1,Married,2,0,22,2,5,6,153.52,1
57041,18,Mobile Phone,1,12,E Wallet,Female,3,2,Grocery,3,Married,3,0,17,2,4,14,168.3,0
57042,6,Mobile Phone,1,9,Debit Card,Female,4,1,Laptop & Accessory,5,Married,1,0,17,2,5,8,135.19,1
57043,12,Mobile Phone,2,24,Credit Card,Male,2,3,Fashion,2,Married,3,0,26,0,3,4,165.98,0
57044,1,Computer,2,8,Debit Card,Female,2,2,Laptop & Accessory,4,Married,2,1,18,2,3,15,126.63,0
57045,32,Mobile Phone,3,15,COD,Male,2,2,Mobile Phone,3,Married,4,0,24,1,3,7,203.78,0
57046,5,Computer,3,28,COD,Female,3,2,Fashion,4,Married,2,0,25,0,1,5,135.43,0
57047,15,Computer,1,13,Debit Card,Male,3,4,Laptop & Accessory,4,Married,3,1,25,1,5,15,174.43,1
57048,0,Phone,1,16,Credit Card,Female,2,1,Laptop & Accessory,5,Married,4,1,13,3,4,5,162.84,1
57049,2,Mobile Phone,3,9,Credit Card,Female,3,3,Fashion,4,Single,1,0,24,1,5,15,149.14,0
57050,8,Mobile Phone,3,15,Credit Card,Female,3,4,Laptop & Accessory,5,Divorced,4,0,13,2,5,21,152.71,0
57051,25,Computer,2,11,Credit Card,Female,2,2,Fashion,1,Single,8,0,13,5,8,3,222.96,0
57052,8,Mobile Phone,1,14,Debit Card,Female,2,4,Fashion,3,Single,5,1,11,3,7,9,162.62,1
57053,31,Mobile Phone,1,36,Debit Card,Male,4,1,Mobile Phone,4,Married,1,0,12,2,3,1,191.94,0
57054,7,Mobile Phone,1,31,Credit Card,Female,3,3,Laptop & Accessory,3,Married,2,0,19,4,6,7,156.45,1
57055,8,Mobile Phone,3,27,Debit Card,Male,3,2,Mobile Phone,5,Single,2,0,24,3,7,6,169.58,0
57056,1,Mobile Phone,1,15,Credit Card,Female,4,4,Fashion,1,Married,1,0,24,1,4,5,142.8,1
57057,19,Mobile Phone,1,14,Credit Card,Female,2,3,Grocery,3,Divorced,4,1,18,1,3,6,173.77,0
57058,3,Phone,2,10,UPI,Female,2,3,Fashion,5,Married,5,1,19,1,2,4,114.35,0
57059,27,Computer,2,17,E Wallet,Male,3,2,Fashion,4,Single,4,1,22,0,2,3,193.58,0
57060,29,Mobile Phone,2,8,E Wallet,Male,2,2,Laptop & Accessory,4,Single,1,1,16,2,6,5,199.86,0
57061,34,Mobile Phone,2,15,Debit Card,Female,4,3,Laptop & Accessory,3,Married,1,1,14,0,4,4,236.16,0
57062,8,Computer,3,16,Debit Card,Female,1,4,Grocery,2,Married,3,0,25,4,7,4,173.85,0
57063,13,Computer,1,9,COD,Female,2,2,Fashion,3,Single,6,0,25,2,6,3,164.02,0
57064,18,Mobile Phone,2,18,Credit Card,Male,2,4,Mobile Phone,2,Single,1,0,22,1,5,5,153.77,0
57065,1,Computer,1,15,Credit Card,Female,5,3,Others,3,Divorced,3,0,12,2,3,9,114.6,1
57066,11,Computer,1,14,UPI,Male,3,3,Grocery,4,Married,3,0,26,1,5,12,170.29,1
57067,0,Mobile Phone,2,18,Debit Card,Male,3,1,Fashion,1,Single,2,0,15,1,5,8,111.76,1
57068,8,Phone,2,13,Credit Card,Male,2,2,Mobile Phone,3,Single,2,0,14,3,6,1,146.27,0
57069,2,Computer,3,13,Debit Card,Male,2,3,Mobile Phone,3,Married,3,0,13,2,6,2,163.07,0
57070,2,Computer,2,13,Credit Card,Male,4,6,Others,2,Married,1,0,11,2,6,3,156.26,1
57071,5,Mobile Phone,3,13,Debit Card,Female,3,2,Mobile Phone,5,Single,1,0,23,4,8,8,141.48,1
57072,6,Computer,2,6,Debit Card,Female,1,1,Grocery,3,Married,4,0,22,2,6,4,165.08,0
57073,11,Computer,2,14,Credit Card,Male,3,3,Others,5,Single,1,1,15,1,2,6,155.43,1
57074,0,Mobile Phone,2,20,E Wallet,Female,3,1,Mobile Phone,2,Married,4,1,14,3,7,5,128.18,0
57075,8,Computer,1,13,COD,Male,2,2,Fashion,4,Married,5,1,11,3,4,12,123.42,0
57076,2,Mobile Phone,1,13,E Wallet,Female,3,3,Laptop & Accessory,1,Single,1,0,25,1,2,4,130.31,1
57077,10,Mobile Phone,2,9,Credit Card,Female,2,1,Fashion,1,Single,7,0,17,3,7,4,169.09,0
57078,12,Mobile Phone,1,10,E Wallet,Male,4,4,Laptop & Accessory,2,Single,8,1,26,3,7,7,187.74,0
57079,9,Computer,2,17,Credit Card,Female,3,5,Fashion,4,Single,1,1,11,2,3,2,161.74,0
57080,16,Phone,2,12,Credit Card,Male,4,6,Laptop & Accessory,5,Divorced,1,0,21,1,4,2,151.98,0
57081,4,Mobile Phone,3,20,Debit Card,Male,3,3,Mobile Phone,4,Married,7,1,20,2,5,6,146.06,1
57082,17,Computer,3,15,E Wallet,Male,3,2,Mobile Phone,3,Single,1,0,24,1,5,11,226.73,0
57083,6,Mobile Phone,1,18,Credit Card,Female,4,4,Mobile Phone,3,Divorced,2,1,21,0,2,5,106.35,0
57084,7,Phone,2,11,COD,Male,3,4,Fashion,3,Married,3,0,20,2,6,4,149.19,0
57085,12,Computer,1,17,UPI,Male,3,3,Fashion,2,Married,1,0,16,2,6,9,175.58,0
57086,0,Computer,1,8,Credit Card,Female,3,3,Fashion,3,Divorced,2,1,14,3,5,7,136.46,1
57087,12,Computer,3,21,E Wallet,Female,3,4,Fashion,3,Divorced,6,1,16,3,5,6,165.29,0
57088,11,Mobile Phone,1,16,Credit Card,Female,4,2,Others,3,Divorced,5,1,20,2,5,0,173.34,0
57089,4,Mobile Phone,1,46,Debit Card,Female,3,1,Fashion,1,Married,1,0,17,2,4,9,139.66,1
57090,1,Phone,3,16,Credit Card,Female,4,3,Mobile Phone,1,Married,7,0,19,1,4,15,142.91,0
57091,1,Mobile Phone,3,14,UPI,Male,4,3,Laptop & Accessory,3,Single,4,0,16,2,4,5,133.13,1
57092,30,Computer,3,15,UPI,Male,3,3,Mobile Phone,3,Single,8,0,20,3,6,5,200.95,0
57093,14,Phone,3,18,Credit Card,Male,4,3,Laptop & Accessory,3,Married,1,0,18,1,3,7,164.54,1
57094,1,Mobile Phone,3,12,Credit Card,Female,3,3,Mobile Phone,3,Divorced,1,0,20,2,5,1,136.23,0
57095,5,Computer,1,17,Debit Card,Female,4,3,Laptop & Accessory,4,Single,2,1,13,2,3,1,112.13,1
57096,10,Phone,2,16,Credit Card,Male,2,1,Fashion,2,Single,9,1,14,2,3,8,152.4,0
57097,21,Computer,2,23,COD,Male,1,2,Grocery,5,Married,3,1,25,1,5,17,207.38,0
57098,0,Mobile Phone,1,13,E Wallet,Male,3,3,Mobile Phone,3,Single,3,0,12,2,3,10,116.71,1
57099,3,Mobile Phone,3,18,E Wallet,Male,2,5,Grocery,2,Married,3,0,25,1,5,2,145.88,0
57100,26,Mobile Phone,2,19,E Wallet,Male,3,3,Laptop & Accessory,1,Married,5,0,18,2,5,3,183.08,0
57101,0,Computer,1,24,E Wallet,Female,1,3,Fashion,3,Married,5,0,22,1,4,0,131.78,0
57102,2,Computer,1,11,Credit Card,Female,5,3,Laptop & Accessory,3,Married,7,1,25,3,6,11,169.29,1
57103,38,Computer,1,18,Credit Card,Female,3,4,Laptop & Accessory,4,Married,3,0,22,3,7,11,258.56,1
57104,11,Mobile Phone,3,14,Credit Card,Female,1,3,Mobile Phone,4,Single,3,0,17,2,5,15,159.85,0
57105,3,Mobile Phone,2,8,UPI,Male,3,1,Laptop & Accessory,3,Single,1,0,20,1,4,9,164.22,0
57106,0,Computer,2,15,Credit Card,Male,4,3,Laptop & Accessory,3,Single,2,0,14,2,6,2,123.53,0
57107,0,Computer,2,8,UPI,Female,4,3,Fashion,3,Married,2,0,23,5,6,3,128.66,1
57108,3,Phone,2,23,UPI,Male,3,4,Laptop & Accessory,5,Married,3,0,11,2,4,2,140.05,1
57109,25,Computer,3,10,E Wallet,Female,2,2,Others,5,Married,1,1,13,2,6,3,207.93,0
57110,6,Computer,2,12,Debit Card,Male,4,1,Fashion,4,Single,3,0,19,0,1,6,129.76,1
57111,15,Computer,3,22,Debit Card,Male,5,3,Mobile Phone,2,Single,2,0,21,2,4,28,171.5,0
57112,30,Computer,3,15,Credit Card,Female,1,1,Fashion,5,Divorced,7,1,17,1,5,3,213.9,0
57113,6,Mobile Phone,3,25,UPI,Male,1,4,Fashion,3,Single,2,0,20,1,2,8,134.72,0
57114,2,Phone,2,19,UPI,Female,3,3,Fashion,3,Single,1,0,14,3,7,14,130.98,1
57115,8,Computer,3,20,Debit Card,Female,3,3,Fashion,3,Single,3,0,13,1,5,10,176.93,0
57116,28,Mobile Phone,2,13,Credit Card,Male,3,3,Others,3,Married,6,0,24,1,2,11,208.64,0
57117,19,Mobile Phone,3,18,UPI,Female,2,3,Grocery,3,Married,1,1,20,2,4,5,173.47,0
57118,0,Mobile Phone,3,14,Debit Card,Male,1,4,Others,3,Divorced,6,0,20,6,7,10,141.85,0
57119,14,Mobile Phone,3,17,COD,Male,3,2,Grocery,5,Married,1,1,13,0,4,7,168.33,0
57120,10,Mobile Phone,3,27,Credit Card,Female,2,1,Fashion,3,Single,1,1,20,3,7,1,147.4,0
57121,28,Mobile Phone,2,19,COD,Female,2,3,Mobile Phone,2,Married,1,0,21,4,6,4,197.65,0
57122,1,Mobile Phone,1,18,Credit Card,Female,3,4,Mobile Phone,2,Divorced,2,1,14,3,4,8,123.04,1
57123,9,Mobile Phone,1,25,Credit Card,Female,2,3,Fashion,1,Married,4,0,22,0,1,3,176.3,0
57124,25,Computer,3,15,Credit Card,Male,3,4,Others,3,Single,2,0,19,2,5,10,225.32,0
57125,6,Mobile Phone,1,11,UPI,Female,3,4,Laptop & Accessory,2,Single,5,1,16,0,4,12,164.11,1
57126,7,Computer,2,25,Credit Card,Male,1,1,Grocery,3,Married,2,0,23,5,8,7,151.36,0
57127,0,Mobile Phone,2,26,E Wallet,Female,3,3,Grocery,5,Divorced,3,0,23,3,5,1,157.16,0
57128,3,Mobile Phone,2,24,Credit Card,Female,3,4,Laptop & Accessory,5,Divorced,3,1,12,3,7,0,147.19,0
57129,4,Mobile Phone,3,8,COD,Male,1,3,Fashion,2,Married,3,0,21,1,5,3,147.59,1
57130,34,Computer,2,18,Debit Card,Male,3,3,Others,2,Married,2,1,19,1,3,11,201.7,0
57131,3,Computer,3,18,Credit Card,Male,2,4,Grocery,1,Married,2,1,12,2,4,25,139.55,0
57132,7,Mobile Phone,2,14,Debit Card,Male,2,4,Laptop & Accessory,2,Married,5,0,14,0,3,8,144.96,1
57133,13,Computer,3,16,Credit Card,Female,2,3,Others,3,Divorced,2,0,15,0,2,6,163.5,0
57134,2,Mobile Phone,1,20,Credit Card,Male,3,1,Laptop & Accessory,3,Married,1,0,14,2,3,11,106.1,0
57135,7,Phone,1,19,Debit Card,Female,3,3,Laptop & Accessory,1,Single,1,0,12,3,7,8,148.85,0
57136,16,Phone,3,8,UPI,Male,2,2,Laptop & Accessory,2,Single,4,1,26,1,2,6,147.28,1
57137,24,Computer,2,19,Credit Card,Female,4,2,Mobile Phone,1,Married,10,0,20,1,5,8,201.78,0
57138,11,Computer,2,11,Credit Card,Female,2,3,Grocery,4,Married,4,1,25,0,3,6,177.16,1
57139,13,Computer,2,29,Credit Card,Male,2,3,Laptop & Accessory,2,Single,1,1,12,3,5,1,161.15,0
57140,1,Computer,1,17,Credit Card,Female,2,4,Mobile Phone,3,Married,3,0,19,5,7,15,142.47,0
57141,34,Computer,2,22,Debit Card,Female,2,3,Laptop & Accessory,3,Divorced,3,0,19,2,3,7,195.44,0
57142,1,Phone,1,13,UPI,Male,5,4,Laptop & Accessory,3,Married,3,1,17,1,5,4,135.37,1
57143,17,Computer,2,22,Credit Card,Female,3,3,Others,4,Married,1,0,25,2,3,7,166.92,0
57144,3,Computer,2,11,E Wallet,Female,4,3,Fashion,3,Married,4,0,16,4,7,3,139.61,0
57145,32,Computer,2,11,Debit Card,Female,3,2,Fashion,2,Single,1,0,21,1,2,6,246.41,0
57146,15,Computer,2,13,Credit Card,Male,3,3,Laptop & Accessory,3,Single,4,0,13,1,2,10,151.99,0
57147,16,Computer,3,31,COD,Female,5,2,Laptop & Accessory,4,Divorced,2,0,15,0,1,2,155.01,0
57148,2,Mobile Phone,2,13,Credit Card,Male,2,4,Grocery,3,Married,7,0,12,3,6,2,131.07,1
57149,7,Mobile Phone,3,15,Debit Card,Female,2,4,Others,5,Divorced,2,0,14,1,2,20,136.89,1
57150,11,Mobile Phone,2,7,Debit Card,Female,2,1,Laptop & Accessory,4,Divorced,1,0,20,1,5,13,152.33,0
57151,17,Mobile Phone,2,37,UPI,Female,2,3,Mobile Phone,4,Single,10,0,11,2,6,15,194.04,1
57152,1,Mobile Phone,1,11,Debit Card,Male,3,1,Mobile Phone,4,Single,3,0,12,0,4,2,143.21,0
57153,39,Phone,1,20,COD,Female,2,3,Fashion,3,Married,3,0,20,2,6,6,224.06,0
57154,26,Computer,2,21,Debit Card,Female,4,5,Mobile Phone,4,Married,2,0,12,2,5,5,178.93,0
57155,3,Computer,1,15,Credit Card,Male,1,4,Fashion,3,Divorced,3,0,12,1,5,5,157.1,1
57156,20,Mobile Phone,3,11,Credit Card,Male,2,2,Laptop & Accessory,2,Married,2,0,24,3,7,6,166.75,0
57157,8,Computer,2,23,Debit Card,Male,4,2,Grocery,1,Married,2,0,21,0,4,3,160.18,0
57158,7,Computer,3,16,Credit Card,Female,3,4,Laptop & Accessory,3,Married,2,1,13,3,5,7,156.21,1
57159,4,Computer,3,13,E Wallet,Female,4,3,Mobile Phone,3,Single,6,0,25,2,5,8,131.66,0
57160,10,Mobile Phone,1,13,E Wallet,Male,2,3,Mobile Phone,2,Married,1,1,26,1,4,7,128.74,0
57161,15,Mobile Phone,1,23,Credit Card,Male,2,4,Laptop & Accessory,3,Married,3,0,16,3,6,18,187.93,0
57162,6,Computer,2,20,UPI,Female,4,2,Grocery,2,Divorced,6,0,23,1,5,6,151.44,0
57163,11,Computer,1,15,E Wallet,Male,3,2,Laptop & Accessory,4,Married,4,0,15,2,3,4,129.43,0
57164,14,Phone,1,23,Debit Card,Male,2,3,Others,3,Single,10,0,21,3,5,19,154.89,0
57165,14,Computer,3,18,Credit Card,Female,2,2,Others,4,Married,4,1,11,1,3,10,155.21,0
57166,0,Phone,3,19,Debit Card,Female,2,3,Grocery,5,Married,1,1,15,2,6,9,175.22,0
57167,23,Computer,3,17,Debit Card,Female,4,3,Others,2,Married,2,0,24,1,3,10,227.15,0
57168,7,Phone,2,12,E Wallet,Male,3,2,Fashion,3,Single,6,0,17,3,7,20,154.33,1
57169,3,Computer,2,13,Credit Card,Male,3,1,Fashion,1,Single,7,0,11,1,4,8,123.82,0
57170,3,Mobile Phone,2,8,E Wallet,Female,4,4,Fashion,1,Single,3,0,24,3,6,9,129.94,0
57171,7,Mobile Phone,2,18,E Wallet,Female,4,4,Laptop & Accessory,1,Single,3,0,17,1,2,7,149.93,0
57172,26,Mobile Phone,2,10,Debit Card,Male,4,3,Fashion,5,Married,3,0,25,3,7,5,221.72,0
57173,5,Mobile Phone,1,19,Credit Card,Female,3,2,Laptop & Accessory,1,Married,5,0,12,1,3,2,124.36,1
57174,16,Mobile Phone,3,13,E Wallet,Female,2,3,Grocery,3,Married,3,0,12,3,4,10,179.82,0
57175,1,Mobile Phone,3,36,Debit Card,Male,3,2,Grocery,1,Single,3,0,13,1,4,8,145.11,1
57176,7,Computer,2,16,UPI,Female,2,4,Laptop & Accessory,4,Married,2,1,17,2,3,7,159.72,0
57177,57,Mobile Phone,3,8,Credit Card,Female,4,3,Fashion,3,Married,3,0,12,1,2,8,266.46,0
57178,17,Mobile Phone,1,9,E Wallet,Male,2,1,Fashion,2,Married,1,0,13,2,4,4,153.56,0
57179,2,Computer,1,12,COD,Male,2,1,Mobile Phone,3,Married,1,0,23,3,4,3,129.07,0
57180,8,Computer,3,11,Credit Card,Male,2,6,Laptop & Accessory,2,Married,3,0,20,1,3,14,153.01,1
57181,3,Phone,3,43,Debit Card,Male,2,1,Laptop & Accessory,2,Married,4,0,25,3,5,6,143.55,0
57182,6,Computer,2,7,Debit Card,Female,2,4,Fashion,4,Married,2,1,22,3,5,4,158.95,0
57183,18,Mobile Phone,1,14,Debit Card,Female,2,5,Mobile Phone,3,Married,2,0,25,1,5,20,197.6,1
57184,17,Mobile Phone,3,28,E Wallet,Female,2,2,Laptop & Accessory,3,Married,4,0,18,2,6,2,187.61,0
57185,3,Mobile Phone,1,18,Debit Card,Female,2,3,Mobile Phone,1,Single,3,0,23,1,2,5,121.46,0
57186,30,Mobile Phone,2,12,Debit Card,Male,4,3,Grocery,3,Single,5,0,11,2,6,4,226.84,0
57187,10,Mobile Phone,1,26,E Wallet,Male,1,3,Grocery,3,Married,2,0,16,0,2,5,147.76,1
57188,5,Phone,3,20,Credit Card,Female,2,2,Fashion,4,Married,4,0,24,3,6,1,146.45,0
57189,8,Mobile Phone,2,8,E Wallet,Female,3,3,Fashion,3,Single,1,0,14,0,2,15,133.46,1
57190,11,Mobile Phone,3,23,Credit Card,Female,4,2,Fashion,4,Married,2,0,22,3,7,11,154.38,0
57191,9,Mobile Phone,1,21,Credit Card,Female,2,2,Laptop & Accessory,2,Married,3,1,26,2,4,6,160.89,0
57192,7,Computer,1,10,Credit Card,Female,2,3,Laptop & Accessory,4,Divorced,5,0,13,3,6,1,171.03,0
57193,8,Mobile Phone,3,38,Credit Card,Male,4,3,Mobile Phone,2,Single,2,0,13,2,4,4,148.19,1
57194,2,Mobile Phone,1,15,UPI,Female,2,1,Mobile Phone,5,Single,1,1,24,0,1,3,164.92,0
57195,20,Mobile Phone,2,15,Debit Card,Male,4,5,Laptop & Accessory,3,Single,3,0,25,5,9,8,203.88,0
57196,9,Mobile Phone,1,22,Debit Card,Male,3,1,Fashion,4,Married,2,1,11,4,5,3,151.25,0
57197,1,Mobile Phone,3,15,Credit Card,Female,3,5,Fashion,4,Married,2,1,11,0,3,2,109.5,0
57198,17,Mobile Phone,1,14,Debit Card,Male,3,2,Laptop & Accessory,2,Single,3,0,15,0,1,2,171.46,1
57199,32,Mobile Phone,2,15,E Wallet,Female,2,2,Mobile Phone,4,Married,1,0,13,6,7,1,229.6,0
57200,35,Computer,2,17,Credit Card,Female,2,1,Laptop & Accessory,2,Married,2,0,18,2,3,9,228.48,0
57201,5,Computer,2,21,Debit Card,Male,2,3,Laptop & Accessory,3,Single,3,0,13,1,2,3,133.23,0
57202,1,Computer,1,12,Credit Card,Male,3,3,Mobile Phone,3,Married,1,0,25,1,2,9,109.81,0
57203,8,Mobile Phone,3,22,Debit Card,Female,4,5,Mobile Phone,3,Single,3,0,12,4,8,8,152.76,0
57204,1,Mobile Phone,2,13,Debit Card,Male,2,4,Mobile Phone,4,Divorced,4,1,17,1,3,5,128.66,0
57205,32,Mobile Phone,1,15,Credit Card,Male,1,2,Mobile Phone,4,Married,3,1,23,2,5,8,209.2,0
57206,2,Mobile Phone,2,11,UPI,Male,3,2,Fashion,2,Married,3,0,21,1,2,13,119.29,0
57207,3,Mobile Phone,3,9,Credit Card,Female,2,1,Mobile Phone,2,Married,1,0,24,2,3,3,139.07,0
57208,6,Mobile Phone,1,20,Credit Card,Male,1,3,Mobile Phone,1,Single,1,1,13,3,4,6,159.13,1
57209,5,Computer,2,22,E Wallet,Female,4,1,Mobile Phone,4,Single,1,0,19,1,3,4,150.22,0
57210,18,Computer,3,11,Debit Card,Female,4,2,Laptop & Accessory,3,Married,3,0,15,0,3,2,174.17,0
57211,7,Computer,1,27,Credit Card,Male,4,3,Fashion,1,Single,2,0,22,1,3,8,141.49,0
57212,2,Mobile Phone,1,13,Credit Card,Male,2,2,Laptop & Accessory,3,Single,5,0,19,0,3,7,125.28,0
57213,3,Computer,2,9,E Wallet,Male,2,2,Laptop & Accessory,5,Married,2,0,23,2,3,3,139.94,0
57214,8,Mobile Phone,3,9,Debit Card,Female,3,2,Fashion,3,Married,6,0,20,1,3,25,150.16,1
57215,1,Computer,1,23,Credit Card,Female,2,3,Laptop & Accessory,5,Single,2,0,18,3,6,1,138.83,0
57216,11,Mobile Phone,3,12,Credit Card,Female,2,1,Mobile Phone,1,Married,3,0,22,1,5,5,175.38,0
57217,10,Mobile Phone,2,13,Credit Card,Female,3,4,Fashion,5,Single,4,1,19,1,2,1,162.41,0
57218,15,Computer,1,9,Credit Card,Male,4,4,Others,3,Married,4,0,18,2,4,4,172.06,0
57219,33,Computer,2,11,E Wallet,Male,3,3,Mobile Phone,3,Married,4,0,21,1,2,17,202.46,0
57220,29,Mobile Phone,3,17,Credit Card,Female,2,4,Mobile Phone,1,Single,1,1,17,2,3,6,180.46,0
57221,35,Mobile Phone,1,12,Debit Card,Male,3,2,Mobile Phone,3,Divorced,4,0,24,1,4,5,211.89,0
57222,3,Mobile Phone,2,13,Debit Card,Female,3,6,Laptop & Accessory,3,Married,1,0,23,2,4,0,127.53,0
57223,1,Phone,2,17,UPI,Male,1,3,Mobile Phone,1,Married,2,0,25,2,3,4,128.4,0
57224,4,Computer,1,16,E Wallet,Male,3,3,Grocery,2,Single,3,0,13,3,4,5,136.7,1
57225,27,Phone,1,18,E Wallet,Female,3,2,Laptop & Accessory,5,Married,2,1,11,3,7,7,196.41,0
57226,42,Mobile Phone,1,19,COD,Female,2,3,Mobile Phone,1,Married,2,0,19,2,4,16,244.43,0
57227,23,Computer,1,32,E Wallet,Male,3,3,Fashion,3,Single,5,0,19,2,6,7,168.52,0
57228,1,Computer,1,12,E Wallet,Male,2,2,Mobile Phone,4,Married,10,0,26,2,5,13,134.47,0
57229,35,Mobile Phone,3,11,E Wallet,Female,4,3,Fashion,5,Single,4,0,15,1,5,19,211.85,0
57230,6,Mobile Phone,3,14,Debit Card,Female,3,2,Fashion,4,Married,1,0,15,1,4,5,167.52,0
57231,0,Computer,1,15,COD,Male,3,3,Mobile Phone,1,Married,1,1,13,2,5,5,134.16,1
57232,7,Computer,2,15,Credit Card,Male,2,2,Fashion,4,Single,1,0,26,4,5,3,147.04,0
57233,0,Computer,1,24,Debit Card,Male,5,5,Grocery,4,Divorced,2,0,26,2,6,6,132.16,0
57234,9,Computer,1,17,Debit Card,Female,5,4,Fashion,3,Divorced,5,0,26,2,4,9,172.1,1
57235,4,Computer,1,15,UPI,Male,2,3,Fashion,3,Married,2,0,26,0,3,10,149.11,0
57236,7,Computer,1,9,Debit Card,Male,4,3,Fashion,3,Single,2,0,19,0,1,0,123.7,0
57237,11,Mobile Phone,3,8,Debit Card,Male,3,4,Fashion,5,Married,7,0,15,2,4,22,147.36,1
57238,24,Mobile Phone,1,21,Credit Card,Female,4,3,Mobile Phone,5,Single,3,1,14,1,2,1,164.49,0
57239,13,Computer,2,25,UPI,Male,1,3,Grocery,2,Single,6,0,17,1,4,9,164.35,0
57240,6,Phone,1,15,Credit Card,Male,1,3,Others,1,Single,1,0,15,1,4,1,132.3,0
57241,20,Mobile Phone,1,28,UPI,Female,3,4,Fashion,4,Married,4,0,17,1,4,17,169.9,0
57242,28,Mobile Phone,3,11,UPI,Male,1,2,Grocery,3,Married,1,0,18,1,5,9,218.76,0
57243,1,Mobile Phone,1,9,UPI,Female,4,4,Fashion,3,Married,1,1,16,2,5,11,125.38,1
57244,9,Mobile Phone,3,15,Credit Card,Male,4,3,Mobile Phone,5,Married,2,0,14,1,5,22,146.21,0
57245,4,Mobile Phone,1,11,E Wallet,Male,3,3,Mobile Phone,5,Married,1,0,20,6,9,6,174.12,1
57246,0,Computer,2,25,Debit Card,Male,1,5,Fashion,4,Divorced,1,0,22,3,4,5,161.66,0
57247,13,Mobile Phone,3,9,Debit Card,Female,3,3,Others,2,Married,2,0,20,2,3,5,161.93,0
57248,23,Computer,1,14,Credit Card,Male,1,3,Fashion,4,Divorced,10,0,24,2,5,5,189.1,0
57249,2,Computer,2,13,Debit Card,Male,4,3,Mobile Phone,4,Single,1,0,11,1,5,19,136.66,0
57250,20,Phone,3,17,Credit Card,Female,3,5,Laptop & Accessory,1,Divorced,7,0,13,0,1,6,180.07,0
57251,23,Mobile Phone,1,14,Debit Card,Male,2,3,Fashion,3,Divorced,2,0,11,2,5,8,159.18,0
57252,29,Computer,2,17,Debit Card,Male,3,2,Fashion,2,Married,3,1,15,3,5,3,217.17,0
57253,3,Mobile Phone,1,18,UPI,Female,2,3,Others,4,Single,1,1,16,2,6,4,140.93,0
57254,28,Mobile Phone,1,13,E Wallet,Female,2,5,Mobile Phone,1,Single,1,1,25,0,2,5,192.18,1
57255,4,Computer,1,18,E Wallet,Female,1,3,Fashion,3,Married,2,0,12,3,6,5,148.37,1
57256,9,Computer,3,18,Credit Card,Female,4,2,Laptop & Accessory,3,Married,4,0,12,1,3,4,135.43,0
57257,0,Mobile Phone,1,18,Credit Card,Female,3,3,Laptop & Accessory,5,Married,4,0,17,1,3,3,151.21,0
57258,0,Phone,1,8,Credit Card,Male,2,3,Laptop & Accessory,3,Married,3,1,20,0,2,3,110.52,1
57259,15,Computer,2,21,Credit Card,Female,1,3,Grocery,1,Single,3,0,13,3,4,14,190.4,0
57260,7,Computer,1,10,Credit Card,Male,3,2,Mobile Phone,5,Divorced,2,0,17,0,1,3,162.06,0
57261,3,Computer,2,25,Debit Card,Female,3,2,Laptop & Accessory,3,Single,5,0,17,0,2,8,142.22,1
57262,2,Mobile Phone,1,17,Debit Card,Female,2,3,Mobile Phone,4,Married,3,0,25,2,3,11,142.89,0
57263,13,Computer,3,18,Credit Card,Male,3,2,Fashion,4,Single,2,0,12,2,5,1,169.5,1
57264,0,Mobile Phone,2,23,Credit Card,Male,2,2,Mobile Phone,4,Married,1,0,11,1,3,7,134.09,0
57265,19,Computer,1,9,UPI,Male,4,4,Laptop & Accessory,4,Single,4,0,11,1,2,9,160.11,0
57266,0,Mobile Phone,1,18,UPI,Female,2,5,Laptop & Accessory,2,Married,1,1,24,0,2,3,118.07,1
57267,2,Mobile Phone,2,19,Credit Card,Female,4,5,Fashion,5,Divorced,3,1,12,3,7,15,136.69,0
57268,5,Computer,3,26,Credit Card,Female,3,5,Others,1,Single,2,0,16,1,2,25,141.5,0
57269,7,Mobile Phone,1,11,COD,Male,4,5,Fashion,3,Single,2,0,13,0,2,0,123.04,0
57270,5,Mobile Phone,1,24,UPI,Female,3,4,Others,3,Single,4,0,12,2,3,30,145.09,1
57271,4,Mobile Phone,1,20,Debit Card,Male,4,4,Grocery,1,Single,3,1,16,0,3,5,149.26,1
57272,39,Computer,2,7,Debit Card,Male,1,2,Laptop & Accessory,1,Married,1,0,18,5,6,0,245.52,0
57273,12,Mobile Phone,3,22,Debit Card,Female,2,3,Grocery,2,Single,3,0,23,2,4,12,152.05,1
57274,0,Mobile Phone,1,8,E Wallet,Male,2,3,Laptop & Accessory,5,Single,2,1,16,0,3,5,115.38,0
57275,6,Mobile Phone,1,16,Credit Card,Female,2,4,Mobile Phone,3,Married,10,1,20,0,4,9,158.6,1
57276,24,Mobile Phone,1,15,Credit Card,Male,4,3,Mobile Phone,1,Married,3,1,13,2,6,6,186.43,0
57277,4,Mobile Phone,1,13,E Wallet,Male,2,3,Fashion,4,Single,1,0,22,1,2,1,132.45,0
57278,1,Computer,2,22,UPI,Female,5,4,Fashion,3,Divorced,3,0,11,1,3,21,160.51,0
57279,17,Mobile Phone,3,47,Credit Card,Female,3,4,Laptop & Accessory,2,Single,2,0,17,1,4,3,173.56,0
57280,11,Mobile Phone,1,15,Debit Card,Female,4,3,Grocery,3,Single,3,1,15,4,5,11,169.64,0
57281,10,Mobile Phone,3,20,UPI,Male,2,3,Laptop & Accessory,3,Married,4,0,24,2,5,4,168.5,0
57282,0,Mobile Phone,1,20,Credit Card,Female,2,4,Others,3,Single,3,1,16,3,6,2,111.02,1
57283,1,Mobile Phone,3,25,UPI,Male,1,4,Others,5,Married,3,1,25,4,7,0,148.82,1
57284,11,Computer,2,12,Debit Card,Female,3,3,Fashion,4,Single,2,0,19,0,2,7,190.03,0
57285,2,Mobile Phone,1,9,COD,Male,5,4,Fashion,3,Married,1,1,21,2,4,17,155.43,1
57286,8,Mobile Phone,3,13,Credit Card,Female,2,2,Others,3,Single,1,1,26,1,3,20,162.02,0
57287,9,Computer,1,24,Debit Card,Male,4,3,Laptop & Accessory,4,Single,5,0,13,2,3,1,167.4,0
57288,4,Mobile Phone,2,14,Credit Card,Male,2,2,Fashion,2,Married,2,0,23,1,4,3,158.72,1
57289,35,Computer,3,13,UPI,Male,5,1,Mobile Phone,1,Single,7,1,22,2,3,2,201.68,0
57290,22,Mobile Phone,1,8,Credit Card,Female,4,4,Laptop & Accessory,3,Divorced,3,0,22,1,3,3,196.12,0
57291,15,Mobile Phone,2,14,Debit Card,Female,2,2,Laptop & Accessory,4,Single,5,0,23,6,9,6,185.97,0
57292,0,Computer,3,20,Credit Card,Female,4,2,Fashion,3,Single,1,1,14,1,3,4,107.35,0
57293,1,Mobile Phone,3,17,UPI,Male,3,3,Laptop & Accessory,2,Single,5,0,18,2,5,9,132.13,0
57294,8,Computer,3,11,Debit Card,Female,4,3,Fashion,3,Divorced,6,1,22,0,3,12,148.67,0
57295,2,Computer,1,22,Debit Card,Male,1,3,Laptop & Accessory,4,Married,7,1,17,2,3,2,121.92,1
57296,45,Computer,2,11,Debit Card,Male,4,3,Mobile Phone,4,Single,2,0,21,2,6,5,244.71,0
57297,2,Computer,3,14,Debit Card,Female,2,4,Fashion,3,Divorced,4,0,25,1,3,0,138.75,0
57298,8,Computer,2,18,Debit Card,Male,3,2,Mobile Phone,3,Divorced,1,1,19,0,1,22,148.21,0
57299,5,Computer,3,17,Credit Card,Female,2,1,Grocery,2,Married,2,0,18,1,4,5,151.96,0
57300,12,Computer,1,19,E Wallet,Female,3,3,Mobile Phone,1,Single,2,0,26,4,5,0,171.03,1
57301,1,Mobile Phone,1,19,E Wallet,Female,4,3,Laptop & Accessory,3,Single,4,0,12,3,4,2,120.44,1
57302,6,Mobile Phone,2,10,E Wallet,Female,2,2,Grocery,4,Single,2,1,26,2,6,1,129.17,0
57303,3,Mobile Phone,3,11,Debit Card,Female,4,3,Mobile Phone,4,Divorced,1,0,18,2,4,3,143.87,0
57304,26,Mobile Phone,2,21,E Wallet,Male,3,4,Grocery,5,Single,3,0,25,2,4,8,194.07,0
57305,0,Computer,3,20,Credit Card,Male,2,4,Laptop & Accessory,1,Single,2,0,22,2,6,0,138.37,1
57306,29,Mobile Phone,3,14,UPI,Male,1,3,Fashion,2,Single,4,1,22,1,2,3,199.74,0
57307,21,Mobile Phone,3,10,Credit Card,Female,3,2,Laptop & Accessory,4,Single,3,0,14,1,2,5,171.12,0
57308,4,Computer,3,26,Debit Card,Female,2,2,Laptop & Accessory,3,Married,2,1,22,0,2,6,141.01,0
57309,18,Mobile Phone,3,12,E Wallet,Male,4,3,Others,4,Married,1,0,13,1,2,2,148.76,0
57310,0,Mobile Phone,3,18,Debit Card,Male,2,4,Laptop & Accessory,3,Single,2,0,18,2,6,4,172.49,0
57311,40,Computer,2,17,COD,Female,3,3,Fashion,3,Single,1,0,20,2,3,9,232.32,0
57312,8,Computer,1,13,E Wallet,Female,3,4,Laptop & Accessory,4,Married,2,0,21,1,5,12,154.03,0
57313,4,Computer,1,14,E Wallet,Male,2,5,Fashion,3,Divorced,1,1,21,0,4,1,129.16,0
57314,5,Mobile Phone,1,17,E Wallet,Male,4,3,Laptop & Accessory,2,Married,1,0,18,0,4,0,150.8,0
57315,0,Mobile Phone,1,21,Debit Card,Male,2,2,Fashion,2,Single,6,0,13,2,5,3,109.75,0
57316,54,Computer,1,13,Credit Card,Male,4,2,Laptop & Accessory,2,Single,5,1,18,0,2,5,258.14,0
57317,0,Mobile Phone,3,18,E Wallet,Female,2,1,Mobile Phone,1,Single,4,1,24,6,8,2,168.82,1
57318,12,Computer,2,24,Debit Card,Female,1,2,Laptop & Accessory,4,Married,4,0,26,2,5,2,147.68,0
57319,7,Computer,1,15,E Wallet,Male,4,2,Laptop & Accessory,4,Divorced,1,0,22,1,2,6,141.02,0
57320,35,Mobile Phone,3,9,UPI,Male,3,2,Mobile Phone,4,Divorced,1,0,22,0,3,15,210.66,0
57321,3,Mobile Phone,2,10,Debit Card,Male,3,3,Mobile Phone,2,Single,2,0,12,2,3,5,141.9,1
57322,9,Mobile Phone,1,20,Debit Card,Male,2,2,Mobile Phone,5,Divorced,3,0,21,1,3,9,156.51,0
57323,7,Computer,3,11,UPI,Female,2,3,Fashion,2,Single,5,0,25,3,5,0,145.62,0
57324,14,Mobile Phone,1,17,Debit Card,Male,3,1,Laptop & Accessory,5,Married,9,0,12,0,1,11,147.84,0
57325,0,Mobile Phone,2,15,Debit Card,Male,3,2,Mobile Phone,2,Single,4,1,20,2,5,3,133.68,0
57326,2,Computer,1,6,Credit Card,Male,2,1,Fashion,1,Single,1,0,12,1,3,12,135.04,1
57327,2,Mobile Phone,2,13,E Wallet,Male,2,4,Mobile Phone,3,Single,5,0,22,4,7,6,149.26,0
57328,16,Mobile Phone,3,14,COD,Female,4,3,Laptop & Accessory,3,Single,4,0,21,0,2,7,166.46,0
57329,2,Computer,1,13,Credit Card,Male,4,3,Fashion,5,Married,1,0,22,2,4,2,155.64,0
57330,10,Mobile Phone,3,13,COD,Female,2,4,Fashion,4,Divorced,2,0,21,1,4,6,153.59,0
57331,2,Computer,1,17,Credit Card,Female,4,4,Fashion,4,Single,5,0,25,4,6,10,171.0,0
57332,23,Computer,2,10,E Wallet,Female,2,3,Mobile Phone,5,Married,5,1,21,3,4,8,223.32,0
57333,34,Mobile Phone,3,9,Debit Card,Male,4,3,Laptop & Accessory,3,Married,4,0,18,0,4,8,207.15,0
57334,8,Phone,3,11,Credit Card,Male,2,4,Others,5,Single,3,1,21,2,5,3,164.63,0
57335,5,Mobile Phone,1,28,UPI,Female,4,2,Fashion,4,Single,10,0,17,2,6,10,155.97,0
57336,3,Phone,1,15,Credit Card,Male,3,4,Others,1,Married,1,0,19,0,4,2,148.21,1
57337,0,Mobile Phone,3,9,Debit Card,Female,2,3,Laptop & Accessory,2,Married,1,0,11,2,4,1,136.4,1
57338,3,Mobile Phone,1,9,Credit Card,Male,3,3,Fashion,1,Single,3,1,20,3,4,1,128.08,1
57339,12,Mobile Phone,2,19,Credit Card,Male,2,2,Laptop & Accessory,3,Married,4,0,14,4,7,2,158.12,0
57340,9,Mobile Phone,3,27,Debit Card,Male,2,5,Grocery,2,Single,1,0,25,0,2,12,143.08,0
57341,34,Computer,2,12,COD,Female,3,6,Mobile Phone,5,Married,2,0,14,0,2,2,207.35,0
57342,6,Computer,1,12,E Wallet,Male,5,3,Mobile Phone,5,Single,2,1,12,2,3,6,117.65,0
57343,14,Computer,2,37,Credit Card,Male,4,3,Others,4,Married,3,0,12,2,6,4,194.57,0
57344,8,Mobile Phone,3,12,COD,Male,4,4,Mobile Phone,5,Single,2,0,20,1,2,3,154.28,0
57345,8,Mobile Phone,2,7,Debit Card,Male,4,3,Fashion,4,Married,4,0,22,4,5,5,191.24,0
57346,3,Computer,3,16,UPI,Male,3,3,Laptop & Accessory,2,Married,1,1,24,3,7,7,120.63,1
57347,7,Mobile Phone,1,11,Debit Card,Female,2,2,Mobile Phone,1,Single,4,0,24,3,5,6,167.21,0
57348,7,Computer,1,15,Debit Card,Male,4,5,Laptop & Accessory,4,Single,3,1,17,3,7,13,167.74,0
57349,14,Computer,1,31,Credit Card,Male,1,2,Laptop & Accessory,2,Divorced,4,0,25,2,6,7,157.84,1
57350,33,Mobile Phone,2,15,E Wallet,Female,5,3,Fashion,3,Single,3,0,26,1,2,3,213.93,0
57351,4,Computer,1,15,E Wallet,Male,3,2,Laptop & Accessory,3,Divorced,2,1,23,2,5,7,147.61,0
57352,0,Computer,2,9,Debit Card,Male,3,2,Laptop & Accessory,5,Married,2,0,20,1,3,0,139.66,1
57353,8,Computer,3,15,Debit Card,Male,2,1,Grocery,2,Single,5,0,17,2,3,16,141.42,0
57354,9,Mobile Phone,3,21,E Wallet,Female,2,5,Mobile Phone,5,Married,2,0,13,0,1,14,130.13,1
57355,2,Mobile Phone,1,34,UPI,Female,3,4,Mobile Phone,2,Married,3,0,20,3,7,26,153.08,1
57356,17,Mobile Phone,3,7,E Wallet,Male,2,1,Grocery,5,Single,3,1,14,2,4,9,183.15,0
57357,50,Mobile Phone,2,20,Debit Card,Female,2,3,Mobile Phone,2,Married,3,0,13,2,6,0,257.27,0
57358,34,Mobile Phone,1,10,Credit Card,Female,2,2,Grocery,2,Single,3,0,23,2,6,6,238.64,0
57359,2,Computer,1,22,E Wallet,Female,3,4,Mobile Phone,3,Single,1,0,23,2,6,5,149.18,1
57360,24,Computer,2,8,Debit Card,Male,3,3,Others,5,Married,5,1,14,1,4,3,217.04,0
57361,14,Computer,1,23,Credit Card,Female,3,5,Others,3,Married,2,1,12,6,9,9,176.97,0
57362,7,Mobile Phone,1,22,Credit Card,Male,1,3,Grocery,1,Married,1,0,25,2,6,7,142.86,0
57363,9,Phone,1,19,Credit Card,Male,3,4,Laptop & Accessory,5,Single,1,0,13,0,4,6,147.15,0
57364,22,Mobile Phone,1,16,E Wallet,Female,2,1,Fashion,3,Married,2,0,16,2,4,4,166.54,0
57365,7,Computer,3,7,E Wallet,Female,2,5,Grocery,3,Married,2,0,18,3,6,10,160.81,1
57366,5,Phone,3,29,COD,Female,3,3,Mobile Phone,2,Single,5,0,21,0,1,9,143.95,1
57367,8,Computer,2,13,Credit Card,Male,3,2,Laptop & Accessory,2,Married,5,0,18,2,4,4,135.59,1
57368,10,Phone,3,28,Credit Card,Male,3,2,Laptop & Accessory,3,Married,4,0,13,4,8,2,186.99,0
57369,2,Computer,2,15,Debit Card,Male,3,3,Fashion,3,Divorced,5,0,24,3,4,10,146.99,0
57370,27,Mobile Phone,3,17,Credit Card,Male,3,4,Laptop & Accessory,1,Married,1,1,21,2,4,22,194.72,0
57371,13,Mobile Phone,1,16,Debit Card,Female,2,1,Fashion,5,Married,1,0,22,1,3,4,164.94,0
57372,12,Mobile Phone,2,13,Debit Card,Male,2,2,Mobile Phone,1,Single,5,0,26,1,2,15,151.73,0
57373,1,Mobile Phone,1,10,Debit Card,Female,1,3,Laptop & Accessory,1,Married,3,1,21,1,3,2,116.68,1
57374,11,Computer,2,20,E Wallet,Female,5,4,Fashion,5,Single,7,1,15,2,5,17,155.67,1
57375,1,Mobile Phone,1,8,Credit Card,Female,2,6,Laptop & Accessory,2,Single,5,1,11,2,4,1,139.5,0
57376,0,Computer,1,17,E Wallet,Female,4,4,Fashion,1,Single,2,0,17,3,6,8,140.85,1
57377,8,Mobile Phone,1,10,Credit Card,Female,4,1,Others,3,Married,2,0,21,2,4,6,160.23,0
57378,6,Mobile Phone,1,17,Credit Card,Female,3,5,Fashion,2,Married,5,0,21,1,5,7,156.09,0
57379,10,Phone,3,17,Debit Card,Male,3,1,Mobile Phone,4,Married,2,1,12,2,3,6,155.26,0
57380,1,Mobile Phone,1,21,E Wallet,Female,3,4,Others,2,Single,2,1,25,1,5,0,145.18,1
57381,6,Computer,3,22,Debit Card,Male,2,3,Mobile Phone,4,Married,3,0,11,1,5,11,179.07,0
57382,2,Computer,2,13,Credit Card,Female,2,4,Mobile Phone,3,Married,4,0,21,4,8,5,145.26,1
57383,52,Mobile Phone,2,10,Debit Card,Female,2,1,Mobile Phone,4,Single,2,0,25,3,5,13,281.57,0
57384,9,Mobile Phone,1,6,E Wallet,Male,4,2,Laptop & Accessory,3,Married,2,1,21,2,3,3,151.84,0
57385,13,Mobile Phone,3,7,E Wallet,Male,3,3,Laptop & Accessory,4,Divorced,2,0,17,3,5,0,163.4,0
57386,4,Computer,1,21,E Wallet,Female,4,1,Grocery,3,Single,5,1,23,1,3,5,134.93,0
57387,1,Computer,2,9,Debit Card,Male,4,3,Laptop & Accessory,3,Married,2,0,22,4,6,4,141.34,0
57388,44,Mobile Phone,2,19,E Wallet,Female,3,4,Mobile Phone,3,Married,5,0,22,1,5,7,216.11,0
57389,4,Computer,2,36,E Wallet,Female,2,3,Fashion,4,Married,3,1,15,2,5,3,132.81,1
57390,6,Mobile Phone,1,10,Debit Card,Male,4,3,Laptop & Accessory,3,Single,3,0,13,2,4,14,169.4,0
57391,12,Computer,2,15,Credit Card,Female,2,1,Grocery,2,Single,3,0,22,0,3,11,146.73,0
57392,0,Computer,3,13,Debit Card,Female,1,2,Grocery,4,Married,2,0,23,0,1,1,140.61,0
57393,19,Computer,3,26,E Wallet,Male,1,4,Laptop & Accessory,3,Married,3,0,20,1,5,8,189.09,0
57394,9,Computer,3,11,Debit Card,Female,3,2,Fashion,3,Single,1,0,18,2,4,6,143.88,1
57395,3,Mobile Phone,1,14,Debit Card,Male,4,3,Mobile Phone,1,Single,2,0,12,1,4,1,133.48,0
57396,0,Phone,1,9,Debit Card,Female,3,1,Fashion,3,Married,5,1,11,2,4,3,102.78,1
57397,2,Mobile Phone,1,12,Credit Card,Male,3,3,Mobile Phone,4,Married,2,0,12,2,4,5,178.98,0
57398,27,Computer,3,9,Debit Card,Female,3,3,Laptop & Accessory,4,Divorced,2,0,11,1,4,22,187.38,0
57399,13,Mobile Phone,1,17,UPI,Female,3,3,Fashion,1,Single,5,1,18,3,5,16,189.73,1
57400,3,Phone,2,29,Debit Card,Male,4,4,Laptop & Accessory,3,Single,2,0,22,2,6,2,142.24,0
57401,0,Computer,3,16,Debit Card,Female,2,4,Fashion,5,Divorced,3,1,16,1,3,14,108.03,0
57402,14,Computer,2,21,E Wallet,Male,2,4,Grocery,2,Single,7,0,13,1,2,6,199.24,0
57403,10,Mobile Phone,2,10,COD,Male,1,3,Laptop & Accessory,4,Married,10,0,22,1,2,2,162.21,0
57404,6,Computer,1,9,UPI,Female,3,5,Laptop & Accessory,3,Married,3,0,19,3,6,21,179.54,0
57405,5,Computer,2,18,Debit Card,Female,4,3,Laptop & Accessory,3,Single,3,1,23,0,1,22,147.59,0
57406,2,Computer,3,24,Debit Card,Female,3,3,Mobile Phone,5,Married,2,1,19,5,6,8,145.49,0
57407,13,Mobile Phone,2,12,Credit Card,Male,2,3,Grocery,4,Divorced,4,0,14,1,2,5,145.31,0
57408,42,Mobile Phone,1,13,Debit Card,Female,2,4,Mobile Phone,2,Married,4,1,16,2,4,4,228.14,0
57409,2,Mobile Phone,1,7,Credit Card,Female,3,3,Mobile Phone,2,Married,2,0,17,2,6,16,115.72,1
57410,10,Mobile Phone,1,23,Credit Card,Female,2,3,Others,5,Married,1,0,21,0,1,5,128.6,1
57411,6,Mobile Phone,2,12,Credit Card,Female,3,3,Mobile Phone,3,Married,3,0,20,2,5,10,153.05,0
57412,7,Mobile Phone,1,16,COD,Female,4,2,Others,1,Single,1,0,20,3,6,8,126.23,0
57413,3,Mobile Phone,2,14,Debit Card,Male,2,4,Fashion,3,Married,3,0,25,0,1,5,114.06,0
57414,20,Mobile Phone,2,27,E Wallet,Male,1,4,Others,3,Single,5,0,19,1,4,2,170.45,0
57415,7,Mobile Phone,3,8,Credit Card,Male,4,4,Fashion,4,Single,3,0,16,2,4,7,146.66,1
57416,9,Phone,1,18,Credit Card,Male,2,2,Others,2,Single,2,0,16,3,5,10,161.28,0
57417,4,Mobile Phone,3,14,E Wallet,Female,5,3,Mobile Phone,3,Married,3,1,13,2,5,2,139.99,0
57418,2,Mobile Phone,2,18,COD,Male,4,1,Fashion,1,Single,2,0,22,1,4,5,123.56,1
57419,1,Mobile Phone,1,11,UPI,Female,3,1,Laptop & Accessory,1,Married,1,0,12,2,4,15,124.54,0
57420,15,Computer,3,13,E Wallet,Female,3,3,Others,4,Single,2,0,16,0,1,3,166.56,0
57421,2,Phone,1,7,Credit Card,Female,2,1,Mobile Phone,3,Single,3,1,21,0,2,8,110.73,0
57422,14,Mobile Phone,2,9,Credit Card,Male,1,1,Fashion,3,Married,2,0,13,2,5,4,192.84,0
57423,5,Mobile Phone,1,8,E Wallet,Female,3,2,Mobile Phone,2,Single,1,1,12,0,4,8,131.58,0
57424,6,Phone,2,18,Debit Card,Male,3,3,Grocery,5,Divorced,1,0,26,1,4,1,166.68,0
57425,7,Mobile Phone,2,20,Credit Card,Female,5,3,Laptop & Accessory,3,Single,1,0,15,2,5,8,122.28,0
57426,5,Mobile Phone,1,12,Credit Card,Male,3,2,Others,3,Married,2,0,16,0,2,7,137.01,1
57427,1,Mobile Phone,2,23,E Wallet,Male,3,5,Fashion,5,Single,1,0,23,1,2,9,141.07,1
57428,4,Mobile Phone,2,18,Debit Card,Male,2,5,Others,4,Married,3,0,14,0,3,6,152.27,1
57429,13,Phone,3,11,E Wallet,Male,3,1,Mobile Phone,3,Married,1,0,21,1,2,11,147.11,0
57430,13,Mobile Phone,1,8,E Wallet,Male,1,6,Mobile Phone,3,Married,6,0,21,1,3,4,164.5,0
57431,4,Phone,1,8,Debit Card,Male,3,2,Mobile Phone,3,Single,10,1,25,1,3,21,147.52,1
57432,7,Phone,2,10,Credit Card,Male,4,2,Mobile Phone,3,Married,2,0,21,2,3,2,135.41,0
57433,2,Computer,1,33,E Wallet,Male,3,4,Laptop & Accessory,3,Single,4,1,19,1,3,7,123.12,0
57434,2,Mobile Phone,2,22,COD,Female,2,3,Mobile Phone,5,Married,5,0,16,4,7,3,135.19,0
57435,0,Mobile Phone,1,22,Debit Card,Female,3,1,Fashion,4,Married,5,0,17,1,3,0,122.42,0
57436,27,Mobile Phone,1,11,Debit Card,Female,4,4,Laptop & Accessory,4,Divorced,3,0,22,2,3,8,224.94,0
57437,2,Mobile Phone,3,22,Debit Card,Male,3,3,Laptop & Accessory,1,Divorced,3,0,22,0,3,8,135.93,0
57438,3,Computer,3,16,COD,Female,3,5,Grocery,2,Divorced,2,1,17,1,4,8,145.58,1
57439,3,Mobile Phone,2,24,E Wallet,Female,3,5,Laptop & Accessory,2,Married,1,0,21,1,4,11,108.55,0
57440,1,Phone,3,22,E Wallet,Female,4,5,Laptop & Accessory,1,Single,8,1,13,3,7,5,145.93,1
57441,12,Mobile Phone,3,21,Debit Card,Female,2,3,Laptop & Accessory,5,Divorced,1,0,11,1,4,15,152.63,0
57442,0,Computer,2,13,Credit Card,Female,4,4,Fashion,4,Divorced,1,0,19,2,3,2,136.14,0
57443,1,Computer,3,16,E Wallet,Male,4,5,Grocery,4,Married,3,1,16,0,2,4,156.09,1
57444,12,Mobile Phone,2,13,UPI,Female,3,1,Grocery,2,Married,1,0,15,1,2,4,118.47,0
57445,4,Mobile Phone,2,13,Credit Card,Female,3,4,Others,3,Single,4,0,16,2,6,11,145.05,1
57446,14,Mobile Phone,2,14,COD,Female,4,1,Mobile Phone,3,Married,1,0,25,1,4,3,171.23,0
57447,9,Mobile Phone,3,12,Debit Card,Female,4,6,Fashion,3,Married,5,0,25,1,3,9,132.02,1
57448,3,Mobile Phone,1,22,Credit Card,Female,5,1,Fashion,4,Divorced,6,0,20,1,2,3,137.93,0
57449,12,Mobile Phone,1,20,UPI,Female,3,3,Others,1,Married,4,0,21,1,5,5,155.04,0
57450,1,Mobile Phone,1,31,E Wallet,Female,1,3,Fashion,2,Single,3,0,26,2,3,7,115.01,1
57451,9,Phone,1,9,UPI,Female,2,2,Mobile Phone,2,Married,3,0,16,2,3,11,162.21,0
57452,6,Mobile Phone,1,54,COD,Female,4,4,Mobile Phone,3,Divorced,1,0,11,1,2,9,126.2,0
57453,3,Mobile Phone,3,20,Credit Card,Male,3,2,Mobile Phone,3,Married,2,1,12,0,3,8,129.79,0
57454,11,Mobile Phone,2,6,Debit Card,Female,2,2,Laptop & Accessory,2,Married,3,0,22,1,3,8,170.55,0
57455,24,Mobile Phone,1,11,E Wallet,Male,1,2,Laptop & Accessory,1,Divorced,2,1,19,4,7,7,231.78,0
57456,61,Mobile Phone,3,18,Credit Card,Male,2,4,Mobile Phone,3,Married,1,0,21,2,4,4,274.22,0
57457,11,Phone,2,19,E Wallet,Female,2,2,Fashion,1,Single,3,1,23,1,5,8,170.67,0
57458,6,Mobile Phone,2,14,Credit Card,Female,4,4,Fashion,3,Divorced,2,1,15,3,7,6,173.0,1
57459,3,Mobile Phone,1,20,UPI,Male,4,2,Grocery,1,Married,2,1,16,2,5,1,131.34,1
57460,3,Mobile Phone,3,14,COD,Female,4,3,Fashion,2,Married,5,0,25,6,7,6,127.7,0
57461,7,Mobile Phone,1,17,E Wallet,Female,1,3,Mobile Phone,1,Single,4,0,12,3,7,3,159.95,1
57462,5,Mobile Phone,1,8,E Wallet,Male,2,4,Fashion,3,Single,3,0,24,2,6,4,157.95,0
57463,29,Computer,1,11,Credit Card,Male,2,2,Mobile Phone,2,Divorced,7,0,13,2,5,5,199.7,0
57464,5,Mobile Phone,3,26,Credit Card,Female,2,4,Laptop & Accessory,1,Married,4,0,23,0,4,4,134.35,1
57465,5,Mobile Phone,2,12,COD,Male,1,4,Laptop & Accessory,2,Single,4,0,21,2,5,2,114.68,0
57466,5,Computer,1,18,E Wallet,Male,5,2,Fashion,5,Married,2,0,18,1,3,3,148.05,0
57467,21,Mobile Phone,1,9,UPI,Female,4,2,Grocery,4,Single,4,0,13,2,6,16,212.63,0
57468,12,Mobile Phone,2,10,Credit Card,Male,1,3,Fashion,5,Married,3,0,22,0,4,2,143.27,0
57469,11,Phone,2,11,Credit Card,Male,2,6,Laptop & Accessory,3,Married,3,0,15,5,6,19,146.25,0
57470,4,Mobile Phone,1,14,E Wallet,Male,2,1,Laptop & Accessory,5,Divorced,1,0,21,4,8,6,134.44,1
57471,20,Computer,3,14,E Wallet,Male,4,4,Others,5,Single,4,0,20,1,3,10,169.39,1
57472,0,Mobile Phone,3,33,Credit Card,Female,3,3,Fashion,5,Single,4,0,16,3,5,10,142.87,1
57473,24,Mobile Phone,1,18,Credit Card,Female,3,2,Fashion,1,Married,1,1,11,2,3,8,182.93,0
57474,8,Mobile Phone,2,16,Debit Card,Female,4,3,Grocery,4,Divorced,1,0,12,2,4,4,159.22,0
57475,6,Mobile Phone,1,21,Credit Card,Male,1,3,Others,2,Married,5,0,22,2,4,4,124.34,0
57476,8,Mobile Phone,3,10,Debit Card,Female,2,3,Mobile Phone,3,Married,3,0,16,2,4,8,135.8,0
57477,13,Mobile Phone,2,7,Credit Card,Female,2,5,Mobile Phone,4,Married,1,0,24,5,8,12,164.66,0
57478,0,Computer,1,16,UPI,Female,1,4,Laptop & Accessory,4,Single,2,0,24,0,2,15,120.92,0
57479,24,Computer,3,14,COD,Male,3,2,Others,5,Single,3,0,15,2,5,9,190.25,0
57480,7,Mobile Phone,3,8,Credit Card,Male,2,2,Laptop & Accessory,5,Single,6,1,23,1,4,6,154.03,0
57481,5,Computer,1,21,Debit Card,Female,3,2,Mobile Phone,4,Married,3,0,11,1,4,8,141.33,0
57482,1,Computer,1,12,Credit Card,Female,3,5,Fashion,2,Divorced,1,0,15,3,4,0,143.48,0
57483,6,Computer,1,13,E Wallet,Female,3,5,Others,3,Married,5,1,12,3,5,5,159.2,0
57484,8,Mobile Phone,2,14,Credit Card,Female,2,4,Mobile Phone,2,Divorced,2,0,16,2,6,23,146.82,1
57485,6,Computer,3,21,Debit Card,Male,3,6,Fashion,5,Single,4,0,22,3,4,20,136.33,0
57486,13,Mobile Phone,2,10,Debit Card,Male,2,2,Others,3,Married,1,0,17,5,8,8,167.41,0
57487,6,Mobile Phone,2,14,Credit Card,Male,4,4,Fashion,5,Married,4,0,26,3,6,10,168.15,1
57488,39,Mobile Phone,3,15,Debit Card,Female,3,3,Mobile Phone,5,Single,6,0,15,1,2,10,224.37,0
57489,10,Computer,2,17,Debit Card,Female,1,4,Fashion,2,Single,5,0,26,1,2,1,148.81,1
57490,19,Phone,2,9,UPI,Female,3,3,Grocery,1,Married,1,0,19,3,4,11,179.39,0
57491,1,Phone,2,13,E Wallet,Female,2,4,Laptop & Accessory,2,Married,3,0,19,1,4,3,158.09,1
57492,6,Mobile Phone,3,28,Debit Card,Female,2,3,Fashion,3,Married,3,1,13,0,3,7,167.44,1
57493,4,Phone,1,23,Credit Card,Female,2,6,Laptop & Accessory,4,Divorced,5,0,26,3,7,23,150.44,1
57494,10,Mobile Phone,1,29,Credit Card,Female,1,2,Fashion,4,Married,10,0,11,1,2,1,180.75,0
57495,23,Mobile Phone,1,17,Debit Card,Male,5,3,Grocery,4,Married,6,0,24,2,4,2,197.38,1
57496,0,Mobile Phone,3,15,E Wallet,Male,3,4,Fashion,5,Single,1,1,22,4,5,8,133.95,1
57497,0,Mobile Phone,2,10,Credit Card,Female,2,3,Mobile Phone,2,Single,4,0,16,1,3,4,136.19,0
57498,22,Computer,1,28,Credit Card,Male,3,2,Fashion,1,Single,6,0,12,6,9,5,200.31,0
57499,2,Mobile Phone,3,11,Debit Card,Female,3,3,Laptop & Accessory,2,Single,2,1,21,3,7,9,131.2,0
57500,13,Phone,3,13,Credit Card,Female,2,3,Fashion,5,Divorced,6,0,15,1,3,4,170.63,1
57501,9,Mobile Phone,3,15,UPI,Male,3,2,Laptop & Accessory,4,Married,6,1,26,0,4,19,167.91,1
57502,21,Mobile Phone,1,18,E Wallet,Female,3,4,Fashion,1,Single,3,0,24,3,7,8,178.75,0
57503,1,Phone,3,10,COD,Male,2,2,Laptop & Accessory,2,Single,6,0,23,2,3,6,123.51,1
57504,1,Mobile Phone,1,13,E Wallet,Male,3,4,Laptop & Accessory,5,Married,4,0,20,1,3,2,120.34,0
57505,9,Computer,1,12,Credit Card,Female,4,2,Mobile Phone,3,Divorced,3,1,25,2,4,1,170.43,0
57506,35,Computer,1,12,Debit Card,Male,2,3,Mobile Phone,3,Single,2,1,13,0,2,3,201.46,0
57507,6,Mobile Phone,2,10,E Wallet,Female,3,3,Mobile Phone,1,Married,3,1,22,0,1,15,163.81,1
57508,4,Computer,1,19,COD,Female,5,6,Fashion,3,Single,4,0,14,1,2,12,140.18,1
57509,11,Mobile Phone,2,22,Debit Card,Female,4,2,Laptop & Accessory,4,Married,3,1,22,1,2,4,158.0,0
57510,31,Computer,3,37,Credit Card,Male,3,3,Laptop & Accessory,5,Married,3,0,12,2,3,4,209.53,0
57511,21,Mobile Phone,1,19,Debit Card,Female,3,2,Laptop & Accessory,3,Married,5,0,18,2,3,0,171.43,0
57512,61,Mobile Phone,1,9,UPI,Female,3,4,Fashion,3,Single,9,0,20,4,7,1,280.0,0
57513,0,Mobile Phone,1,10,E Wallet,Female,5,4,Fashion,4,Single,4,0,24,1,4,11,114.5,1
57514,1,Mobile Phone,3,9,UPI,Female,2,4,Mobile Phone,3,Divorced,2,1,26,1,2,5,108.14,0
57515,11,Computer,1,20,Debit Card,Female,3,5,Mobile Phone,2,Single,5,0,24,1,2,23,161.77,1
57516,20,Phone,2,21,COD,Male,1,3,Mobile Phone,1,Married,5,1,22,2,5,12,183.81,1
57517,4,Computer,1,25,Debit Card,Male,2,3,Mobile Phone,2,Married,4,0,23,2,3,4,137.61,0
57518,3,Mobile Phone,3,13,Debit Card,Male,3,2,Fashion,5,Married,2,0,20,6,9,5,147.42,1
57519,18,Phone,1,17,Debit Card,Male,4,4,Laptop & Accessory,5,Married,3,0,16,3,7,6,176.7,0
57520,0,Mobile Phone,2,21,Debit Card,Male,1,3,Fashion,2,Married,2,1,23,0,1,12,119.2,1
57521,5,Computer,2,26,Debit Card,Female,2,3,Mobile Phone,4,Single,1,0,26,4,6,2,152.24,0
57522,8,Computer,3,23,Credit Card,Female,2,2,Fashion,4,Married,4,0,21,4,6,2,157.79,0
57523,9,Mobile Phone,1,19,E Wallet,Male,4,4,Grocery,5,Married,4,0,14,1,5,1,146.0,1
57524,15,Computer,2,21,UPI,Male,3,3,Grocery,1,Married,2,1,25,2,4,15,167.33,1
57525,5,Mobile Phone,1,21,Credit Card,Female,3,3,Grocery,3,Divorced,3,1,14,3,7,35,143.63,0
57526,11,Computer,3,16,Debit Card,Male,4,3,Mobile Phone,4,Married,3,0,17,5,7,3,196.01,0
57527,10,Computer,2,13,Debit Card,Male,3,2,Mobile Phone,4,Divorced,5,0,20,2,4,7,170.93,0
57528,9,Phone,2,15,Credit Card,Male,4,4,Laptop & Accessory,4,Single,1,1,18,4,6,1,183.21,0
57529,12,Computer,2,16,E Wallet,Male,4,4,Laptop & Accessory,2,Single,5,0,16,2,6,9,158.88,0
57530,3,Mobile Phone,1,7,E Wallet,Male,2,3,Mobile Phone,4,Single,2,0,20,0,3,13,130.86,1
57531,1,Computer,1,8,Credit Card,Male,3,5,Others,4,Single,3,0,12,1,2,6,138.32,0
57532,1,Mobile Phone,2,10,Debit Card,Male,3,2,Fashion,3,Married,3,0,24,2,5,3,120.76,1
57533,3,Mobile Phone,3,30,Credit Card,Female,3,3,Mobile Phone,3,Married,4,0,14,1,4,5,138.16,0
57534,8,Phone,1,10,Credit Card,Male,3,1,Laptop & Accessory,3,Married,4,0,21,2,3,10,177.13,0
57535,22,Phone,3,15,Credit Card,Male,1,3,Laptop & Accessory,2,Married,4,0,23,1,4,9,204.79,0
57536,14,Computer,1,17,Debit Card,Male,4,6,Laptop & Accessory,4,Married,8,0,23,3,5,18,165.76,1
57537,18,Mobile Phone,3,17,Debit Card,Male,2,3,Mobile Phone,3,Single,4,1,24,4,7,24,188.33,0
57538,5,Computer,1,13,COD,Male,3,3,Fashion,1,Single,4,1,20,0,1,6,130.39,0
57539,6,Phone,1,22,Credit Card,Male,2,3,Mobile Phone,5,Single,1,1,26,2,5,12,172.3,0
57540,6,Mobile Phone,2,17,E Wallet,Male,3,1,Laptop & Accessory,4,Married,2,0,14,1,5,11,151.44,1
57541,2,Mobile Phone,3,13,Credit Card,Male,5,3,Laptop & Accessory,3,Divorced,3,1,25,4,8,8,165.39,0
57542,0,Computer,3,19,Credit Card,Male,3,3,Laptop & Accessory,4,Single,2,0,14,5,7,9,168.11,0
57543,10,Computer,2,29,Credit Card,Female,3,3,Mobile Phone,2,Single,4,0,16,0,4,13,154.72,1
57544,54,Phone,2,8,Debit Card,Male,2,3,Laptop & Accessory,5,Married,2,0,21,2,3,19,254.16,0
57545,2,Mobile Phone,1,13,Credit Card,Female,3,2,Laptop & Accessory,1,Divorced,2,0,22,4,8,7,143.85,0
57546,0,Computer,1,16,Credit Card,Female,4,3,Mobile Phone,5,Married,1,0,11,2,4,21,126.2,1
57547,18,Computer,1,15,Credit Card,Male,4,3,Mobile Phone,5,Single,2,0,26,4,7,5,196.76,0
57548,3,Mobile Phone,2,20,Debit Card,Male,3,2,Laptop & Accessory,2,Married,3,0,26,2,6,11,107.75,0
57549,21,Computer,2,11,E Wallet,Male,4,3,Laptop & Accessory,4,Single,3,0,22,1,5,6,201.04,0
57550,14,Mobile Phone,3,14,Credit Card,Male,1,5,Laptop & Accessory,5,Married,2,0,19,4,8,5,203.42,0
57551,34,Mobile Phone,3,9,Debit Card,Male,3,5,Laptop & Accessory,5,Married,2,0,11,4,8,3,215.32,0
57552,6,Mobile Phone,1,15,E Wallet,Male,3,4,Grocery,4,Single,3,0,15,2,6,10,141.12,1
57553,13,Mobile Phone,3,16,E Wallet,Female,2,2,Mobile Phone,3,Single,1,0,26,0,2,13,135.02,0
57554,7,Computer,1,13,UPI,Female,4,4,Mobile Phone,1,Single,2,1,20,3,4,4,135.64,1
57555,11,Phone,3,10,Credit Card,Male,4,3,Mobile Phone,3,Married,2,0,17,3,4,0,181.42,0
57556,7,Mobile Phone,1,9,Debit Card,Female,4,5,Laptop & Accessory,3,Married,3,0,11,1,4,5,133.39,0
57557,2,Mobile Phone,3,10,UPI,Male,1,3,Grocery,1,Single,5,0,14,2,4,6,139.28,1
57558,8,Mobile Phone,2,14,Debit Card,Male,2,2,Others,2,Married,4,1,24,1,4,7,132.84,0
57559,9,Computer,2,11,E Wallet,Male,3,2,Laptop & Accessory,4,Divorced,3,0,21,3,5,2,160.0,0
57560,19,Phone,2,17,Debit Card,Male,3,2,Grocery,2,Married,3,0,24,3,5,7,175.34,0
57561,15,Computer,1,20,E Wallet,Male,3,2,Fashion,1,Divorced,4,0,26,3,4,17,184.53,0
57562,13,Computer,1,9,UPI,Male,1,4,Grocery,4,Married,3,0,17,0,1,11,162.89,0
57563,1,Computer,2,14,Credit Card,Male,3,2,Mobile Phone,4,Single,1,0,25,2,6,14,153.01,1
57564,15,Mobile Phone,3,13,Credit Card,Male,4,2,Fashion,1,Single,3,0,22,1,4,5,167.47,1
57565,8,Computer,1,14,COD,Female,3,3,Laptop & Accessory,4,Married,3,1,16,2,6,5,144.13,0
57566,26,Computer,1,13,Debit Card,Male,3,3,Others,4,Single,3,1,16,3,4,6,192.54,1
57567,30,Computer,2,12,Credit Card,Female,3,1,Fashion,3,Single,1,0,23,3,4,5,225.26,0
57568,0,Computer,2,14,COD,Male,4,2,Laptop & Accessory,1,Single,8,0,15,2,3,15,115.51,0
57569,20,Computer,2,17,E Wallet,Male,4,1,Grocery,5,Single,2,1,17,1,3,4,170.84,0
57570,0,Computer,3,17,Credit Card,Female,3,4,Others,1,Divorced,9,0,13,1,5,4,145.77,0
57571,5,Phone,2,16,E Wallet,Male,2,5,Mobile Phone,4,Married,5,1,15,2,3,6,133.15,1
57572,9,Phone,1,12,Credit Card,Male,2,3,Mobile Phone,4,Single,2,0,25,3,7,0,176.23,0
57573,1,Computer,1,9,Debit Card,Male,3,3,Others,5,Single,6,0,26,2,3,7,139.49,0
57574,16,Mobile Phone,2,16,Debit Card,Male,1,4,Mobile Phone,5,Single,2,0,18,5,9,9,189.36,1
57575,0,Mobile Phone,2,15,Credit Card,Female,3,1,Fashion,2,Married,1,1,11,2,3,13,144.89,1
57576,2,Computer,1,16,Credit Card,Female,3,2,Mobile Phone,2,Married,2,1,20,1,5,16,151.58,0
57577,10,Mobile Phone,3,30,Credit Card,Male,4,3,Laptop & Accessory,3,Married,1,1,11,4,7,8,149.45,1
57578,15,Mobile Phone,1,19,Credit Card,Female,2,4,Mobile Phone,5,Single,1,1,24,2,5,6,172.81,0
57579,29,Mobile Phone,2,14,Debit Card,Male,1,3,Grocery,4,Divorced,2,1,21,0,4,1,218.27,0
57580,14,Computer,1,21,Debit Card,Female,4,5,Laptop & Accessory,5,Married,2,1,12,4,6,6,156.18,0
57581,13,Mobile Phone,3,16,Credit Card,Male,1,3,Mobile Phone,2,Married,6,0,25,4,8,5,192.03,0
57582,6,Mobile Phone,3,19,Credit Card,Female,4,3,Grocery,1,Married,2,0,20,4,6,3,159.33,1
57583,0,Mobile Phone,1,15,Credit Card,Female,3,5,Mobile Phone,1,Married,10,0,14,1,2,1,135.54,1
57584,1,Computer,3,6,Credit Card,Male,1,4,Others,1,Married,1,0,17,1,5,5,144.84,0
57585,9,Mobile Phone,1,14,Credit Card,Male,2,1,Mobile Phone,4,Single,3,0,21,4,6,5,177.65,1
57586,13,Mobile Phone,2,16,Debit Card,Female,3,3,Fashion,5,Married,4,0,23,2,6,8,147.79,0
57587,6,Computer,3,12,UPI,Female,1,4,Laptop & Accessory,5,Single,2,0,21,6,9,1,165.01,0
57588,15,Computer,3,17,Debit Card,Male,4,1,Mobile Phone,3,Divorced,1,1,24,3,6,15,173.65,0
57589,8,Mobile Phone,3,12,COD,Male,4,4,Fashion,3,Divorced,3,0,21,1,5,17,136.71,0
57590,0,Computer,3,30,COD,Female,3,3,Laptop & Accessory,2,Single,3,0,24,1,2,8,148.88,0
57591,2,Mobile Phone,3,16,E Wallet,Male,4,1,Laptop & Accessory,3,Married,2,0,22,2,6,8,134.35,0
57592,21,Computer,1,14,Credit Card,Female,2,3,Laptop & Accessory,2,Single,2,0,18,1,5,2,194.83,0
57593,15,Mobile Phone,1,15,E Wallet,Male,4,3,Laptop & Accessory,3,Single,5,0,26,1,5,12,156.56,0
57594,27,Mobile Phone,2,12,UPI,Female,4,3,Laptop & Accessory,1,Single,7,0,21,1,5,2,190.25,0
57595,1,Computer,3,22,E Wallet,Female,3,3,Others,3,Married,4,0,17,1,3,7,123.0,0
57596,55,Computer,2,11,Debit Card,Female,2,4,Laptop & Accessory,5,Divorced,3,0,11,0,3,9,286.13,0
57597,2,Mobile Phone,1,27,Debit Card,Male,3,2,Fashion,5,Single,1,0,25,3,7,9,142.57,1
57598,0,Mobile Phone,3,23,Debit Card,Male,5,5,Mobile Phone,4,Married,1,0,19,2,5,2,120.49,0
57599,61,Computer,3,11,Debit Card,Male,1,3,Others,2,Married,3,0,21,0,2,8,276.08,0
57600,3,Computer,2,9,Debit Card,Male,2,4,Laptop & Accessory,2,Married,6,1,14,2,6,11,140.3,1
57601,13,Mobile Phone,1,11,Credit Card,Female,3,2,Mobile Phone,1,Married,4,1,21,5,7,0,179.65,0
57602,2,Computer,1,25,Credit Card,Female,3,3,Mobile Phone,3,Married,4,0,16,6,9,11,164.96,0
57603,10,Mobile Phone,1,14,E Wallet,Male,2,3,Fashion,3,Married,2,0,25,3,6,4,141.27,0
57604,28,Mobile Phone,2,8,Debit Card,Male,4,1,Mobile Phone,1,Married,1,0,13,1,2,12,187.77,0
57605,4,Mobile Phone,3,21,Debit Card,Female,4,3,Fashion,5,Married,5,1,19,6,7,1,144.56,1
57606,13,Mobile Phone,1,20,E Wallet,Male,1,4,Grocery,4,Single,1,0,14,1,5,5,150.19,0
57607,2,Mobile Phone,2,18,Credit Card,Female,5,1,Laptop & Accessory,3,Married,2,1,26,1,4,7,124.16,0
57608,11,Mobile Phone,2,29,E Wallet,Male,2,3,Grocery,5,Divorced,4,0,12,4,5,4,173.61,0
57609,4,Mobile Phone,1,18,Credit Card,Male,2,6,Mobile Phone,3,Married,4,1,24,2,4,22,148.02,1
57610,2,Mobile Phone,2,23,E Wallet,Female,1,3,Laptop & Accessory,4,Married,4,0,24,4,8,2,138.91,0
57611,4,Mobile Phone,3,13,E Wallet,Female,3,2,Laptop & Accessory,3,Single,1,1,25,2,3,4,130.41,1
57612,2,Mobile Phone,3,17,E Wallet,Male,5,3,Grocery,3,Married,1,0,25,1,3,8,151.81,1
57613,27,Computer,2,22,Debit Card,Female,2,3,Mobile Phone,1,Single,5,0,26,5,8,6,225.29,0
57614,6,Mobile Phone,3,8,UPI,Female,3,2,Laptop & Accessory,2,Married,2,0,12,0,1,3,138.61,0
57615,3,Computer,1,13,Credit Card,Female,2,2,Fashion,4,Divorced,3,0,16,1,2,6,124.99,0
57616,7,Mobile Phone,1,14,Debit Card,Female,1,3,Grocery,3,Married,5,1,24,2,6,0,171.94,0
57617,4,Mobile Phone,1,25,E Wallet,Male,5,3,Laptop & Accessory,1,Married,2,0,22,1,5,20,141.39,0
57618,16,Computer,1,16,Credit Card,Male,3,2,Mobile Phone,2,Single,1,1,14,2,4,3,162.0,0
57619,42,Phone,1,9,Debit Card,Male,3,5,Laptop & Accessory,4,Single,2,1,12,0,2,20,216.29,0
57620,6,Mobile Phone,1,11,E Wallet,Male,3,3,Mobile Phone,4,Married,3,1,21,2,3,15,125.91,0
57621,23,Mobile Phone,2,13,Credit Card,Male,2,2,Mobile Phone,4,Married,2,0,19,1,3,1,170.95,0
57622,10,Computer,2,13,E Wallet,Male,2,3,Laptop & Accessory,4,Married,2,1,19,1,5,12,164.82,1
57623,2,Phone,1,23,E Wallet,Male,2,4,Mobile Phone,5,Divorced,2,0,12,1,4,9,141.73,0
57624,14,Phone,1,20,Debit Card,Male,5,3,Mobile Phone,5,Married,4,1,23,0,3,2,191.99,0
57625,8,Mobile Phone,2,11,E Wallet,Female,3,2,Fashion,3,Married,3,0,17,3,5,11,172.55,0
57626,12,Mobile Phone,1,14,Credit Card,Female,3,3,Grocery,4,Single,2,1,16,1,2,4,151.74,1
57627,26,Computer,2,11,Credit Card,Female,3,2,Laptop & Accessory,4,Married,3,1,26,2,6,11,193.78,0
57628,6,Computer,3,19,Debit Card,Male,4,3,Mobile Phone,2,Married,4,1,25,4,6,8,172.0,0
57629,27,Computer,1,15,Credit Card,Female,2,3,Laptop & Accessory,4,Married,2,0,23,2,3,2,204.03,0
57630,16,Computer,1,10,E Wallet,Male,2,3,Others,4,Married,1,0,13,1,4,7,186.55,0
57631,8,Computer,1,27,COD,Male,2,4,Fashion,1,Married,3,1,20,4,8,14,157.52,1
57632,11,Mobile Phone,1,27,Credit Card,Male,4,3,Laptop & Accessory,3,Single,3,0,26,0,2,15,135.63,0
57633,4,Mobile Phone,3,10,Debit Card,Female,4,4,Mobile Phone,2,Single,3,0,20,1,4,7,135.69,1
57634,49,Computer,1,24,Credit Card,Female,3,1,Laptop & Accessory,5,Married,1,1,15,0,4,1,271.76,0
57635,13,Mobile Phone,2,11,Debit Card,Male,2,2,Fashion,1,Divorced,2,1,24,2,6,9,192.26,0
57636,0,Mobile Phone,3,18,Credit Card,Male,2,5,Mobile Phone,4,Single,1,0,21,3,5,2,141.62,0
57637,4,Mobile Phone,1,10,COD,Male,2,1,Fashion,3,Married,5,0,15,1,3,7,146.09,0
57638,11,Mobile Phone,1,10,Debit Card,Female,4,3,Fashion,1,Divorced,2,0,15,3,5,9,138.97,1
57639,0,Mobile Phone,3,11,Credit Card,Female,4,5,Laptop & Accessory,4,Single,5,1,23,1,5,6,138.78,1
57640,0,Computer,3,22,Credit Card,Female,3,4,Laptop & Accessory,2,Single,7,0,19,0,3,3,122.4,0
57641,7,Mobile Phone,1,7,Debit Card,Male,2,5,Grocery,4,Married,1,0,20,2,4,4,140.98,0
57642,4,Mobile Phone,1,18,Credit Card,Male,4,6,Laptop & Accessory,2,Single,2,0,21,2,6,8,150.05,0
57643,6,Mobile Phone,3,17,COD,Male,3,3,Fashion,3,Married,2,0,13,1,2,13,143.4,0
57644,3,Mobile Phone,1,23,Debit Card,Male,1,2,Laptop & Accessory,2,Single,3,0,12,2,6,1,140.07,1
57645,2,Phone,1,11,E Wallet,Male,2,2,Grocery,3,Divorced,1,0,19,3,6,5,139.13,0
57646,14,Computer,1,23,Debit Card,Male,3,2,Fashion,3,Single,6,0,12,1,5,4,164.71,1
57647,8,Mobile Phone,1,22,E Wallet,Male,4,3,Mobile Phone,3,Divorced,4,0,21,1,2,3,148.03,0
57648,2,Computer,1,13,Debit Card,Male,3,2,Fashion,1,Married,1,0,13,2,5,2,160.24,1
57649,4,Mobile Phone,2,19,Debit Card,Female,2,2,Laptop & Accessory,3,Married,1,0,24,0,2,4,156.84,0
57650,10,Phone,3,10,Debit Card,Female,2,3,Mobile Phone,2,Single,5,0,19,1,5,3,140.47,0
57651,0,Mobile Phone,2,13,Debit Card,Female,1,2,Grocery,3,Divorced,2,0,18,4,7,7,122.57,0
57652,1,Mobile Phone,1,11,COD,Male,4,1,Laptop & Accessory,5,Married,2,0,17,2,6,17,136.6,1
57653,0,Computer,2,9,Credit Card,Male,1,4,Laptop & Accessory,4,Married,4,0,12,2,4,2,120.04,0
57654,20,Computer,3,18,E Wallet,Female,1,4,Fashion,2,Married,1,0,17,2,3,1,177.97,0
57655,16,Mobile Phone,1,12,COD,Female,3,3,Fashion,2,Single,4,0,11,1,5,1,168.01,0
57656,16,Computer,1,24,Debit Card,Male,2,3,Laptop & Accessory,3,Single,2,0,15,1,5,4,181.3,0
57657,15,Mobile Phone,1,9,UPI,Female,2,2,Others,1,Married,1,0,12,2,5,6,175.92,1
57658,13,Phone,1,22,E Wallet,Female,3,3,Fashion,3,Single,1,0,22,4,8,4,157.28,0
57659,7,Mobile Phone,3,15,Credit Card,Male,4,1,Mobile Phone,3,Single,1,0,11,1,2,5,140.08,0
57660,12,Phone,2,16,UPI,Female,2,2,Mobile Phone,5,Married,3,0,17,3,5,9,157.14,1
57661,0,Mobile Phone,1,10,Debit Card,Female,5,1,Mobile Phone,1,Married,6,0,22,1,3,3,116.22,0
57662,11,Mobile Phone,3,14,Debit Card,Male,3,3,Laptop & Accessory,5,Divorced,4,1,24,0,3,4,163.17,0
57663,18,Phone,1,16,Debit Card,Male,4,3,Fashion,5,Single,3,0,17,1,3,9,176.3,0
57664,8,Phone,1,18,UPI,Female,3,3,Laptop & Accessory,3,Divorced,7,0,11,2,5,15,147.61,1
57665,5,Computer,1,18,Debit Card,Male,3,2,Fashion,3,Married,2,0,21,2,6,11,156.31,1
57666,3,Mobile Phone,2,17,COD,Male,5,2,Grocery,1,Single,5,1,22,1,4,3,145.91,0
57667,12,Mobile Phone,1,25,Debit Card,Female,3,3,Others,4,Single,1,0,21,4,8,9,162.64,0
57668,14,Mobile Phone,1,9,E Wallet,Female,2,4,Laptop & Accessory,4,Divorced,2,0,26,3,7,7,216.15,0
57669,24,Mobile Phone,1,8,E Wallet,Female,3,6,Fashion,4,Single,3,1,17,1,2,2,196.93,1
57670,5,Computer,1,27,COD,Male,2,2,Others,1,Married,1,0,13,2,5,1,138.59,1
57671,17,Mobile Phone,2,17,Credit Card,Male,2,5,Laptop & Accessory,4,Divorced,2,1,13,2,5,18,186.42,0
57672,9,Computer,3,23,Credit Card,Female,4,3,Laptop & Accessory,2,Single,4,1,13,1,2,7,134.17,1
57673,25,Computer,3,6,UPI,Male,3,3,Laptop & Accessory,2,Single,3,0,12,4,8,5,201.56,0
57674,9,Mobile Phone,2,16,COD,Male,2,4,Laptop & Accessory,3,Single,3,0,12,1,4,4,158.49,0
57675,8,Computer,3,7,Debit Card,Female,1,3,Mobile Phone,4,Single,1,0,23,2,6,3,163.72,0
57676,10,Computer,1,18,E Wallet,Male,3,2,Others,3,Married,2,0,13,1,3,13,165.4,0
57677,16,Computer,1,17,Debit Card,Female,2,2,Fashion,4,Single,4,0,25,4,8,2,139.92,0
57678,40,Mobile Phone,2,27,E Wallet,Female,1,4,Laptop & Accessory,4,Single,3,1,23,0,3,16,212.76,0
57679,0,Computer,1,16,E Wallet,Female,1,5,Mobile Phone,4,Married,1,1,15,1,3,11,141.72,1
57680,0,Mobile Phone,2,23,E Wallet,Male,3,2,Grocery,2,Divorced,3,0,22,0,3,12,125.91,0
57681,33,Mobile Phone,1,20,Credit Card,Male,3,3,Mobile Phone,4,Married,1,1,11,2,6,19,232.04,0
57682,9,Computer,1,14,Debit Card,Male,2,1,Laptop & Accessory,4,Married,1,1,17,1,3,6,153.14,0
57683,11,Computer,2,17,Credit Card,Male,4,4,Others,1,Single,6,0,13,3,6,9,164.03,0
57684,7,Mobile Phone,3,25,E Wallet,Female,4,4,Mobile Phone,5,Married,7,0,12,2,6,2,146.59,0
57685,1,Computer,1,41,COD,Male,3,4,Mobile Phone,1,Single,3,0,14,4,6,11,129.96,1
57686,17,Phone,1,20,Credit Card,Female,2,4,Mobile Phone,4,Married,3,0,24,1,4,5,189.83,0
57687,16,Mobile Phone,3,23,Debit Card,Male,3,3,Mobile Phone,3,Divorced,2,1,17,2,6,6,184.77,0
57688,4,Computer,1,19,Debit Card,Male,4,2,Fashion,2,Single,5,0,24,1,5,12,144.37,1
57689,4,Computer,1,24,E Wallet,Female,1,5,Mobile Phone,3,Married,3,0,26,1,3,8,133.81,1
57690,21,Computer,1,7,Credit Card,Female,3,2,Mobile Phone,5,Married,6,0,24,1,3,13,179.28,1
57691,0,Mobile Phone,3,17,E Wallet,Female,3,2,Laptop & Accessory,5,Married,2,1,17,0,3,5,112.25,1
57692,25,Mobile Phone,3,15,Debit Card,Male,4,3,Mobile Phone,3,Married,1,0,26,1,5,28,184.12,1
57693,3,Phone,2,15,Debit Card,Male,2,3,Others,3,Married,9,0,16,3,4,4,153.25,0
57694,10,Mobile Phone,1,17,COD,Male,2,1,Laptop & Accessory,2,Single,3,0,20,3,7,11,155.33,1
57695,32,Mobile Phone,1,17,UPI,Female,2,4,Grocery,3,Single,3,0,23,3,5,7,212.93,0
57696,13,Computer,1,17,Credit Card,Male,4,2,Laptop & Accessory,4,Married,2,1,11,1,3,14,166.89,1
57697,6,Mobile Phone,3,5,Credit Card,Male,2,3,Laptop & Accessory,3,Married,1,0,23,2,3,4,150.9,0
57698,14,Computer,2,25,COD,Female,4,3,Laptop & Accessory,4,Married,5,0,25,3,7,8,155.23,0
57699,5,Computer,1,22,Debit Card,Female,5,4,Others,4,Single,1,0,15,0,3,5,129.93,1
57700,3,Computer,2,9,UPI,Male,4,2,Fashion,2,Single,3,0,11,2,4,7,142.82,1
57701,61,Computer,2,11,Debit Card,Male,3,4,Mobile Phone,4,Married,5,0,21,3,6,4,306.64,0
57702,16,Mobile Phone,3,28,UPI,Female,4,2,Laptop & Accessory,3,Divorced,4,1,15,2,4,17,159.01,0
57703,12,Mobile Phone,3,12,Credit Card,Female,3,3,Mobile Phone,1,Divorced,4,0,21,2,3,4,185.72,0
57704,5,Computer,1,18,Credit Card,Female,4,3,Fashion,2,Married,2,0,25,0,3,11,132.49,0
57705,0,Mobile Phone,3,18,E Wallet,Female,2,3,Mobile Phone,1,Single,3,1,14,1,2,4,117.55,1
57706,0,Phone,2,12,Debit Card,Female,4,1,Laptop & Accessory,4,Divorced,1,0,13,4,8,4,134.65,0
57707,9,Computer,1,10,Debit Card,Female,3,3,Laptop & Accessory,4,Divorced,1,0,22,2,6,4,148.83,1
57708,17,Mobile Phone,2,8,Credit Card,Female,3,2,Fashion,4,Divorced,4,1,24,1,2,4,165.15,0
57709,9,Computer,2,18,E Wallet,Female,3,2,Mobile Phone,3,Married,4,1,25,0,1,1,152.05,0
57710,22,Mobile Phone,1,19,Debit Card,Male,2,3,Mobile Phone,3,Divorced,1,0,11,1,5,6,212.89,0
57711,0,Mobile Phone,2,10,Credit Card,Female,1,3,Laptop & Accessory,3,Married,7,0,25,3,5,2,147.65,0
57712,5,Computer,2,19,Debit Card,Male,3,3,Mobile Phone,2,Married,1,0,15,2,3,3,140.56,0
57713,3,Computer,1,15,E Wallet,Female,2,3,Mobile Phone,5,Divorced,2,1,15,2,3,10,135.13,0
57714,7,Mobile Phone,1,18,COD,Male,2,2,Grocery,3,Single,1,1,17,2,6,8,171.76,0
57715,0,Mobile Phone,2,15,Debit Card,Female,5,2,Mobile Phone,2,Married,1,0,15,1,2,1,101.39,0
57716,36,Mobile Phone,1,15,Debit Card,Female,2,3,Fashion,4,Single,7,1,22,3,5,2,215.59,0
57717,3,Mobile Phone,3,16,E Wallet,Male,2,3,Others,2,Married,2,0,18,3,6,7,118.18,0
57718,30,Mobile Phone,1,20,Credit Card,Female,2,3,Fashion,2,Married,2,0,25,3,7,29,212.85,0
57719,6,Mobile Phone,1,21,E Wallet,Female,3,4,Laptop & Accessory,4,Single,2,0,11,1,4,2,140.96,1
57720,50,Computer,1,10,Debit Card,Female,4,2,Laptop & Accessory,3,Married,2,0,24,1,5,9,251.91,0
57721,9,Phone,2,12,Credit Card,Male,2,5,Others,2,Married,7,1,25,3,4,7,159.85,1
57722,32,Mobile Phone,2,10,Credit Card,Male,3,4,Fashion,4,Married,3,0,23,3,6,21,205.73,0
57723,0,Mobile Phone,2,31,Debit Card,Female,2,5,Laptop & Accessory,4,Divorced,3,0,25,4,6,20,128.67,1
57724,16,Computer,1,10,E Wallet,Male,4,3,Fashion,3,Married,4,1,11,0,4,8,180.15,0
57725,28,Computer,3,8,E Wallet,Female,3,4,Others,2,Single,2,0,18,1,5,11,191.08,0
57726,1,Phone,1,11,Credit Card,Male,4,6,Laptop & Accessory,1,Married,2,0,26,0,4,2,126.48,1
57727,1,Mobile Phone,1,33,E Wallet,Male,4,3,Mobile Phone,5,Divorced,2,0,15,2,5,4,136.01,0
57728,6,Mobile Phone,1,11,Debit Card,Female,4,4,Laptop & Accessory,3,Married,2,0,17,3,5,1,157.16,1
57729,32,Mobile Phone,1,11,E Wallet,Male,5,5,Mobile Phone,5,Divorced,3,1,16,1,3,0,221.31,0
57730,9,Computer,1,20,Debit Card,Female,3,2,Fashion,4,Divorced,5,1,20,2,5,8,155.36,0
57731,8,Mobile Phone,1,23,Debit Card,Female,3,3,Mobile Phone,3,Single,2,0,11,1,4,8,174.01,0
57732,1,Computer,1,11,COD,Male,2,3,Others,4,Single,3,0,22,2,3,15,124.12,1
57733,0,Mobile Phone,3,9,Credit Card,Female,2,2,Fashion,2,Married,4,0,16,3,6,0,139.91,0
57734,19,Mobile Phone,1,12,E Wallet,Male,3,2,Others,2,Divorced,10,1,16,1,5,7,194.01,1
57735,1,Computer,3,18,UPI,Female,3,3,Mobile Phone,2,Married,6,1,26,0,1,3,108.92,1
57736,12,Mobile Phone,2,16,E Wallet,Female,2,3,Laptop & Accessory,5,Divorced,3,0,23,2,3,4,180.37,0
57737,29,Computer,1,22,Credit Card,Male,2,2,Laptop & Accessory,4,Married,7,0,11,1,3,1,191.56,0
57738,2,Mobile Phone,2,19,Credit Card,Male,3,3,Laptop & Accessory,5,Married,6,0,24,2,5,6,147.05,0
57739,13,Mobile Phone,2,20,COD,Male,2,4,Fashion,4,Single,1,0,20,1,4,18,148.96,0
57740,0,Mobile Phone,1,21,Debit Card,Male,3,3,Laptop & Accessory,3,Married,4,0,24,0,3,3,111.84,0
57741,11,Mobile Phone,3,19,UPI,Male,3,3,Fashion,5,Married,4,0,15,6,7,3,166.21,0
57742,2,Mobile Phone,2,16,E Wallet,Male,4,2,Mobile Phone,3,Married,4,0,16,3,6,4,160.65,0
57743,15,Computer,3,17,Credit Card,Male,3,4,Laptop & Accessory,5,Single,6,1,19,2,4,6,182.37,0
57744,4,Computer,3,20,Credit Card,Male,2,3,Fashion,2,Married,2,1,12,0,4,19,148.95,0
57745,7,Mobile Phone,1,10,Debit Card,Male,2,5,Laptop & Accessory,3,Married,2,0,21,0,4,3,180.65,0
57746,10,Mobile Phone,1,26,Credit Card,Female,2,2,Mobile Phone,3,Single,3,0,22,1,3,5,145.03,0
57747,2,Phone,1,9,E Wallet,Female,2,2,Fashion,1,Married,2,0,14,1,3,5,163.69,0
57748,16,Mobile Phone,3,9,E Wallet,Male,4,1,Fashion,4,Single,2,0,15,0,4,2,159.49,0
57749,4,Mobile Phone,3,13,E Wallet,Female,3,1,Fashion,5,Married,2,1,15,3,7,1,148.02,0
57750,13,Mobile Phone,2,14,COD,Female,3,3,Fashion,5,Married,4,1,26,0,1,4,158.29,0
57751,2,Computer,1,15,COD,Female,3,2,Fashion,4,Married,4,0,11,2,5,1,143.63,1
57752,13,Mobile Phone,1,15,Credit Card,Male,3,1,Mobile Phone,2,Married,1,0,23,0,2,5,168.46,0
57753,1,Computer,3,12,Debit Card,Female,4,2,Others,3,Married,4,1,23,1,5,3,117.02,1
57754,6,Mobile Phone,3,11,Credit Card,Female,4,4,Others,2,Divorced,2,0,15,4,5,3,160.5,0
57755,3,Mobile Phone,1,17,UPI,Male,2,4,Laptop & Accessory,3,Single,1,0,20,0,4,6,109.23,0
57756,16,Mobile Phone,1,22,Credit Card,Female,3,2,Others,3,Married,3,0,17,1,3,15,163.25,0
57757,3,Computer,1,11,Credit Card,Male,2,5,Grocery,5,Single,3,1,19,4,7,3,133.22,1
57758,25,Computer,1,7,E Wallet,Male,3,2,Fashion,1,Single,4,0,22,2,4,4,191.62,0
57759,26,Mobile Phone,3,9,E Wallet,Male,2,1,Mobile Phone,4,Married,3,0,16,2,4,3,187.41,0
57760,2,Mobile Phone,2,12,COD,Female,3,2,Mobile Phone,3,Married,6,1,23,2,5,4,136.7,1
57761,11,Computer,2,8,Credit Card,Female,2,2,Grocery,4,Married,1,1,14,2,5,8,177.35,1
57762,1,Computer,2,19,COD,Female,2,3,Laptop & Accessory,5,Single,6,1,17,1,4,2,113.58,0
57763,5,Mobile Phone,1,12,Debit Card,Male,1,2,Fashion,5,Married,4,0,13,2,6,2,156.39,1
57764,14,Computer,1,20,UPI,Male,5,3,Laptop & Accessory,1,Married,6,1,22,2,4,3,188.07,0
57765,12,Mobile Phone,3,16,Credit Card,Male,2,2,Mobile Phone,5,Married,2,1,22,1,3,13,200.55,0
57766,11,Mobile Phone,2,20,UPI,Male,4,2,Laptop & Accessory,2,Married,1,0,13,2,3,27,149.31,0
57767,3,Mobile Phone,1,21,COD,Male,4,4,Others,2,Single,10,0,17,1,3,1,127.8,0
57768,5,Computer,1,30,E Wallet,Male,2,2,Laptop & Accessory,5,Married,2,1,12,1,4,4,125.72,0
57769,1,Mobile Phone,1,6,E Wallet,Male,3,4,Fashion,5,Single,2,0,13,3,4,7,109.64,0
57770,15,Computer,1,20,COD,Female,4,2,Fashion,3,Single,4,1,15,1,5,2,179.38,1
57771,8,Computer,2,17,Credit Card,Female,3,6,Grocery,1,Married,3,0,18,1,3,2,169.36,1
57772,14,Computer,2,23,Credit Card,Female,2,6,Mobile Phone,4,Married,3,0,24,2,3,17,178.06,0
57773,3,Mobile Phone,2,9,UPI,Female,4,4,Others,4,Divorced,1,0,25,1,2,21,120.2,1
57774,4,Mobile Phone,3,12,E Wallet,Female,2,4,Fashion,2,Married,4,1,16,4,8,13,170.04,0
57775,4,Phone,2,17,UPI,Male,2,4,Fashion,5,Single,4,1,18,3,4,1,163.92,0
57776,0,Computer,1,15,E Wallet,Male,2,3,Others,4,Married,1,1,21,3,4,0,123.98,0
57777,5,Computer,1,9,E Wallet,Male,3,4,Laptop & Accessory,3,Married,4,0,24,1,5,8,174.53,1
57778,19,Mobile Phone,3,11,Debit Card,Female,1,3,Mobile Phone,3,Married,1,1,15,1,3,2,178.4,0
57779,27,Mobile Phone,2,25,Credit Card,Female,4,4,Fashion,2,Married,1,0,17,2,3,7,200.38,1
57780,8,Computer,1,11,E Wallet,Female,2,5,Laptop & Accessory,4,Married,3,0,19,1,3,4,144.06,1
57781,7,Mobile Phone,2,20,Credit Card,Female,2,4,Grocery,3,Married,7,0,17,4,6,1,126.82,1
57782,0,Computer,2,8,Credit Card,Female,4,5,Fashion,4,Single,2,0,23,2,3,6,125.93,1
57783,25,Mobile Phone,3,12,COD,Female,4,3,Fashion,3,Single,1,0,22,3,4,2,193.09,1
57784,0,Mobile Phone,3,11,Credit Card,Female,3,5,Others,1,Divorced,4,0,24,1,4,7,127.81,1
57785,34,Mobile Phone,2,15,Debit Card,Female,3,2,Others,5,Married,3,0,21,1,5,5,202.83,0
57786,8,Mobile Phone,3,11,Credit Card,Female,3,1,Mobile Phone,3,Married,8,0,12,1,3,16,159.27,0
57787,5,Mobile Phone,1,11,Credit Card,Female,3,2,Laptop & Accessory,4,Single,1,0,11,1,4,14,135.72,0
57788,30,Computer,2,31,COD,Male,3,2,Fashion,2,Divorced,4,0,18,1,3,5,182.87,0
57789,0,Mobile Phone,3,10,E Wallet,Male,4,4,Fashion,2,Single,2,0,11,3,5,6,126.99,1
57790,10,Mobile Phone,2,22,Credit Card,Male,4,3,Laptop & Accessory,3,Divorced,6,0,11,6,10,4,171.87,0
57791,9,Computer,2,20,Credit Card,Male,4,2,Laptop & Accessory,2,Single,4,0,11,2,4,5,175.84,0
57792,2,Mobile Phone,3,17,COD,Male,2,4,Laptop & Accessory,2,Married,3,0,14,4,7,5,130.92,1
57793,6,Mobile Phone,1,14,E Wallet,Male,2,2,Others,2,Single,1,0,24,1,5,12,130.77,1
57794,12,Computer,1,15,Credit Card,Male,2,1,Laptop & Accessory,1,Married,4,0,13,1,5,11,140.64,0
57795,15,Phone,2,12,Credit Card,Female,4,3,Laptop & Accessory,1,Divorced,3,0,12,2,3,11,139.77,0
57796,0,Mobile Phone,3,12,Debit Card,Male,1,1,Fashion,5,Single,4,0,20,1,4,2,149.07,0
57797,33,Mobile Phone,3,12,COD,Male,2,2,Mobile Phone,1,Married,4,1,25,3,7,5,262.93,0
57798,2,Computer,2,14,E Wallet,Female,4,4,Laptop & Accessory,3,Single,4,0,20,1,5,9,161.91,1
57799,3,Mobile Phone,3,22,Credit Card,Female,2,3,Laptop & Accessory,4,Married,1,0,13,2,4,12,133.69,0
57800,3,Computer,3,26,Debit Card,Female,2,1,Mobile Phone,1,Married,2,0,26,1,5,6,152.43,0
57801,0,Phone,1,12,Debit Card,Male,4,3,Others,4,Married,3,1,16,1,4,6,145.11,0
57802,1,Phone,3,10,Credit Card,Female,2,3,Mobile Phone,3,Divorced,4,1,13,2,3,9,131.22,1
57803,51,Mobile Phone,1,21,Credit Card,Male,4,2,Laptop & Accessory,2,Single,2,0,25,3,5,16,280.1,0
57804,4,Mobile Phone,1,10,Credit Card,Male,2,2,Others,2,Married,5,1,24,0,1,3,115.26,0
57805,1,Phone,1,12,UPI,Female,2,4,Mobile Phone,4,Single,2,0,12,3,7,20,169.29,0
57806,1,Mobile Phone,1,13,COD,Female,2,1,Laptop & Accessory,2,Single,9,0,23,2,4,2,129.31,1
57807,15,Mobile Phone,1,13,Credit Card,Male,4,5,Fashion,3,Single,1,0,15,0,4,1,180.12,1
57808,23,Computer,1,18,Debit Card,Male,4,1,Grocery,3,Divorced,3,0,15,3,7,5,190.51,0
57809,3,Mobile Phone,1,23,E Wallet,Male,2,3,Fashion,5,Single,3,0,11,3,6,4,139.81,0
57810,0,Mobile Phone,1,32,Credit Card,Female,3,2,Mobile Phone,1,Single,2,1,12,2,3,9,112.92,1
57811,3,Computer,2,16,Debit Card,Male,2,3,Laptop & Accessory,5,Married,3,0,24,1,4,8,145.65,0
57812,0,Mobile Phone,3,9,Debit Card,Male,3,2,Grocery,1,Single,4,0,19,0,2,2,124.06,0
57813,1,Mobile Phone,3,21,Debit Card,Male,2,1,Laptop & Accessory,2,Single,1,1,26,3,7,13,147.96,0
57814,6,Mobile Phone,3,10,Debit Card,Female,4,4,Fashion,3,Married,7,1,20,0,4,8,136.3,1
57815,3,Computer,2,10,COD,Male,3,3,Laptop & Accessory,2,Married,2,0,14,0,1,8,141.39,1
57816,8,Mobile Phone,3,7,Credit Card,Female,4,2,Mobile Phone,2,Married,3,0,22,1,5,5,145.88,0
57817,3,Mobile Phone,1,17,Debit Card,Female,3,5,Others,5,Married,2,0,15,2,3,7,147.85,0
57818,33,Computer,1,20,Debit Card,Male,3,1,Fashion,3,Married,3,0,24,2,4,27,215.22,1
57819,28,Computer,2,12,Credit Card,Female,3,2,Mobile Phone,1,Single,4,0,22,5,7,9,225.7,0
57820,10,Mobile Phone,2,15,Credit Card,Female,4,2,Fashion,3,Single,3,0,19,1,2,2,147.23,1
57821,5,Computer,3,23,E Wallet,Male,1,6,Mobile Phone,3,Single,1,0,18,2,6,15,131.07,1
57822,5,Mobile Phone,2,21,Credit Card,Female,3,3,Others,2,Divorced,2,0,15,0,2,17,131.06,0
57823,6,Computer,1,11,COD,Female,4,4,Laptop & Accessory,5,Married,5,0,22,0,2,4,137.96,0
57824,15,Mobile Phone,3,16,E Wallet,Female,3,2,Mobile Phone,4,Married,3,0,12,4,5,7,169.09,0
57825,7,Mobile Phone,2,19,UPI,Male,1,2,Fashion,3,Married,4,0,24,1,2,11,118.94,0
57826,23,Computer,3,11,Credit Card,Female,1,3,Fashion,4,Single,5,0,16,1,5,6,188.05,0
57827,34,Mobile Phone,3,8,Credit Card,Male,4,2,Fashion,3,Single,2,0,14,1,5,15,193.5,0
57828,4,Mobile Phone,1,14,Credit Card,Female,2,3,Laptop & Accessory,4,Divorced,2,0,24,1,5,2,148.71,0
57829,9,Mobile Phone,1,20,Credit Card,Female,2,5,Fashion,3,Married,1,0,24,1,3,13,140.88,1
57830,1,Computer,1,16,Debit Card,Male,2,5,Laptop & Accessory,1,Married,2,0,23,1,2,5,124.58,1
57831,2,Mobile Phone,1,12,COD,Female,2,3,Laptop & Accessory,2,Single,2,0,14,2,4,3,139.38,0
57832,6,Mobile Phone,1,20,UPI,Male,1,3,Others,3,Single,1,1,22,0,2,3,150.59,0
57833,2,Mobile Phone,2,39,Debit Card,Male,4,2,Mobile Phone,5,Married,1,0,18,1,2,6,145.0,0
57834,25,Mobile Phone,3,29,UPI,Female,2,5,Mobile Phone,5,Single,2,1,18,0,2,5,176.94,0
57835,2,Mobile Phone,3,18,Credit Card,Female,3,3,Fashion,4,Single,2,1,20,3,6,9,133.08,0
57836,7,Mobile Phone,3,18,Debit Card,Male,4,2,Fashion,3,Married,5,0,20,3,6,3,148.93,1
57837,11,Mobile Phone,1,14,Credit Card,Male,5,4,Mobile Phone,2,Married,1,0,24,1,5,4,151.28,0
57838,14,Mobile Phone,1,16,Debit Card,Female,3,3,Fashion,1,Married,4,1,14,1,3,4,163.92,0
57839,5,Computer,2,6,Debit Card,Male,5,3,Mobile Phone,3,Divorced,2,1,19,2,6,5,145.36,0
57840,24,Computer,1,19,Debit Card,Female,3,4,Others,4,Married,5,0,14,3,4,1,210.7,0
57841,10,Computer,3,22,Credit Card,Male,4,2,Mobile Phone,2,Married,2,1,11,0,1,18,177.93,0
57842,6,Mobile Phone,3,10,Credit Card,Female,4,3,Laptop & Accessory,2,Single,3,0,24,3,5,9,140.49,0
57843,0,Phone,1,11,Debit Card,Male,1,1,Laptop & Accessory,1,Single,2,0,16,1,5,7,132.55,0
57844,7,Mobile Phone,3,7,Credit Card,Male,2,2,Grocery,4,Single,2,0,25,3,7,1,158.36,1
57845,20,Phone,1,14,Credit Card,Male,3,2,Others,2,Divorced,2,0,18,5,8,14,194.4,0
57846,11,Mobile Phone,2,15,Credit Card,Female,2,3,Laptop & Accessory,3,Married,2,1,18,1,3,1,139.44,1
57847,21,Mobile Phone,1,16,Debit Card,Male,1,2,Others,3,Single,5,0,25,0,4,3,199.93,1
57848,8,Mobile Phone,1,14,E Wallet,Male,4,4,Others,5,Single,4,0,18,2,4,7,148.77,0
57849,1,Mobile Phone,3,7,Debit Card,Female,2,4,Fashion,5,Single,2,1,24,2,6,5,173.44,0
57850,0,Computer,3,6,Credit Card,Female,2,4,Fashion,3,Single,5,1,14,1,2,9,126.07,1
57851,4,Computer,2,14,UPI,Female,4,2,Laptop & Accessory,4,Single,1,0,23,3,5,3,141.45,0
57852,14,Phone,2,12,Credit Card,Male,2,3,Laptop & Accessory,3,Married,4,1,26,0,3,11,176.73,0
57853,18,Computer,2,18,Credit Card,Male,4,3,Laptop & Accessory,2,Divorced,3,0,14,2,5,2,206.16,0
57854,4,Mobile Phone,3,14,Debit Card,Male,3,2,Fashion,1,Single,2,0,25,0,2,13,135.84,0
57855,8,Mobile Phone,3,13,E Wallet,Male,4,2,Fashion,4,Single,2,0,25,2,5,9,162.55,1
57856,6,Phone,3,8,COD,Male,4,4,Others,2,Married,2,0,16,3,6,5,140.24,0
57857,6,Computer,3,17,Debit Card,Female,3,3,Mobile Phone,3,Married,3,0,17,2,4,3,134.87,0
57858,3,Computer,2,14,Credit Card,Female,4,2,Mobile Phone,2,Single,2,0,19,1,3,3,128.99,1
57859,1,Mobile Phone,2,26,Credit Card,Female,3,3,Laptop & Accessory,1,Divorced,10,0,12,3,6,4,146.44,0
57860,2,Mobile Phone,1,17,Debit Card,Male,3,3,Others,4,Married,1,0,17,4,5,10,164.7,0
57861,0,Phone,1,12,COD,Female,3,4,Others,2,Married,3,0,11,3,7,13,117.35,0
57862,2,Mobile Phone,3,13,Credit Card,Male,1,1,Laptop & Accessory,2,Married,2,0,14,3,6,7,135.91,0
57863,0,Mobile Phone,3,18,Debit Card,Female,4,2,Fashion,2,Single,2,0,16,3,6,1,156.71,1
57864,11,Mobile Phone,2,24,Credit Card,Male,2,4,Mobile Phone,1,Single,5,0,12,2,3,2,179.18,0
57865,4,Computer,2,11,Credit Card,Male,2,3,Mobile Phone,1,Single,2,0,18,2,6,8,164.87,0
57866,43,Mobile Phone,1,23,Credit Card,Female,3,4,Fashion,2,Single,2,1,14,1,2,13,233.13,0
57867,2,Mobile Phone,1,21,E Wallet,Male,2,3,Mobile Phone,4,Divorced,2,0,21,1,3,1,146.28,0
57868,5,Mobile Phone,2,39,Credit Card,Male,3,3,Mobile Phone,5,Married,2,1,22,0,1,8,120.72,0
57869,5,Mobile Phone,2,12,Credit Card,Female,3,3,Laptop & Accessory,3,Divorced,3,0,21,2,6,16,156.7,0
57870,0,Mobile Phone,3,16,Credit Card,Female,3,3,Laptop & Accessory,4,Divorced,5,1,24,1,3,6,108.96,1
57871,21,Mobile Phone,1,15,E Wallet,Male,2,3,Fashion,2,Single,4,0,19,3,4,14,181.74,1
57872,0,Phone,2,27,Credit Card,Male,4,3,Mobile Phone,4,Single,5,0,19,2,4,11,111.23,0
57873,33,Phone,1,9,Debit Card,Male,3,2,Grocery,5,Divorced,2,1,14,1,5,1,248.52,0
57874,26,Mobile Phone,3,27,Credit Card,Male,2,1,Others,3,Single,1,0,20,3,7,7,205.86,0
57875,9,Computer,3,10,Debit Card,Male,1,1,Laptop & Accessory,4,Married,2,0,25,4,7,4,182.03,0
57876,9,Computer,2,20,COD,Male,3,2,Fashion,1,Single,4,0,19,3,7,10,122.99,0
57877,12,Mobile Phone,3,22,Credit Card,Female,3,3,Grocery,3,Divorced,2,1,13,2,3,9,158.51,1
57878,5,Mobile Phone,2,12,Debit Card,Female,4,4,Fashion,1,Single,2,0,18,2,6,5,159.22,0
57879,12,Mobile Phone,1,10,COD,Male,2,3,Mobile Phone,2,Married,1,0,12,3,4,1,185.12,0
57880,0,Mobile Phone,2,10,Debit Card,Male,4,3,Laptop & Accessory,2,Divorced,2,0,17,2,6,8,152.08,1
57881,0,Mobile Phone,1,10,E Wallet,Female,4,2,Mobile Phone,5,Divorced,4,1,14,3,5,7,139.1,1
57882,7,Computer,2,22,E Wallet,Female,3,5,Laptop & Accessory,1,Married,3,1,18,0,3,3,119.35,1
57883,9,Mobile Phone,3,12,Credit Card,Male,4,4,Grocery,3,Married,1,1,13,2,4,14,150.23,0
57884,26,Computer,3,9,Credit Card,Female,4,3,Laptop & Accessory,4,Married,10,0,22,1,5,11,203.93,1
57885,1,Mobile Phone,1,22,UPI,Male,3,1,Laptop & Accessory,3,Married,3,0,25,2,3,14,129.9,0
57886,20,Mobile Phone,1,12,Credit Card,Male,2,4,Fashion,3,Single,1,0,12,3,6,21,188.28,1
57887,2,Mobile Phone,1,20,Credit Card,Male,2,2,Fashion,5,Married,1,1,23,1,3,2,125.63,0
57888,6,Mobile Phone,1,10,Credit Card,Female,3,3,Fashion,4,Single,3,1,20,1,5,14,160.57,0
57889,4,Computer,1,14,Debit Card,Male,2,2,Laptop & Accessory,4,Married,2,0,24,2,3,6,149.53,0
57890,6,Computer,2,10,Credit Card,Male,3,4,Laptop & Accessory,1,Married,2,1,20,3,4,3,166.57,0
57891,1,Mobile Phone,3,11,Debit Card,Female,3,3,Mobile Phone,4,Single,3,1,19,2,3,1,116.21,1
57892,8,Computer,3,15,Debit Card,Male,3,2,Laptop & Accessory,3,Divorced,3,1,11,2,4,10,164.82,0
57893,19,Phone,1,25,Credit Card,Male,3,1,Mobile Phone,1,Married,2,1,20,3,7,3,171.03,1
57894,6,Computer,1,25,Credit Card,Female,2,2,Fashion,4,Married,5,0,18,1,3,3,131.72,0
57895,8,Mobile Phone,1,13,Debit Card,Male,2,3,Mobile Phone,5,Single,2,0,14,3,6,37,192.62,0
57896,22,Computer,1,17,Debit Card,Male,3,4,Others,3,Divorced,2,0,21,2,4,2,175.7,1
57897,14,Mobile Phone,1,10,Debit Card,Female,3,2,Fashion,5,Married,3,0,16,3,4,23,152.22,0
57898,8,Computer,1,20,Credit Card,Male,2,2,Mobile Phone,2,Divorced,4,0,13,0,3,4,155.66,1
57899,3,Mobile Phone,2,26,Credit Card,Male,1,3,Laptop & Accessory,3,Married,2,0,24,3,6,14,153.08,0
57900,25,Mobile Phone,3,10,Debit Card,Male,2,1,Laptop & Accessory,3,Divorced,3,0,26,0,3,2,180.17,0
57901,10,Mobile Phone,2,16,E Wallet,Female,3,4,Laptop & Accessory,1,Single,3,1,21,1,5,2,149.65,0
57902,2,Mobile Phone,3,6,Debit Card,Female,3,1,Mobile Phone,3,Married,5,1,16,1,3,12,119.62,1
57903,3,Phone,1,22,Debit Card,Male,2,4,Others,3,Married,2,0,17,4,6,1,151.19,0
57904,19,Mobile Phone,3,9,COD,Female,3,2,Fashion,1,Married,3,0,19,3,5,4,189.09,0
57905,0,Mobile Phone,1,10,Credit Card,Female,3,3,Mobile Phone,2,Divorced,3,1,17,2,4,3,124.81,1
57906,58,Phone,1,12,Debit Card,Female,3,3,Fashion,2,Single,4,1,22,2,4,7,266.6,0
57907,1,Mobile Phone,1,9,UPI,Male,4,2,Others,2,Married,1,1,21,0,1,4,130.47,0
57908,19,Mobile Phone,1,12,Debit Card,Male,2,2,Fashion,4,Married,4,0,19,0,2,2,163.63,0
57909,6,Computer,2,19,COD,Male,2,5,Mobile Phone,3,Married,1,0,11,0,3,2,143.93,0
57910,8,Mobile Phone,3,9,Debit Card,Female,3,2,Laptop & Accessory,3,Single,8,1,16,0,3,2,158.21,0
57911,25,Mobile Phone,3,20,UPI,Female,4,2,Laptop & Accessory,3,Single,2,0,23,3,5,6,214.69,0
57912,6,Mobile Phone,1,6,Debit Card,Male,3,2,Laptop & Accessory,5,Single,3,0,11,2,5,12,146.96,0
57913,9,Computer,2,14,COD,Female,2,3,Fashion,1,Divorced,1,0,15,2,6,2,165.8,0
57914,0,Phone,2,11,Credit Card,Male,4,2,Laptop & Accessory,2,Married,5,0,16,0,2,5,128.89,1
57915,0,Mobile Phone,3,30,Debit Card,Female,3,2,Mobile Phone,3,Married,2,0,23,3,5,15,104.27,0
57916,3,Mobile Phone,3,9,UPI,Male,3,3,Mobile Phone,5,Married,2,0,18,1,2,4,114.65,0
57917,13,Mobile Phone,2,17,Credit Card,Male,3,2,Fashion,4,Married,3,0,24,2,5,9,155.01,0
57918,1,Computer,2,9,E Wallet,Female,2,3,Laptop & Accessory,4,Divorced,1,1,14,1,2,0,139.51,0
57919,1,Mobile Phone,3,14,E Wallet,Female,4,4,Others,4,Married,10,0,25,5,8,5,142.81,1
57920,6,Computer,1,14,E Wallet,Male,3,3,Fashion,1,Divorced,3,1,11,3,7,8,140.27,1
57921,12,Mobile Phone,1,15,Credit Card,Male,5,3,Fashion,2,Married,5,0,21,4,5,4,169.13,1
57922,14,Phone,2,26,COD,Female,2,4,Laptop & Accessory,3,Single,6,0,13,1,4,7,133.46,1
57923,2,Computer,3,14,Credit Card,Male,3,3,Laptop & Accessory,1,Married,1,0,22,2,6,8,146.5,0
57924,0,Computer,2,14,Debit Card,Female,3,1,Fashion,3,Married,2,1,19,1,5,12,152.78,1
57925,33,Mobile Phone,3,22,Debit Card,Male,4,2,Laptop & Accessory,2,Married,5,1,21,1,2,0,189.28,0
57926,3,Computer,1,21,E Wallet,Female,1,4,Grocery,4,Married,4,1,22,0,2,3,148.27,0
57927,23,Mobile Phone,2,24,UPI,Male,4,4,Fashion,1,Married,4,0,16,3,6,7,202.46,1
57928,23,Mobile Phone,1,16,E Wallet,Female,3,4,Laptop & Accessory,4,Single,3,0,11,1,4,14,187.81,1
57929,17,Mobile Phone,3,13,Debit Card,Male,3,3,Fashion,3,Married,8,0,26,3,7,9,158.19,0
57930,2,Computer,1,18,Debit Card,Male,4,3,Grocery,3,Married,1,0,23,1,5,7,151.7,0
57931,20,Computer,2,13,Credit Card,Male,3,3,Grocery,1,Single,5,0,25,3,6,0,198.1,0
57932,17,Mobile Phone,1,7,Debit Card,Male,3,3,Mobile Phone,4,Married,4,0,18,4,6,5,181.12,0
57933,10,Computer,2,7,Credit Card,Female,3,3,Mobile Phone,4,Single,3,0,15,2,3,11,139.86,1
57934,4,Mobile Phone,3,16,E Wallet,Female,1,3,Fashion,4,Married,4,1,26,3,4,4,130.35,1
57935,3,Computer,1,11,Debit Card,Female,2,2,Grocery,1,Married,4,1,22,4,7,8,137.37,1
57936,1,Computer,3,9,Credit Card,Female,2,3,Fashion,5,Married,1,0,20,0,1,18,133.96,0
57937,8,Computer,3,7,Credit Card,Male,3,3,Fashion,2,Married,2,0,15,0,4,12,159.8,1
57938,10,Mobile Phone,1,9,Credit Card,Male,1,2,Fashion,2,Single,2,0,16,1,4,12,136.22,0
57939,5,Phone,3,15,E Wallet,Female,4,2,Fashion,3,Married,2,0,16,1,2,3,136.24,0
57940,7,Computer,1,27,E Wallet,Male,2,4,Fashion,3,Married,3,0,12,2,6,3,188.31,1
57941,5,Computer,1,15,E Wallet,Female,3,2,Others,3,Married,6,0,11,0,1,2,134.76,0
57942,12,Mobile Phone,2,13,Debit Card,Female,2,5,Fashion,3,Single,2,0,12,5,6,15,159.22,1
57943,27,Computer,3,12,UPI,Female,2,3,Mobile Phone,2,Single,3,0,11,2,3,6,191.67,0
57944,2,Computer,1,20,Credit Card,Male,2,3,Others,2,Married,8,0,21,2,3,8,97.02,0
57945,5,Mobile Phone,1,13,COD,Male,4,3,Others,4,Married,4,0,19,3,5,9,139.98,0
57946,1,Mobile Phone,3,12,COD,Female,2,3,Fashion,2,Married,2,0,11,3,5,3,137.24,0
57947,11,Mobile Phone,3,10,Credit Card,Male,1,4,Laptop & Accessory,4,Married,1,1,19,0,4,9,171.88,1
57948,15,Computer,1,11,COD,Male,4,1,Fashion,4,Married,2,0,23,5,7,18,145.61,0
57949,32,Mobile Phone,2,19,Credit Card,Female,3,2,Laptop & Accessory,4,Single,2,0,25,4,8,12,243.2,0
57950,3,Mobile Phone,1,17,Debit Card,Male,3,2,Laptop & Accessory,4,Married,4,0,14,3,7,4,147.94,0
57951,35,Computer,1,14,Debit Card,Female,4,2,Mobile Phone,2,Married,1,0,25,1,4,6,209.59,0
57952,0,Mobile Phone,2,15,Credit Card,Male,4,5,Mobile Phone,3,Single,3,0,13,1,5,1,133.46,0
57953,11,Mobile Phone,2,12,E Wallet,Female,4,1,Fashion,3,Married,2,0,22,2,5,4,172.41,0
57954,0,Mobile Phone,1,17,COD,Male,3,2,Laptop & Accessory,5,Married,1,0,19,2,4,2,147.62,0
57955,26,Computer,3,15,Credit Card,Male,3,4,Laptop & Accessory,2,Married,5,1,16,3,4,8,194.5,0
57956,9,Computer,1,9,E Wallet,Female,5,2,Fashion,5,Married,3,1,26,0,1,23,157.34,0
57957,13,Mobile Phone,2,13,UPI,Female,4,4,Mobile Phone,5,Married,4,1,17,1,4,18,173.3,0
57958,21,Phone,1,11,Credit Card,Female,3,2,Laptop & Accessory,4,Married,2,0,26,2,3,2,167.05,0
57959,1,Mobile Phone,2,24,Debit Card,Female,1,2,Mobile Phone,4,Single,5,0,23,0,1,2,117.32,1
57960,0,Phone,1,18,UPI,Male,5,3,Fashion,3,Single,6,0,12,2,6,2,136.95,0
57961,25,Mobile Phone,2,24,Credit Card,Male,2,3,Laptop & Accessory,1,Divorced,1,0,13,3,7,11,213.75,0
57962,4,Mobile Phone,2,10,E Wallet,Female,2,1,Others,3,Single,2,0,26,1,2,12,126.52,0
57963,1,Mobile Phone,1,22,E Wallet,Female,2,4,Mobile Phone,1,Single,4,0,23,2,6,3,152.15,1
57964,7,Mobile Phone,1,12,Debit Card,Female,2,2,Mobile Phone,3,Married,5,0,25,3,4,7,135.73,1
57965,10,Mobile Phone,2,8,Debit Card,Female,4,2,Laptop & Accessory,3,Divorced,4,0,22,3,6,10,173.27,0
57966,0,Computer,1,14,Debit Card,Male,2,3,Fashion,3,Married,9,0,15,1,2,2,108.09,1
57967,3,Computer,2,12,Debit Card,Female,2,4,Laptop & Accessory,1,Married,4,0,13,3,6,9,166.21,0
57968,0,Mobile Phone,2,12,UPI,Female,2,1,Fashion,4,Married,1,0,13,2,6,2,117.18,0
57969,6,Mobile Phone,2,13,Credit Card,Female,2,4,Laptop & Accessory,4,Divorced,1,0,19,0,1,10,144.9,1
57970,27,Mobile Phone,3,22,Debit Card,Female,3,4,Mobile Phone,3,Married,7,0,22,1,5,4,195.98,0
57971,48,Mobile Phone,2,17,Credit Card,Female,3,2,Laptop & Accessory,3,Single,1,1,11,2,6,1,248.36,0
57972,12,Computer,3,18,Credit Card,Female,3,3,Laptop & Accessory,3,Married,2,0,11,3,4,4,175.14,0
57973,2,Mobile Phone,3,17,Debit Card,Female,3,5,Mobile Phone,4,Divorced,2,0,23,0,4,16,145.51,0
57974,28,Computer,3,10,Debit Card,Male,1,2,Laptop & Accessory,2,Single,2,0,16,3,6,7,207.69,0
57975,8,Mobile Phone,1,7,Credit Card,Female,3,2,Laptop & Accessory,3,Married,4,0,26,3,7,8,167.76,0
57976,2,Mobile Phone,3,13,Credit Card,Male,3,4,Mobile Phone,2,Married,5,0,12,4,6,20,169.36,1
57977,30,Mobile Phone,3,17,COD,Female,1,3,Fashion,3,Single,7,0,17,4,5,6,182.8,0
57978,16,Mobile Phone,1,16,COD,Female,3,2,Mobile Phone,3,Married,7,0,11,2,6,5,138.56,0
57979,15,Mobile Phone,1,15,Credit Card,Female,1,2,Grocery,2,Married,2,0,15,1,2,3,156.99,0
57980,14,Computer,3,18,Credit Card,Female,2,4,Laptop & Accessory,2,Single,7,0,23,0,1,8,153.38,0
57981,2,Mobile Phone,2,14,E Wallet,Female,3,3,Fashion,4,Married,3,1,26,2,3,1,141.73,1
57982,2,Mobile Phone,1,14,Debit Card,Male,1,2,Laptop & Accessory,2,Married,5,1,25,2,5,1,142.68,1
57983,13,Computer,3,11,Debit Card,Female,1,5,Laptop & Accessory,2,Married,4,0,18,0,4,9,165.58,1
57984,2,Mobile Phone,1,24,Debit Card,Female,1,3,Others,4,Married,2,0,23,4,6,4,128.87,1
57985,6,Computer,1,8,Debit Card,Male,2,3,Others,1,Married,3,0,19,3,4,9,150.88,0
57986,18,Mobile Phone,2,22,Debit Card,Male,1,4,Others,1,Single,8,0,13,0,4,0,190.48,0
57987,18,Mobile Phone,2,7,E Wallet,Male,3,3,Grocery,3,Married,3,1,12,1,3,2,178.79,0
57988,7,Computer,3,19,Debit Card,Female,2,1,Laptop & Accessory,5,Married,3,0,22,4,5,13,154.03,0
57989,18,Computer,2,14,Debit Card,Male,4,4,Laptop & Accessory,1,Divorced,3,1,25,2,4,6,190.32,0
57990,21,Mobile Phone,3,21,E Wallet,Male,4,1,Laptop & Accessory,5,Married,6,0,17,0,3,6,179.66,0
57991,12,Mobile Phone,1,19,E Wallet,Female,3,6,Laptop & Accessory,3,Single,2,1,13,2,5,18,162.83,0
57992,3,Computer,2,9,Debit Card,Male,1,2,Fashion,1,Married,1,1,13,2,6,8,157.46,0
57993,3,Mobile Phone,1,6,E Wallet,Male,4,3,Mobile Phone,4,Single,1,1,12,1,5,4,143.72,1
57994,4,Mobile Phone,1,11,E Wallet,Male,3,6,Fashion,1,Married,7,0,21,2,3,0,136.12,1
57995,1,Computer,3,13,Credit Card,Female,2,2,Fashion,3,Single,2,0,17,2,6,3,160.11,0
57996,3,Computer,1,6,COD,Male,4,3,Laptop & Accessory,3,Divorced,4,0,19,1,3,3,123.85,1
57997,2,Computer,3,16,Debit Card,Female,2,4,Mobile Phone,4,Single,2,1,22,0,4,1,136.22,1
57998,7,Computer,1,14,Credit Card,Male,3,3,Fashion,2,Married,1,0,23,2,3,3,132.13,0
57999,28,Computer,1,11,Debit Card,Female,3,2,Grocery,2,Married,2,1,24,1,4,15,196.51,0
58000,1,Computer,1,16,Credit Card,Male,2,2,Laptop & Accessory,4,Single,2,0,12,4,7,5,150.69,0
58001,15,Computer,3,21,Debit Card,Male,2,3,Laptop & Accessory,3,Married,2,0,12,1,4,12,166.42,0
58002,13,Mobile Phone,1,21,E Wallet,Male,5,3,Others,3,Divorced,7,0,23,1,4,6,185.72,0
58003,1,Mobile Phone,2,15,Credit Card,Female,3,2,Others,3,Single,10,0,26,3,6,7,122.58,1
58004,30,Computer,2,16,COD,Female,2,2,Fashion,2,Married,2,0,12,0,2,7,203.61,0
58005,10,Computer,1,6,E Wallet,Male,3,2,Laptop & Accessory,3,Married,7,0,14,3,6,8,169.12,0
58006,5,Mobile Phone,2,19,COD,Female,2,3,Fashion,1,Married,6,1,11,1,3,8,145.29,1
58007,16,Mobile Phone,2,28,Debit Card,Male,4,4,Laptop & Accessory,2,Single,7,0,24,0,3,8,189.54,1
58008,3,Phone,3,13,Credit Card,Male,3,2,Grocery,4,Married,4,1,16,0,2,2,147.47,0
58009,14,Computer,1,18,Credit Card,Female,4,2,Mobile Phone,5,Single,3,0,26,0,2,4,138.36,0
58010,0,Mobile Phone,1,16,UPI,Female,5,4,Mobile Phone,1,Single,2,0,25,1,5,8,152.43,0
58011,21,Computer,1,14,Debit Card,Female,5,4,Laptop & Accessory,2,Single,1,0,19,2,4,4,191.74,0
58012,7,Phone,2,19,COD,Female,2,4,Fashion,5,Single,2,0,25,2,6,7,160.24,0
58013,12,Computer,2,11,Debit Card,Male,4,4,Mobile Phone,4,Married,4,1,11,3,5,29,153.76,1
58014,3,Computer,3,13,UPI,Female,2,4,Fashion,1,Married,1,0,13,3,4,4,134.74,1
58015,13,Mobile Phone,3,11,Credit Card,Male,2,4,Mobile Phone,1,Single,1,0,14,1,2,3,156.25,0
58016,17,Computer,1,30,Credit Card,Male,1,2,Mobile Phone,4,Married,4,0,13,0,2,16,158.42,0
58017,7,Mobile Phone,2,10,COD,Female,3,1,Grocery,4,Single,2,0,11,1,5,10,142.51,0
58018,11,Computer,3,18,UPI,Male,3,2,Laptop & Accessory,5,Single,2,1,20,1,2,3,154.09,0
58019,7,Mobile Phone,3,10,COD,Female,4,3,Others,4,Married,2,0,20,2,3,3,152.89,1
58020,26,Mobile Phone,1,15,Credit Card,Female,4,1,Laptop & Accessory,5,Married,5,0,22,2,6,4,233.53,0
58021,8,Mobile Phone,2,17,COD,Female,3,4,Laptop & Accessory,3,Married,5,0,12,0,1,8,143.71,0
58022,22,Mobile Phone,3,7,E Wallet,Female,3,3,Fashion,2,Single,3,0,21,2,4,8,220.32,0
58023,19,Computer,1,8,UPI,Male,3,4,Others,1,Divorced,3,0,25,2,5,4,183.45,1
58024,6,Phone,2,10,E Wallet,Male,3,1,Others,1,Married,2,0,14,1,5,3,147.17,0
58025,3,Computer,3,9,E Wallet,Male,3,2,Mobile Phone,1,Single,1,1,25,2,6,2,143.74,1
58026,6,Computer,3,10,E Wallet,Female,4,3,Mobile Phone,3,Married,2,1,12,2,6,0,133.39,0
58027,20,Mobile Phone,1,16,E Wallet,Male,1,3,Fashion,3,Married,4,0,12,1,4,2,176.23,0
58028,3,Computer,1,12,Credit Card,Female,4,4,Fashion,4,Single,5,0,22,3,6,11,145.24,0
58029,8,Computer,1,19,E Wallet,Male,2,5,Fashion,2,Divorced,2,0,19,2,6,5,171.14,0
58030,19,Computer,3,27,Debit Card,Female,3,1,Laptop & Accessory,3,Married,5,1,25,0,3,15,152.57,0
58031,5,Mobile Phone,3,8,E Wallet,Female,4,3,Grocery,3,Divorced,2,0,12,1,2,15,153.13,0
58032,12,Computer,3,28,Credit Card,Male,2,2,Grocery,5,Married,2,0,12,2,6,2,192.63,0
58033,3,Computer,2,20,UPI,Male,4,2,Others,3,Married,2,0,11,1,5,6,135.54,0
58034,1,Mobile Phone,1,17,E Wallet,Male,3,4,Mobile Phone,2,Married,2,1,15,0,1,6,101.78,1
58035,18,Computer,2,14,Credit Card,Male,3,6,Laptop & Accessory,3,Single,2,0,12,1,4,1,150.31,0
58036,1,Phone,1,15,Credit Card,Male,3,3,Laptop & Accessory,5,Married,2,0,11,0,2,7,101.63,0
58037,3,Mobile Phone,2,10,UPI,Male,2,3,Mobile Phone,4,Married,2,0,12,3,4,1,152.64,0
58038,23,Computer,2,15,Debit Card,Male,4,2,Laptop & Accessory,1,Married,3,0,13,1,4,19,193.03,0
58039,5,Computer,2,23,UPI,Male,2,4,Mobile Phone,2,Married,4,1,11,0,4,11,147.23,0
58040,43,Computer,3,10,E Wallet,Male,3,5,Laptop & Accessory,3,Single,4,1,21,3,4,14,221.54,0
58041,46,Mobile Phone,1,18,Debit Card,Male,4,4,Laptop & Accessory,4,Single,4,1,17,3,7,14,268.3,1
58042,3,Computer,3,22,COD,Male,1,3,Mobile Phone,1,Married,3,0,14,2,6,16,135.8,1
58043,0,Mobile Phone,2,11,Credit Card,Female,3,3,Laptop & Accessory,3,Married,2,0,26,1,2,4,122.79,0
58044,14,Mobile Phone,3,17,Debit Card,Male,2,4,Laptop & Accessory,3,Married,2,0,14,1,5,8,184.88,0
58045,7,Computer,2,19,Credit Card,Female,2,5,Laptop & Accessory,1,Single,2,0,13,2,5,16,157.93,0
58046,1,Computer,1,29,COD,Male,2,5,Laptop & Accessory,3,Single,2,0,22,0,4,1,128.49,1
58047,14,Computer,1,24,E Wallet,Male,4,3,Laptop & Accessory,1,Married,3,0,14,3,6,3,163.86,0
58048,0,Mobile Phone,1,23,COD,Male,3,2,Fashion,4,Married,1,0,20,1,5,10,139.57,0
58049,24,Mobile Phone,1,12,Debit Card,Female,2,2,Laptop & Accessory,1,Single,3,0,13,1,3,1,213.42,0
58050,1,Phone,3,18,Debit Card,Male,4,2,Grocery,1,Married,4,1,16,5,8,10,163.92,1
58051,1,Mobile Phone,1,14,Credit Card,Female,2,2,Fashion,4,Single,2,1,26,0,2,6,121.98,0
58052,2,Computer,2,8,Credit Card,Female,3,2,Grocery,3,Married,5,0,23,1,5,5,122.83,0
58053,38,Computer,1,10,E Wallet,Male,3,4,Mobile Phone,4,Single,1,0,22,1,2,1,247.41,0
58054,14,Computer,2,15,Credit Card,Male,3,4,Laptop & Accessory,4,Divorced,4,0,13,1,2,8,174.4,0
58055,19,Mobile Phone,3,13,Credit Card,Male,2,1,Laptop & Accessory,2,Married,4,0,22,1,5,24,198.49,0
58056,6,Computer,1,28,Debit Card,Male,3,2,Fashion,2,Single,2,0,21,3,5,7,155.8,0
58057,4,Computer,2,15,Credit Card,Female,4,6,Others,4,Divorced,1,0,18,1,3,7,137.0,1
58058,3,Mobile Phone,3,22,Debit Card,Female,2,2,Laptop & Accessory,2,Married,1,0,13,1,4,4,143.42,0
58059,7,Mobile Phone,1,17,COD,Male,2,3,Grocery,3,Married,3,0,24,4,6,1,154.99,0
58060,9,Mobile Phone,3,17,COD,Male,5,2,Fashion,4,Single,6,0,12,2,3,8,152.99,1
58061,11,Mobile Phone,1,20,UPI,Male,2,2,Fashion,2,Married,2,0,19,2,6,6,172.35,0
58062,3,Computer,1,13,Debit Card,Male,1,3,Fashion,2,Divorced,4,0,25,3,4,1,152.02,0
58063,35,Computer,2,14,Debit Card,Male,1,3,Laptop & Accessory,2,Married,1,0,26,2,3,5,217.08,0
58064,2,Phone,1,12,Credit Card,Male,2,3,Fashion,4,Married,4,1,12,3,5,12,132.14,1
58065,40,Computer,3,14,E Wallet,Female,3,2,Mobile Phone,2,Divorced,2,1,11,3,7,3,239.0,0
58066,0,Computer,1,15,COD,Female,2,2,Grocery,3,Married,1,1,17,2,4,8,131.78,1
58067,7,Mobile Phone,1,17,UPI,Male,2,3,Mobile Phone,3,Single,3,0,26,2,6,9,143.75,0
58068,4,Computer,2,15,Debit Card,Male,4,1,Mobile Phone,3,Single,3,0,18,2,4,10,130.49,0
58069,7,Computer,2,16,COD,Male,4,5,Fashion,2,Single,3,0,17,2,5,8,139.86,1
58070,10,Phone,3,17,Debit Card,Female,2,2,Fashion,3,Divorced,3,1,21,0,4,6,190.1,1
58071,6,Computer,1,5,UPI,Female,2,3,Mobile Phone,3,Divorced,2,0,12,1,2,1,150.62,0
58072,6,Phone,3,11,Credit Card,Female,5,2,Laptop & Accessory,3,Married,3,0,12,4,5,6,153.29,0
58073,15,Computer,3,12,E Wallet,Male,5,3,Laptop & Accessory,3,Single,4,0,24,1,3,27,168.98,1
58074,13,Computer,2,16,E Wallet,Male,5,2,Mobile Phone,4,Married,2,0,14,0,2,15,184.21,0
58075,21,Mobile Phone,3,18,UPI,Female,4,1,Fashion,3,Married,5,0,12,2,5,13,164.67,0
58076,3,Computer,2,10,E Wallet,Male,3,3,Mobile Phone,5,Married,2,0,13,3,6,5,151.7,0
58077,11,Computer,1,21,UPI,Female,2,6,Fashion,3,Single,5,0,18,1,5,5,169.74,0
58078,10,Mobile Phone,1,18,Debit Card,Male,5,4,Fashion,5,Single,1,0,12,3,6,8,143.93,0
58079,5,Mobile Phone,1,10,UPI,Female,3,4,Mobile Phone,3,Married,3,0,22,1,3,20,160.1,1
58080,7,Computer,3,12,COD,Male,3,1,Mobile Phone,5,Married,6,0,25,2,3,31,149.25,0
58081,4,Mobile Phone,1,14,E Wallet,Female,4,4,Mobile Phone,4,Single,2,0,22,0,2,6,130.92,0
58082,1,Mobile Phone,2,20,COD,Female,3,4,Laptop & Accessory,1,Married,9,0,21,5,9,5,133.47,1
58083,2,Computer,1,19,Debit Card,Female,3,1,Laptop & Accessory,1,Married,5,0,14,0,3,5,128.81,0
58084,1,Phone,2,10,UPI,Male,2,2,Mobile Phone,4,Married,2,0,21,2,3,9,135.36,0
58085,13,Computer,1,22,Debit Card,Female,2,3,Laptop & Accessory,4,Single,3,0,17,1,4,20,172.74,0
58086,12,Mobile Phone,3,15,Credit Card,Female,3,3,Fashion,3,Married,1,0,23,3,6,7,160.02,0
58087,36,Mobile Phone,1,22,E Wallet,Female,3,2,Grocery,3,Married,2,0,20,0,2,13,239.97,0
58088,15,Mobile Phone,3,16,E Wallet,Male,4,2,Laptop & Accessory,4,Divorced,10,0,12,1,5,2,183.37,0
58089,0,Mobile Phone,3,10,E Wallet,Female,3,3,Laptop & Accessory,3,Married,10,1,13,1,5,4,145.9,0
58090,25,Mobile Phone,2,17,Credit Card,Female,4,4,Grocery,2,Divorced,1,1,15,2,6,17,208.59,0
58091,23,Phone,1,30,COD,Female,2,5,Fashion,5,Married,1,0,15,3,7,3,187.04,0
58092,7,Computer,1,11,Debit Card,Male,4,2,Laptop & Accessory,4,Single,1,0,17,0,4,6,114.63,0
58093,10,Mobile Phone,3,10,E Wallet,Male,1,4,Mobile Phone,4,Married,3,1,13,0,1,7,150.86,1
58094,44,Mobile Phone,1,13,UPI,Male,3,4,Laptop & Accessory,3,Married,6,0,14,0,4,18,225.76,0
58095,9,Mobile Phone,1,18,UPI,Male,2,3,Fashion,5,Single,1,0,18,3,6,5,165.98,0
58096,28,Mobile Phone,2,33,E Wallet,Female,2,5,Mobile Phone,1,Married,2,1,12,3,4,23,214.27,1
58097,1,Mobile Phone,1,22,Credit Card,Female,1,1,Others,4,Single,10,1,23,1,2,3,97.67,0
58098,2,Phone,1,10,Credit Card,Male,3,5,Mobile Phone,5,Single,3,0,23,2,5,5,140.99,1
58099,6,Mobile Phone,2,25,Credit Card,Female,2,4,Others,3,Married,3,0,12,2,5,3,161.78,0
58100,10,Mobile Phone,1,17,Credit Card,Female,4,2,Grocery,3,Single,1,0,24,1,4,4,184.63,1
58101,20,Mobile Phone,1,17,E Wallet,Male,3,3,Fashion,4,Married,2,0,17,3,6,4,192.9,0
58102,53,Computer,2,13,E Wallet,Female,3,3,Mobile Phone,1,Married,2,0,12,2,3,14,274.97,0
58103,5,Mobile Phone,1,13,Credit Card,Female,3,3,Mobile Phone,1,Married,3,0,13,1,4,7,136.73,1
58104,0,Mobile Phone,3,15,E Wallet,Male,1,4,Mobile Phone,4,Single,5,0,11,3,6,9,175.72,0
58105,19,Mobile Phone,1,27,Credit Card,Female,3,4,Laptop & Accessory,4,Married,6,1,13,0,3,4,165.28,0
58106,11,Computer,2,8,Debit Card,Female,3,2,Fashion,5,Married,2,1,13,1,3,4,118.0,0
58107,2,Mobile Phone,2,18,UPI,Female,2,5,Fashion,3,Married,1,1,26,3,6,4,155.43,1
58108,8,Mobile Phone,2,16,UPI,Female,3,1,Fashion,3,Married,5,0,13,1,5,3,152.36,0
58109,16,Mobile Phone,1,15,Debit Card,Female,3,3,Fashion,4,Single,3,1,11,2,3,14,195.41,1
58110,17,Mobile Phone,1,22,E Wallet,Female,3,3,Mobile Phone,2,Married,1,0,19,3,4,4,156.15,0
58111,8,Mobile Phone,3,9,Credit Card,Male,3,1,Fashion,2,Married,3,1,17,4,7,3,152.27,0
58112,4,Mobile Phone,1,25,Debit Card,Male,3,3,Mobile Phone,5,Married,3,0,15,6,10,9,165.12,0
58113,43,Mobile Phone,2,6,Credit Card,Female,2,5,Grocery,4,Married,2,0,12,1,3,16,248.69,0
58114,13,Mobile Phone,3,14,Debit Card,Male,2,3,Laptop & Accessory,3,Married,1,1,22,3,7,5,180.87,1
58115,6,Mobile Phone,2,8,E Wallet,Female,3,3,Laptop & Accessory,3,Married,1,0,22,2,6,3,152.96,0
58116,3,Mobile Phone,1,13,Debit Card,Male,1,3,Laptop & Accessory,3,Divorced,4,0,19,1,5,3,147.91,0
58117,15,Mobile Phone,1,26,Debit Card,Male,4,4,Fashion,2,Divorced,1,1,23,1,4,11,150.75,1
58118,3,Phone,3,12,Debit Card,Male,3,5,Fashion,3,Single,6,0,20,2,4,6,125.98,0
58119,2,Computer,2,10,Debit Card,Female,3,3,Laptop & Accessory,3,Single,1,0,18,2,4,3,98.47,1
58120,9,Computer,2,25,E Wallet,Female,2,4,Grocery,3,Married,3,0,12,3,7,20,168.71,1
58121,4,Computer,2,16,E Wallet,Female,2,2,Mobile Phone,3,Married,4,0,20,1,2,14,124.15,0
58122,11,Phone,3,13,Debit Card,Male,4,3,Mobile Phone,3,Single,5,0,18,2,3,15,136.46,1
58123,1,Computer,3,10,E Wallet,Male,2,2,Fashion,3,Divorced,5,1,24,2,4,8,95.55,1
58124,12,Computer,1,16,Credit Card,Female,2,2,Fashion,3,Married,3,1,12,0,1,3,155.16,0
58125,3,Mobile Phone,2,14,Credit Card,Female,2,4,Laptop & Accessory,3,Married,2,1,18,2,3,3,116.88,0
58126,0,Mobile Phone,2,18,Debit Card,Female,2,4,Fashion,3,Married,2,0,26,1,4,4,105.41,0
58127,1,Computer,1,8,E Wallet,Male,2,1,Grocery,3,Single,2,1,25,0,2,10,118.84,0
58128,32,Phone,3,16,Credit Card,Male,4,4,Mobile Phone,4,Married,3,0,13,1,2,17,214.59,0
58129,24,Mobile Phone,1,22,E Wallet,Female,1,3,Laptop & Accessory,1,Single,5,0,21,4,8,11,231.29,0
58130,3,Computer,2,7,Credit Card,Female,4,4,Laptop & Accessory,2,Divorced,3,0,12,0,3,7,136.78,0
58131,18,Mobile Phone,1,29,Debit Card,Female,3,3,Fashion,3,Single,4,1,15,1,3,10,180.58,0
58132,11,Mobile Phone,1,10,E Wallet,Female,4,3,Fashion,5,Married,4,0,20,4,8,7,179.76,0
58133,42,Mobile Phone,2,8,Credit Card,Male,4,3,Others,1,Married,1,0,24,3,6,5,249.08,0
58134,5,Mobile Phone,3,13,Credit Card,Male,2,2,Fashion,3,Married,5,0,19,2,5,2,153.22,0
58135,13,Mobile Phone,2,9,Debit Card,Male,3,2,Mobile Phone,2,Married,2,0,23,2,5,3,173.67,0
58136,0,Computer,1,10,E Wallet,Female,2,1,Others,1,Single,1,1,13,6,10,4,159.59,0
58137,6,Computer,2,13,Debit Card,Male,4,3,Laptop & Accessory,5,Single,3,0,12,1,3,22,121.35,1
58138,39,Computer,1,12,Credit Card,Female,4,1,Fashion,5,Married,6,0,21,2,5,7,237.03,0
58139,9,Mobile Phone,1,13,Debit Card,Male,2,3,Mobile Phone,2,Married,4,0,17,2,3,4,158.0,0
58140,4,Computer,1,30,E Wallet,Female,3,5,Grocery,5,Married,1,1,16,3,4,14,139.77,0
58141,1,Mobile Phone,1,7,Debit Card,Male,3,4,Fashion,3,Divorced,4,0,12,1,5,13,124.99,1
58142,14,Mobile Phone,2,11,UPI,Male,3,2,Mobile Phone,1,Married,1,1,22,2,6,13,159.92,1
58143,12,Computer,2,17,UPI,Male,2,3,Fashion,2,Married,3,1,24,0,2,0,132.83,0
58144,5,Mobile Phone,1,14,COD,Male,2,4,Grocery,4,Married,1,1,23,1,2,10,111.47,1
58145,36,Mobile Phone,3,16,COD,Male,4,4,Laptop & Accessory,2,Married,3,0,14,1,3,13,240.14,0
58146,0,Mobile Phone,1,15,COD,Male,1,2,Fashion,3,Married,1,0,24,0,1,4,151.45,0
58147,4,Computer,3,13,UPI,Female,2,3,Mobile Phone,2,Married,5,0,11,2,5,3,124.66,1
58148,30,Mobile Phone,2,7,Debit Card,Female,2,2,Others,2,Married,4,0,25,2,5,6,214.79,0
58149,4,Computer,1,25,Credit Card,Male,2,4,Others,4,Single,2,1,16,0,4,2,146.63,1
58150,3,Computer,3,11,Debit Card,Female,3,3,Laptop & Accessory,5,Married,6,1,11,1,3,7,144.85,0
58151,9,Computer,1,9,Credit Card,Female,3,1,Mobile Phone,4,Married,1,0,19,3,5,9,157.18,0
58152,20,Computer,2,14,Credit Card,Female,3,3,Mobile Phone,1,Divorced,5,1,21,0,4,19,203.15,0
58153,1,Mobile Phone,1,35,COD,Male,3,4,Grocery,5,Single,1,1,17,1,3,6,135.97,1
58154,34,Mobile Phone,3,20,COD,Male,4,1,Fashion,2,Single,4,0,22,3,4,2,235.35,0
58155,19,Mobile Phone,2,22,Debit Card,Male,2,3,Laptop & Accessory,4,Married,1,0,11,3,6,5,190.83,0
58156,2,Mobile Phone,1,49,Credit Card,Female,2,3,Mobile Phone,4,Single,1,0,26,8,10,1,144.54,0
58157,14,Computer,1,16,Credit Card,Female,2,6,Mobile Phone,3,Single,5,1,18,3,7,17,184.81,1
58158,5,Mobile Phone,3,8,Credit Card,Female,4,2,Mobile Phone,3,Single,2,0,24,2,5,2,116.94,1
58159,6,Mobile Phone,1,11,Credit Card,Female,3,4,Fashion,1,Married,2,0,14,1,5,12,167.91,1
58160,18,Computer,1,12,COD,Female,2,2,Fashion,5,Married,4,0,21,3,6,27,188.79,1
58161,39,Computer,2,8,UPI,Male,2,5,Laptop & Accessory,1,Divorced,5,0,20,2,4,11,225.16,0
58162,1,Computer,3,13,Debit Card,Male,4,2,Fashion,5,Single,2,0,11,4,7,8,131.39,0
58163,6,Computer,1,25,Credit Card,Male,2,2,Mobile Phone,2,Married,2,0,12,0,4,4,153.17,1
58164,7,Computer,1,27,E Wallet,Female,2,3,Mobile Phone,3,Single,2,0,26,3,6,4,142.23,1
58165,5,Computer,3,10,E Wallet,Female,3,1,Laptop & Accessory,4,Single,4,0,13,1,2,9,123.31,0
58166,5,Mobile Phone,1,26,E Wallet,Male,4,2,Others,5,Single,4,0,21,3,5,4,128.07,0
58167,0,Phone,2,18,COD,Female,3,3,Grocery,4,Single,6,0,20,1,2,8,115.07,0
58168,13,Computer,3,9,Credit Card,Male,4,5,Mobile Phone,1,Single,1,1,23,1,2,15,159.14,0
58169,6,Mobile Phone,3,7,Credit Card,Male,3,3,Fashion,3,Married,1,0,25,1,5,3,177.29,0
58170,2,Mobile Phone,1,18,COD,Female,3,3,Grocery,3,Married,3,0,20,2,3,23,118.31,1
58171,20,Computer,1,15,E Wallet,Male,3,4,Mobile Phone,5,Married,2,0,17,2,3,21,233.39,0
58172,19,Phone,1,14,E Wallet,Male,4,1,Laptop & Accessory,3,Single,3,0,20,4,7,5,199.24,0
58173,7,Mobile Phone,3,8,Debit Card,Female,2,2,Mobile Phone,2,Married,6,0,25,2,6,12,146.56,0
58174,4,Mobile Phone,3,8,Debit Card,Male,4,6,Mobile Phone,2,Married,1,0,22,1,4,8,150.47,1
58175,12,Computer,1,11,Credit Card,Male,3,1,Mobile Phone,5,Married,3,0,14,2,3,9,164.67,0
58176,4,Phone,2,10,Credit Card,Male,4,3,Grocery,2,Divorced,5,0,15,0,3,9,126.36,0
58177,3,Mobile Phone,3,18,Credit Card,Male,3,4,Mobile Phone,3,Married,1,0,14,2,6,1,142.04,0
58178,15,Mobile Phone,1,17,COD,Male,3,2,Fashion,4,Married,3,0,24,1,4,7,187.24,0
58179,0,Computer,1,11,Debit Card,Male,1,6,Laptop & Accessory,5,Married,5,0,20,0,4,18,133.61,1
58180,1,Mobile Phone,1,14,Debit Card,Female,4,3,Fashion,1,Married,2,0,15,2,6,4,134.42,0
58181,0,Computer,2,24,Debit Card,Male,4,5,Mobile Phone,4,Married,1,1,16,2,3,4,132.2,1
58182,1,Mobile Phone,3,19,E Wallet,Female,3,3,Others,5,Divorced,1,0,14,0,4,5,160.84,0
58183,0,Mobile Phone,3,11,COD,Female,2,3,Laptop & Accessory,4,Married,4,1,18,3,4,14,118.53,1
58184,61,Mobile Phone,1,19,UPI,Male,3,4,Mobile Phone,4,Single,2,0,11,1,4,3,289.51,0
58185,4,Mobile Phone,1,23,E Wallet,Male,2,5,Grocery,3,Divorced,3,0,20,0,1,4,115.81,1
58186,1,Mobile Phone,2,22,Debit Card,Female,1,3,Mobile Phone,4,Married,1,1,23,2,5,5,108.08,1
58187,3,Mobile Phone,3,10,Credit Card,Female,2,4,Laptop & Accessory,3,Single,1,0,11,3,4,6,148.51,0
58188,33,Computer,2,11,UPI,Male,3,3,Grocery,3,Married,4,1,22,1,4,1,232.08,0
58189,8,Mobile Phone,2,7,E Wallet,Female,4,3,Fashion,3,Married,2,0,20,4,6,1,185.38,0
58190,5,Phone,2,18,Debit Card,Female,2,1,Fashion,4,Single,5,0,15,3,7,6,166.76,0
58191,24,Mobile Phone,1,27,Credit Card,Female,4,2,Mobile Phone,3,Married,4,0,12,1,2,4,184.79,0
58192,6,Computer,2,19,Debit Card,Male,3,4,Laptop & Accessory,4,Married,4,0,11,1,4,3,130.01,0
58193,4,Mobile Phone,3,16,Credit Card,Male,4,1,Fashion,5,Single,5,0,23,3,7,6,158.22,1
58194,2,Mobile Phone,1,29,COD,Female,2,3,Mobile Phone,2,Single,5,1,26,2,6,6,145.13,1
58195,5,Computer,2,16,Debit Card,Male,3,3,Mobile Phone,5,Single,3,0,24,1,2,5,134.94,0
58196,4,Computer,1,34,E Wallet,Male,3,3,Laptop & Accessory,1,Married,2,1,24,0,3,8,142.36,1
58197,13,Computer,2,20,Debit Card,Male,3,5,Fashion,3,Single,3,0,24,2,5,2,165.7,0
58198,4,Computer,2,14,COD,Female,4,4,Fashion,5,Single,2,1,15,2,3,7,159.77,1
58199,10,Computer,2,7,Debit Card,Male,4,3,Fashion,1,Single,1,0,19,0,3,10,139.54,0
58200,0,Mobile Phone,3,8,E Wallet,Female,4,4,Laptop & Accessory,5,Married,3,0,26,3,6,3,156.89,1
58201,2,Computer,1,30,Debit Card,Male,2,4,Mobile Phone,5,Married,3,0,24,1,3,4,124.92,0
58202,6,Computer,2,15,UPI,Female,2,4,Mobile Phone,5,Single,3,1,18,1,2,10,169.46,1
58203,33,Phone,1,25,Debit Card,Female,2,4,Fashion,3,Divorced,5,0,16,0,4,17,220.89,0
58204,5,Computer,3,25,Credit Card,Male,4,4,Laptop & Accessory,2,Divorced,3,0,16,1,4,16,178.63,1
58205,13,Mobile Phone,1,16,Debit Card,Male,2,1,Grocery,1,Married,8,1,23,1,4,2,157.54,0
58206,3,Mobile Phone,3,27,E Wallet,Female,5,1,Mobile Phone,1,Married,1,1,18,3,6,6,141.21,0
58207,1,Computer,1,20,Credit Card,Male,2,5,Fashion,3,Single,2,0,12,3,7,5,150.5,1
58208,0,Computer,1,25,Debit Card,Male,2,2,Others,4,Single,1,0,24,2,4,1,156.83,0
58209,4,Computer,1,16,E Wallet,Female,4,2,Fashion,2,Divorced,3,0,15,0,1,2,167.14,0
58210,2,Computer,3,14,UPI,Female,4,2,Laptop & Accessory,3,Married,1,1,23,2,5,4,135.66,1
58211,2,Mobile Phone,1,12,Credit Card,Male,3,4,Mobile Phone,3,Single,4,0,22,2,3,4,142.98,1
58212,17,Mobile Phone,1,10,Credit Card,Male,4,1,Fashion,5,Single,2,0,15,1,4,13,176.06,0
58213,0,Mobile Phone,1,17,E Wallet,Male,4,3,Fashion,1,Married,4,0,11,1,2,9,107.85,1
58214,9,Computer,1,10,E Wallet,Male,4,3,Mobile Phone,4,Single,1,0,17,1,4,6,161.36,0
58215,5,Computer,1,19,E Wallet,Female,4,2,Mobile Phone,4,Single,2,0,16,0,1,6,136.35,1
58216,8,Mobile Phone,2,12,Debit Card,Female,2,2,Mobile Phone,4,Single,6,0,20,2,4,4,186.12,0
58217,9,Computer,1,14,COD,Female,3,2,Fashion,2,Married,1,0,19,2,6,24,153.28,1
58218,4,Mobile Phone,2,21,Debit Card,Male,4,2,Others,1,Single,5,0,17,1,4,17,153.83,0
58219,4,Mobile Phone,1,24,Credit Card,Female,3,3,Fashion,4,Single,2,0,15,0,2,11,151.72,0
58220,15,Computer,2,12,Debit Card,Male,3,2,Laptop & Accessory,3,Single,1,0,13,3,6,7,173.77,0
58221,24,Mobile Phone,2,9,COD,Female,4,3,Mobile Phone,3,Married,6,1,13,1,3,18,191.76,0
58222,2,Computer,1,18,UPI,Female,2,5,Mobile Phone,5,Married,2,0,21,3,7,2,146.93,0
58223,1,Computer,1,18,UPI,Female,3,4,Laptop & Accessory,1,Married,2,1,18,2,5,8,152.75,0
58224,27,Computer,1,27,Debit Card,Female,3,4,Others,2,Single,4,0,12,5,6,8,214.11,1
58225,5,Mobile Phone,1,12,E Wallet,Male,2,5,Mobile Phone,3,Married,3,1,21,3,7,7,140.6,0
58226,9,Mobile Phone,2,12,Debit Card,Male,2,3,Others,3,Divorced,4,0,15,1,2,7,142.0,0
58227,5,Computer,2,19,COD,Female,4,4,Fashion,5,Single,3,0,17,1,3,12,144.85,1
58228,1,Computer,2,16,Credit Card,Female,4,4,Fashion,2,Married,2,0,14,1,4,9,157.02,0
58229,10,Computer,1,24,Credit Card,Female,3,5,Mobile Phone,5,Married,3,0,26,1,4,8,155.68,0
58230,8,Mobile Phone,1,18,Credit Card,Male,3,3,Grocery,3,Married,1,0,20,3,4,28,137.2,1
58231,2,Mobile Phone,1,19,Credit Card,Male,4,2,Laptop & Accessory,1,Married,3,0,11,1,4,7,160.2,1
58232,7,Computer,2,13,E Wallet,Male,5,2,Others,4,Single,2,0,25,2,4,5,169.18,0
58233,19,Computer,2,16,Credit Card,Female,1,2,Fashion,4,Married,2,0,26,3,6,11,194.4,0
58234,10,Mobile Phone,1,21,E Wallet,Male,3,4,Mobile Phone,2,Married,4,1,20,3,7,2,160.39,1
58235,1,Mobile Phone,3,7,Credit Card,Male,3,3,Fashion,3,Married,1,1,18,1,2,13,161.8,1
58236,9,Computer,1,35,E Wallet,Male,3,2,Fashion,1,Single,1,0,11,1,2,14,166.17,1
58237,14,Mobile Phone,3,11,UPI,Female,1,4,Fashion,2,Single,5,0,19,1,2,15,152.6,0
58238,18,Mobile Phone,1,16,Debit Card,Male,5,6,Laptop & Accessory,4,Divorced,5,0,19,5,8,17,206.03,0
58239,11,Mobile Phone,3,13,Debit Card,Female,1,4,Laptop & Accessory,3,Married,6,0,21,1,5,9,147.05,0
58240,1,Mobile Phone,1,25,E Wallet,Female,2,1,Grocery,1,Divorced,4,1,15,3,5,11,141.1,1
58241,14,Computer,3,17,Credit Card,Female,2,3,Fashion,5,Divorced,5,0,24,3,7,3,204.42,0
58242,13,Mobile Phone,1,45,Debit Card,Male,3,5,Mobile Phone,4,Single,2,1,23,1,2,11,168.18,1
58243,0,Mobile Phone,1,24,Debit Card,Male,3,2,Laptop & Accessory,1,Single,1,1,12,1,5,26,142.59,0
58244,6,Mobile Phone,1,6,Credit Card,Female,1,3,Mobile Phone,4,Married,4,1,13,3,4,7,148.49,1
58245,4,Mobile Phone,3,20,Credit Card,Male,2,2,Mobile Phone,4,Married,2,1,12,1,3,8,126.53,1
58246,13,Computer,3,6,Credit Card,Male,2,4,Laptop & Accessory,3,Divorced,2,0,21,2,5,8,178.09,0
58247,2,Mobile Phone,1,9,COD,Female,3,4,Mobile Phone,4,Single,3,0,16,2,5,11,130.41,0
58248,10,Computer,2,15,E Wallet,Male,4,3,Grocery,2,Single,1,0,15,1,3,3,169.51,0
58249,29,Mobile Phone,2,24,E Wallet,Female,2,2,Fashion,1,Married,3,0,23,2,4,7,201.9,0
58250,19,Mobile Phone,1,13,Debit Card,Female,3,1,Mobile Phone,5,Married,5,0,23,0,1,6,158.12,0
58251,30,Mobile Phone,1,25,Credit Card,Male,2,2,Others,1,Married,4,0,23,1,5,2,214.6,1
58252,46,Mobile Phone,3,13,Debit Card,Male,3,4,Fashion,3,Married,3,1,26,1,4,3,238.35,0
58253,0,Computer,2,10,COD,Female,3,1,Laptop & Accessory,1,Married,3,0,15,0,4,9,109.95,0
58254,11,Mobile Phone,1,18,E Wallet,Male,3,2,Mobile Phone,3,Single,2,0,25,2,3,9,134.5,0
58255,6,Computer,1,12,Debit Card,Male,2,4,Mobile Phone,1,Married,4,0,26,5,9,14,137.89,0
58256,23,Mobile Phone,1,5,Credit Card,Male,4,3,Fashion,1,Divorced,6,0,11,1,2,21,182.14,0
58257,3,Mobile Phone,2,13,Debit Card,Female,4,6,Fashion,4,Divorced,3,0,18,0,1,6,144.17,0
58258,47,Mobile Phone,1,17,Credit Card,Male,5,3,Mobile Phone,4,Married,5,0,21,1,3,6,242.43,0
58259,11,Computer,2,14,Debit Card,Female,3,2,Mobile Phone,4,Married,1,1,22,1,3,3,147.91,0
58260,18,Mobile Phone,1,15,Debit Card,Female,1,3,Laptop & Accessory,2,Married,1,0,21,0,2,23,141.4,0
58261,1,Mobile Phone,1,32,Credit Card,Female,3,1,Laptop & Accessory,1,Single,1,0,17,4,6,9,129.02,1
58262,2,Mobile Phone,1,21,Debit Card,Female,4,2,Fashion,4,Married,3,0,24,1,3,2,127.14,1
58263,17,Mobile Phone,3,10,E Wallet,Female,4,3,Others,2,Married,2,0,25,3,7,10,161.22,0
58264,0,Phone,1,33,Credit Card,Female,1,3,Laptop & Accessory,2,Married,5,1,25,1,5,6,132.07,0
58265,20,Mobile Phone,3,14,Debit Card,Female,4,2,Others,2,Married,4,1,17,1,4,13,195.94,0
58266,0,Computer,1,17,Credit Card,Male,3,3,Mobile Phone,5,Single,3,0,16,2,3,2,113.66,1
58267,12,Computer,2,18,Debit Card,Female,2,4,Grocery,5,Married,1,1,18,1,3,11,131.28,1
58268,5,Mobile Phone,1,33,E Wallet,Male,2,4,Laptop & Accessory,3,Single,2,1,24,0,1,2,116.62,0
58269,11,Mobile Phone,2,6,Debit Card,Female,4,3,Laptop & Accessory,4,Married,4,0,11,1,5,6,130.95,0
58270,14,Computer,3,19,Debit Card,Female,2,2,Mobile Phone,4,Single,2,0,20,1,3,4,157.35,0
58271,5,Mobile Phone,1,18,Debit Card,Female,3,3,Grocery,3,Married,4,0,24,3,6,3,147.21,0
58272,1,Mobile Phone,1,22,Credit Card,Male,3,1,Mobile Phone,1,Single,6,0,17,2,6,5,137.43,1
58273,0,Computer,2,12,COD,Male,2,4,Grocery,4,Divorced,5,0,25,2,3,6,150.07,0
58274,10,Computer,1,17,Credit Card,Female,4,4,Mobile Phone,4,Single,1,0,25,0,1,12,136.12,0
58275,8,Computer,2,15,Debit Card,Male,2,2,Laptop & Accessory,2,Single,5,1,20,1,5,8,127.87,0
58276,16,Computer,1,14,Debit Card,Male,4,3,Others,3,Single,2,0,26,1,3,17,165.27,0
58277,8,Mobile Phone,2,15,Credit Card,Female,3,2,Laptop & Accessory,4,Single,2,0,26,0,1,3,144.59,0
58278,6,Mobile Phone,2,9,Debit Card,Male,1,5,Fashion,4,Single,3,0,21,0,3,2,141.84,0
58279,6,Mobile Phone,1,21,Debit Card,Male,4,4,Grocery,5,Married,2,1,17,2,5,9,184.83,1
58280,0,Computer,2,8,UPI,Male,4,1,Laptop & Accessory,3,Married,3,0,16,3,4,9,150.06,0
58281,4,Phone,2,8,Debit Card,Male,2,5,Mobile Phone,4,Married,5,1,21,0,3,17,170.56,0
58282,44,Mobile Phone,1,8,E Wallet,Female,3,2,Laptop & Accessory,1,Married,4,1,22,3,7,4,254.55,1
58283,24,Mobile Phone,1,28,Debit Card,Male,1,1,Mobile Phone,3,Married,2,0,19,2,3,3,172.19,0
58284,4,Mobile Phone,2,14,Debit Card,Female,4,1,Fashion,2,Married,6,0,22,1,3,7,150.02,0
58285,10,Computer,1,19,E Wallet,Male,5,4,Mobile Phone,2,Married,4,1,22,1,4,2,164.77,1
58286,22,Computer,3,26,E Wallet,Female,3,5,Laptop & Accessory,4,Single,1,0,21,0,1,3,165.45,0
58287,6,Mobile Phone,2,11,Credit Card,Female,2,1,Laptop & Accessory,3,Married,4,0,25,3,6,7,141.82,0
58288,0,Phone,1,19,Debit Card,Male,4,6,Fashion,3,Married,1,1,15,0,3,13,150.11,1
58289,0,Computer,3,22,Credit Card,Female,3,2,Others,4,Single,3,0,24,3,7,5,136.78,0
58290,8,Mobile Phone,1,17,Debit Card,Male,3,3,Laptop & Accessory,3,Married,6,0,22,1,4,2,174.05,0
58291,41,Phone,2,13,COD,Female,2,6,Laptop & Accessory,3,Single,3,0,25,3,4,11,207.7,0
58292,14,Mobile Phone,1,19,Credit Card,Male,3,1,Laptop & Accessory,3,Married,2,0,15,0,2,3,173.63,0
58293,0,Mobile Phone,3,11,COD,Female,3,3,Fashion,5,Single,9,0,24,3,7,6,148.95,0
58294,2,Mobile Phone,3,19,Credit Card,Male,2,3,Fashion,1,Married,5,1,19,0,3,7,139.22,0
58295,17,Computer,2,7,Credit Card,Male,2,3,Mobile Phone,2,Single,2,1,20,4,6,4,174.66,1
58296,22,Computer,1,18,Debit Card,Male,3,2,Laptop & Accessory,5,Married,1,0,24,1,3,7,181.48,0
58297,11,Mobile Phone,1,18,UPI,Female,3,3,Others,5,Married,7,0,23,1,5,6,168.32,0
58298,12,Phone,1,16,Debit Card,Female,2,1,Others,3,Married,1,0,25,0,1,6,153.48,1
58299,0,Mobile Phone,1,11,E Wallet,Female,2,5,Mobile Phone,1,Married,4,0,15,1,4,0,138.88,0
58300,21,Computer,1,8,Credit Card,Male,2,3,Grocery,4,Married,9,0,26,2,3,7,186.51,1
58301,18,Computer,2,7,Credit Card,Male,4,5,Grocery,3,Divorced,2,0,22,5,6,2,195.85,0
58302,3,Mobile Phone,3,26,Credit Card,Male,1,4,Mobile Phone,3,Single,6,1,16,1,3,10,120.43,0
58303,14,Mobile Phone,1,10,E Wallet,Female,4,1,Fashion,5,Single,2,0,13,1,3,0,146.1,0
58304,2,Computer,1,11,Debit Card,Female,3,3,Fashion,1,Divorced,2,0,25,2,4,18,157.39,1
58305,0,Mobile Phone,3,9,Credit Card,Male,3,4,Grocery,2,Single,1,0,16,3,4,7,142.43,0
58306,2,Computer,3,23,Credit Card,Female,4,3,Laptop & Accessory,3,Single,3,0,14,1,2,4,137.71,0
58307,2,Mobile Phone,2,12,Debit Card,Female,2,2,Laptop & Accessory,1,Single,4,0,25,1,4,5,111.92,0
58308,4,Computer,1,17,Credit Card,Female,3,3,Fashion,5,Single,3,1,18,0,1,2,156.13,0
58309,6,Mobile Phone,2,9,COD,Male,3,4,Laptop & Accessory,4,Divorced,3,0,26,3,6,4,160.26,0
58310,8,Mobile Phone,3,17,COD,Male,5,3,Laptop & Accessory,2,Married,3,0,26,5,6,7,165.51,1
58311,7,Mobile Phone,1,11,Debit Card,Female,1,3,Mobile Phone,2,Single,3,1,11,1,3,2,188.19,0
58312,3,Computer,2,21,UPI,Female,3,1,Laptop & Accessory,2,Married,2,1,21,1,2,13,177.81,1
58313,0,Mobile Phone,2,23,UPI,Female,5,5,Grocery,5,Married,3,0,26,4,5,6,143.25,1
58314,11,Mobile Phone,1,11,Debit Card,Female,2,2,Mobile Phone,2,Single,5,0,13,2,5,4,129.32,1
58315,6,Phone,3,19,Credit Card,Male,5,4,Fashion,2,Single,1,1,13,2,4,6,142.41,1
58316,4,Computer,2,28,UPI,Female,4,3,Laptop & Accessory,4,Married,9,1,26,2,4,2,136.5,0
58317,24,Mobile Phone,2,11,Credit Card,Male,2,3,Mobile Phone,3,Married,8,0,13,1,2,6,184.11,0
58318,16,Phone,2,44,Credit Card,Male,1,3,Grocery,3,Married,2,0,23,0,1,7,175.57,1
58319,23,Computer,1,11,E Wallet,Male,2,1,Others,3,Married,2,0,19,1,3,23,192.33,1
58320,8,Mobile Phone,2,17,Debit Card,Female,2,2,Fashion,5,Divorced,3,0,23,0,3,7,160.36,0
58321,1,Mobile Phone,3,36,Debit Card,Female,3,5,Laptop & Accessory,3,Divorced,5,0,17,3,7,4,157.87,0
58322,14,Computer,3,15,UPI,Female,4,2,Mobile Phone,1,Divorced,1,0,20,3,5,14,179.84,0
58323,2,Computer,1,14,Debit Card,Female,3,3,Laptop & Accessory,4,Single,2,0,15,1,5,2,158.85,0
58324,6,Mobile Phone,1,22,UPI,Male,3,5,Mobile Phone,5,Divorced,4,1,17,3,5,10,177.81,1
58325,0,Mobile Phone,3,21,Debit Card,Male,2,1,Fashion,1,Divorced,1,0,20,1,3,10,121.45,0
58326,20,Mobile Phone,2,13,Credit Card,Female,3,1,Mobile Phone,3,Married,5,1,11,3,6,4,189.61,0
58327,1,Computer,3,7,Credit Card,Female,3,5,Grocery,3,Married,5,1,25,0,2,0,117.91,0
58328,28,Mobile Phone,1,15,E Wallet,Female,4,4,Laptop & Accessory,3,Married,1,0,22,3,6,8,212.11,0
58329,23,Mobile Phone,1,16,UPI,Female,3,3,Mobile Phone,2,Divorced,2,0,25,1,4,5,193.73,0
58330,7,Computer,1,22,UPI,Male,4,3,Fashion,4,Married,3,0,21,2,4,3,148.56,0
58331,16,Computer,3,18,Credit Card,Female,4,5,Others,1,Married,3,0,11,1,3,4,147.28,0
58332,11,Mobile Phone,3,13,Credit Card,Male,2,1,Laptop & Accessory,1,Single,3,0,13,1,2,6,141.14,0
58333,19,Mobile Phone,2,17,Credit Card,Female,2,2,Grocery,3,Married,1,1,24,1,5,9,180.79,0
58334,6,Mobile Phone,1,8,Debit Card,Male,1,2,Fashion,2,Single,1,1,25,1,3,2,135.01,0
58335,18,Mobile Phone,1,16,Debit Card,Male,2,2,Laptop & Accessory,5,Married,5,0,21,2,4,3,161.27,0
58336,7,Phone,2,17,Credit Card,Female,1,3,Fashion,2,Single,4,0,14,2,6,2,151.71,1
58337,33,Computer,2,13,Credit Card,Female,3,3,Laptop & Accessory,4,Married,1,0,11,1,4,3,252.04,0
58338,7,Mobile Phone,2,19,Debit Card,Male,2,5,Fashion,5,Single,1,1,23,1,2,3,143.35,0
58339,7,Mobile Phone,1,31,Debit Card,Female,3,3,Laptop & Accessory,2,Single,5,0,23,3,6,10,138.82,1
58340,18,Mobile Phone,2,15,Credit Card,Male,2,5,Mobile Phone,5,Married,2,1,23,0,3,7,190.91,0
58341,20,Computer,1,21,Debit Card,Male,3,4,Fashion,2,Married,2,1,25,1,3,2,154.12,0
58342,9,Mobile Phone,2,27,Debit Card,Male,5,4,Fashion,3,Married,7,0,19,1,4,1,162.95,1
58343,2,Computer,2,10,Credit Card,Male,3,2,Fashion,1,Single,5,1,16,1,3,33,122.38,1
58344,7,Computer,3,9,Debit Card,Female,3,3,Grocery,2,Divorced,2,1,18,1,5,10,178.32,1
58345,41,Mobile Phone,2,12,Debit Card,Female,4,1,Laptop & Accessory,1,Married,4,0,18,2,6,21,262.55,0
58346,16,Computer,1,28,Credit Card,Female,1,3,Mobile Phone,1,Married,3,0,23,3,4,7,178.58,1
58347,20,Computer,1,15,Credit Card,Male,2,4,Others,5,Divorced,2,0,11,3,4,4,198.17,0
58348,0,Computer,3,14,COD,Male,5,4,Fashion,4,Married,1,0,16,4,7,4,134.56,1
58349,7,Phone,1,11,Debit Card,Male,4,4,Mobile Phone,2,Married,4,0,15,0,2,7,172.34,0
58350,12,Mobile Phone,1,9,E Wallet,Female,1,2,Laptop & Accessory,4,Single,5,0,25,3,4,4,189.08,0
58351,21,Mobile Phone,3,11,Credit Card,Male,2,2,Fashion,3,Single,4,0,20,3,6,16,188.52,0
58352,0,Computer,2,13,Debit Card,Female,3,3,Laptop & Accessory,5,Married,7,0,18,3,6,9,125.81,0
58353,22,Computer,2,12,Credit Card,Female,4,3,Grocery,2,Married,1,0,16,2,5,6,159.21,1
58354,9,Phone,1,13,Credit Card,Female,3,2,Laptop & Accessory,3,Single,7,0,15,2,6,0,168.3,1
58355,2,Mobile Phone,3,26,Credit Card,Female,1,4,Fashion,1,Single,5,0,25,2,4,11,122.4,0
58356,4,Computer,1,12,E Wallet,Male,3,3,Grocery,4,Single,1,0,13,1,3,14,152.71,1
58357,3,Mobile Phone,1,9,UPI,Male,2,4,Fashion,3,Married,1,0,18,0,4,12,145.7,1
58358,9,Mobile Phone,1,20,Debit Card,Female,2,3,Mobile Phone,3,Married,1,1,16,2,6,8,132.28,0
58359,0,Mobile Phone,1,13,Debit Card,Female,2,2,Laptop & Accessory,4,Married,1,0,24,3,4,2,145.71,0
58360,2,Mobile Phone,3,13,Credit Card,Female,3,2,Fashion,3,Single,5,0,26,1,3,2,118.77,0
58361,20,Mobile Phone,2,11,Credit Card,Male,3,4,Others,2,Married,2,1,21,0,1,10,171.66,0
58362,1,Computer,2,15,UPI,Male,4,4,Laptop & Accessory,2,Single,3,0,22,2,3,5,146.76,1
58363,3,Mobile Phone,3,28,COD,Male,3,3,Laptop & Accessory,4,Single,2,0,22,2,4,6,168.98,0
58364,7,Mobile Phone,1,26,Debit Card,Male,3,2,Mobile Phone,5,Married,3,1,15,0,4,9,166.73,0
58365,8,Mobile Phone,1,18,E Wallet,Female,4,2,Fashion,3,Divorced,2,0,17,3,4,6,158.04,1
58366,17,Mobile Phone,2,12,E Wallet,Male,2,3,Mobile Phone,2,Single,5,0,20,4,6,6,170.54,1
58367,7,Phone,2,19,E Wallet,Male,2,1,Fashion,1,Divorced,3,0,25,1,5,11,159.74,1
58368,18,Mobile Phone,2,31,Debit Card,Male,1,1,Mobile Phone,3,Divorced,3,0,14,2,5,10,194.74,0
58369,11,Mobile Phone,1,19,Debit Card,Female,2,5,Mobile Phone,4,Married,2,0,26,1,2,12,144.77,0
58370,1,Computer,2,17,Credit Card,Female,2,4,Fashion,3,Married,2,0,11,2,4,16,121.08,1
58371,2,Computer,1,9,E Wallet,Male,4,4,Laptop & Accessory,2,Married,4,0,26,2,5,4,127.03,0
58372,6,Computer,1,19,COD,Male,2,3,Laptop & Accessory,3,Single,2,0,21,2,5,5,148.24,0
58373,6,Computer,1,21,E Wallet,Male,1,3,Laptop & Accessory,3,Divorced,3,0,13,6,10,4,168.45,1
58374,16,Phone,1,16,Credit Card,Male,3,1,Grocery,2,Married,9,0,11,2,6,4,176.79,0
58375,10,Mobile Phone,1,7,COD,Male,2,3,Fashion,3,Married,2,0,15,2,3,3,156.78,1
58376,5,Phone,1,22,Credit Card,Male,2,4,Grocery,5,Married,2,0,11,0,2,5,119.69,0
58377,2,Computer,3,18,Debit Card,Male,2,2,Laptop & Accessory,4,Divorced,2,0,22,1,5,8,134.56,0
58378,3,Computer,3,17,E Wallet,Male,4,3,Mobile Phone,5,Single,1,0,26,0,2,18,133.44,0
58379,10,Computer,2,18,Debit Card,Male,1,5,Mobile Phone,5,Married,7,0,26,2,3,5,147.61,0
58380,6,Computer,3,10,COD,Male,2,4,Fashion,2,Married,4,0,25,5,6,8,152.29,1
58381,8,Mobile Phone,3,12,Credit Card,Male,4,4,Grocery,5,Married,3,0,16,1,4,1,133.48,0
58382,2,Mobile Phone,1,16,Debit Card,Male,2,1,Laptop & Accessory,3,Single,1,0,26,1,4,3,124.28,1
58383,13,Phone,2,13,Debit Card,Male,3,2,Fashion,5,Single,5,1,23,0,3,8,128.68,0
58384,22,Mobile Phone,3,15,E Wallet,Female,1,2,Laptop & Accessory,2,Single,1,1,21,3,6,13,181.69,1
58385,3,Mobile Phone,2,11,Credit Card,Male,4,2,Grocery,2,Single,1,0,18,1,4,8,153.58,1
58386,8,Computer,1,14,Credit Card,Female,3,2,Others,3,Single,1,0,14,0,4,10,143.96,1
58387,44,Mobile Phone,2,34,E Wallet,Female,2,2,Grocery,1,Single,1,1,12,4,8,5,262.47,0
58388,4,Mobile Phone,1,16,Debit Card,Female,4,3,Laptop & Accessory,3,Married,3,1,20,6,8,1,143.26,1
58389,10,Computer,1,13,Debit Card,Male,3,1,Mobile Phone,5,Single,1,0,16,1,2,12,185.59,0
58390,1,Computer,1,9,E Wallet,Male,4,3,Laptop & Accessory,4,Single,3,1,25,1,2,7,135.37,0
58391,11,Mobile Phone,1,19,Debit Card,Female,4,3,Grocery,2,Married,4,1,21,2,6,5,205.32,0
58392,1,Phone,1,15,COD,Female,3,1,Laptop & Accessory,2,Married,3,0,18,3,5,18,139.9,0
58393,38,Mobile Phone,3,17,Debit Card,Male,3,3,Others,5,Married,3,0,13,2,3,4,229.47,0
58394,15,Mobile Phone,1,11,Credit Card,Male,2,1,Fashion,1,Married,2,0,11,2,5,9,178.43,0
58395,18,Mobile Phone,1,14,Debit Card,Male,1,3,Fashion,3,Married,4,0,22,2,6,22,161.78,0
58396,14,Computer,1,14,Debit Card,Male,2,6,Mobile Phone,5,Single,9,0,25,3,7,9,192.48,0
58397,10,Mobile Phone,2,18,UPI,Female,2,1,Fashion,4,Married,2,0,17,3,4,6,171.95,0
58398,7,Mobile Phone,3,34,Credit Card,Female,5,2,Mobile Phone,5,Married,3,0,11,3,7,18,183.87,0
58399,23,Computer,1,17,Credit Card,Male,4,2,Fashion,5,Married,8,0,12,3,6,20,193.37,0
58400,37,Mobile Phone,1,19,Debit Card,Male,2,3,Mobile Phone,4,Single,1,0,26,3,6,13,233.66,0
58401,8,Computer,2,10,Debit Card,Female,2,4,Others,3,Married,2,0,17,4,6,0,159.42,0
58402,32,Computer,2,8,Credit Card,Female,3,5,Others,3,Married,1,0,24,2,5,7,231.1,0
58403,10,Phone,1,18,E Wallet,Male,2,4,Fashion,4,Single,3,1,19,1,3,0,135.4,0
58404,9,Computer,1,12,Debit Card,Female,3,3,Fashion,2,Married,1,0,21,0,1,9,129.66,0
58405,7,Mobile Phone,2,15,Credit Card,Female,3,4,Fashion,3,Married,2,0,13,1,5,7,171.98,0
58406,2,Mobile Phone,1,10,E Wallet,Female,3,2,Fashion,4,Single,2,1,16,2,5,1,140.74,1
58407,0,Computer,3,11,E Wallet,Female,3,2,Others,2,Divorced,1,1,14,0,3,10,106.21,0
58408,3,Computer,1,43,Debit Card,Male,1,3,Grocery,4,Single,2,0,17,1,2,10,129.16,0
58409,8,Mobile Phone,1,22,Credit Card,Male,1,1,Fashion,1,Single,2,0,22,0,1,3,143.8,0
58410,5,Computer,3,16,UPI,Female,2,4,Laptop & Accessory,3,Married,2,0,11,5,8,2,155.46,0
58411,7,Mobile Phone,3,13,E Wallet,Female,3,2,Mobile Phone,1,Married,10,0,26,3,4,20,148.81,0
58412,47,Phone,1,43,Debit Card,Female,2,1,Mobile Phone,4,Single,10,0,19,4,7,6,268.61,0
58413,5,Phone,3,14,Credit Card,Male,4,1,Mobile Phone,2,Divorced,1,0,15,1,3,7,129.41,0
58414,7,Phone,2,18,COD,Male,1,5,Grocery,5,Married,4,1,15,0,4,7,158.45,1
58415,1,Computer,1,27,Credit Card,Female,3,5,Fashion,4,Single,5,1,17,2,5,11,139.13,0
58416,0,Phone,2,11,E Wallet,Male,1,5,Fashion,2,Married,3,1,26,1,4,4,111.84,0
58417,17,Mobile Phone,1,26,Debit Card,Male,5,5,Laptop & Accessory,3,Single,4,0,25,4,5,7,167.94,0
58418,10,Computer,1,25,UPI,Male,2,4,Laptop & Accessory,3,Single,2,0,20,4,5,3,168.74,0
58419,17,Computer,1,8,E Wallet,Male,3,2,Others,4,Single,3,0,17,4,6,11,176.63,0
58420,1,Phone,2,18,Debit Card,Female,5,2,Laptop & Accessory,4,Married,3,0,18,5,9,3,148.74,0
58421,10,Computer,3,14,Credit Card,Female,1,3,Fashion,4,Single,2,1,22,1,2,0,152.8,0
58422,3,Mobile Phone,1,11,Debit Card,Male,3,4,Mobile Phone,4,Divorced,1,0,21,2,6,3,147.93,0
58423,3,Computer,1,16,E Wallet,Male,3,5,Mobile Phone,3,Single,2,0,24,1,5,7,163.9,1
58424,0,Computer,2,24,E Wallet,Male,2,3,Fashion,3,Divorced,5,0,13,0,4,5,151.64,1
58425,1,Mobile Phone,2,18,Credit Card,Male,3,2,Others,3,Single,6,0,25,2,3,2,111.32,0
58426,4,Mobile Phone,3,8,Credit Card,Male,3,2,Laptop & Accessory,2,Married,5,0,22,2,4,1,150.19,1
58427,1,Computer,1,17,Credit Card,Male,2,2,Mobile Phone,3,Married,2,0,12,3,7,4,150.74,0
58428,51,Mobile Phone,2,13,Debit Card,Female,3,1,Laptop & Accessory,3,Single,5,1,25,4,6,6,260.99,0
58429,4,Mobile Phone,1,17,Credit Card,Male,3,2,Fashion,2,Single,1,0,26,0,1,6,114.82,0
58430,1,Mobile Phone,3,24,Debit Card,Female,3,2,Fashion,2,Single,5,0,18,2,6,13,143.25,0
58431,2,Phone,1,25,Debit Card,Male,5,4,Mobile Phone,5,Single,2,1,24,0,2,7,120.12,1
58432,10,Computer,1,12,COD,Female,3,3,Laptop & Accessory,3,Married,4,0,14,3,7,2,132.21,1
58433,0,Mobile Phone,2,10,Debit Card,Male,4,2,Mobile Phone,1,Married,4,0,20,1,5,14,183.73,1
58434,23,Computer,3,15,Credit Card,Female,4,3,Fashion,4,Divorced,1,1,11,1,5,3,187.53,0
58435,39,Computer,2,17,UPI,Female,3,4,Grocery,4,Single,2,0,12,2,4,3,201.64,0
58436,3,Mobile Phone,3,11,Credit Card,Male,4,3,Mobile Phone,3,Single,3,0,12,0,2,7,120.86,0
58437,7,Mobile Phone,1,29,Credit Card,Female,2,1,Laptop & Accessory,4,Married,3,1,16,1,3,10,153.03,0
58438,0,Computer,2,15,Debit Card,Male,2,2,Fashion,5,Married,5,0,17,2,6,13,130.07,0
58439,12,Mobile Phone,2,36,Debit Card,Male,3,2,Fashion,2,Married,3,0,26,2,5,9,178.84,1
58440,6,Computer,2,14,Credit Card,Female,4,3,Others,3,Single,2,0,19,2,5,1,182.7,0
58441,3,Mobile Phone,3,17,Credit Card,Female,1,1,Laptop & Accessory,4,Divorced,4,0,13,1,5,17,165.35,1
58442,2,Mobile Phone,3,10,Debit Card,Male,4,4,Grocery,1,Married,7,0,21,3,7,3,162.53,0
58443,12,Phone,2,22,Credit Card,Male,1,3,Fashion,4,Married,4,1,23,2,4,5,145.63,0
58444,6,Mobile Phone,2,21,UPI,Male,3,4,Grocery,4,Single,3,0,24,1,2,2,156.29,0
58445,2,Computer,3,10,Debit Card,Male,3,3,Laptop & Accessory,3,Single,5,1,23,0,4,9,151.18,1
58446,14,Mobile Phone,1,17,Debit Card,Female,3,6,Grocery,4,Single,3,0,21,0,3,13,165.97,0
58447,9,Mobile Phone,3,19,Debit Card,Female,2,4,Mobile Phone,4,Married,1,0,15,1,4,1,132.95,0
58448,23,Mobile Phone,3,20,E Wallet,Female,2,4,Fashion,2,Married,1,1,19,3,4,1,171.74,0
58449,1,Mobile Phone,2,31,E Wallet,Female,5,5,Laptop & Accessory,1,Single,2,0,17,1,5,0,142.83,1
58450,18,Mobile Phone,3,39,Debit Card,Female,3,3,Mobile Phone,5,Married,4,0,16,0,3,3,162.39,0
58451,13,Mobile Phone,1,17,UPI,Male,2,3,Mobile Phone,3,Single,4,0,18,2,3,5,154.22,0
58452,1,Computer,1,24,E Wallet,Male,1,5,Fashion,4,Married,3,0,16,2,4,5,129.78,1
58453,14,Computer,2,12,Credit Card,Female,2,3,Mobile Phone,3,Married,2,0,17,0,1,6,153.29,0
58454,6,Mobile Phone,1,33,Debit Card,Male,3,1,Laptop & Accessory,4,Married,4,0,23,0,3,9,153.14,0
58455,34,Computer,2,14,Credit Card,Female,4,3,Others,2,Single,7,0,25,0,1,6,208.18,0
58456,1,Mobile Phone,3,19,COD,Female,5,5,Others,2,Single,2,0,11,2,6,4,135.89,0
58457,12,Mobile Phone,1,15,COD,Female,4,4,Laptop & Accessory,5,Single,3,0,26,0,3,4,147.67,0
58458,5,Computer,1,26,E Wallet,Male,3,4,Mobile Phone,1,Married,5,0,15,1,3,20,126.78,0
58459,37,Mobile Phone,2,8,Credit Card,Male,3,1,Grocery,3,Married,2,0,18,3,6,19,229.42,0
58460,4,Mobile Phone,1,12,Debit Card,Female,3,4,Fashion,2,Married,2,0,18,1,3,10,126.41,0
58461,39,Mobile Phone,2,19,COD,Male,3,1,Others,3,Single,5,1,25,2,5,12,236.98,0
58462,27,Computer,2,29,E Wallet,Female,4,5,Others,3,Married,7,1,16,2,3,1,184.25,0
58463,3,Computer,1,8,Credit Card,Female,2,5,Grocery,4,Divorced,4,1,15,3,4,5,148.0,1
58464,19,Mobile Phone,1,18,UPI,Female,2,6,Fashion,2,Divorced,3,0,25,1,4,5,173.18,0
58465,61,Mobile Phone,3,12,Debit Card,Female,5,2,Mobile Phone,3,Married,3,0,18,1,4,13,278.05,0
58466,3,Computer,1,9,Debit Card,Male,3,3,Mobile Phone,2,Single,4,0,13,1,3,13,124.83,0
58467,6,Computer,2,19,E Wallet,Male,3,3,Fashion,1,Divorced,7,0,19,1,3,8,131.13,0
58468,8,Mobile Phone,3,32,Credit Card,Female,4,3,Laptop & Accessory,2,Married,2,0,21,2,6,6,160.24,0
58469,4,Mobile Phone,3,16,Credit Card,Female,4,3,Fashion,5,Married,2,0,20,1,5,6,160.28,0
58470,0,Mobile Phone,1,22,Credit Card,Male,2,6,Grocery,3,Divorced,8,0,24,1,5,13,165.94,1
58471,2,Mobile Phone,2,11,Debit Card,Female,3,4,Laptop & Accessory,3,Single,3,0,16,3,7,6,147.42,1
58472,3,Computer,3,8,Credit Card,Male,2,3,Grocery,4,Married,1,0,22,0,3,8,137.43,0
58473,7,Mobile Phone,2,11,Credit Card,Male,1,3,Grocery,5,Married,5,0,22,2,6,5,147.6,0
58474,2,Mobile Phone,3,17,Debit Card,Female,5,4,Laptop & Accessory,1,Single,1,0,21,3,7,2,154.3,0
58475,24,Phone,2,14,Credit Card,Female,3,3,Others,1,Single,3,1,14,1,3,9,196.5,0
58476,14,Computer,1,9,Credit Card,Female,4,4,Mobile Phone,3,Married,4,0,25,2,4,2,156.98,0
58477,1,Computer,2,10,COD,Male,4,4,Mobile Phone,2,Single,5,1,20,0,1,6,131.54,1
58478,12,Mobile Phone,2,21,Debit Card,Female,3,5,Fashion,3,Married,1,0,14,3,5,2,142.6,0
58479,12,Computer,2,28,Credit Card,Male,4,4,Laptop & Accessory,3,Married,4,0,19,4,6,13,181.12,0
58480,37,Computer,1,18,COD,Male,4,2,Fashion,3,Married,5,0,19,1,4,12,224.87,0
58481,0,Mobile Phone,1,16,Debit Card,Male,2,3,Grocery,4,Divorced,3,0,15,3,7,2,128.75,0
58482,3,Phone,3,12,E Wallet,Male,3,3,Mobile Phone,1,Married,2,0,26,5,8,3,149.63,0
58483,31,Computer,1,6,Debit Card,Male,2,2,Laptop & Accessory,3,Single,4,0,23,0,4,6,212.25,0
58484,32,Computer,1,25,UPI,Female,2,3,Others,4,Married,6,0,24,2,3,3,232.75,0
58485,15,Mobile Phone,3,15,Credit Card,Male,1,5,Mobile Phone,5,Married,6,0,24,4,6,5,197.99,0
58486,17,Mobile Phone,2,40,COD,Male,3,2,Fashion,1,Married,4,1,12,1,2,10,169.89,1
58487,1,Mobile Phone,1,14,Debit Card,Female,2,2,Grocery,1,Single,2,1,15,0,1,2,139.98,1
58488,8,Mobile Phone,2,16,E Wallet,Male,1,5,Fashion,2,Single,2,1,20,2,5,6,118.3,1
58489,3,Computer,2,15,E Wallet,Female,3,1,Mobile Phone,2,Single,2,0,24,2,5,8,151.38,0
58490,2,Mobile Phone,2,11,E Wallet,Male,3,4,Laptop & Accessory,4,Single,1,1,12,2,3,11,138.04,1
58491,19,Computer,3,24,Debit Card,Male,2,2,Mobile Phone,2,Married,2,1,19,1,4,2,177.84,0
58492,1,Mobile Phone,1,10,Debit Card,Female,5,3,Laptop & Accessory,2,Married,2,0,12,1,2,10,108.19,0
58493,7,Mobile Phone,2,15,Credit Card,Male,4,3,Mobile Phone,5,Married,1,0,11,2,5,19,167.9,0
58494,33,Computer,1,11,Credit Card,Female,4,3,Mobile Phone,3,Single,3,0,15,3,6,5,218.19,0
58495,2,Mobile Phone,1,13,E Wallet,Female,1,5,Grocery,4,Single,2,0,22,2,4,2,132.76,1
58496,45,Computer,3,19,Debit Card,Male,5,1,Fashion,2,Divorced,10,0,12,2,6,10,243.13,0
58497,61,Phone,1,37,E Wallet,Male,5,4,Laptop & Accessory,3,Single,2,0,16,2,3,4,281.21,0
58498,9,Mobile Phone,2,25,Credit Card,Female,3,4,Mobile Phone,5,Married,3,0,21,6,8,7,175.46,0
58499,2,Mobile Phone,1,18,Debit Card,Male,5,3,Fashion,4,Married,7,0,26,1,4,10,127.03,1
58500,4,Mobile Phone,1,18,Debit Card,Female,3,5,Fashion,1,Single,4,0,26,1,3,3,146.16,0
58501,6,Computer,2,7,Debit Card,Female,2,3,Mobile Phone,1,Married,5,0,14,0,3,4,142.58,1
58502,4,Mobile Phone,2,28,Credit Card,Female,4,4,Others,1,Single,6,0,21,4,5,16,156.12,0
58503,3,Computer,1,20,Credit Card,Male,3,3,Fashion,5,Married,5,0,26,2,3,7,156.24,0
58504,43,Mobile Phone,3,21,Credit Card,Female,2,1,Laptop & Accessory,3,Single,5,1,20,2,4,13,238.49,0
58505,1,Computer,1,6,COD,Female,2,3,Others,1,Married,6,0,15,2,6,4,155.71,0
58506,15,Computer,1,17,Debit Card,Male,3,2,Mobile Phone,4,Single,3,0,20,0,3,2,188.85,0
58507,0,Mobile Phone,1,11,E Wallet,Female,3,3,Fashion,2,Married,1,0,18,4,8,7,158.36,1
58508,10,Mobile Phone,1,16,E Wallet,Female,4,4,Grocery,4,Married,5,0,21,4,6,4,160.83,1
58509,29,Mobile Phone,1,14,Debit Card,Male,3,3,Laptop & Accessory,5,Divorced,5,0,17,3,7,6,211.6,0
58510,4,Mobile Phone,3,18,COD,Female,3,3,Mobile Phone,4,Married,3,1,17,0,2,10,134.54,0
58511,2,Mobile Phone,2,16,COD,Female,3,3,Grocery,4,Married,4,0,14,0,2,10,104.68,0
58512,12,Mobile Phone,1,10,Credit Card,Male,3,3,Fashion,4,Divorced,6,0,19,0,1,18,150.56,0
58513,14,Phone,3,21,Credit Card,Male,3,3,Mobile Phone,1,Married,3,1,19,0,2,8,154.09,1
58514,13,Phone,1,12,UPI,Male,3,3,Fashion,3,Married,3,1,22,2,6,2,163.36,0
58515,4,Computer,1,21,Credit Card,Female,5,4,Laptop & Accessory,5,Married,6,0,12,2,4,3,132.09,0
58516,3,Mobile Phone,1,11,E Wallet,Male,3,4,Laptop & Accessory,1,Single,3,0,15,1,3,8,140.27,0
58517,37,Computer,1,12,Debit Card,Male,3,3,Laptop & Accessory,5,Married,5,1,23,1,2,3,194.21,0
58518,30,Mobile Phone,2,15,Debit Card,Male,4,1,Fashion,2,Divorced,5,0,14,1,5,11,201.8,1
58519,7,Mobile Phone,1,15,Debit Card,Female,4,3,Fashion,3,Divorced,2,1,26,2,3,5,138.41,0
58520,22,Mobile Phone,2,15,Credit Card,Male,2,3,Others,2,Single,10,1,22,2,3,14,186.49,0
58521,7,Mobile Phone,2,11,UPI,Male,3,3,Fashion,5,Divorced,5,0,17,2,6,2,171.46,0
58522,6,Mobile Phone,3,39,Credit Card,Male,4,3,Mobile Phone,3,Single,4,0,13,3,4,1,171.94,1
58523,2,Mobile Phone,3,12,Credit Card,Male,5,4,Grocery,1,Single,2,0,12,2,6,4,140.76,1
58524,6,Phone,1,10,Credit Card,Male,2,3,Laptop & Accessory,4,Single,1,1,26,4,8,4,151.67,1
58525,9,Mobile Phone,1,10,Debit Card,Male,3,4,Laptop & Accessory,3,Married,2,0,21,2,5,18,145.0,0
58526,0,Phone,2,11,E Wallet,Male,2,3,Laptop & Accessory,5,Single,1,0,20,3,7,3,161.1,1
58527,7,Mobile Phone,1,9,Credit Card,Female,4,4,Laptop & Accessory,3,Single,5,0,19,1,4,6,146.85,0
58528,18,Mobile Phone,1,19,COD,Female,4,4,Laptop & Accessory,5,Single,4,0,24,0,1,8,136.58,0
58529,13,Mobile Phone,2,12,Credit Card,Male,3,2,Mobile Phone,1,Married,2,1,13,3,4,7,183.44,0
58530,12,Computer,1,18,Credit Card,Male,3,4,Mobile Phone,5,Single,2,1,21,2,5,3,136.35,0
58531,28,Mobile Phone,3,12,COD,Female,4,4,Fashion,3,Married,2,0,25,2,4,13,220.68,0
58532,0,Mobile Phone,1,18,Debit Card,Male,3,3,Mobile Phone,3,Married,2,0,24,1,2,11,126.2,0
58533,9,Mobile Phone,3,29,Debit Card,Female,2,3,Others,1,Married,3,0,15,3,6,5,134.09,1
58534,18,Mobile Phone,3,9,Credit Card,Female,3,2,Mobile Phone,2,Married,1,1,12,0,1,3,174.35,0
58535,9,Computer,1,25,Credit Card,Male,2,3,Grocery,2,Single,1,0,22,4,6,5,157.44,1
58536,4,Mobile Phone,2,25,Credit Card,Male,3,3,Grocery,4,Single,2,0,13,1,5,12,118.2,0
58537,1,Mobile Phone,2,21,Debit Card,Male,2,4,Laptop & Accessory,4,Single,3,0,14,2,6,14,127.84,1
58538,26,Computer,2,11,COD,Female,1,3,Mobile Phone,5,Married,4,0,25,0,3,0,167.69,0
58539,7,Mobile Phone,2,8,E Wallet,Female,2,2,Grocery,5,Single,4,1,17,4,5,3,125.45,1
58540,25,Computer,2,10,Debit Card,Male,3,2,Others,4,Married,3,0,23,3,6,3,180.01,0
58541,10,Computer,1,26,Debit Card,Male,5,3,Fashion,4,Married,7,0,11,3,7,2,186.28,0
58542,13,Phone,1,24,UPI,Female,2,3,Others,5,Married,4,0,18,2,3,14,181.44,0
58543,19,Mobile Phone,3,14,Credit Card,Female,5,3,Fashion,1,Married,3,0,19,1,5,4,138.12,0
58544,12,Computer,1,18,Credit Card,Male,2,2,Laptop & Accessory,1,Married,3,0,24,3,4,12,138.96,1
58545,6,Mobile Phone,1,22,Debit Card,Female,5,4,Fashion,4,Married,3,0,13,1,4,4,142.98,0
58546,8,Computer,1,16,Debit Card,Female,5,2,Fashion,2,Single,2,1,17,1,3,5,147.93,1
58547,19,Mobile Phone,3,9,Credit Card,Male,2,4,Fashion,3,Single,5,0,16,1,4,2,172.46,0
58548,5,Mobile Phone,2,14,E Wallet,Male,4,4,Laptop & Accessory,3,Divorced,3,1,13,3,4,4,135.32,1
58549,5,Computer,3,12,Debit Card,Female,3,4,Laptop & Accessory,5,Divorced,3,0,23,1,2,0,155.46,0
58550,1,Mobile Phone,3,13,COD,Female,3,6,Fashion,5,Single,2,1,13,4,6,4,109.39,0
58551,29,Computer,3,17,Debit Card,Female,4,2,Mobile Phone,4,Single,2,1,13,1,3,3,198.78,1
58552,1,Computer,2,15,E Wallet,Male,2,3,Laptop & Accessory,3,Married,6,0,19,1,3,22,112.07,0
58553,12,Mobile Phone,1,8,Credit Card,Male,4,3,Fashion,4,Married,1,0,20,2,6,7,182.86,0
58554,6,Mobile Phone,1,29,UPI,Male,2,1,Laptop & Accessory,2,Single,2,0,19,3,5,1,140.57,0
58555,6,Mobile Phone,2,11,COD,Male,3,3,Laptop & Accessory,4,Single,3,1,25,2,5,14,133.02,1
58556,13,Phone,1,11,Debit Card,Female,3,3,Others,3,Married,2,1,20,1,4,18,195.67,0
58557,0,Mobile Phone,2,8,Credit Card,Male,3,2,Mobile Phone,2,Divorced,2,0,23,1,4,0,140.21,1
58558,10,Computer,2,20,Debit Card,Female,3,4,Laptop & Accessory,3,Single,10,1,20,0,2,0,164.17,0
58559,17,Computer,2,9,E Wallet,Female,4,2,Laptop & Accessory,4,Married,3,0,24,5,7,4,177.24,0
58560,21,Phone,1,15,UPI,Male,4,4,Others,4,Married,3,1,20,0,1,10,161.8,0
58561,2,Computer,1,23,Credit Card,Female,3,1,Mobile Phone,1,Single,2,1,25,1,5,4,147.94,1
58562,27,Computer,3,51,Credit Card,Female,2,1,Fashion,4,Married,4,0,25,1,3,3,196.93,0
58563,12,Mobile Phone,1,19,Debit Card,Female,2,6,Mobile Phone,4,Divorced,4,0,16,4,5,7,138.32,0
58564,25,Mobile Phone,2,16,Credit Card,Female,4,2,Laptop & Accessory,2,Single,3,0,12,2,6,6,213.87,0
58565,7,Mobile Phone,2,36,Credit Card,Female,5,4,Grocery,1,Single,1,0,14,2,4,5,143.39,0
58566,9,Computer,3,12,Debit Card,Male,2,3,Others,1,Divorced,1,0,20,3,6,16,147.03,1
58567,30,Computer,3,26,Credit Card,Male,3,3,Others,1,Single,3,0,17,1,4,2,207.33,1
58568,27,Computer,2,13,COD,Male,4,1,Laptop & Accessory,1,Divorced,4,1,24,2,3,11,204.27,0
58569,7,Computer,2,49,Credit Card,Female,3,2,Laptop & Accessory,4,Married,1,1,16,1,2,0,142.7,0
58570,3,Mobile Phone,1,31,Debit Card,Female,4,5,Grocery,4,Single,5,0,26,1,2,7,158.83,1
58571,5,Mobile Phone,1,11,Credit Card,Female,1,5,Laptop & Accessory,5,Single,5,0,16,3,5,0,144.83,0
58572,5,Mobile Phone,3,23,COD,Female,4,3,Fashion,3,Married,2,0,18,0,3,6,122.23,0
58573,4,Mobile Phone,2,13,E Wallet,Female,1,3,Fashion,4,Single,2,1,25,2,6,0,146.44,1
58574,3,Computer,2,19,Debit Card,Male,3,3,Fashion,3,Married,1,1,20,1,3,12,111.02,0
58575,23,Mobile Phone,1,19,E Wallet,Female,2,4,Laptop & Accessory,3,Married,1,1,16,5,9,8,216.13,1
58576,0,Computer,3,6,E Wallet,Female,4,4,Mobile Phone,3,Divorced,2,1,17,2,6,3,121.6,0
58577,13,Computer,1,23,COD,Male,2,4,Mobile Phone,3,Divorced,2,0,17,1,2,9,159.27,0
58578,2,Mobile Phone,3,8,UPI,Male,2,3,Laptop & Accessory,2,Divorced,5,0,17,2,3,7,133.65,0
58579,5,Mobile Phone,2,21,Debit Card,Male,4,3,Others,3,Married,2,1,11,1,4,15,126.29,0
58580,0,Mobile Phone,1,20,Credit Card,Male,3,2,Grocery,2,Married,4,1,20,2,6,16,150.7,1
58581,3,Mobile Phone,1,19,E Wallet,Female,4,6,Laptop & Accessory,1,Single,2,0,21,4,5,21,126.05,0
58582,17,Computer,1,16,COD,Female,3,5,Fashion,4,Married,3,0,26,3,6,8,194.89,0
58583,25,Mobile Phone,3,21,Debit Card,Female,1,5,Mobile Phone,3,Single,5,0,26,0,4,11,188.13,1
58584,3,Computer,3,18,Credit Card,Female,3,2,Mobile Phone,2,Single,1,0,18,2,5,7,149.05,0
58585,7,Computer,2,9,Credit Card,Male,2,3,Laptop & Accessory,3,Married,2,0,17,0,2,18,132.37,1
58586,7,Mobile Phone,2,12,Credit Card,Female,1,3,Fashion,1,Divorced,4,0,24,0,4,8,140.2,0
58587,24,Computer,2,12,Credit Card,Male,2,3,Others,5,Married,2,0,11,2,3,2,188.57,0
58588,17,Computer,2,10,Credit Card,Female,4,4,Grocery,2,Married,1,0,20,3,5,19,169.86,0
58589,8,Computer,2,24,COD,Male,2,4,Mobile Phone,5,Single,8,0,23,4,7,6,160.57,0
58590,13,Mobile Phone,1,14,UPI,Male,1,4,Fashion,1,Divorced,2,1,22,5,8,18,207.58,1
58591,22,Mobile Phone,3,13,E Wallet,Male,4,1,Mobile Phone,4,Married,5,1,24,2,5,1,188.68,0
58592,0,Mobile Phone,3,16,Credit Card,Male,3,6,Mobile Phone,2,Divorced,2,0,15,0,4,14,140.59,0
58593,6,Mobile Phone,1,15,UPI,Female,3,4,Laptop & Accessory,5,Married,3,1,22,0,1,5,139.23,1
58594,28,Computer,3,21,Debit Card,Male,4,5,Laptop & Accessory,2,Single,5,0,17,1,4,7,187.21,0
58595,16,Computer,2,14,Debit Card,Female,3,1,Laptop & Accessory,1,Divorced,1,0,17,1,3,10,135.86,0
58596,9,Phone,1,10,COD,Female,4,3,Fashion,1,Married,4,0,12,2,6,3,176.25,0
58597,9,Mobile Phone,1,11,Credit Card,Male,4,4,Fashion,5,Single,1,0,18,3,5,1,164.56,0
58598,5,Mobile Phone,2,20,Debit Card,Female,3,1,Laptop & Accessory,1,Married,2,0,11,0,1,14,130.08,0
58599,8,Computer,3,17,COD,Male,3,1,Mobile Phone,4,Divorced,2,1,13,1,3,7,134.22,0
58600,12,Mobile Phone,3,11,COD,Male,3,4,Laptop & Accessory,2,Divorced,2,1,13,5,9,21,167.74,0
58601,6,Mobile Phone,2,23,UPI,Female,2,4,Fashion,2,Divorced,2,0,25,2,4,7,163.96,0
58602,15,Mobile Phone,1,39,Debit Card,Male,2,5,Grocery,5,Single,4,0,22,1,5,12,182.49,0
58603,23,Mobile Phone,1,19,Debit Card,Male,2,4,Others,4,Divorced,2,1,26,0,2,6,138.11,0
58604,2,Computer,1,14,Credit Card,Male,2,2,Grocery,1,Divorced,3,0,25,2,5,2,156.8,0
58605,7,Mobile Phone,3,21,Credit Card,Female,3,5,Grocery,2,Single,3,0,18,1,2,14,133.91,0
58606,6,Computer,3,17,COD,Female,3,2,Fashion,3,Married,2,0,25,2,5,4,167.39,1
58607,13,Computer,1,13,COD,Male,3,4,Laptop & Accessory,5,Married,1,0,23,2,6,13,153.56,0
58608,3,Mobile Phone,3,37,COD,Female,4,3,Fashion,4,Married,2,0,23,2,5,1,156.63,1
58609,12,Phone,2,27,Debit Card,Female,3,2,Fashion,4,Married,3,0,13,7,9,3,172.33,0
58610,25,Mobile Phone,1,18,E Wallet,Female,2,5,Laptop & Accessory,3,Single,2,0,11,1,4,2,180.75,0
58611,6,Phone,2,7,UPI,Female,1,3,Laptop & Accessory,4,Single,2,0,19,2,6,6,145.97,0
58612,29,Mobile Phone,3,12,Credit Card,Male,2,1,Laptop & Accessory,2,Single,6,1,12,2,5,3,209.99,0
58613,59,Computer,1,15,Debit Card,Female,4,3,Mobile Phone,3,Divorced,7,0,11,2,6,4,285.11,0
58614,1,Mobile Phone,3,14,E Wallet,Female,3,4,Mobile Phone,3,Single,2,0,26,4,5,15,132.24,0
58615,3,Computer,1,18,Debit Card,Female,4,3,Others,4,Married,4,0,18,0,3,2,143.73,1
58616,36,Computer,1,10,COD,Female,2,2,Laptop & Accessory,2,Married,1,0,22,3,4,1,232.21,0
58617,38,Mobile Phone,1,9,Debit Card,Male,3,3,Mobile Phone,1,Divorced,6,1,16,3,7,8,235.02,1
58618,1,Phone,3,27,Credit Card,Male,3,2,Grocery,5,Single,2,1,16,3,5,13,155.45,1
58619,0,Mobile Phone,2,8,COD,Male,4,3,Others,2,Married,4,0,21,1,3,10,153.43,0
58620,2,Mobile Phone,3,39,COD,Female,3,2,Fashion,2,Married,4,0,24,1,3,14,123.58,0
58621,61,Computer,2,17,E Wallet,Male,4,3,Others,5,Single,2,1,24,4,7,21,294.06,0
58622,2,Computer,2,20,UPI,Male,4,4,Laptop & Accessory,3,Married,1,1,26,1,2,0,122.98,0
58623,8,Mobile Phone,3,14,COD,Female,5,2,Fashion,2,Single,3,0,19,0,3,5,141.58,0
58624,22,Mobile Phone,2,20,COD,Male,2,1,Mobile Phone,3,Married,1,0,13,2,4,5,195.0,0
58625,0,Phone,3,25,E Wallet,Male,3,2,Fashion,4,Single,7,1,23,0,1,3,121.66,1
58626,11,Computer,1,19,E Wallet,Female,2,4,Mobile Phone,5,Married,2,0,13,3,5,1,156.75,0
58627,3,Mobile Phone,2,10,Credit Card,Male,4,3,Fashion,3,Single,2,1,24,0,3,1,132.0,1
58628,23,Mobile Phone,3,7,Credit Card,Male,5,4,Laptop & Accessory,2,Married,2,0,23,2,5,8,202.34,1
58629,3,Phone,3,17,UPI,Female,3,1,Fashion,4,Single,1,1,25,3,7,8,131.26,1
58630,13,Computer,1,14,E Wallet,Male,5,2,Laptop & Accessory,4,Single,4,0,20,1,5,18,158.74,0
58631,13,Phone,2,18,UPI,Female,4,3,Laptop & Accessory,5,Married,10,1,13,1,2,6,162.47,0
58632,3,Mobile Phone,2,22,Debit Card,Male,3,4,Mobile Phone,1,Single,3,0,18,3,6,3,157.35,1
58633,0,Computer,1,11,Credit Card,Female,3,4,Laptop & Accessory,3,Divorced,4,0,21,2,5,6,132.18,0
58634,6,Computer,1,6,Credit Card,Male,3,3,Laptop & Accessory,2,Married,3,0,17,1,5,7,144.83,1
58635,4,Mobile Phone,1,15,Credit Card,Male,5,4,Others,2,Married,2,0,16,2,4,0,179.92,0
58636,19,Computer,3,14,E Wallet,Male,2,2,Mobile Phone,3,Divorced,2,1,18,2,4,8,177.89,0
58637,19,Computer,3,10,UPI,Female,4,3,Fashion,1,Married,5,0,23,1,3,13,159.77,1
58638,7,Mobile Phone,1,22,Debit Card,Female,2,3,Fashion,4,Single,4,0,17,2,5,6,158.47,0
58639,11,Computer,3,16,Debit Card,Female,4,5,Laptop & Accessory,5,Married,5,1,11,0,3,5,153.88,0
58640,11,Computer,1,26,COD,Male,2,3,Laptop & Accessory,5,Divorced,1,1,19,4,8,11,147.55,0
58641,21,Computer,2,22,COD,Female,2,3,Laptop & Accessory,1,Married,2,1,23,0,4,4,173.03,1
58642,6,Computer,3,23,Debit Card,Female,4,3,Grocery,3,Single,2,0,20,1,4,9,169.71,0
58643,3,Mobile Phone,3,13,Credit Card,Male,3,4,Laptop & Accessory,1,Married,1,0,16,2,5,9,156.0,0
58644,3,Mobile Phone,1,8,Debit Card,Female,3,1,Laptop & Accessory,3,Single,5,0,23,1,4,1,144.51,0
58645,9,Computer,3,13,E Wallet,Male,4,4,Others,1,Married,5,0,13,2,6,4,166.81,0
58646,7,Mobile Phone,2,26,E Wallet,Male,3,1,Grocery,3,Married,3,0,25,2,4,10,138.6,0
58647,6,Mobile Phone,3,10,Credit Card,Female,3,3,Laptop & Accessory,2,Married,2,0,22,3,5,2,159.0,0
58648,1,Mobile Phone,2,18,E Wallet,Male,3,3,Fashion,2,Married,8,0,20,3,6,3,128.47,1
58649,15,Mobile Phone,3,8,Credit Card,Female,5,3,Mobile Phone,2,Single,1,1,13,5,8,8,172.1,1
58650,2,Computer,1,11,Debit Card,Male,4,2,Mobile Phone,1,Married,4,0,16,5,9,4,165.71,0
58651,2,Mobile Phone,2,31,E Wallet,Male,1,2,Mobile Phone,1,Married,2,0,24,1,4,13,129.86,1
58652,6,Mobile Phone,2,25,E Wallet,Female,4,4,Laptop & Accessory,4,Divorced,2,0,26,0,1,5,175.7,0
58653,3,Phone,2,16,UPI,Male,3,2,Others,5,Single,5,0,13,2,6,1,142.65,0
58654,10,Computer,2,14,COD,Female,2,3,Laptop & Accessory,5,Single,1,1,16,1,2,17,147.38,1
58655,5,Computer,3,17,E Wallet,Male,4,6,Laptop & Accessory,3,Divorced,3,0,12,0,2,4,165.8,1
58656,7,Computer,3,12,Debit Card,Female,2,3,Mobile Phone,1,Married,2,0,21,3,5,10,146.17,0
58657,9,Computer,1,15,Debit Card,Female,2,1,Laptop & Accessory,3,Divorced,2,0,24,1,4,5,141.58,0
58658,2,Computer,3,17,E Wallet,Female,1,3,Mobile Phone,1,Single,7,0,21,2,4,3,168.17,0
58659,2,Computer,1,15,Debit Card,Male,5,4,Laptop & Accessory,3,Single,3,0,16,1,3,6,153.84,1
58660,25,Phone,2,14,Credit Card,Male,4,5,Fashion,5,Married,2,1,22,3,7,22,214.75,1
58661,6,Mobile Phone,3,14,Debit Card,Male,2,4,Laptop & Accessory,2,Married,4,0,22,1,5,11,137.76,0
58662,6,Phone,1,8,COD,Male,3,2,Others,5,Single,4,0,16,2,3,7,140.72,0
58663,0,Mobile Phone,3,36,Credit Card,Female,2,2,Laptop & Accessory,3,Married,2,1,13,3,4,12,125.68,1
58664,8,Mobile Phone,3,18,Debit Card,Male,1,4,Laptop & Accessory,2,Single,2,0,16,2,6,2,162.5,0
58665,9,Mobile Phone,2,12,COD,Female,4,4,Laptop & Accessory,3,Married,1,0,25,5,8,2,174.49,0
58666,9,Mobile Phone,1,8,E Wallet,Female,4,3,Mobile Phone,5,Single,10,1,23,0,2,18,140.15,0
58667,14,Computer,2,18,Debit Card,Female,5,1,Fashion,2,Divorced,1,1,23,2,5,3,156.92,1
58668,2,Phone,3,21,UPI,Female,2,3,Fashion,2,Single,3,0,14,4,5,8,123.32,1
58669,3,Phone,1,11,Debit Card,Female,3,3,Grocery,3,Divorced,2,0,14,3,7,2,140.62,0
58670,19,Phone,2,15,UPI,Female,2,1,Fashion,4,Single,5,0,24,1,3,3,174.3,0
58671,35,Mobile Phone,1,25,E Wallet,Female,3,3,Laptop & Accessory,1,Married,1,1,14,1,2,18,228.09,0
58672,1,Phone,1,32,Debit Card,Male,4,2,Laptop & Accessory,2,Divorced,2,0,14,2,4,3,134.11,0
58673,8,Mobile Phone,3,8,E Wallet,Female,1,4,Mobile Phone,1,Married,4,0,22,1,4,8,153.87,0
58674,2,Computer,1,9,Credit Card,Male,3,3,Others,4,Single,8,0,12,0,2,3,118.74,1
58675,0,Mobile Phone,3,24,E Wallet,Female,3,1,Mobile Phone,3,Married,10,0,23,4,8,10,148.55,0
58676,4,Mobile Phone,2,28,UPI,Male,3,3,Grocery,5,Single,1,0,25,1,2,6,143.74,0
58677,1,Phone,2,23,Debit Card,Female,2,4,Laptop & Accessory,4,Married,1,0,19,1,4,6,142.74,0
58678,14,Phone,1,12,Credit Card,Male,2,4,Fashion,2,Married,3,0,16,1,5,1,158.11,0
58679,9,Computer,3,26,COD,Male,3,1,Mobile Phone,2,Married,1,0,11,2,4,2,157.09,0
58680,1,Computer,1,11,Credit Card,Male,3,1,Laptop & Accessory,3,Single,3,0,24,1,5,5,144.85,1
58681,0,Mobile Phone,2,18,Credit Card,Female,4,4,Laptop & Accessory,1,Single,7,1,11,0,2,5,116.23,1
58682,19,Computer,1,12,Debit Card,Female,2,2,Mobile Phone,5,Single,5,0,18,2,6,4,189.14,0
58683,2,Computer,2,13,Credit Card,Male,1,3,Grocery,4,Married,1,0,12,0,1,8,105.04,0
58684,11,Mobile Phone,2,11,Credit Card,Female,4,3,Fashion,4,Divorced,1,0,23,1,2,7,147.17,1
58685,4,Mobile Phone,2,18,Debit Card,Male,2,3,Mobile Phone,4,Married,2,1,25,0,3,4,124.99,1
58686,10,Mobile Phone,1,21,Debit Card,Male,3,2,Grocery,3,Married,1,1,19,2,5,17,147.33,0
58687,4,Computer,2,16,E Wallet,Female,3,1,Laptop & Accessory,3,Married,2,1,19,1,4,13,153.18,0
58688,1,Mobile Phone,3,12,Debit Card,Female,2,3,Laptop & Accessory,3,Single,4,0,25,3,5,5,162.01,0
58689,3,Mobile Phone,2,25,Credit Card,Male,3,3,Fashion,4,Married,2,0,19,2,4,9,132.95,0
58690,2,Mobile Phone,1,24,E Wallet,Male,4,3,Fashion,3,Single,2,1,23,1,2,10,116.45,1
58691,6,Computer,1,48,Debit Card,Male,2,2,Mobile Phone,3,Single,1,0,26,1,2,4,130.33,0
58692,12,Computer,1,13,E Wallet,Male,3,4,Mobile Phone,4,Single,6,0,24,4,5,11,179.33,1
58693,3,Computer,1,23,Credit Card,Female,2,3,Laptop & Accessory,2,Single,5,0,16,2,3,6,145.05,0
58694,0,Mobile Phone,1,21,COD,Male,5,2,Laptop & Accessory,4,Single,2,0,20,1,5,18,150.16,0
58695,8,Mobile Phone,2,21,COD,Female,2,4,Others,2,Married,3,1,21,0,2,16,144.55,0
58696,11,Mobile Phone,1,12,E Wallet,Male,2,3,Mobile Phone,5,Married,3,0,16,1,3,12,168.37,0
58697,39,Computer,2,8,Credit Card,Female,2,2,Laptop & Accessory,1,Single,2,0,26,2,5,6,221.71,0
58698,10,Mobile Phone,3,14,COD,Male,2,2,Mobile Phone,3,Single,2,0,26,1,4,5,170.05,0
58699,7,Mobile Phone,3,9,COD,Female,3,3,Mobile Phone,3,Single,3,0,23,2,6,0,165.68,0
58700,10,Computer,3,12,Credit Card,Male,3,1,Others,2,Married,2,0,14,1,2,16,138.05,0
58701,31,Mobile Phone,1,16,E Wallet,Female,3,2,Fashion,5,Married,2,0,22,2,6,7,208.08,0
58702,21,Computer,1,15,Debit Card,Male,4,5,Others,2,Married,5,1,20,2,6,4,186.31,1
58703,4,Mobile Phone,3,17,Debit Card,Male,2,2,Laptop & Accessory,3,Single,1,1,20,1,2,7,145.03,0
58704,3,Computer,1,9,Credit Card,Male,3,2,Laptop & Accessory,3,Married,7,0,16,1,5,13,141.38,0
58705,3,Mobile Phone,1,16,E Wallet,Male,2,2,Mobile Phone,5,Single,4,1,15,1,2,14,130.68,1
58706,8,Mobile Phone,2,28,Credit Card,Male,3,5,Laptop & Accessory,3,Married,5,1,13,1,3,21,130.76,1
58707,16,Mobile Phone,1,14,Debit Card,Male,4,5,Others,1,Married,3,0,25,2,6,9,185.77,0
58708,8,Computer,3,19,E Wallet,Female,5,1,Laptop & Accessory,3,Divorced,2,0,23,1,2,2,141.53,0
58709,0,Phone,3,17,Credit Card,Male,3,4,Laptop & Accessory,5,Married,3,1,20,2,3,8,119.88,0
58710,15,Mobile Phone,3,22,E Wallet,Female,4,2,Mobile Phone,4,Single,2,0,17,2,6,4,162.86,0
58711,19,Computer,3,18,E Wallet,Male,3,3,Fashion,1,Single,1,0,16,2,5,5,185.11,1
58712,4,Computer,1,10,Credit Card,Male,5,3,Mobile Phone,3,Married,8,0,26,2,4,6,157.77,0
58713,13,Phone,3,9,Debit Card,Female,4,3,Laptop & Accessory,1,Single,2,0,14,1,2,6,135.01,1
58714,6,Computer,1,13,E Wallet,Male,2,2,Fashion,1,Single,1,0,22,1,3,6,134.15,1
58715,26,Mobile Phone,2,29,Credit Card,Male,3,4,Others,5,Divorced,3,1,25,2,4,13,187.33,0
58716,22,Computer,1,14,UPI,Male,2,3,Grocery,4,Married,1,1,24,2,3,4,208.55,0
58717,8,Mobile Phone,3,16,Debit Card,Female,1,5,Grocery,1,Married,5,0,18,1,4,5,155.89,1
58718,14,Mobile Phone,3,16,Debit Card,Female,3,3,Grocery,2,Married,1,1,24,1,3,16,166.42,1
58719,25,Mobile Phone,1,6,Credit Card,Male,2,3,Fashion,4,Single,1,0,15,0,3,9,187.0,1
58720,8,Phone,1,17,E Wallet,Male,1,2,Grocery,5,Married,4,0,17,0,3,6,159.6,0
58721,4,Phone,1,23,E Wallet,Female,3,1,Laptop & Accessory,1,Single,1,0,19,2,6,7,118.51,1
58722,16,Computer,2,16,Credit Card,Male,2,1,Laptop & Accessory,1,Married,3,0,22,2,3,24,146.76,1
58723,2,Phone,1,13,Credit Card,Female,4,4,Laptop & Accessory,1,Divorced,3,0,25,4,5,4,126.56,1
58724,5,Computer,3,16,Debit Card,Female,4,2,Fashion,3,Married,10,0,15,1,2,17,145.98,0
58725,24,Mobile Phone,2,9,E Wallet,Male,5,3,Laptop & Accessory,3,Single,2,0,11,3,7,3,216.4,0
58726,15,Mobile Phone,2,7,Debit Card,Female,4,5,Laptop & Accessory,2,Married,2,0,24,3,5,1,174.99,0
58727,6,Mobile Phone,3,16,UPI,Male,3,1,Laptop & Accessory,3,Single,1,0,17,3,5,4,127.23,0
58728,2,Mobile Phone,1,20,COD,Male,3,3,Laptop & Accessory,2,Single,1,0,23,2,5,4,141.71,1
58729,5,Mobile Phone,1,20,COD,Male,1,3,Fashion,2,Single,2,0,11,5,7,20,142.88,1
58730,4,Mobile Phone,3,30,UPI,Female,2,6,Laptop & Accessory,1,Single,4,0,22,0,1,18,143.11,1
58731,2,Computer,3,12,Debit Card,Male,3,4,Grocery,1,Divorced,4,0,26,0,1,3,142.32,0
58732,16,Computer,1,12,Credit Card,Female,3,1,Others,3,Single,4,1,26,1,4,8,190.29,0
58733,3,Computer,1,14,Debit Card,Female,2,2,Mobile Phone,3,Married,3,1,26,0,4,12,143.61,0
58734,7,Phone,1,29,Debit Card,Female,2,1,Mobile Phone,2,Married,4,0,15,1,5,10,148.82,0
58735,5,Mobile Phone,1,8,Debit Card,Male,1,2,Laptop & Accessory,4,Single,1,0,19,0,3,6,112.27,0
58736,48,Computer,1,25,E Wallet,Female,2,2,Fashion,3,Married,3,1,23,2,5,9,243.7,0
58737,5,Mobile Phone,2,14,Credit Card,Female,4,1,Others,4,Married,4,1,13,3,7,3,130.31,0
58738,1,Mobile Phone,3,15,COD,Female,3,3,Laptop & Accessory,3,Married,3,0,17,0,4,10,99.56,0
58739,1,Phone,1,6,Credit Card,Female,2,5,Others,5,Single,4,0,25,0,4,4,138.07,0
58740,10,Mobile Phone,2,16,E Wallet,Male,1,4,Laptop & Accessory,4,Single,1,0,20,1,3,7,147.1,0
58741,10,Mobile Phone,1,9,Credit Card,Male,2,2,Laptop & Accessory,3,Married,2,1,26,1,4,7,166.47,0
58742,6,Mobile Phone,2,20,UPI,Male,3,4,Others,4,Married,5,1,11,0,3,6,144.18,1
58743,6,Computer,2,26,COD,Male,2,6,Fashion,1,Married,2,0,24,3,4,6,126.59,0
58744,0,Phone,3,23,Credit Card,Female,4,4,Laptop & Accessory,4,Married,5,0,16,2,5,6,147.42,0
58745,8,Mobile Phone,1,8,Debit Card,Male,4,3,Grocery,3,Divorced,9,0,14,0,3,5,149.32,0
58746,8,Computer,1,13,Debit Card,Male,2,2,Fashion,2,Single,1,0,11,2,3,0,164.76,0
58747,1,Mobile Phone,2,8,E Wallet,Male,3,4,Fashion,2,Divorced,1,0,23,4,5,4,140.45,0
58748,1,Mobile Phone,1,18,Credit Card,Female,3,4,Laptop & Accessory,5,Single,2,1,20,2,6,12,145.43,0
58749,1,Mobile Phone,1,16,E Wallet,Female,5,2,Grocery,2,Single,3,1,15,0,1,11,121.41,1
58750,1,Computer,1,23,E Wallet,Female,4,2,Fashion,3,Married,4,0,11,2,5,3,119.88,1
58751,11,Mobile Phone,2,16,E Wallet,Male,3,3,Others,4,Married,1,0,24,2,3,0,184.73,0
58752,2,Computer,1,13,UPI,Female,3,4,Mobile Phone,2,Single,4,1,24,1,2,2,140.36,0
58753,3,Mobile Phone,3,9,E Wallet,Male,2,1,Mobile Phone,2,Single,1,0,22,2,5,9,121.98,0
58754,2,Mobile Phone,2,10,E Wallet,Female,4,6,Fashion,3,Single,1,1,20,1,2,3,134.96,0
58755,37,Computer,1,23,Debit Card,Female,3,2,Laptop & Accessory,2,Married,3,0,21,3,5,21,211.2,0
58756,23,Mobile Phone,2,9,Credit Card,Female,3,2,Laptop & Accessory,5,Married,1,0,16,4,8,9,181.07,0
58757,3,Mobile Phone,1,15,Credit Card,Male,3,1,Laptop & Accessory,4,Single,1,0,17,1,4,20,135.89,0
58758,4,Mobile Phone,2,14,COD,Male,2,1,Others,3,Single,3,0,21,1,5,6,143.32,1
58759,2,Computer,2,15,E Wallet,Male,4,2,Laptop & Accessory,3,Single,4,1,21,1,4,12,126.14,0
58760,8,Computer,2,14,Credit Card,Female,4,3,Others,3,Married,6,1,25,3,4,5,152.69,0
58761,0,Mobile Phone,3,10,Credit Card,Female,2,5,Mobile Phone,3,Married,7,0,17,1,3,7,125.35,1
58762,13,Mobile Phone,1,22,Debit Card,Male,3,1,Fashion,2,Single,3,0,25,4,6,3,156.92,0
58763,8,Mobile Phone,3,18,Credit Card,Male,2,3,Mobile Phone,2,Married,3,0,12,2,4,10,142.86,0
58764,27,Mobile Phone,3,13,Debit Card,Female,2,3,Fashion,1,Divorced,4,0,14,2,3,14,169.35,0
58765,2,Computer,1,17,Debit Card,Male,2,6,Others,5,Single,6,0,18,3,5,8,144.99,0
58766,19,Computer,1,14,Credit Card,Female,4,2,Mobile Phone,5,Married,1,0,19,0,1,10,180.93,0
58767,18,Computer,1,14,E Wallet,Male,3,3,Laptop & Accessory,2,Divorced,2,0,11,2,5,8,176.83,1
58768,1,Mobile Phone,1,25,UPI,Female,3,1,Laptop & Accessory,5,Married,3,0,22,4,8,26,114.55,0
58769,6,Computer,2,16,UPI,Male,4,5,Laptop & Accessory,3,Divorced,2,1,14,2,3,13,148.5,0
58770,2,Computer,1,13,Debit Card,Female,4,3,Laptop & Accessory,2,Single,3,0,17,1,3,10,114.31,1
58771,3,Computer,3,11,Debit Card,Male,1,3,Laptop & Accessory,3,Single,4,0,16,4,7,4,143.85,0
58772,3,Computer,1,14,Credit Card,Male,2,1,Grocery,1,Married,4,1,21,2,4,6,138.33,1
58773,9,Computer,1,22,Credit Card,Male,2,1,Fashion,1,Married,5,1,13,2,5,5,155.02,0
58774,6,Computer,1,13,Credit Card,Female,2,4,Mobile Phone,2,Divorced,10,0,16,2,3,13,131.85,0
58775,35,Mobile Phone,1,19,Credit Card,Male,4,3,Laptop & Accessory,5,Single,5,1,25,2,5,6,228.9,0
58776,1,Computer,3,14,Debit Card,Male,4,2,Laptop & Accessory,5,Divorced,2,1,18,2,5,5,132.94,1
58777,43,Mobile Phone,2,16,Credit Card,Male,2,3,Mobile Phone,3,Divorced,2,0,20,2,5,2,224.12,0
58778,3,Computer,1,25,Credit Card,Male,3,5,Laptop & Accessory,2,Single,2,0,19,3,5,7,131.69,0
58779,17,Computer,3,10,Credit Card,Male,2,2,Laptop & Accessory,2,Married,1,1,14,1,5,4,154.91,0
58780,4,Computer,3,18,E Wallet,Male,2,5,Laptop & Accessory,2,Single,4,1,26,0,4,6,142.89,0
58781,1,Mobile Phone,3,19,Debit Card,Male,2,4,Grocery,3,Divorced,1,0,24,2,6,14,117.32,0
58782,23,Mobile Phone,3,8,Debit Card,Female,4,2,Fashion,2,Married,2,0,18,4,6,5,202.41,0
58783,4,Mobile Phone,2,9,Credit Card,Female,2,4,Mobile Phone,3,Single,4,0,11,0,4,4,108.65,0
58784,12,Computer,2,5,Debit Card,Male,4,4,Mobile Phone,3,Married,3,0,12,0,3,4,153.4,0
58785,10,Computer,1,12,Debit Card,Female,4,3,Mobile Phone,3,Single,2,1,15,0,1,16,138.28,0
58786,7,Computer,1,22,Debit Card,Male,3,4,Fashion,3,Married,4,0,18,5,9,13,163.81,0
58787,8,Mobile Phone,2,8,Credit Card,Female,4,2,Grocery,3,Married,2,0,18,2,5,5,163.71,0
58788,15,Phone,3,14,E Wallet,Female,1,4,Mobile Phone,1,Single,3,1,12,1,4,10,163.29,1
58789,1,Phone,2,22,Debit Card,Male,4,3,Laptop & Accessory,2,Married,3,0,24,4,6,7,117.17,1
58790,13,Mobile Phone,3,20,Debit Card,Female,2,2,Laptop & Accessory,2,Single,3,0,14,1,4,14,165.29,0
58791,27,Computer,1,9,Credit Card,Female,5,3,Laptop & Accessory,4,Married,1,0,17,2,4,9,208.88,0
58792,0,Computer,2,17,E Wallet,Female,4,3,Fashion,2,Single,3,1,17,2,4,1,138.23,1
58793,1,Computer,2,17,Credit Card,Female,5,2,Mobile Phone,2,Divorced,2,0,15,4,6,9,124.0,0
58794,15,Phone,2,15,Debit Card,Male,4,2,Others,4,Married,5,0,17,3,7,1,183.72,0
58795,6,Mobile Phone,2,10,Credit Card,Male,2,3,Mobile Phone,5,Single,1,0,11,0,4,19,157.98,0
58796,6,Computer,1,19,Debit Card,Male,4,3,Fashion,4,Single,3,1,22,1,5,10,155.13,1
58797,1,Computer,1,17,E Wallet,Male,2,4,Mobile Phone,3,Married,8,1,11,2,5,3,153.19,0
58798,8,Computer,3,23,E Wallet,Male,3,3,Grocery,2,Single,1,1,23,2,3,1,179.6,1
58799,1,Computer,1,21,E Wallet,Male,4,4,Fashion,5,Single,4,0,16,1,5,6,110.67,1
58800,7,Phone,2,15,Credit Card,Female,2,3,Laptop & Accessory,2,Married,1,0,18,0,3,5,156.91,0
58801,17,Mobile Phone,2,11,UPI,Female,2,1,Grocery,3,Single,5,0,23,2,4,12,178.41,1
58802,3,Computer,1,12,COD,Male,4,3,Laptop & Accessory,3,Single,1,0,25,2,6,5,125.78,1
58803,7,Mobile Phone,3,23,Debit Card,Female,2,4,Mobile Phone,3,Married,5,0,23,2,4,1,175.15,1
58804,57,Mobile Phone,3,10,Debit Card,Female,2,3,Laptop & Accessory,1,Divorced,6,0,23,1,5,9,279.8,0
58805,13,Mobile Phone,3,12,E Wallet,Female,3,4,Mobile Phone,5,Divorced,1,0,22,3,7,30,211.31,0
58806,22,Computer,1,11,E Wallet,Female,4,4,Mobile Phone,5,Single,1,0,22,3,5,18,185.62,0
58807,6,Phone,2,13,Credit Card,Male,4,3,Fashion,1,Single,5,0,22,5,7,6,153.99,1
58808,17,Mobile Phone,3,13,COD,Male,3,2,Mobile Phone,4,Single,1,0,24,3,7,7,185.07,0
58809,0,Mobile Phone,3,17,Debit Card,Female,3,4,Fashion,2,Single,1,0,16,3,7,5,140.11,0
58810,1,Computer,3,14,Credit Card,Female,4,4,Laptop & Accessory,2,Single,2,0,11,2,5,1,165.87,1
58811,2,Computer,3,14,Debit Card,Male,3,4,Fashion,3,Married,2,0,26,2,3,10,107.33,0
58812,6,Phone,1,23,Debit Card,Female,3,4,Fashion,5,Single,4,0,21,2,5,7,181.34,1
58813,22,Mobile Phone,1,15,Debit Card,Male,1,2,Mobile Phone,3,Single,3,0,14,3,4,3,186.08,0
58814,5,Mobile Phone,3,12,Credit Card,Male,5,3,Mobile Phone,3,Married,4,0,26,3,4,2,162.81,0
58815,12,Mobile Phone,3,24,Credit Card,Female,3,2,Mobile Phone,3,Married,2,0,22,3,4,3,126.34,0
58816,14,Mobile Phone,3,11,Debit Card,Male,3,2,Grocery,2,Married,3,0,15,1,3,1,145.04,1
58817,10,Mobile Phone,1,15,E Wallet,Female,2,4,Mobile Phone,5,Married,1,1,21,1,5,3,163.41,0
58818,5,Mobile Phone,2,16,Credit Card,Female,3,3,Fashion,5,Single,3,0,19,2,4,4,125.4,0
58819,10,Mobile Phone,1,21,Debit Card,Female,3,1,Fashion,4,Single,3,0,22,1,3,9,159.7,0
58820,5,Mobile Phone,2,12,Debit Card,Male,2,3,Fashion,2,Divorced,6,1,15,1,4,19,123.03,1
58821,1,Phone,1,15,Debit Card,Female,4,6,Fashion,3,Divorced,7,0,11,0,2,10,107.77,0
58822,59,Mobile Phone,3,30,E Wallet,Female,4,2,Laptop & Accessory,3,Married,5,0,14,2,4,2,280.25,0
58823,1,Mobile Phone,1,16,E Wallet,Female,1,3,Grocery,5,Married,6,1,22,0,3,13,134.48,0
58824,0,Computer,2,21,E Wallet,Female,2,3,Fashion,1,Single,1,0,19,2,3,8,119.66,1
58825,25,Computer,1,47,Debit Card,Female,2,2,Laptop & Accessory,2,Divorced,5,1,26,2,6,6,199.65,1
58826,4,Computer,2,38,COD,Female,3,5,Fashion,3,Single,1,0,18,2,5,5,150.25,1
58827,12,Computer,2,15,Credit Card,Male,3,3,Mobile Phone,4,Married,3,1,18,3,6,3,141.02,0
58828,4,Computer,3,13,E Wallet,Female,3,2,Laptop & Accessory,4,Married,1,0,19,1,5,6,145.69,0
58829,5,Computer,1,14,Debit Card,Male,2,3,Mobile Phone,5,Married,4,1,22,2,6,20,173.39,0
58830,3,Computer,1,17,Credit Card,Female,2,3,Others,2,Divorced,1,0,13,3,5,5,166.38,1
58831,5,Computer,3,25,Credit Card,Male,3,2,Grocery,1,Married,2,0,23,5,8,9,171.65,0
58832,6,Mobile Phone,1,18,E Wallet,Female,5,2,Laptop & Accessory,3,Single,3,0,16,1,2,3,122.39,0
58833,15,Mobile Phone,1,17,E Wallet,Female,4,3,Mobile Phone,3,Married,2,0,24,2,6,10,160.74,0
58834,8,Computer,2,11,Credit Card,Male,4,1,Mobile Phone,2,Single,3,0,19,3,6,20,159.63,0
58835,34,Mobile Phone,2,16,Debit Card,Female,1,1,Fashion,4,Married,5,1,13,1,2,11,210.49,0
58836,0,Phone,1,13,COD,Female,2,3,Fashion,3,Single,3,1,17,3,4,21,124.38,1
58837,8,Mobile Phone,1,9,Debit Card,Male,3,3,Grocery,2,Single,3,0,22,0,4,8,150.38,0
58838,10,Mobile Phone,3,11,Debit Card,Male,2,2,Fashion,3,Married,9,1,26,2,4,9,156.2,1
58839,30,Phone,2,22,Credit Card,Male,2,4,Grocery,5,Married,2,1,15,2,3,16,219.39,0
58840,0,Mobile Phone,1,26,Credit Card,Male,5,1,Fashion,2,Married,5,0,15,2,4,7,125.0,0
58841,10,Phone,1,17,Debit Card,Male,1,2,Laptop & Accessory,3,Divorced,3,1,13,0,1,3,140.58,1
58842,23,Phone,2,13,E Wallet,Female,4,2,Mobile Phone,2,Married,4,1,20,1,4,13,227.65,0
58843,3,Computer,1,16,E Wallet,Male,1,4,Laptop & Accessory,3,Married,2,0,20,3,5,4,130.82,0
58844,25,Computer,3,12,Credit Card,Male,2,3,Fashion,5,Married,3,0,19,0,2,8,156.75,0
58845,0,Computer,2,7,COD,Male,3,2,Fashion,4,Divorced,5,0,23,0,3,9,124.71,0
58846,15,Computer,2,8,E Wallet,Male,2,3,Fashion,2,Married,3,0,26,2,4,13,162.19,1
58847,32,Computer,3,10,E Wallet,Female,5,3,Mobile Phone,1,Married,4,0,24,1,5,4,236.41,0
58848,12,Computer,1,10,Credit Card,Female,3,1,Fashion,1,Married,3,1,24,2,3,23,163.28,0
58849,6,Phone,1,23,Credit Card,Male,3,3,Laptop & Accessory,4,Divorced,1,1,14,2,3,5,164.6,0
58850,0,Computer,2,16,Debit Card,Male,3,2,Others,3,Divorced,4,0,21,0,3,6,119.38,0
58851,30,Phone,2,7,E Wallet,Male,4,2,Grocery,3,Married,4,0,11,0,2,1,196.69,0
58852,7,Mobile Phone,1,29,COD,Female,4,4,Grocery,2,Single,3,1,24,2,3,9,160.04,1
58853,0,Mobile Phone,1,31,Debit Card,Male,3,3,Laptop & Accessory,3,Divorced,2,0,21,3,7,7,153.12,1
58854,14,Mobile Phone,1,13,E Wallet,Female,4,3,Laptop & Accessory,3,Married,4,1,26,1,3,10,142.81,0
58855,7,Mobile Phone,1,14,Credit Card,Male,3,4,Laptop & Accessory,4,Married,4,1,23,2,3,16,140.1,1
58856,1,Computer,3,13,Debit Card,Male,3,2,Grocery,4,Single,2,0,19,2,5,18,144.75,1
58857,2,Mobile Phone,2,24,COD,Male,2,1,Fashion,3,Married,2,1,20,3,5,3,119.49,0
58858,0,Phone,2,21,Debit Card,Male,2,5,Laptop & Accessory,4,Divorced,7,1,20,3,7,6,143.34,0
58859,10,Mobile Phone,1,13,Debit Card,Male,3,2,Mobile Phone,3,Married,8,1,14,1,2,3,115.52,0
58860,11,Mobile Phone,1,10,UPI,Female,2,3,Mobile Phone,3,Single,2,0,25,2,5,10,143.1,0
58861,8,Mobile Phone,1,29,Credit Card,Male,3,5,Fashion,4,Divorced,7,0,23,2,6,9,167.12,1
58862,20,Computer,1,26,Credit Card,Female,3,2,Laptop & Accessory,1,Married,3,1,26,2,6,9,180.32,0
58863,23,Mobile Phone,1,11,E Wallet,Female,2,6,Laptop & Accessory,4,Married,1,0,23,3,4,14,182.07,0
58864,11,Mobile Phone,1,18,Debit Card,Male,3,3,Mobile Phone,2,Married,1,0,26,2,6,7,165.72,0
58865,0,Computer,2,13,Debit Card,Male,3,5,Mobile Phone,3,Single,2,0,14,2,5,5,140.65,0
58866,14,Mobile Phone,3,26,COD,Female,2,1,Laptop & Accessory,2,Divorced,5,0,14,1,5,8,162.95,1
58867,6,Mobile Phone,1,25,Debit Card,Female,2,3,Fashion,4,Single,4,1,16,0,2,15,161.21,1
58868,10,Computer,3,14,Credit Card,Male,2,5,Laptop & Accessory,5,Divorced,5,0,19,2,5,8,162.56,0
58869,12,Mobile Phone,3,24,Debit Card,Female,3,2,Grocery,1,Divorced,3,0,12,1,3,2,144.96,1
58870,5,Mobile Phone,3,25,UPI,Female,3,2,Fashion,3,Single,3,0,26,2,4,3,126.43,0
58871,29,Mobile Phone,3,17,COD,Male,1,2,Others,3,Single,1,0,15,3,4,7,217.87,0
58872,1,Mobile Phone,2,27,Debit Card,Female,2,5,Laptop & Accessory,2,Single,2,1,25,1,3,8,128.48,1
58873,13,Computer,2,14,E Wallet,Male,2,2,Others,3,Married,3,0,14,4,8,16,202.73,0
58874,0,Mobile Phone,1,10,UPI,Male,4,2,Fashion,3,Married,4,0,11,3,5,5,133.47,0
58875,31,Computer,3,10,UPI,Female,3,4,Grocery,4,Married,3,1,23,3,7,10,218.37,0
58876,1,Phone,2,24,Credit Card,Female,3,3,Laptop & Accessory,4,Divorced,3,0,21,3,6,10,132.84,1
58877,1,Mobile Phone,2,12,Debit Card,Female,3,3,Mobile Phone,1,Married,5,0,15,1,2,4,162.2,0
58878,4,Phone,2,12,Credit Card,Male,3,3,Laptop & Accessory,3,Married,3,0,13,2,6,6,154.97,1
58879,5,Mobile Phone,2,8,E Wallet,Male,5,3,Laptop & Accessory,3,Married,2,1,18,0,3,3,138.35,0
58880,2,Mobile Phone,2,21,COD,Female,4,3,Grocery,2,Married,3,0,12,0,1,15,122.1,1
58881,10,Mobile Phone,1,14,Credit Card,Female,3,5,Mobile Phone,4,Married,4,1,11,2,5,1,159.9,1
58882,7,Mobile Phone,3,25,Debit Card,Male,2,2,Fashion,5,Single,5,1,25,1,5,5,167.53,1
58883,0,Computer,3,26,Debit Card,Male,3,5,Mobile Phone,4,Married,3,1,12,0,3,6,149.06,1
58884,4,Mobile Phone,3,33,COD,Male,3,2,Mobile Phone,3,Single,5,0,20,4,6,14,136.04,0
58885,19,Computer,3,14,Credit Card,Female,2,2,Fashion,1,Single,9,0,17,3,7,6,202.49,0
58886,14,Computer,1,12,E Wallet,Male,3,3,Mobile Phone,3,Single,1,0,24,1,5,9,203.29,1
58887,15,Mobile Phone,3,22,E Wallet,Female,2,4,Laptop & Accessory,4,Married,4,0,17,0,3,7,164.34,1
58888,14,Computer,1,13,UPI,Female,1,3,Grocery,2,Single,6,0,23,3,5,3,197.85,0
58889,4,Phone,3,20,Debit Card,Male,2,1,Laptop & Accessory,4,Single,3,0,15,2,5,0,141.21,0
58890,1,Mobile Phone,1,13,Credit Card,Female,4,3,Fashion,3,Single,2,0,20,2,5,5,134.14,1
58891,3,Mobile Phone,2,20,COD,Female,2,6,Fashion,2,Divorced,3,0,19,1,4,0,135.79,0
58892,21,Mobile Phone,3,17,Credit Card,Female,4,3,Laptop & Accessory,4,Single,6,1,16,1,3,14,178.4,0
58893,47,Mobile Phone,2,8,Debit Card,Female,2,1,Laptop & Accessory,3,Single,5,0,26,4,7,6,242.4,0
58894,8,Mobile Phone,2,12,Debit Card,Male,2,3,Mobile Phone,2,Divorced,3,0,16,1,4,8,171.66,1
58895,0,Mobile Phone,2,14,Debit Card,Female,4,3,Mobile Phone,2,Married,6,1,23,4,8,3,152.16,0
58896,1,Computer,2,10,COD,Male,3,1,Laptop & Accessory,2,Married,4,1,13,3,4,4,133.54,0
58897,4,Computer,1,22,Debit Card,Male,2,4,Mobile Phone,5,Married,2,0,12,3,5,1,147.98,0
58898,10,Computer,2,12,UPI,Male,2,3,Laptop & Accessory,5,Married,2,0,23,4,7,13,153.04,1
58899,0,Mobile Phone,1,17,Debit Card,Female,2,2,Laptop & Accessory,4,Married,3,0,19,0,1,13,102.88,0
58900,34,Mobile Phone,2,16,Debit Card,Female,3,5,Laptop & Accessory,3,Divorced,4,0,15,6,10,8,222.2,0
58901,5,Mobile Phone,1,18,UPI,Male,3,3,Grocery,4,Married,4,0,23,2,3,5,107.01,0
58902,29,Mobile Phone,2,13,UPI,Female,3,3,Grocery,4,Married,3,0,18,1,4,5,198.16,0
58903,18,Phone,2,18,Debit Card,Male,3,3,Mobile Phone,3,Single,1,0,22,1,4,5,163.28,0
58904,16,Mobile Phone,1,26,Debit Card,Male,2,5,Mobile Phone,4,Single,3,0,11,0,3,9,171.29,1
58905,11,Mobile Phone,2,11,Credit Card,Male,4,4,Fashion,1,Married,1,1,23,2,5,8,161.81,1
58906,11,Mobile Phone,2,19,Debit Card,Male,4,1,Laptop & Accessory,5,Married,1,0,22,2,6,3,162.59,0
58907,12,Computer,3,15,COD,Female,4,1,Laptop & Accessory,1,Married,2,0,20,0,4,7,183.01,0
58908,11,Computer,3,17,Credit Card,Female,3,3,Laptop & Accessory,5,Married,1,0,26,1,4,13,159.85,0
58909,9,Mobile Phone,3,21,Credit Card,Male,5,2,Fashion,2,Married,2,1,16,0,2,8,154.54,0
58910,51,Mobile Phone,2,17,Debit Card,Female,3,3,Grocery,3,Single,8,0,23,2,5,11,255.25,0
58911,15,Mobile Phone,1,26,Debit Card,Female,4,2,Mobile Phone,4,Married,6,0,25,0,2,7,161.26,0
58912,18,Computer,1,24,Credit Card,Male,3,4,Laptop & Accessory,1,Married,1,0,26,1,2,18,180.54,0
58913,24,Phone,1,17,Debit Card,Male,3,2,Mobile Phone,5,Married,1,0,11,2,6,4,204.74,0
58914,2,Computer,3,20,E Wallet,Female,3,1,Grocery,4,Married,3,0,26,5,6,7,147.49,1
58915,1,Computer,1,18,E Wallet,Female,2,2,Mobile Phone,2,Married,7,0,21,2,4,22,134.03,1
58916,7,Mobile Phone,2,8,Debit Card,Female,2,2,Mobile Phone,5,Divorced,4,0,12,2,4,2,167.32,0
58917,8,Mobile Phone,1,18,E Wallet,Female,4,3,Fashion,1,Married,4,0,25,0,4,6,171.11,0
58918,21,Computer,1,10,UPI,Male,2,3,Mobile Phone,1,Married,2,1,14,1,4,1,206.2,0
58919,7,Mobile Phone,1,15,Credit Card,Female,2,4,Laptop & Accessory,2,Single,4,0,26,1,4,0,132.47,0
58920,10,Phone,2,9,COD,Female,2,1,Others,1,Married,3,1,11,1,4,7,156.88,1
58921,8,Mobile Phone,2,33,Debit Card,Female,2,4,Fashion,4,Married,4,0,23,2,5,2,154.46,0
58922,0,Mobile Phone,2,17,Credit Card,Female,3,2,Others,3,Single,6,0,24,3,6,1,148.21,0
58923,11,Computer,2,9,Debit Card,Male,3,3,Grocery,3,Single,4,0,14,0,1,5,127.39,1
58924,21,Mobile Phone,3,20,COD,Male,4,2,Mobile Phone,4,Single,2,1,19,3,6,4,187.22,1
58925,2,Mobile Phone,3,31,Debit Card,Male,1,4,Mobile Phone,2,Divorced,3,0,12,2,6,3,150.46,0
58926,10,Mobile Phone,3,23,Credit Card,Male,2,4,Laptop & Accessory,5,Married,4,1,25,2,6,2,175.77,0
58927,10,Computer,2,13,UPI,Female,3,2,Grocery,4,Married,5,0,18,2,4,8,153.35,0
58928,2,Mobile Phone,1,14,COD,Female,2,5,Fashion,1,Married,2,0,21,3,6,8,144.67,0
58929,1,Mobile Phone,3,15,COD,Male,4,2,Laptop & Accessory,3,Married,3,0,20,1,2,4,155.99,0
58930,46,Computer,1,24,Credit Card,Male,3,4,Others,5,Divorced,6,0,21,4,5,13,246.86,0
58931,6,Mobile Phone,1,25,E Wallet,Male,3,2,Fashion,5,Single,4,0,13,3,5,8,157.44,0
58932,3,Phone,2,18,Credit Card,Male,1,2,Grocery,4,Single,3,0,23,0,2,9,141.04,0
58933,2,Mobile Phone,2,15,E Wallet,Female,4,4,Laptop & Accessory,5,Single,4,0,25,4,6,6,145.63,0
58934,13,Computer,1,12,Credit Card,Male,3,1,Fashion,3,Married,3,1,11,2,5,3,195.73,0
58935,11,Mobile Phone,3,33,E Wallet,Male,3,4,Others,3,Single,2,0,23,4,8,19,164.17,0
58936,12,Computer,2,19,Credit Card,Male,3,3,Mobile Phone,2,Divorced,2,0,19,3,4,3,165.46,0
58937,1,Computer,2,11,UPI,Female,4,5,Mobile Phone,3,Divorced,5,1,26,3,4,3,154.08,0
58938,26,Phone,2,12,Debit Card,Female,2,5,Mobile Phone,5,Married,3,0,15,1,4,4,190.1,0
58939,5,Mobile Phone,2,22,Credit Card,Male,1,3,Laptop & Accessory,1,Single,2,0,18,0,4,5,109.11,0
58940,4,Mobile Phone,1,12,Credit Card,Female,2,3,Laptop & Accessory,2,Single,1,0,17,2,6,6,123.89,0
58941,7,Computer,1,11,Debit Card,Female,3,2,Mobile Phone,5,Single,1,1,11,0,2,6,148.12,0
58942,5,Mobile Phone,1,24,Debit Card,Female,2,2,Laptop & Accessory,4,Married,1,1,15,3,7,2,152.48,1
58943,23,Mobile Phone,3,15,Debit Card,Female,3,3,Mobile Phone,2,Married,6,0,19,2,4,4,209.12,0
58944,31,Phone,2,17,COD,Male,3,2,Mobile Phone,4,Divorced,7,0,24,3,4,10,223.33,0
58945,4,Mobile Phone,2,27,COD,Female,3,2,Laptop & Accessory,1,Divorced,4,0,11,0,3,8,163.82,0
58946,23,Phone,2,23,Debit Card,Male,3,1,Mobile Phone,4,Married,1,1,23,0,3,3,162.85,1
58947,18,Mobile Phone,2,18,Credit Card,Female,3,1,Fashion,2,Divorced,3,0,20,2,6,2,175.55,0
58948,32,Computer,1,22,Credit Card,Male,5,4,Laptop & Accessory,3,Married,3,0,16,0,2,23,189.02,0
58949,3,Computer,1,9,Credit Card,Male,1,1,Others,3,Married,9,0,26,1,5,13,141.82,0
58950,10,Mobile Phone,3,20,Debit Card,Male,3,4,Mobile Phone,4,Single,2,0,17,0,3,4,158.43,0
58951,3,Phone,2,13,COD,Male,3,1,Mobile Phone,5,Divorced,4,0,15,3,6,12,168.56,0
58952,20,Mobile Phone,2,20,COD,Female,2,2,Mobile Phone,4,Divorced,10,0,24,4,8,8,216.09,0
58953,0,Computer,2,11,Debit Card,Male,2,2,Mobile Phone,2,Divorced,6,1,19,4,6,22,115.88,0
58954,9,Computer,3,20,E Wallet,Female,4,4,Fashion,4,Divorced,2,0,26,2,6,16,155.84,1
58955,4,Mobile Phone,2,10,Debit Card,Male,3,4,Laptop & Accessory,1,Married,1,1,11,0,3,19,160.79,1
58956,4,Phone,1,15,Credit Card,Female,1,2,Others,4,Single,1,0,12,0,4,3,143.93,0
58957,12,Mobile Phone,3,25,UPI,Female,5,2,Grocery,3,Married,1,0,12,3,6,12,140.97,0
58958,22,Computer,1,15,E Wallet,Male,3,4,Fashion,3,Married,1,0,19,3,7,3,220.81,0
58959,11,Mobile Phone,1,20,Credit Card,Male,3,3,Fashion,4,Divorced,8,0,11,3,5,3,166.08,0
58960,23,Computer,1,7,COD,Female,3,3,Fashion,1,Married,9,0,24,2,5,6,183.36,0
58961,3,Computer,3,9,E Wallet,Male,2,3,Mobile Phone,5,Married,1,0,19,1,5,3,152.15,1
58962,8,Mobile Phone,3,19,Debit Card,Female,2,3,Laptop & Accessory,2,Single,1,0,21,3,7,13,159.25,1
58963,7,Computer,3,9,Credit Card,Female,2,3,Mobile Phone,4,Married,4,1,18,1,4,14,140.91,0
58964,0,Mobile Phone,3,11,E Wallet,Male,2,4,Grocery,2,Married,5,1,20,2,4,10,118.57,0
58965,9,Mobile Phone,1,15,Debit Card,Female,4,5,Fashion,4,Married,4,0,15,3,7,15,164.6,0
58966,12,Mobile Phone,2,19,Debit Card,Female,2,3,Grocery,5,Married,1,1,25,2,6,11,153.88,1
58967,10,Mobile Phone,2,22,UPI,Male,2,2,Grocery,4,Single,2,0,20,2,4,27,158.82,0
58968,15,Mobile Phone,3,14,Debit Card,Male,3,5,Mobile Phone,2,Single,4,0,17,1,4,6,144.96,0
58969,10,Mobile Phone,1,20,E Wallet,Female,4,4,Mobile Phone,4,Divorced,5,0,21,2,6,11,141.2,0
58970,0,Mobile Phone,3,31,Credit Card,Male,2,3,Mobile Phone,4,Married,4,0,17,1,4,9,148.27,0
58971,1,Mobile Phone,1,26,UPI,Male,4,3,Mobile Phone,5,Married,2,0,12,2,4,5,117.94,1
58972,10,Mobile Phone,3,27,UPI,Male,2,4,Others,2,Single,2,1,19,2,3,2,165.34,0
58973,3,Computer,2,15,COD,Male,2,4,Laptop & Accessory,5,Married,5,1,15,0,4,8,132.89,1
58974,0,Computer,3,22,Debit Card,Male,3,4,Laptop & Accessory,4,Single,3,0,16,1,2,0,148.31,1
58975,6,Mobile Phone,1,18,Credit Card,Female,1,5,Mobile Phone,2,Married,2,1,11,0,2,6,153.8,1
58976,9,Computer,1,23,Credit Card,Female,4,3,Grocery,3,Married,5,0,14,2,3,1,138.59,0
58977,4,Computer,1,26,COD,Male,4,2,Grocery,4,Single,5,0,25,0,3,2,144.78,0
58978,15,Computer,2,17,Debit Card,Male,3,3,Grocery,1,Married,3,1,26,3,6,1,172.92,0
58979,12,Mobile Phone,2,19,Debit Card,Female,2,4,Fashion,2,Married,5,1,15,2,5,2,166.26,1
58980,4,Mobile Phone,3,8,Debit Card,Male,2,3,Grocery,5,Married,1,0,15,2,4,0,141.4,0
58981,16,Computer,2,30,Credit Card,Female,3,4,Laptop & Accessory,1,Single,6,1,22,2,3,4,194.31,1
58982,12,Computer,1,14,E Wallet,Female,2,2,Fashion,3,Single,8,0,18,1,5,3,156.17,0
58983,12,Mobile Phone,1,27,E Wallet,Female,3,4,Mobile Phone,3,Married,1,0,25,3,6,6,173.79,1
58984,9,Mobile Phone,1,15,Debit Card,Male,1,2,Laptop & Accessory,2,Single,5,0,25,1,3,7,144.01,0
58985,0,Computer,3,16,E Wallet,Female,3,4,Laptop & Accessory,3,Divorced,4,1,12,2,6,2,138.76,0
58986,14,Computer,3,17,E Wallet,Male,2,3,Mobile Phone,5,Single,5,1,14,2,6,7,186.1,0
58987,5,Computer,3,19,Credit Card,Male,1,6,Laptop & Accessory,1,Married,2,1,20,4,7,16,145.19,1
58988,34,Mobile Phone,2,15,Credit Card,Female,3,3,Mobile Phone,2,Married,7,0,26,1,4,7,225.19,0
58989,20,Mobile Phone,1,24,E Wallet,Female,3,4,Mobile Phone,5,Married,5,0,11,1,3,13,182.0,1
58990,10,Mobile Phone,1,19,Debit Card,Female,3,1,Mobile Phone,2,Divorced,2,0,22,0,1,2,148.93,0
58991,3,Mobile Phone,2,15,COD,Female,2,4,Fashion,2,Single,4,1,18,2,6,4,150.49,1
58992,2,Mobile Phone,3,10,Debit Card,Male,1,3,Laptop & Accessory,3,Married,2,1,13,2,6,7,165.41,1
58993,4,Computer,1,13,COD,Male,2,2,Laptop & Accessory,5,Married,2,0,15,2,4,10,117.79,0
58994,7,Mobile Phone,1,20,E Wallet,Female,3,4,Laptop & Accessory,3,Married,1,0,24,0,4,3,172.71,0
58995,4,Computer,3,25,E Wallet,Male,1,2,Grocery,3,Divorced,6,1,14,3,4,8,163.35,1
58996,8,Mobile Phone,2,13,Debit Card,Male,4,2,Fashion,4,Married,2,0,12,2,4,4,143.51,1
58997,2,Mobile Phone,1,21,COD,Male,4,3,Fashion,4,Married,3,0,12,2,6,17,132.52,1
58998,45,Mobile Phone,3,15,Debit Card,Male,4,3,Mobile Phone,5,Married,3,0,14,2,3,5,255.67,0
58999,1,Mobile Phone,1,11,E Wallet,Male,4,2,Fashion,3,Married,1,0,15,2,4,3,167.99,0
59000,32,Computer,3,23,UPI,Female,3,3,Laptop & Accessory,3,Single,4,0,25,1,4,6,211.47,0
59001,29,Mobile Phone,1,17,Debit Card,Male,4,3,Laptop & Accessory,2,Divorced,4,0,13,1,2,4,187.61,0
59002,8,Mobile Phone,1,8,COD,Male,3,3,Laptop & Accessory,5,Single,2,1,14,2,5,10,164.28,0
59003,15,Mobile Phone,1,11,E Wallet,Female,2,2,Mobile Phone,4,Married,6,1,16,4,7,8,145.18,1
59004,6,Mobile Phone,1,11,E Wallet,Female,4,2,Laptop & Accessory,4,Married,10,1,25,3,6,23,149.85,0
59005,11,Computer,2,24,COD,Female,3,2,Others,2,Single,4,1,21,2,3,5,178.2,1
59006,4,Mobile Phone,2,13,Credit Card,Male,1,2,Laptop & Accessory,3,Single,4,0,15,1,3,9,114.5,1
59007,4,Computer,2,13,Credit Card,Male,4,1,Mobile Phone,1,Divorced,1,0,25,1,3,20,160.0,0
59008,10,Computer,2,10,E Wallet,Female,4,3,Fashion,3,Married,2,1,25,2,3,4,144.16,1
59009,8,Mobile Phone,1,12,Credit Card,Female,3,2,Others,1,Single,1,0,11,1,3,2,152.55,0
59010,10,Mobile Phone,1,12,Debit Card,Male,3,5,Others,2,Divorced,4,1,18,3,6,4,167.5,1
59011,4,Computer,3,28,Debit Card,Male,3,3,Laptop & Accessory,2,Single,5,0,12,1,5,11,131.76,1
59012,5,Computer,3,19,Debit Card,Male,3,3,Laptop & Accessory,4,Married,1,0,11,1,3,4,164.14,0
59013,1,Mobile Phone,1,22,Debit Card,Male,2,2,Others,1,Divorced,1,0,24,2,4,1,152.98,0
59014,0,Mobile Phone,2,27,E Wallet,Female,4,3,Mobile Phone,5,Married,5,0,21,0,4,17,133.98,0
59015,3,Mobile Phone,2,12,Debit Card,Female,2,2,Laptop & Accessory,3,Single,3,0,15,2,6,6,138.68,0
59016,0,Mobile Phone,1,11,Credit Card,Female,2,4,Others,1,Married,5,1,14,1,5,15,126.25,0
59017,1,Mobile Phone,2,22,Credit Card,Male,4,2,Mobile Phone,5,Married,2,0,24,3,7,4,174.18,0
59018,20,Mobile Phone,2,14,COD,Male,2,2,Laptop & Accessory,1,Married,1,0,13,0,1,13,188.19,1
59019,0,Mobile Phone,1,36,Credit Card,Male,4,4,Laptop & Accessory,2,Single,2,0,19,3,6,18,137.82,1
59020,12,Mobile Phone,1,10,E Wallet,Female,5,5,Mobile Phone,2,Married,2,0,18,2,6,13,138.84,1
59021,3,Mobile Phone,3,9,Credit Card,Male,2,3,Mobile Phone,5,Single,3,0,23,0,2,13,138.01,0
59022,24,Computer,1,19,Debit Card,Female,4,1,Others,2,Married,5,0,15,3,7,18,184.52,0
59023,7,Computer,1,13,Debit Card,Male,3,4,Laptop & Accessory,4,Single,2,0,20,4,5,8,138.25,1
59024,4,Phone,3,15,Credit Card,Female,2,4,Laptop & Accessory,1,Single,4,0,20,1,4,2,142.32,1
59025,8,Mobile Phone,3,13,Debit Card,Male,3,2,Laptop & Accessory,5,Single,3,0,25,0,3,10,146.42,0
59026,5,Computer,1,15,Credit Card,Female,4,1,Mobile Phone,5,Married,2,0,21,2,5,2,159.19,0
59027,9,Mobile Phone,3,20,Credit Card,Female,3,4,Mobile Phone,3,Single,2,0,20,4,8,13,142.89,0
59028,1,Computer,2,14,E Wallet,Female,3,2,Mobile Phone,2,Married,2,0,18,1,5,19,171.12,1
59029,61,Mobile Phone,1,13,Debit Card,Female,2,3,Mobile Phone,2,Married,4,0,15,2,4,10,293.93,0
59030,6,Mobile Phone,2,14,Credit Card,Female,3,1,Grocery,2,Single,1,0,13,2,6,4,167.73,0
59031,5,Phone,3,6,Debit Card,Male,2,3,Fashion,4,Married,3,0,19,1,5,7,176.92,0
59032,14,Computer,1,22,E Wallet,Female,2,1,Mobile Phone,3,Divorced,1,0,20,1,5,5,177.55,0
59033,5,Phone,2,23,Credit Card,Female,3,3,Mobile Phone,1,Single,1,0,23,2,5,2,143.72,0
59034,21,Mobile Phone,2,26,E Wallet,Male,3,4,Laptop & Accessory,3,Divorced,1,1,18,1,5,5,173.92,1
59035,7,Mobile Phone,2,15,UPI,Female,2,3,Grocery,3,Married,2,0,20,0,4,1,149.27,0
59036,15,Mobile Phone,2,15,Credit Card,Male,3,4,Laptop & Accessory,1,Married,5,0,22,3,5,5,182.29,0
59037,1,Computer,2,33,Debit Card,Female,2,3,Laptop & Accessory,3,Married,1,0,25,0,1,17,132.01,1
59038,22,Computer,1,10,UPI,Male,4,3,Mobile Phone,4,Single,5,1,25,2,4,2,182.42,1
59039,15,Phone,2,28,Credit Card,Male,3,3,Laptop & Accessory,3,Married,5,1,22,2,5,4,170.26,0
59040,2,Mobile Phone,2,30,E Wallet,Male,3,2,Fashion,2,Married,2,1,15,2,3,7,153.84,0
59041,1,Computer,3,12,Credit Card,Male,3,2,Mobile Phone,3,Married,5,1,24,1,5,18,128.56,1
59042,4,Mobile Phone,2,12,Debit Card,Male,2,2,Mobile Phone,3,Married,5,1,17,3,5,1,163.74,1
59043,44,Mobile Phone,2,11,E Wallet,Female,3,2,Others,4,Married,4,0,21,1,3,4,253.33,0
59044,3,Mobile Phone,3,11,Debit Card,Female,4,3,Fashion,1,Married,5,1,15,2,3,4,124.98,1
59045,7,Mobile Phone,1,15,UPI,Female,4,2,Fashion,3,Married,1,0,21,0,2,5,166.15,0
59046,0,Mobile Phone,1,14,Credit Card,Female,3,3,Fashion,5,Married,2,1,22,2,4,4,151.71,1
59047,6,Mobile Phone,1,30,Debit Card,Male,5,3,Laptop & Accessory,4,Married,2,0,11,0,3,1,144.43,0
59048,10,Mobile Phone,1,13,Credit Card,Male,3,4,Laptop & Accessory,1,Single,4,0,13,3,7,4,196.38,0
59049,36,Mobile Phone,2,32,E Wallet,Male,2,3,Fashion,3,Divorced,4,0,23,3,4,2,200.89,0
59050,8,Mobile Phone,1,23,UPI,Male,3,3,Mobile Phone,1,Single,5,0,21,2,3,16,153.37,0
59051,20,Mobile Phone,1,10,Credit Card,Male,4,4,Laptop & Accessory,4,Married,2,1,23,5,8,4,182.16,0
59052,9,Mobile Phone,1,24,Debit Card,Female,2,3,Grocery,1,Married,3,0,17,6,7,3,144.18,0
59053,0,Phone,2,17,Credit Card,Male,2,3,Mobile Phone,3,Married,1,0,25,4,5,6,141.9,1
59054,4,Phone,3,20,UPI,Male,5,3,Mobile Phone,5,Married,10,1,26,1,3,12,118.58,1
59055,10,Mobile Phone,3,12,Credit Card,Male,4,3,Mobile Phone,1,Married,2,0,20,2,3,12,146.94,0
59056,36,Phone,1,23,Credit Card,Male,1,2,Fashion,2,Married,3,1,23,1,5,3,221.36,0
59057,23,Computer,2,21,Credit Card,Female,3,2,Laptop & Accessory,4,Married,3,0,12,5,6,5,206.51,0
59058,3,Mobile Phone,1,15,UPI,Female,2,1,Laptop & Accessory,3,Single,2,0,20,1,4,5,116.62,0
59059,2,Mobile Phone,1,7,Credit Card,Female,2,3,Others,4,Single,2,0,19,1,3,5,113.27,0
59060,2,Phone,3,24,Debit Card,Male,1,2,Laptop & Accessory,5,Married,4,0,14,3,6,13,163.61,1
59061,30,Computer,2,10,Debit Card,Female,2,4,Fashion,5,Married,2,0,13,3,6,11,229.51,0
59062,22,Computer,1,13,Debit Card,Female,3,3,Laptop & Accessory,2,Single,4,1,14,2,5,11,167.17,0
59063,17,Computer,2,10,COD,Male,1,4,Mobile Phone,2,Divorced,4,1,15,2,4,8,175.15,0
59064,5,Mobile Phone,1,15,UPI,Female,4,4,Mobile Phone,1,Married,4,1,16,1,3,2,170.84,1
59065,8,Mobile Phone,1,20,E Wallet,Female,4,3,Fashion,3,Married,1,0,14,0,3,1,159.5,1
59066,7,Mobile Phone,2,31,Credit Card,Male,2,2,Laptop & Accessory,4,Married,8,0,17,0,3,3,155.2,0
59067,3,Mobile Phone,1,12,E Wallet,Male,2,5,Fashion,2,Married,4,0,14,2,5,7,139.72,1
59068,8,Mobile Phone,3,10,Debit Card,Female,5,6,Fashion,4,Divorced,3,1,22,1,4,2,159.69,1
59069,0,Mobile Phone,2,16,E Wallet,Male,3,2,Laptop & Accessory,3,Married,2,0,26,1,4,3,136.98,0
59070,1,Mobile Phone,3,24,UPI,Female,3,4,Fashion,3,Married,1,0,16,1,5,5,132.01,1
59071,26,Mobile Phone,3,14,Debit Card,Female,2,1,Laptop & Accessory,3,Single,4,1,21,4,8,5,217.13,0
59072,16,Mobile Phone,2,16,Debit Card,Female,2,1,Laptop & Accessory,4,Married,2,1,15,1,2,13,163.44,1
59073,6,Mobile Phone,2,8,Debit Card,Male,4,3,Mobile Phone,2,Divorced,6,0,19,2,3,2,148.9,1
59074,8,Mobile Phone,1,14,Debit Card,Male,3,2,Mobile Phone,4,Married,7,0,12,4,8,15,175.03,0
59075,5,Mobile Phone,2,9,E Wallet,Female,5,4,Fashion,3,Divorced,1,0,23,4,6,9,166.43,1
59076,16,Computer,1,15,Credit Card,Male,5,3,Laptop & Accessory,4,Married,3,1,19,2,5,18,189.99,1
59077,18,Phone,1,18,E Wallet,Female,2,4,Fashion,2,Single,2,0,19,2,3,4,167.23,0
59078,17,Mobile Phone,2,42,E Wallet,Male,5,2,Laptop & Accessory,2,Married,2,0,19,3,6,4,174.99,0
59079,15,Mobile Phone,3,17,UPI,Female,5,4,Mobile Phone,3,Married,3,0,21,3,7,11,146.83,0
59080,2,Computer,3,17,UPI,Male,4,2,Others,4,Single,4,0,19,2,3,12,133.72,0
59081,4,Mobile Phone,1,16,Credit Card,Female,2,3,Mobile Phone,2,Married,3,0,11,1,2,22,162.9,0
59082,7,Computer,2,12,Debit Card,Male,2,3,Mobile Phone,5,Married,4,0,23,2,6,8,168.18,0
59083,4,Mobile Phone,3,37,Debit Card,Female,2,1,Fashion,1,Single,7,1,18,1,2,1,110.75,1
59084,16,Computer,1,22,Credit Card,Female,1,5,Laptop & Accessory,1,Married,2,0,19,5,7,2,185.65,1
59085,4,Phone,1,22,Debit Card,Male,4,2,Fashion,3,Single,2,0,16,1,3,3,157.38,0
59086,1,Computer,1,24,COD,Male,4,4,Laptop & Accessory,4,Single,4,1,18,4,5,4,153.01,1
59087,6,Mobile Phone,3,12,Credit Card,Male,4,3,Fashion,1,Married,1,0,17,1,4,5,160.1,0
59088,46,Computer,1,18,UPI,Female,4,1,Fashion,3,Married,1,1,20,3,4,8,259.46,0
59089,3,Computer,1,15,E Wallet,Female,3,4,Laptop & Accessory,3,Single,1,0,23,3,5,7,127.65,0
59090,11,Computer,2,9,UPI,Male,3,2,Grocery,4,Married,3,0,22,1,4,10,163.53,0
59091,6,Mobile Phone,3,7,UPI,Female,3,2,Fashion,2,Single,3,0,26,0,3,5,172.75,1
59092,0,Computer,3,19,Debit Card,Male,2,1,Laptop & Accessory,3,Divorced,2,1,20,0,4,9,123.62,0
59093,8,Mobile Phone,2,18,E Wallet,Female,3,2,Grocery,5,Single,3,0,11,1,5,3,167.4,1
59094,14,Mobile Phone,3,15,Debit Card,Male,2,3,Grocery,1,Single,7,0,11,1,5,10,176.16,0
59095,8,Computer,1,28,COD,Male,2,2,Fashion,5,Divorced,5,0,23,0,1,3,114.09,0
59096,24,Mobile Phone,1,14,E Wallet,Male,3,3,Mobile Phone,2,Single,2,0,22,3,5,8,190.16,0
59097,4,Computer,3,25,Debit Card,Male,3,4,Mobile Phone,1,Married,7,0,19,2,3,4,143.15,1
59098,1,Computer,2,7,COD,Male,3,5,Fashion,2,Married,2,1,14,2,4,7,135.4,1
59099,33,Mobile Phone,1,15,Debit Card,Male,3,4,Mobile Phone,3,Married,3,0,17,2,5,3,240.02,0
59100,5,Computer,2,19,Credit Card,Male,1,2,Fashion,3,Married,4,0,21,4,5,6,139.24,1
59101,10,Phone,3,44,E Wallet,Male,5,3,Fashion,1,Divorced,3,0,18,1,4,12,171.62,1
59102,18,Mobile Phone,3,19,COD,Male,4,3,Laptop & Accessory,3,Married,5,1,12,1,2,1,179.74,0
59103,4,Computer,3,7,COD,Male,4,4,Laptop & Accessory,1,Married,3,0,18,1,2,27,134.66,1
59104,15,Mobile Phone,2,16,Credit Card,Male,4,3,Laptop & Accessory,1,Married,2,0,16,3,6,8,176.64,0
59105,1,Mobile Phone,3,17,Credit Card,Female,2,3,Laptop & Accessory,4,Single,3,1,12,1,4,9,147.72,0
59106,4,Mobile Phone,2,15,Debit Card,Male,4,2,Fashion,3,Married,6,1,20,2,3,16,133.32,1
59107,1,Mobile Phone,2,15,Credit Card,Male,5,3,Grocery,3,Married,4,0,25,2,6,6,130.61,1
59108,20,Mobile Phone,3,14,Debit Card,Female,1,2,Fashion,3,Single,2,1,23,3,5,40,188.13,0
59109,3,Phone,2,9,E Wallet,Male,2,3,Others,3,Single,1,1,20,2,6,5,136.37,1
59110,15,Computer,1,12,Credit Card,Female,5,4,Laptop & Accessory,2,Single,3,0,16,4,5,10,169.78,0
59111,34,Mobile Phone,1,25,E Wallet,Female,2,5,Others,4,Married,1,0,19,5,7,8,238.71,0
59112,9,Mobile Phone,2,16,Debit Card,Female,4,4,Mobile Phone,2,Single,3,0,25,3,7,7,165.26,1
59113,9,Mobile Phone,1,13,Credit Card,Male,1,4,Mobile Phone,3,Married,2,1,14,3,5,4,156.95,1
59114,7,Mobile Phone,1,16,Debit Card,Female,3,3,Laptop & Accessory,1,Single,5,0,26,1,3,6,152.98,1
59115,4,Mobile Phone,1,19,Credit Card,Female,3,3,Mobile Phone,1,Married,1,0,21,3,6,9,154.0,1
59116,7,Mobile Phone,1,8,Credit Card,Female,4,3,Fashion,1,Married,9,0,17,1,3,13,165.76,0
59117,11,Mobile Phone,3,22,Credit Card,Female,3,1,Laptop & Accessory,3,Married,1,0,17,1,2,3,143.68,0
59118,51,Mobile Phone,1,19,Credit Card,Male,1,4,Others,1,Single,3,0,16,1,4,7,260.6,0
59119,33,Computer,1,7,E Wallet,Female,3,1,Others,4,Divorced,3,0,19,3,5,2,222.83,0
59120,23,Computer,2,26,Credit Card,Male,2,2,Grocery,2,Divorced,4,0,26,1,3,2,176.46,0
59121,26,Mobile Phone,3,11,Debit Card,Female,3,1,Mobile Phone,4,Married,2,0,13,2,5,7,215.22,0
59122,7,Mobile Phone,1,21,Credit Card,Male,3,1,Grocery,4,Single,2,0,16,2,6,18,173.63,0
59123,12,Mobile Phone,1,18,Credit Card,Female,2,1,Laptop & Accessory,2,Married,1,0,25,5,6,6,126.65,0
59124,27,Phone,3,23,Debit Card,Male,3,3,Others,3,Married,4,0,18,1,2,7,205.42,0
59125,5,Computer,1,14,Debit Card,Female,2,4,Grocery,4,Single,2,0,19,2,3,10,140.58,1
59126,39,Computer,3,27,Debit Card,Male,4,4,Fashion,3,Single,7,0,17,5,8,3,233.13,0
59127,6,Phone,1,23,Debit Card,Male,2,3,Fashion,1,Single,3,1,18,2,4,5,179.32,0
59128,11,Mobile Phone,1,7,Debit Card,Female,3,4,Mobile Phone,2,Divorced,4,1,17,5,8,4,146.99,0
59129,14,Phone,1,15,Debit Card,Female,4,3,Others,3,Single,1,1,15,1,4,28,154.4,0
59130,36,Mobile Phone,1,25,Debit Card,Female,4,5,Laptop & Accessory,4,Married,5,0,13,1,3,11,214.77,0
59131,3,Mobile Phone,3,10,UPI,Male,3,3,Grocery,1,Single,1,1,18,2,4,6,150.15,0
59132,16,Computer,3,17,Credit Card,Female,2,1,Laptop & Accessory,2,Married,1,1,16,2,4,10,178.09,0
59133,8,Mobile Phone,3,12,Credit Card,Female,3,4,Grocery,5,Divorced,4,0,25,3,5,8,151.28,0
59134,3,Computer,3,17,Debit Card,Male,4,4,Laptop & Accessory,2,Married,2,1,14,1,3,6,149.72,1
59135,17,Mobile Phone,3,15,COD,Male,2,2,Laptop & Accessory,3,Married,1,0,23,3,7,2,203.95,0
59136,9,Computer,2,9,Credit Card,Male,2,2,Laptop & Accessory,4,Single,2,0,18,1,2,5,135.37,0
59137,12,Mobile Phone,3,20,E Wallet,Female,3,3,Others,3,Single,1,0,20,2,3,2,149.02,0
59138,4,Mobile Phone,1,6,E Wallet,Female,3,3,Laptop & Accessory,2,Married,3,0,15,1,2,1,158.8,0
59139,7,Phone,1,10,Credit Card,Female,2,4,Mobile Phone,5,Single,9,0,22,2,6,1,144.56,0
59140,11,Computer,2,15,COD,Female,3,3,Laptop & Accessory,3,Divorced,1,0,21,2,5,12,168.88,0
59141,6,Phone,3,23,Debit Card,Female,1,3,Others,3,Divorced,4,0,17,3,7,13,134.66,0
59142,2,Computer,2,16,Credit Card,Male,2,2,Fashion,4,Single,2,0,15,1,5,3,160.43,1
59143,39,Computer,3,7,Debit Card,Male,4,5,Mobile Phone,1,Single,4,0,12,2,5,0,241.84,0
59144,8,Computer,2,15,E Wallet,Male,3,3,Others,5,Married,2,0,22,3,4,18,141.0,0
59145,15,Mobile Phone,3,7,Debit Card,Female,1,3,Fashion,4,Single,4,0,26,1,5,13,176.03,1
59146,6,Mobile Phone,3,12,Credit Card,Female,5,3,Fashion,3,Married,3,1,20,2,6,9,134.82,1
59147,5,Mobile Phone,1,13,Debit Card,Female,2,2,Mobile Phone,2,Single,4,1,24,2,6,1,139.99,0
59148,6,Computer,3,14,Credit Card,Male,2,2,Mobile Phone,5,Married,3,0,14,2,6,5,126.7,0
59149,6,Mobile Phone,2,24,Debit Card,Male,5,3,Fashion,5,Married,4,0,18,2,5,7,137.8,0
59150,9,Phone,2,20,COD,Female,2,2,Laptop & Accessory,1,Single,3,1,19,0,2,2,158.88,1
59151,9,Mobile Phone,3,24,Debit Card,Female,5,2,Mobile Phone,5,Divorced,2,0,19,4,5,6,165.34,0
59152,8,Computer,2,23,E Wallet,Female,3,4,Others,3,Single,4,1,17,2,5,3,160.86,0
59153,1,Mobile Phone,2,17,E Wallet,Male,3,2,Fashion,4,Divorced,3,0,21,1,4,2,129.75,0
59154,8,Mobile Phone,2,8,UPI,Female,3,3,Mobile Phone,3,Single,2,0,11,2,6,11,166.49,0
59155,2,Phone,1,16,UPI,Male,3,3,Laptop & Accessory,3,Married,10,0,25,2,4,4,112.48,1
59156,1,Mobile Phone,2,23,COD,Female,4,4,Mobile Phone,3,Divorced,1,0,25,1,5,13,124.07,1
59157,32,Mobile Phone,1,11,Debit Card,Female,1,2,Mobile Phone,5,Single,4,0,17,1,2,23,196.45,0
59158,11,Mobile Phone,3,11,Debit Card,Male,4,3,Fashion,3,Married,2,1,24,5,6,1,150.3,0
59159,12,Mobile Phone,1,11,Credit Card,Female,5,3,Others,2,Single,2,0,20,4,5,3,172.67,1
59160,6,Mobile Phone,2,16,Credit Card,Female,3,4,Mobile Phone,3,Single,5,0,24,2,4,11,130.38,0
59161,28,Computer,3,16,Credit Card,Female,2,3,Mobile Phone,1,Single,4,0,16,1,5,10,170.7,0
59162,12,Mobile Phone,3,20,E Wallet,Female,2,2,Laptop & Accessory,2,Married,1,0,11,2,3,4,168.06,0
59163,17,Computer,3,23,Debit Card,Male,2,2,Fashion,2,Married,4,0,14,1,3,2,174.69,0
59164,5,Mobile Phone,2,23,Debit Card,Female,2,1,Mobile Phone,3,Married,1,0,25,0,1,13,128.47,0
59165,38,Computer,1,11,E Wallet,Male,2,4,Fashion,3,Single,1,1,15,3,4,4,235.49,0
59166,20,Computer,1,17,UPI,Male,3,3,Laptop & Accessory,4,Single,2,0,23,3,4,1,181.23,0
59167,23,Mobile Phone,1,10,E Wallet,Female,3,1,Mobile Phone,2,Married,9,0,16,2,4,15,204.72,0
59168,2,Mobile Phone,3,26,Debit Card,Male,4,1,Others,5,Single,2,0,19,2,3,7,132.82,1
59169,3,Mobile Phone,1,17,COD,Male,3,5,Laptop & Accessory,2,Married,3,0,14,2,6,5,137.1,1
59170,4,Computer,2,16,Credit Card,Female,2,4,Mobile Phone,1,Single,4,0,16,0,2,14,147.52,0
59171,3,Computer,1,34,E Wallet,Female,2,2,Mobile Phone,2,Married,2,1,20,2,4,4,128.84,0
59172,23,Phone,2,7,Debit Card,Female,3,3,Mobile Phone,3,Married,6,0,14,4,8,1,190.81,0
59173,0,Mobile Phone,2,19,Credit Card,Female,3,3,Laptop & Accessory,4,Divorced,3,0,13,1,3,12,107.52,0
59174,0,Mobile Phone,3,15,Credit Card,Female,3,3,Others,2,Married,5,0,20,2,5,19,121.06,0
59175,3,Mobile Phone,1,14,COD,Male,2,2,Mobile Phone,4,Married,3,0,17,1,3,6,114.97,1
59176,2,Mobile Phone,1,11,Credit Card,Female,4,3,Laptop & Accessory,2,Married,6,1,25,0,2,6,141.88,1
59177,3,Mobile Phone,1,15,E Wallet,Male,2,2,Laptop & Accessory,2,Married,5,0,16,1,5,1,137.69,0
59178,19,Mobile Phone,1,16,E Wallet,Male,1,1,Mobile Phone,1,Married,2,0,12,5,8,6,192.5,0
59179,9,Computer,2,19,Debit Card,Female,3,2,Laptop & Accessory,4,Married,1,0,12,4,5,4,167.16,0
59180,0,Mobile Phone,1,16,Credit Card,Female,3,1,Laptop & Accessory,2,Single,1,1,17,1,2,1,126.42,0
59181,6,Computer,1,24,Credit Card,Female,3,3,Mobile Phone,2,Married,3,1,18,1,3,5,144.13,1
59182,6,Mobile Phone,3,13,E Wallet,Female,1,3,Fashion,5,Married,1,1,20,2,3,4,145.42,1
59183,1,Phone,2,34,Credit Card,Male,2,2,Fashion,3,Single,3,1,12,2,3,20,133.46,1
59184,13,Phone,1,15,UPI,Female,2,3,Mobile Phone,5,Married,5,0,25,3,4,11,135.3,0
59185,14,Phone,1,11,E Wallet,Female,3,2,Laptop & Accessory,2,Married,5,0,22,1,2,2,139.5,0
59186,15,Computer,1,11,Debit Card,Male,3,2,Others,4,Married,7,0,25,3,5,9,167.76,0
59187,15,Computer,2,6,E Wallet,Male,3,2,Mobile Phone,2,Married,1,1,23,0,3,0,176.45,1
59188,0,Computer,2,19,COD,Female,4,3,Laptop & Accessory,2,Married,5,0,21,1,3,15,136.3,1
59189,36,Mobile Phone,2,16,E Wallet,Male,1,2,Mobile Phone,4,Married,1,0,16,2,5,2,228.1,0
59190,20,Computer,1,19,Credit Card,Female,3,3,Fashion,5,Single,10,0,16,2,3,4,200.39,0
59191,28,Computer,2,8,Credit Card,Female,2,2,Laptop & Accessory,5,Married,1,0,24,2,5,3,238.69,0
59192,0,Phone,2,28,Debit Card,Female,3,4,Laptop & Accessory,4,Married,10,0,26,2,3,11,124.83,0
59193,32,Mobile Phone,2,20,E Wallet,Male,3,1,Laptop & Accessory,3,Married,2,1,22,1,4,12,247.47,1
59194,19,Mobile Phone,3,9,Credit Card,Male,3,3,Fashion,1,Married,4,0,14,2,3,15,176.45,0
59195,21,Computer,1,8,Debit Card,Male,2,4,Grocery,2,Married,1,0,21,3,4,3,217.05,0
59196,1,Phone,1,12,Credit Card,Male,2,4,Laptop & Accessory,2,Married,1,1,20,3,6,10,130.65,0
59197,16,Mobile Phone,3,25,Debit Card,Male,4,2,Laptop & Accessory,2,Divorced,4,0,21,3,4,7,156.24,0
59198,38,Mobile Phone,1,27,Credit Card,Female,4,2,Mobile Phone,5,Divorced,3,0,18,3,5,14,211.54,0
59199,13,Mobile Phone,1,19,Debit Card,Female,2,3,Laptop & Accessory,1,Single,6,1,11,0,1,12,159.56,0
59200,10,Mobile Phone,3,11,UPI,Male,3,3,Others,3,Divorced,4,0,20,2,6,5,158.77,0
59201,34,Mobile Phone,2,10,E Wallet,Male,2,4,Grocery,5,Married,3,0,11,1,5,17,222.25,0
59202,7,Mobile Phone,3,15,E Wallet,Male,3,3,Laptop & Accessory,1,Single,4,0,23,2,4,11,144.67,1
59203,10,Computer,1,11,Credit Card,Female,3,4,Others,4,Single,2,0,26,0,3,2,140.37,0
59204,7,Mobile Phone,1,25,Debit Card,Male,2,3,Laptop & Accessory,3,Divorced,4,0,20,1,2,5,142.32,0
59205,32,Mobile Phone,1,19,Debit Card,Male,3,3,Mobile Phone,3,Divorced,5,1,21,0,3,5,197.69,1
59206,0,Computer,2,12,E Wallet,Male,4,3,Mobile Phone,5,Divorced,4,0,19,2,3,4,162.78,1
59207,8,Phone,1,7,E Wallet,Female,2,4,Laptop & Accessory,2,Married,1,0,22,1,5,4,167.09,0
59208,13,Phone,2,10,Credit Card,Female,4,2,Fashion,2,Single,3,1,19,3,4,15,178.83,0
59209,18,Mobile Phone,1,15,Debit Card,Female,2,2,Laptop & Accessory,4,Single,2,1,22,0,2,7,168.87,0
59210,10,Phone,1,13,Debit Card,Male,4,4,Laptop & Accessory,2,Divorced,3,0,18,2,6,5,147.91,0
59211,28,Mobile Phone,2,9,E Wallet,Male,1,4,Fashion,2,Married,2,0,24,0,1,0,212.92,0
59212,34,Computer,3,21,Debit Card,Female,2,4,Laptop & Accessory,5,Single,3,0,11,4,5,11,210.59,0
59213,0,Computer,3,13,Debit Card,Male,2,1,Mobile Phone,2,Single,5,0,17,1,3,15,130.44,1
59214,6,Mobile Phone,3,12,Debit Card,Female,4,3,Fashion,3,Single,2,0,13,1,2,18,155.11,1
59215,0,Mobile Phone,2,20,Credit Card,Female,3,3,Laptop & Accessory,4,Single,6,0,16,1,4,2,134.26,0
59216,4,Mobile Phone,1,15,COD,Female,3,4,Mobile Phone,3,Married,2,0,24,1,5,11,125.55,0
59217,9,Computer,1,15,Debit Card,Male,2,3,Mobile Phone,2,Single,3,1,25,4,7,6,138.29,0
59218,29,Mobile Phone,2,18,Credit Card,Female,2,3,Mobile Phone,3,Single,4,0,14,2,6,14,208.38,0
59219,22,Computer,1,25,E Wallet,Male,3,2,Laptop & Accessory,3,Married,5,0,17,1,4,6,187.29,0
59220,1,Mobile Phone,1,20,UPI,Female,2,4,Mobile Phone,1,Married,4,0,23,1,4,13,140.56,0
59221,1,Mobile Phone,1,9,E Wallet,Male,4,5,Mobile Phone,2,Married,5,0,16,0,3,7,148.12,0
59222,10,Phone,2,42,UPI,Male,3,3,Laptop & Accessory,3,Single,5,0,24,0,4,6,129.4,1
59223,9,Computer,1,15,Credit Card,Male,2,3,Laptop & Accessory,1,Married,2,1,20,0,4,1,164.68,1
59224,3,Phone,1,6,Credit Card,Male,1,2,Others,3,Married,2,0,19,4,7,13,143.34,0
59225,27,Mobile Phone,2,11,E Wallet,Male,2,2,Others,1,Single,1,0,23,4,6,1,214.75,0
59226,31,Mobile Phone,1,11,COD,Male,2,3,Others,3,Single,2,0,13,2,3,13,203.1,0
59227,6,Mobile Phone,2,26,Credit Card,Female,2,2,Mobile Phone,1,Married,1,0,13,2,3,4,134.12,1
59228,26,Mobile Phone,3,16,E Wallet,Female,2,3,Laptop & Accessory,4,Married,4,0,11,4,7,18,208.67,0
59229,5,Mobile Phone,1,16,Credit Card,Male,4,3,Fashion,5,Single,4,0,26,0,4,2,126.79,0
59230,16,Computer,3,17,Credit Card,Male,1,3,Others,3,Married,4,0,11,2,4,2,197.49,0
59231,7,Mobile Phone,1,19,E Wallet,Female,4,2,Laptop & Accessory,1,Married,1,0,18,2,4,6,144.89,0
59232,1,Mobile Phone,2,18,E Wallet,Female,3,4,Laptop & Accessory,5,Married,2,0,25,3,4,3,127.33,0
59233,31,Mobile Phone,2,10,Credit Card,Female,4,1,Fashion,4,Married,3,0,11,1,3,21,230.55,0
59234,7,Computer,3,29,Debit Card,Female,3,3,Laptop & Accessory,5,Married,5,1,26,0,2,4,145.28,0
59235,15,Computer,2,7,Credit Card,Male,2,4,Mobile Phone,3,Divorced,5,0,22,2,6,5,161.0,0
59236,5,Mobile Phone,1,26,Debit Card,Female,5,4,Mobile Phone,3,Single,2,0,11,2,6,8,167.7,0
59237,0,Mobile Phone,2,7,Debit Card,Female,2,4,Laptop & Accessory,3,Single,2,1,25,3,4,7,131.66,1
59238,1,Mobile Phone,1,11,UPI,Female,2,2,Fashion,3,Married,3,0,18,2,3,8,128.79,0
59239,8,Phone,2,15,Debit Card,Male,5,4,Laptop & Accessory,2,Single,1,0,21,1,3,3,134.64,0
59240,14,Phone,1,14,E Wallet,Male,2,3,Laptop & Accessory,4,Divorced,2,0,17,3,5,5,173.86,0
59241,4,Computer,2,10,COD,Female,3,2,Fashion,2,Single,1,0,22,1,3,4,138.84,1
59242,14,Mobile Phone,1,19,Debit Card,Male,5,3,Fashion,4,Married,4,0,14,2,5,13,179.4,0
59243,14,Mobile Phone,3,13,Debit Card,Male,3,2,Mobile Phone,5,Single,10,0,15,0,1,16,148.5,1
59244,14,Computer,2,21,E Wallet,Male,3,3,Laptop & Accessory,3,Single,1,0,11,2,3,3,180.61,0
59245,8,Phone,1,12,Debit Card,Female,3,3,Fashion,2,Married,1,0,17,1,4,6,147.24,0
59246,29,Phone,3,11,UPI,Male,3,2,Grocery,1,Single,2,0,19,3,4,19,232.56,0
59247,8,Computer,2,16,Debit Card,Female,4,3,Laptop & Accessory,4,Single,3,0,17,4,6,12,151.83,0
59248,7,Mobile Phone,1,22,UPI,Female,3,2,Others,3,Divorced,2,1,16,1,3,7,142.04,0
59249,2,Phone,1,21,Debit Card,Male,3,2,Mobile Phone,4,Married,1,1,24,1,3,9,134.94,0
59250,4,Computer,2,9,COD,Male,3,1,Mobile Phone,5,Single,1,0,25,2,5,5,176.25,0
59251,0,Computer,1,15,UPI,Male,3,3,Mobile Phone,3,Married,2,1,24,1,2,3,162.1,1
59252,12,Mobile Phone,3,22,Credit Card,Female,4,1,Fashion,4,Married,2,1,25,3,5,6,171.81,0
59253,3,Mobile Phone,1,13,E Wallet,Female,1,2,Fashion,1,Single,4,0,12,0,1,4,126.21,1
59254,4,Mobile Phone,1,23,Debit Card,Male,2,2,Fashion,1,Married,8,0,25,5,9,8,135.53,0
59255,17,Mobile Phone,3,26,Debit Card,Female,3,4,Fashion,3,Married,2,1,25,1,3,7,173.66,0
59256,4,Mobile Phone,3,25,Credit Card,Female,1,3,Others,3,Single,3,0,19,3,6,2,163.65,0
59257,3,Computer,1,21,Credit Card,Female,4,3,Grocery,5,Divorced,4,0,14,3,7,3,154.58,1
59258,2,Mobile Phone,3,14,UPI,Female,4,2,Fashion,3,Married,2,0,25,0,3,14,114.24,0
59259,17,Mobile Phone,1,14,Credit Card,Female,2,3,Laptop & Accessory,5,Divorced,3,0,23,2,3,3,165.19,0
59260,1,Mobile Phone,3,12,E Wallet,Female,2,2,Laptop & Accessory,4,Divorced,2,0,22,3,7,3,166.0,0
59261,7,Mobile Phone,3,17,E Wallet,Male,3,6,Laptop & Accessory,5,Married,10,0,12,1,4,7,152.01,0
59262,8,Phone,1,19,UPI,Male,2,3,Grocery,5,Single,2,1,22,2,3,16,167.49,0
59263,13,Mobile Phone,1,21,E Wallet,Male,4,4,Fashion,3,Married,4,0,19,2,6,9,171.44,0
59264,12,Mobile Phone,1,16,COD,Female,2,2,Laptop & Accessory,1,Single,1,1,19,2,3,4,152.18,0
59265,19,Phone,1,14,Debit Card,Female,4,3,Fashion,3,Single,2,0,25,3,5,0,164.98,0
59266,0,Computer,1,16,Debit Card,Female,3,3,Mobile Phone,2,Single,4,0,16,4,7,5,145.51,1
59267,4,Mobile Phone,3,10,COD,Female,3,4,Mobile Phone,4,Married,2,1,18,1,4,2,159.18,1
59268,3,Computer,1,21,E Wallet,Female,2,3,Fashion,2,Married,2,1,15,3,7,3,157.36,1
59269,1,Computer,2,21,Debit Card,Female,5,1,Laptop & Accessory,3,Married,2,1,14,2,3,11,144.48,0
59270,4,Computer,3,10,COD,Male,2,2,Mobile Phone,1,Married,1,0,20,2,3,2,122.51,0
59271,4,Mobile Phone,2,18,UPI,Male,2,2,Mobile Phone,1,Single,2,1,11,1,5,6,142.73,1
59272,8,Phone,2,9,Debit Card,Female,1,2,Fashion,3,Single,1,1,14,0,1,13,170.63,0
59273,13,Mobile Phone,1,24,UPI,Female,3,1,Grocery,4,Single,9,0,13,0,2,17,156.42,0
59274,5,Mobile Phone,2,34,E Wallet,Female,1,1,Fashion,4,Married,2,0,23,2,3,5,131.98,0
59275,15,Mobile Phone,1,19,Debit Card,Female,3,3,Fashion,3,Married,3,0,11,3,7,4,154.04,1
59276,4,Mobile Phone,3,19,E Wallet,Female,4,4,Fashion,2,Married,2,0,23,3,4,16,152.74,0
59277,4,Phone,1,13,COD,Female,3,2,Laptop & Accessory,2,Divorced,2,0,21,2,4,19,159.21,0
59278,9,Computer,2,14,E Wallet,Male,1,3,Laptop & Accessory,3,Married,4,0,15,1,3,8,141.39,0
59279,0,Mobile Phone,2,27,UPI,Male,2,4,Mobile Phone,5,Single,2,0,20,3,6,11,171.78,0
59280,0,Mobile Phone,2,14,Debit Card,Male,1,3,Mobile Phone,3,Married,1,0,14,0,1,4,141.19,0
59281,6,Mobile Phone,1,15,E Wallet,Female,4,3,Grocery,1,Married,2,0,25,2,6,12,169.58,0
59282,34,Phone,1,16,Debit Card,Male,2,2,Mobile Phone,4,Married,5,0,26,2,4,9,232.31,0
59283,15,Computer,3,16,Debit Card,Male,1,3,Grocery,4,Single,3,0,22,1,3,1,130.45,0
59284,1,Computer,1,29,Credit Card,Male,5,3,Others,5,Married,4,1,12,1,3,2,147.9,0
59285,22,Computer,1,24,E Wallet,Female,3,3,Fashion,3,Single,1,0,24,3,5,12,169.7,1
59286,15,Computer,2,28,Credit Card,Male,3,3,Laptop & Accessory,2,Single,3,1,20,3,5,1,180.88,0
59287,11,Computer,3,34,COD,Female,4,4,Laptop & Accessory,4,Married,1,1,16,1,3,9,149.36,1
59288,20,Mobile Phone,1,21,E Wallet,Male,3,5,Grocery,3,Married,1,1,13,4,5,1,152.68,1
59289,6,Computer,2,11,Debit Card,Female,2,4,Fashion,4,Single,3,0,26,1,5,6,172.98,1
59290,3,Computer,2,12,COD,Female,4,5,Mobile Phone,3,Married,3,0,15,0,3,3,140.49,1
59291,8,Computer,1,17,Debit Card,Male,2,5,Others,4,Married,2,0,17,0,1,5,123.68,0
59292,9,Phone,2,7,E Wallet,Male,3,2,Mobile Phone,3,Married,4,0,22,3,4,5,183.03,0
59293,9,Computer,3,14,Debit Card,Male,4,5,Laptop & Accessory,5,Single,5,0,16,2,5,11,167.05,1
59294,9,Computer,3,21,COD,Male,4,2,Laptop & Accessory,3,Married,3,0,26,1,4,8,126.05,0
59295,35,Phone,1,17,Credit Card,Male,3,4,Laptop & Accessory,4,Single,4,0,17,1,3,5,227.21,0
59296,27,Mobile Phone,2,13,Credit Card,Male,3,3,Mobile Phone,4,Married,5,1,16,1,4,9,186.87,1
59297,25,Mobile Phone,2,22,Credit Card,Female,1,4,Laptop & Accessory,3,Married,9,0,13,0,1,19,187.4,0
59298,19,Computer,1,11,Debit Card,Male,3,6,Others,5,Married,3,0,17,0,4,11,162.91,1
59299,34,Mobile Phone,2,24,Credit Card,Female,2,4,Laptop & Accessory,3,Married,1,0,21,7,11,14,245.26,0
59300,1,Computer,1,19,Debit Card,Female,3,4,Laptop & Accessory,3,Married,2,0,20,2,3,3,127.82,1
59301,3,Computer,1,20,UPI,Female,3,2,Fashion,2,Married,4,0,26,4,7,3,148.2,0
59302,8,Computer,1,13,COD,Female,3,4,Others,1,Married,5,0,11,0,3,14,159.7,1
59303,22,Phone,1,22,UPI,Female,1,2,Mobile Phone,1,Divorced,2,0,20,2,4,15,190.61,0
59304,8,Mobile Phone,2,18,Credit Card,Male,2,3,Mobile Phone,4,Divorced,3,0,13,0,2,5,146.83,1
59305,16,Computer,1,23,Debit Card,Female,2,3,Laptop & Accessory,3,Single,4,0,25,1,4,2,178.66,0
59306,1,Computer,2,36,Debit Card,Male,2,3,Others,3,Married,9,0,22,3,4,7,109.23,0
59307,3,Mobile Phone,1,11,Credit Card,Female,2,4,Laptop & Accessory,4,Single,2,1,11,0,2,2,132.04,1
59308,15,Mobile Phone,2,34,E Wallet,Male,4,3,Laptop & Accessory,4,Married,1,0,11,1,5,2,172.69,0
59309,2,Computer,3,20,UPI,Male,3,3,Laptop & Accessory,5,Married,7,0,23,5,7,10,158.65,1
59310,5,Computer,1,22,Credit Card,Male,4,3,Mobile Phone,3,Married,1,0,24,2,3,7,134.45,0
59311,3,Computer,2,28,COD,Female,3,3,Others,1,Single,2,0,13,2,5,21,145.23,1
59312,5,Mobile Phone,2,31,Credit Card,Male,1,3,Fashion,2,Divorced,3,1,20,3,6,10,153.15,1
59313,14,Mobile Phone,2,7,E Wallet,Male,1,1,Mobile Phone,1,Married,1,1,15,2,5,6,200.81,0
59314,5,Mobile Phone,1,14,Debit Card,Male,2,2,Laptop & Accessory,4,Single,7,1,18,1,3,13,151.38,0
59315,9,Mobile Phone,2,29,Credit Card,Male,4,5,Mobile Phone,3,Married,3,1,14,2,6,7,147.68,0
59316,1,Phone,1,12,E Wallet,Male,2,5,Mobile Phone,1,Divorced,2,0,22,6,10,14,166.64,1
59317,19,Mobile Phone,1,17,E Wallet,Male,2,3,Laptop & Accessory,1,Divorced,2,0,21,1,2,5,171.35,0
59318,5,Phone,2,14,Credit Card,Female,4,2,Laptop & Accessory,1,Married,1,0,11,2,6,5,157.34,0
59319,12,Phone,1,11,Debit Card,Male,2,1,Fashion,4,Single,5,0,15,1,5,5,150.92,0
59320,15,Phone,2,11,Credit Card,Female,3,5,Grocery,2,Single,2,0,18,2,3,10,176.14,0
59321,2,Mobile Phone,2,23,Debit Card,Male,2,4,Fashion,4,Divorced,1,0,22,3,5,6,114.15,1
59322,25,Phone,3,17,Credit Card,Male,4,3,Mobile Phone,3,Married,4,0,16,3,4,4,208.28,0
59323,11,Mobile Phone,1,9,Credit Card,Male,3,3,Laptop & Accessory,3,Married,6,0,20,2,4,12,172.36,0
59324,6,Mobile Phone,3,13,Credit Card,Female,3,5,Fashion,2,Single,3,0,24,0,4,1,132.44,0
59325,2,Mobile Phone,2,11,Credit Card,Male,4,2,Fashion,5,Married,9,0,17,1,3,12,155.12,0
59326,34,Phone,1,10,Credit Card,Female,3,3,Grocery,3,Married,3,0,13,1,5,10,210.19,0
59327,16,Mobile Phone,1,22,Credit Card,Male,4,5,Others,3,Married,1,0,20,1,3,14,155.17,0
59328,2,Mobile Phone,2,17,Credit Card,Female,5,4,Laptop & Accessory,4,Single,7,0,11,0,4,4,93.64,0
59329,4,Mobile Phone,3,16,Credit Card,Female,2,2,Laptop & Accessory,1,Married,2,0,12,1,5,6,143.82,0
59330,19,Mobile Phone,2,7,UPI,Female,2,5,Mobile Phone,3,Single,4,0,15,3,4,1,170.62,1
59331,14,Mobile Phone,2,27,Credit Card,Female,3,2,Mobile Phone,4,Divorced,3,0,16,1,4,5,171.02,0
59332,17,Computer,1,9,Credit Card,Female,3,2,Laptop & Accessory,4,Divorced,1,1,13,2,4,0,176.71,0
59333,6,Computer,1,16,COD,Female,4,1,Laptop & Accessory,2,Divorced,2,0,22,1,2,4,151.67,0
59334,15,Phone,1,18,Debit Card,Female,2,2,Fashion,3,Married,2,0,15,0,1,2,171.29,0
59335,5,Computer,3,13,E Wallet,Male,3,4,Laptop & Accessory,2,Married,4,0,25,2,3,0,128.59,1
59336,2,Phone,1,18,Credit Card,Female,3,2,Grocery,5,Married,2,0,21,2,6,0,139.89,0
59337,12,Mobile Phone,1,24,UPI,Male,3,4,Laptop & Accessory,4,Single,10,1,22,1,3,13,155.81,1
59338,44,Computer,1,17,Credit Card,Female,1,4,Mobile Phone,3,Married,5,0,18,2,4,5,230.35,0
59339,4,Computer,3,12,Credit Card,Male,2,2,Fashion,2,Married,3,1,17,0,1,2,98.58,1
59340,7,Mobile Phone,3,10,Debit Card,Male,2,3,Fashion,2,Married,3,0,12,0,3,15,156.91,1
59341,13,Computer,1,9,UPI,Male,3,4,Laptop & Accessory,5,Divorced,4,0,14,2,3,8,173.44,0
59342,9,Computer,3,24,E Wallet,Female,3,3,Mobile Phone,3,Single,7,1,16,1,4,10,162.65,0
59343,22,Computer,1,19,Debit Card,Male,2,2,Laptop & Accessory,4,Married,10,1,11,2,4,4,204.89,0
59344,17,Computer,1,21,E Wallet,Female,3,2,Mobile Phone,2,Married,5,0,22,2,5,4,181.2,0
59345,0,Mobile Phone,1,10,Debit Card,Male,4,3,Fashion,4,Single,1,1,25,1,4,1,151.26,1
59346,61,Computer,1,15,Debit Card,Male,2,3,Laptop & Accessory,2,Married,7,0,22,1,4,7,283.08,0
59347,16,Mobile Phone,1,7,Credit Card,Male,3,4,Mobile Phone,4,Single,4,0,21,5,6,5,195.82,0
59348,23,Computer,2,16,Credit Card,Female,1,1,Mobile Phone,5,Married,3,0,18,1,3,5,183.14,0
59349,12,Computer,2,21,UPI,Female,4,3,Mobile Phone,3,Married,1,0,21,2,5,9,181.19,0
59350,23,Phone,2,14,E Wallet,Female,5,4,Mobile Phone,5,Single,1,0,23,0,3,9,188.52,0
59351,1,Mobile Phone,2,25,COD,Male,2,6,Laptop & Accessory,3,Married,3,0,26,6,9,17,161.45,1
59352,5,Mobile Phone,3,8,UPI,Female,4,2,Laptop & Accessory,4,Married,4,1,17,4,8,7,141.25,0
59353,25,Mobile Phone,1,17,Credit Card,Female,1,3,Laptop & Accessory,3,Single,4,0,24,2,3,8,217.38,0
59354,2,Mobile Phone,2,12,UPI,Female,5,1,Others,1,Married,3,0,15,0,3,0,161.6,1
59355,0,Computer,2,14,UPI,Female,3,2,Laptop & Accessory,4,Single,5,0,24,2,4,11,128.84,0
59356,18,Computer,3,15,COD,Female,3,3,Mobile Phone,2,Married,3,0,16,1,5,5,147.14,0
59357,21,Computer,1,16,Debit Card,Male,4,2,Fashion,1,Divorced,2,0,16,0,3,3,178.18,0
59358,2,Computer,1,16,UPI,Female,2,3,Grocery,4,Married,2,0,21,5,6,1,103.12,0
59359,23,Mobile Phone,2,12,Debit Card,Female,2,1,Laptop & Accessory,3,Married,2,1,15,4,5,6,189.96,0
59360,13,Mobile Phone,3,7,Credit Card,Female,1,5,Fashion,5,Divorced,5,1,13,1,4,4,167.97,1
59361,8,Mobile Phone,1,16,Credit Card,Male,3,2,Fashion,1,Married,2,0,14,2,6,31,156.05,0
59362,21,Computer,2,14,COD,Male,4,2,Others,3,Single,5,0,11,1,3,1,185.88,0
59363,6,Computer,1,10,Credit Card,Male,4,3,Grocery,2,Divorced,2,1,12,2,3,6,118.4,0
59364,2,Computer,3,14,Credit Card,Male,3,3,Mobile Phone,3,Married,2,0,25,4,6,10,133.55,0
59365,4,Mobile Phone,1,18,E Wallet,Male,4,1,Mobile Phone,4,Married,1,0,26,0,3,4,134.45,0
59366,8,Mobile Phone,1,9,Debit Card,Female,2,4,Grocery,5,Married,1,1,23,1,3,11,164.79,0
59367,9,Phone,1,26,Credit Card,Male,3,4,Fashion,3,Married,1,0,25,1,5,2,167.76,0
59368,19,Mobile Phone,2,12,Credit Card,Female,1,3,Mobile Phone,3,Single,4,1,11,1,3,11,195.58,0
59369,18,Computer,1,12,Credit Card,Female,2,2,Others,2,Single,4,0,22,1,5,4,189.07,0
59370,10,Mobile Phone,3,24,Debit Card,Female,3,5,Others,4,Single,4,0,17,1,2,1,141.43,1
59371,18,Mobile Phone,3,26,Debit Card,Female,2,4,Others,5,Single,5,0,24,1,3,12,170.88,0
59372,2,Computer,1,18,Debit Card,Female,3,2,Mobile Phone,3,Married,2,1,14,0,1,3,119.17,0
59373,0,Mobile Phone,2,14,UPI,Male,4,4,Laptop & Accessory,5,Married,2,0,23,1,5,8,133.9,1
59374,24,Computer,1,17,Credit Card,Female,3,2,Mobile Phone,5,Married,7,1,20,4,5,0,167.65,0
59375,0,Computer,1,21,Credit Card,Male,2,2,Fashion,3,Single,1,0,24,0,4,7,126.93,1
59376,3,Mobile Phone,1,29,Credit Card,Male,3,3,Laptop & Accessory,3,Divorced,2,0,11,1,2,6,133.91,0
59377,14,Computer,1,12,E Wallet,Female,4,4,Mobile Phone,3,Single,7,1,21,2,3,11,175.93,0
59378,6,Computer,2,12,Debit Card,Female,3,5,Laptop & Accessory,4,Married,3,0,23,2,6,10,153.16,1
59379,25,Mobile Phone,1,17,Debit Card,Male,4,5,Fashion,4,Married,6,0,26,2,4,2,209.6,0
59380,4,Computer,3,14,Credit Card,Female,2,3,Fashion,1,Married,5,1,23,2,6,3,166.17,0
59381,0,Computer,2,8,E Wallet,Male,3,4,Mobile Phone,2,Single,7,1,25,2,4,10,142.42,0
59382,4,Mobile Phone,3,12,COD,Female,2,3,Fashion,1,Single,4,0,20,0,4,6,136.95,0
59383,10,Phone,3,10,Debit Card,Female,3,1,Fashion,4,Married,2,0,14,3,5,1,164.58,0
59384,5,Mobile Phone,3,37,UPI,Male,3,2,Others,2,Married,4,0,11,1,4,11,141.84,1
59385,9,Computer,2,17,Debit Card,Male,3,5,Fashion,1,Single,2,0,23,2,4,6,179.1,0
59386,25,Computer,2,11,Credit Card,Female,3,3,Mobile Phone,4,Married,1,0,11,0,2,4,190.85,1
59387,29,Mobile Phone,1,17,Debit Card,Male,3,4,Fashion,3,Single,2,0,15,1,5,10,206.07,0
59388,3,Mobile Phone,3,18,COD,Male,4,2,Laptop & Accessory,2,Married,2,0,23,2,4,9,158.4,0
59389,7,Mobile Phone,2,17,E Wallet,Male,2,3,Mobile Phone,4,Single,1,0,19,2,3,2,136.36,0
59390,9,Mobile Phone,3,15,Credit Card,Female,3,2,Others,3,Married,2,0,18,1,5,10,187.26,1
59391,35,Computer,1,15,Credit Card,Male,2,4,Fashion,3,Single,7,0,24,2,5,7,238.83,0
59392,61,Computer,1,20,E Wallet,Female,2,2,Others,4,Married,1,0,11,1,5,5,291.82,0
59393,3,Mobile Phone,1,17,Debit Card,Male,2,4,Mobile Phone,1,Single,8,1,21,1,4,8,134.47,1
59394,15,Computer,3,16,Debit Card,Male,3,2,Mobile Phone,2,Single,3,1,16,2,3,13,167.13,1
59395,5,Phone,1,15,UPI,Male,3,4,Laptop & Accessory,1,Married,4,0,25,0,3,2,138.22,0
59396,0,Computer,2,14,Debit Card,Male,2,3,Mobile Phone,4,Single,1,0,13,4,7,17,159.62,1
59397,0,Computer,2,19,E Wallet,Male,5,3,Laptop & Accessory,2,Married,5,1,19,2,4,6,118.83,1
59398,7,Computer,1,16,Debit Card,Male,2,2,Mobile Phone,4,Divorced,3,1,18,2,3,5,155.21,1
59399,8,Mobile Phone,2,16,Debit Card,Male,4,3,Laptop & Accessory,3,Married,1,0,17,3,6,7,146.06,0
59400,0,Mobile Phone,2,32,COD,Female,2,1,Mobile Phone,5,Single,3,1,19,3,4,9,151.31,0
59401,13,Computer,1,10,COD,Male,3,4,Others,2,Divorced,4,0,22,3,7,5,181.01,0
59402,4,Mobile Phone,2,12,E Wallet,Female,3,4,Fashion,4,Married,2,0,16,2,4,3,149.22,0
59403,9,Computer,3,46,Credit Card,Male,3,3,Laptop & Accessory,5,Divorced,2,0,25,1,2,12,156.4,1
59404,4,Computer,3,14,Credit Card,Male,3,5,Laptop & Accessory,3,Divorced,2,0,14,4,6,4,140.99,1
59405,2,Computer,2,16,Credit Card,Male,4,4,Mobile Phone,2,Divorced,3,0,11,2,4,3,138.82,1
59406,6,Mobile Phone,2,14,E Wallet,Male,3,2,Laptop & Accessory,3,Single,2,0,22,2,3,1,137.15,0
59407,3,Mobile Phone,1,18,E Wallet,Female,4,4,Others,3,Married,4,0,15,2,4,20,129.36,1
59408,9,Mobile Phone,3,13,UPI,Male,2,1,Fashion,3,Married,7,0,21,2,5,19,164.36,0
59409,2,Mobile Phone,1,7,Credit Card,Female,1,3,Fashion,3,Married,1,0,12,0,3,3,103.46,1
59410,8,Mobile Phone,2,24,UPI,Male,5,2,Fashion,2,Married,3,0,25,1,4,7,137.79,0
59411,2,Computer,1,6,Debit Card,Male,2,5,Mobile Phone,3,Divorced,3,1,18,4,8,7,156.31,1
59412,13,Mobile Phone,1,36,Debit Card,Male,1,1,Grocery,1,Divorced,2,0,16,4,6,2,155.06,0
59413,16,Mobile Phone,1,20,E Wallet,Male,2,2,Laptop & Accessory,3,Married,4,0,24,1,3,8,182.38,0
59414,1,Mobile Phone,3,11,Debit Card,Male,3,3,Mobile Phone,3,Single,3,0,24,2,3,6,126.3,0
59415,7,Mobile Phone,2,11,Credit Card,Female,3,3,Mobile Phone,5,Married,1,0,23,1,5,5,158.64,1
59416,0,Mobile Phone,2,7,E Wallet,Male,2,3,Others,1,Single,3,0,24,1,5,6,147.97,0
59417,10,Mobile Phone,1,10,Credit Card,Male,2,4,Laptop & Accessory,4,Married,4,0,12,3,4,14,144.52,0
59418,3,Phone,3,11,Debit Card,Female,3,1,Laptop & Accessory,2,Married,7,1,21,4,8,16,140.6,1
59419,8,Mobile Phone,1,21,UPI,Female,1,3,Others,4,Single,1,1,25,5,7,12,135.82,1
59420,8,Computer,1,17,Debit Card,Male,1,3,Fashion,5,Single,3,0,15,2,4,10,145.99,0
59421,30,Phone,2,7,COD,Male,3,2,Fashion,5,Divorced,2,0,19,0,1,7,166.73,0
59422,9,Mobile Phone,3,7,Debit Card,Male,2,3,Grocery,1,Married,2,0,18,1,4,7,126.15,0
59423,10,Computer,1,10,E Wallet,Male,1,3,Others,5,Married,3,0,13,1,4,1,152.46,0
59424,6,Mobile Phone,2,10,COD,Male,3,3,Grocery,3,Single,2,0,18,3,7,1,144.22,0
59425,35,Mobile Phone,2,28,COD,Female,4,2,Grocery,1,Married,1,0,23,1,2,7,211.42,0
59426,18,Mobile Phone,3,11,UPI,Male,2,3,Grocery,2,Divorced,5,0,11,0,4,19,164.82,1
59427,4,Mobile Phone,1,30,UPI,Female,2,2,Laptop & Accessory,1,Married,2,0,21,1,5,3,133.07,0
59428,22,Mobile Phone,2,18,Credit Card,Male,3,4,Fashion,1,Married,7,1,21,1,4,8,204.99,1
59429,6,Mobile Phone,1,20,Credit Card,Male,2,3,Mobile Phone,3,Divorced,2,0,19,0,4,7,133.24,1
59430,21,Computer,1,15,E Wallet,Male,3,2,Fashion,5,Single,1,0,23,2,6,2,194.06,0
59431,20,Phone,1,10,UPI,Female,4,3,Others,4,Divorced,1,0,11,3,4,12,180.81,0
59432,2,Mobile Phone,3,12,UPI,Male,2,5,Mobile Phone,3,Married,3,1,11,1,3,10,136.33,0
59433,14,Mobile Phone,1,30,E Wallet,Male,3,4,Fashion,2,Married,5,1,24,4,8,14,162.54,1
59434,4,Mobile Phone,3,20,E Wallet,Male,4,4,Laptop & Accessory,1,Single,3,0,16,2,4,3,144.23,1
59435,4,Mobile Phone,1,19,E Wallet,Female,4,5,Mobile Phone,1,Married,5,0,26,1,3,5,148.55,1
59436,4,Computer,3,24,COD,Male,3,2,Fashion,4,Single,3,0,11,3,7,8,112.37,1
59437,15,Mobile Phone,2,20,Debit Card,Male,2,4,Laptop & Accessory,3,Divorced,1,1,22,1,5,12,160.12,0
59438,3,Mobile Phone,1,10,Debit Card,Male,3,3,Grocery,1,Single,5,0,12,1,4,11,125.11,0
59439,0,Computer,2,11,COD,Male,3,1,Others,5,Married,2,0,15,2,4,1,113.84,0
59440,15,Computer,1,16,Credit Card,Male,4,4,Grocery,3,Single,4,0,20,1,5,4,155.0,0
59441,2,Mobile Phone,1,34,Credit Card,Female,4,2,Laptop & Accessory,4,Married,1,1,14,2,5,9,160.38,0
59442,1,Computer,2,22,UPI,Female,3,5,Grocery,4,Single,2,0,21,1,3,15,131.68,1
59443,3,Mobile Phone,2,12,UPI,Male,3,4,Grocery,2,Single,2,1,16,3,5,7,122.09,1
59444,5,Mobile Phone,2,19,Debit Card,Male,3,4,Others,4,Married,7,0,22,1,2,3,142.96,0
59445,7,Mobile Phone,3,7,Debit Card,Male,2,3,Laptop & Accessory,5,Married,3,0,14,4,5,13,171.15,0
59446,0,Mobile Phone,1,10,E Wallet,Male,1,3,Fashion,4,Single,4,0,11,1,4,2,126.73,0
59447,42,Phone,3,14,E Wallet,Female,3,4,Grocery,2,Married,4,0,12,0,3,6,234.02,0
59448,15,Mobile Phone,3,20,Debit Card,Female,1,4,Fashion,3,Single,3,1,19,3,6,5,169.21,1
59449,4,Mobile Phone,1,23,UPI,Female,1,1,Grocery,3,Married,1,0,15,1,3,3,137.33,0
59450,4,Mobile Phone,1,11,Credit Card,Female,2,2,Fashion,2,Single,2,0,26,2,5,25,139.08,0
59451,7,Mobile Phone,2,13,Credit Card,Female,4,2,Laptop & Accessory,2,Divorced,2,0,20,1,3,1,149.96,0
59452,11,Computer,2,24,COD,Female,3,2,Grocery,3,Married,5,1,23,1,2,6,145.55,0
59453,1,Mobile Phone,1,14,Credit Card,Female,2,5,Fashion,2,Married,4,1,25,1,4,12,142.69,0
59454,2,Mobile Phone,1,11,Debit Card,Male,4,3,Laptop & Accessory,1,Married,3,1,13,3,7,3,155.86,1
59455,23,Computer,2,22,Debit Card,Female,3,3,Fashion,4,Single,2,0,12,3,6,4,198.12,0
59456,3,Mobile Phone,2,17,Credit Card,Female,2,3,Mobile Phone,2,Single,1,0,26,0,3,8,135.44,0
59457,5,Mobile Phone,1,17,COD,Female,3,4,Fashion,3,Single,3,1,20,1,4,3,122.02,1
59458,24,Mobile Phone,3,8,Debit Card,Female,3,3,Mobile Phone,5,Married,1,0,14,2,5,18,206.17,0
59459,13,Mobile Phone,2,10,Credit Card,Male,3,4,Laptop & Accessory,4,Married,3,0,15,2,5,6,167.38,1
59460,5,Mobile Phone,1,16,E Wallet,Female,2,4,Others,5,Married,3,0,12,2,4,3,142.53,0
59461,13,Mobile Phone,2,14,Debit Card,Female,2,3,Fashion,3,Divorced,2,0,22,3,4,5,182.02,0
59462,0,Computer,1,21,E Wallet,Male,3,3,Fashion,3,Single,6,0,11,1,3,8,126.18,1
59463,15,Computer,2,16,Debit Card,Female,2,4,Fashion,2,Married,1,0,20,0,1,18,187.3,0
59464,8,Computer,1,10,Debit Card,Male,3,3,Mobile Phone,4,Married,2,0,17,4,7,5,153.28,0
59465,20,Computer,1,13,COD,Female,4,4,Fashion,3,Married,5,0,18,3,7,9,182.93,0
59466,37,Mobile Phone,1,10,Credit Card,Female,4,1,Laptop & Accessory,4,Divorced,1,1,26,3,5,4,242.33,0
59467,31,Computer,1,23,E Wallet,Female,4,2,Mobile Phone,4,Married,3,1,25,1,4,4,210.9,0
59468,28,Mobile Phone,2,14,UPI,Female,2,5,Fashion,2,Married,3,1,14,3,4,3,211.41,0
59469,8,Mobile Phone,2,14,Credit Card,Female,3,2,Grocery,5,Single,6,1,11,2,3,3,142.88,0
59470,5,Mobile Phone,1,11,Credit Card,Male,3,3,Others,2,Married,5,1,13,1,4,7,135.22,0
59471,7,Mobile Phone,1,9,E Wallet,Male,4,3,Grocery,4,Divorced,6,1,25,0,1,6,165.22,1
59472,14,Phone,3,13,E Wallet,Male,3,3,Laptop & Accessory,2,Married,3,0,14,5,6,4,167.54,0
59473,25,Mobile Phone,1,10,Credit Card,Female,2,4,Laptop & Accessory,5,Single,1,0,23,0,2,7,192.8,0
59474,2,Mobile Phone,1,6,E Wallet,Male,1,4,Fashion,2,Married,1,1,26,5,7,30,158.26,1
59475,30,Mobile Phone,2,13,UPI,Male,3,4,Laptop & Accessory,3,Divorced,4,0,11,3,4,7,193.66,1
59476,20,Mobile Phone,3,14,Debit Card,Female,2,6,Others,3,Single,2,1,18,1,4,11,185.86,1
59477,46,Mobile Phone,3,12,Debit Card,Female,2,5,Mobile Phone,5,Married,2,0,19,2,4,16,235.49,0
59478,25,Mobile Phone,3,9,Debit Card,Male,4,4,Fashion,3,Divorced,4,0,22,3,6,3,213.46,0
59479,3,Mobile Phone,1,14,E Wallet,Female,2,3,Laptop & Accessory,4,Married,4,0,26,3,7,4,124.24,0
59480,1,Computer,3,14,COD,Male,1,2,Mobile Phone,2,Married,6,0,14,1,5,15,172.18,1
59481,1,Mobile Phone,1,10,UPI,Female,2,4,Laptop & Accessory,5,Married,1,1,23,2,5,6,143.09,1
59482,4,Mobile Phone,1,15,Debit Card,Female,3,5,Laptop & Accessory,3,Single,1,1,11,0,3,4,146.59,1
59483,11,Computer,2,10,UPI,Female,3,6,Fashion,1,Divorced,4,0,13,2,5,19,149.18,1
59484,19,Phone,2,30,UPI,Male,2,3,Others,2,Single,1,0,12,1,3,4,185.0,0
59485,27,Mobile Phone,1,9,E Wallet,Female,2,4,Mobile Phone,2,Married,1,0,15,1,5,5,196.07,0
59486,11,Mobile Phone,1,6,E Wallet,Female,1,2,Others,1,Married,1,1,11,0,3,0,133.36,0
59487,0,Phone,3,12,UPI,Male,5,2,Laptop & Accessory,3,Married,2,1,25,2,4,7,143.72,1
59488,2,Mobile Phone,3,15,UPI,Male,2,3,Fashion,2,Married,5,1,23,2,4,1,134.14,1
59489,1,Mobile Phone,2,27,UPI,Male,4,2,Mobile Phone,3,Divorced,5,0,14,4,8,11,120.18,0
59490,5,Mobile Phone,2,14,Debit Card,Male,4,3,Mobile Phone,1,Single,2,0,20,1,3,14,178.0,1
59491,8,Phone,3,10,E Wallet,Female,2,3,Mobile Phone,3,Single,3,0,20,1,5,6,137.41,1
59492,0,Phone,3,18,UPI,Male,3,5,Fashion,3,Single,4,0,25,2,6,6,138.67,1
59493,5,Computer,2,13,Debit Card,Male,3,5,Fashion,2,Single,9,0,16,3,4,11,139.68,1
59494,2,Mobile Phone,1,13,Debit Card,Male,5,2,Mobile Phone,3,Single,1,1,23,2,5,12,123.1,0
59495,12,Mobile Phone,1,17,E Wallet,Female,3,2,Others,2,Single,2,1,21,1,4,2,166.59,0
59496,7,Mobile Phone,2,17,Credit Card,Female,3,2,Fashion,2,Married,7,0,13,0,4,13,125.14,0
59497,8,Computer,1,13,Credit Card,Female,3,3,Laptop & Accessory,4,Single,3,0,15,2,3,4,157.79,1
59498,6,Phone,1,14,Credit Card,Male,2,4,Others,4,Married,4,1,20,2,5,6,141.02,0
59499,37,Mobile Phone,2,22,Debit Card,Female,2,3,Mobile Phone,2,Married,2,1,24,1,2,5,202.2,0
59500,2,Computer,1,12,COD,Female,3,5,Laptop & Accessory,5,Single,2,1,14,0,1,6,119.18,0
59501,8,Mobile Phone,3,23,UPI,Male,1,3,Fashion,3,Single,5,1,14,4,5,3,154.78,0
59502,15,Mobile Phone,1,10,Debit Card,Male,2,3,Mobile Phone,4,Married,4,0,26,2,5,3,181.44,0
59503,9,Computer,2,13,Debit Card,Male,3,4,Others,4,Married,5,0,22,2,4,11,124.4,0
59504,31,Mobile Phone,3,17,Credit Card,Male,5,5,Mobile Phone,5,Divorced,2,0,18,5,6,6,215.09,0
59505,5,Mobile Phone,2,19,Credit Card,Female,4,2,Laptop & Accessory,1,Divorced,2,0,24,1,3,3,118.27,0
59506,7,Mobile Phone,1,14,Debit Card,Female,4,2,Fashion,5,Married,2,0,14,0,2,13,101.09,1
59507,1,Computer,2,16,UPI,Male,3,2,Laptop & Accessory,5,Married,5,0,11,1,5,10,172.67,0
59508,11,Computer,3,15,UPI,Male,4,3,Laptop & Accessory,1,Married,2,0,11,1,3,5,155.98,0
59509,4,Phone,3,13,UPI,Male,3,3,Laptop & Accessory,2,Single,4,1,16,2,5,2,152.5,0
59510,2,Computer,2,25,UPI,Female,3,2,Fashion,3,Married,2,0,12,1,2,21,119.76,0
59511,9,Mobile Phone,3,11,E Wallet,Female,2,4,Laptop & Accessory,5,Married,3,0,19,4,6,23,155.94,0
59512,9,Mobile Phone,1,28,E Wallet,Male,5,2,Laptop & Accessory,2,Married,2,0,14,1,4,6,147.89,0
59513,0,Phone,3,8,COD,Male,3,4,Laptop & Accessory,1,Married,2,1,11,0,2,10,145.12,1
59514,14,Computer,3,15,E Wallet,Female,3,4,Laptop & Accessory,4,Single,4,0,12,2,6,4,172.77,0
59515,11,Computer,2,14,E Wallet,Male,2,4,Fashion,3,Married,4,0,20,1,5,5,180.66,0
59516,2,Computer,3,10,E Wallet,Female,3,2,Mobile Phone,4,Married,4,0,17,0,4,20,115.92,0
59517,7,Computer,2,28,Debit Card,Female,5,2,Laptop & Accessory,2,Married,5,0,20,1,5,4,157.1,0
59518,15,Mobile Phone,1,28,COD,Female,4,3,Laptop & Accessory,4,Single,2,0,11,3,5,5,171.74,0
59519,9,Mobile Phone,3,8,Debit Card,Female,4,4,Mobile Phone,3,Married,2,0,13,2,4,2,161.71,0
59520,6,Computer,2,8,E Wallet,Male,2,3,Others,3,Married,4,1,23,2,5,4,134.64,0
59521,4,Computer,2,17,Debit Card,Female,1,3,Laptop & Accessory,5,Single,4,1,20,0,1,21,123.04,0
59522,11,Computer,2,32,UPI,Female,2,3,Grocery,1,Married,10,0,21,1,2,5,151.08,0
59523,33,Mobile Phone,3,14,COD,Female,2,1,Grocery,3,Single,2,0,24,0,1,4,210.24,0
59524,13,Mobile Phone,3,23,Credit Card,Female,2,2,Others,4,Single,3,0,23,1,3,15,162.49,0
59525,0,Computer,1,13,UPI,Female,3,4,Fashion,4,Married,1,1,23,4,8,34,147.37,1
59526,7,Computer,2,33,Credit Card,Female,2,4,Laptop & Accessory,3,Married,1,0,11,3,5,6,121.35,0
59527,26,Computer,3,21,Debit Card,Female,4,4,Laptop & Accessory,4,Single,2,0,12,2,5,21,187.36,0
59528,1,Mobile Phone,2,8,Debit Card,Female,4,3,Mobile Phone,3,Married,3,0,21,1,2,3,110.68,0
59529,53,Phone,3,19,Credit Card,Male,2,4,Mobile Phone,3,Divorced,2,0,23,3,4,10,262.13,0
59530,35,Computer,3,14,E Wallet,Female,3,3,Grocery,2,Single,1,0,12,1,2,6,234.76,0
59531,0,Computer,2,9,E Wallet,Male,3,2,Fashion,1,Single,2,0,24,2,3,6,153.18,0
59532,32,Mobile Phone,1,21,Debit Card,Male,2,2,Grocery,2,Married,2,0,26,1,3,2,198.63,0
59533,5,Mobile Phone,1,14,Debit Card,Male,4,2,Fashion,3,Single,1,0,19,2,5,7,140.06,0
59534,22,Computer,2,14,Debit Card,Female,2,3,Laptop & Accessory,5,Single,5,0,13,3,4,4,157.27,1
59535,6,Mobile Phone,2,12,Debit Card,Male,3,4,Laptop & Accessory,1,Married,3,0,17,2,4,13,165.96,1
59536,6,Mobile Phone,3,11,Debit Card,Female,2,1,Mobile Phone,2,Divorced,4,1,25,1,4,5,139.7,0
59537,12,Mobile Phone,3,30,Debit Card,Male,4,3,Laptop & Accessory,2,Single,4,1,24,0,4,2,169.17,1
59538,17,Computer,1,7,Credit Card,Female,3,2,Mobile Phone,4,Married,1,0,24,1,2,6,177.78,0
59539,0,Mobile Phone,3,30,UPI,Female,4,4,Laptop & Accessory,3,Single,2,0,19,3,7,18,136.24,1
59540,10,Mobile Phone,2,19,Debit Card,Male,2,2,Laptop & Accessory,3,Married,1,1,14,1,5,5,149.42,0
59541,2,Phone,1,14,UPI,Female,1,2,Mobile Phone,1,Married,5,0,16,4,6,8,147.44,1
59542,5,Computer,2,34,Credit Card,Male,2,1,Fashion,5,Married,4,0,11,1,3,6,144.45,0
59543,5,Mobile Phone,3,19,E Wallet,Female,4,3,Laptop & Accessory,4,Divorced,2,0,26,2,5,11,156.81,0
59544,7,Mobile Phone,1,14,UPI,Male,2,3,Fashion,1,Single,2,0,17,1,5,12,135.16,1
59545,4,Phone,1,11,Credit Card,Male,2,2,Others,1,Divorced,3,0,21,3,5,21,157.74,1
59546,1,Mobile Phone,1,30,COD,Female,3,1,Mobile Phone,2,Married,3,0,14,1,5,5,135.03,0
59547,1,Computer,1,16,Debit Card,Male,2,5,Others,1,Married,5,1,18,2,6,13,132.32,0
59548,0,Mobile Phone,2,28,Credit Card,Female,4,4,Fashion,4,Single,1,0,14,3,6,2,120.11,0
59549,7,Computer,1,24,Debit Card,Male,2,3,Laptop & Accessory,2,Married,6,0,23,2,4,17,136.82,1
59550,37,Computer,3,27,Credit Card,Female,3,4,Others,5,Married,5,0,25,3,5,5,198.47,0
59551,1,Computer,1,8,Credit Card,Male,3,4,Mobile Phone,3,Single,3,0,24,1,5,2,152.98,1
59552,35,Mobile Phone,2,26,COD,Female,2,3,Fashion,3,Married,1,0,16,1,2,2,218.61,0
59553,15,Computer,1,10,Credit Card,Female,2,3,Fashion,1,Single,3,0,13,3,7,8,190.94,0
59554,12,Mobile Phone,3,11,E Wallet,Female,3,3,Mobile Phone,1,Single,3,1,11,1,5,6,171.32,0
59555,12,Phone,2,20,COD,Female,2,4,Mobile Phone,1,Divorced,1,0,21,3,5,13,166.54,0
59556,21,Mobile Phone,3,19,Credit Card,Female,2,4,Mobile Phone,2,Single,6,0,20,5,7,5,201.92,0
59557,1,Computer,3,18,Credit Card,Male,1,3,Others,1,Married,3,0,19,1,5,4,153.47,0
59558,8,Mobile Phone,3,10,COD,Male,4,4,Laptop & Accessory,2,Divorced,3,0,13,4,8,1,206.78,1
59559,14,Computer,3,9,UPI,Female,1,2,Others,4,Married,3,0,22,3,5,2,165.57,0
59560,10,Mobile Phone,1,27,COD,Male,4,4,Others,1,Single,3,1,24,0,1,15,141.39,1
59561,21,Mobile Phone,2,19,Credit Card,Female,1,1,Mobile Phone,2,Single,1,0,19,2,6,10,180.65,0
59562,0,Mobile Phone,1,16,E Wallet,Male,4,3,Laptop & Accessory,3,Married,4,0,12,3,4,7,137.69,0
59563,14,Mobile Phone,3,31,Debit Card,Female,3,4,Mobile Phone,3,Married,1,0,14,4,6,1,187.8,0
59564,9,Mobile Phone,3,24,UPI,Male,3,5,Laptop & Accessory,2,Married,5,0,23,1,5,10,170.79,0
59565,5,Mobile Phone,3,25,COD,Male,2,3,Grocery,3,Single,1,0,11,1,5,7,115.26,0
59566,4,Computer,1,18,Debit Card,Male,2,2,Mobile Phone,2,Married,2,0,12,1,4,36,134.71,0
59567,11,Mobile Phone,1,8,Debit Card,Male,3,2,Mobile Phone,3,Married,2,1,12,1,5,7,156.07,1
59568,26,Computer,1,9,Debit Card,Male,3,3,Fashion,4,Married,2,1,12,1,2,9,205.72,0
59569,8,Mobile Phone,1,8,E Wallet,Male,3,4,Fashion,1,Married,3,0,21,3,4,4,146.58,0
59570,20,Computer,1,7,Debit Card,Male,2,2,Fashion,5,Single,3,1,20,1,4,4,196.03,0
59571,6,Mobile Phone,1,12,E Wallet,Male,3,2,Mobile Phone,4,Married,3,0,12,2,6,9,181.43,0
59572,1,Phone,3,22,Credit Card,Male,3,2,Mobile Phone,5,Single,4,0,26,2,3,13,133.39,1
59573,0,Computer,2,13,COD,Female,2,2,Mobile Phone,2,Married,1,1,11,0,1,3,108.61,0
59574,0,Mobile Phone,2,18,Credit Card,Male,5,5,Laptop & Accessory,5,Married,2,1,14,0,3,12,100.93,0
59575,5,Computer,2,12,Credit Card,Male,4,2,Others,3,Married,2,0,25,0,1,1,151.19,0
59576,4,Mobile Phone,2,15,Credit Card,Male,2,3,Mobile Phone,2,Single,2,0,17,1,5,3,146.87,0
59577,15,Computer,3,12,Debit Card,Female,3,3,Mobile Phone,4,Married,2,0,19,4,5,1,162.78,0
59578,16,Mobile Phone,2,16,Credit Card,Female,3,2,Mobile Phone,4,Single,5,0,17,1,3,6,200.46,0
59579,0,Mobile Phone,1,13,E Wallet,Female,2,2,Fashion,5,Single,3,0,23,3,7,1,159.73,0
59580,2,Mobile Phone,2,12,COD,Male,3,5,Laptop & Accessory,2,Single,3,0,13,1,5,3,150.93,0
59581,3,Computer,3,18,Debit Card,Female,2,4,Laptop & Accessory,3,Single,4,0,14,2,3,1,119.9,0
59582,9,Mobile Phone,1,7,E Wallet,Male,2,5,Others,5,Married,2,0,15,1,3,5,145.14,0
59583,1,Computer,2,20,Debit Card,Female,4,2,Mobile Phone,5,Married,5,0,26,1,4,3,97.67,1
59584,1,Mobile Phone,1,17,UPI,Male,3,3,Fashion,4,Married,2,0,22,2,6,10,147.8,0
59585,34,Mobile Phone,1,23,Credit Card,Male,1,2,Mobile Phone,5,Married,3,0,18,0,4,11,228.43,0
59586,19,Computer,3,17,Debit Card,Male,3,3,Laptop & Accessory,4,Married,1,0,12,0,1,11,176.21,0
59587,2,Computer,1,23,E Wallet,Female,5,4,Fashion,3,Married,2,0,21,2,4,5,155.04,0
59588,6,Phone,1,15,UPI,Male,2,3,Fashion,1,Single,2,1,11,4,6,7,158.58,1
59589,5,Computer,1,10,Debit Card,Female,3,2,Laptop & Accessory,5,Single,1,0,25,4,6,3,148.68,0
59590,18,Computer,3,13,Debit Card,Male,4,1,Mobile Phone,4,Single,2,1,16,1,2,17,189.23,0
59591,8,Computer,1,20,UPI,Male,4,2,Laptop & Accessory,2,Married,5,0,26,3,4,13,151.29,0
59592,1,Mobile Phone,3,18,E Wallet,Female,3,2,Fashion,4,Divorced,5,0,15,3,4,3,138.28,0
59593,16,Mobile Phone,1,11,UPI,Female,4,4,Fashion,3,Married,3,0,11,1,3,10,173.8,0
59594,6,Mobile Phone,3,14,Debit Card,Female,1,3,Laptop & Accessory,2,Single,9,0,20,2,4,2,161.16,0
59595,3,Mobile Phone,3,20,UPI,Female,1,4,Laptop & Accessory,3,Married,6,1,12,2,6,1,153.29,0
59596,5,Mobile Phone,1,13,Credit Card,Male,2,3,Fashion,1,Single,4,0,22,2,4,1,153.25,0
59597,8,Phone,1,20,UPI,Male,1,3,Fashion,5,Single,2,1,24,3,4,10,115.65,0
59598,5,Mobile Phone,1,12,Debit Card,Male,2,3,Fashion,5,Single,1,0,21,0,4,6,134.03,0
59599,3,Computer,3,10,UPI,Female,4,2,Fashion,4,Married,4,0,18,4,7,3,126.03,0
59600,6,Computer,1,9,E Wallet,Male,4,3,Fashion,1,Married,2,0,22,4,8,1,182.11,0
59601,0,Mobile Phone,1,19,Credit Card,Male,2,3,Laptop & Accessory,1,Single,1,1,21,4,6,5,120.74,1
59602,17,Mobile Phone,1,11,Debit Card,Male,5,2,Mobile Phone,3,Married,6,0,20,0,4,19,166.43,0
59603,2,Mobile Phone,1,17,E Wallet,Female,3,5,Laptop & Accessory,4,Married,1,1,11,3,4,8,169.81,1
59604,0,Computer,1,9,Credit Card,Male,2,2,Laptop & Accessory,1,Married,4,0,19,1,2,19,130.05,1
59605,12,Phone,3,12,E Wallet,Female,3,4,Others,3,Married,3,1,19,1,3,9,189.31,0
59606,17,Mobile Phone,3,15,E Wallet,Female,3,3,Laptop & Accessory,4,Single,2,0,23,0,1,16,155.44,0
59607,20,Computer,2,21,Credit Card,Male,1,4,Laptop & Accessory,2,Divorced,4,1,14,1,4,8,148.23,1
59608,8,Mobile Phone,2,8,Debit Card,Female,5,1,Mobile Phone,2,Divorced,3,1,26,1,5,7,173.3,1
59609,2,Computer,2,12,COD,Female,3,3,Mobile Phone,5,Married,3,0,18,2,3,3,139.82,0
59610,16,Computer,3,17,COD,Female,3,4,Laptop & Accessory,3,Divorced,3,1,25,0,2,8,160.32,0
59611,14,Mobile Phone,2,19,Debit Card,Male,5,4,Fashion,2,Single,3,0,18,2,6,11,159.07,0
59612,3,Mobile Phone,2,11,E Wallet,Male,4,4,Laptop & Accessory,1,Married,10,0,12,2,3,4,148.97,0
59613,28,Mobile Phone,2,23,Debit Card,Female,2,4,Laptop & Accessory,1,Married,2,0,16,1,5,1,200.91,0
59614,1,Mobile Phone,3,12,UPI,Male,1,3,Laptop & Accessory,2,Married,2,0,24,2,5,11,144.27,0
59615,48,Computer,1,10,Debit Card,Female,2,4,Fashion,3,Married,2,0,25,2,3,27,246.37,0
59616,23,Mobile Phone,1,9,COD,Female,2,2,Laptop & Accessory,3,Married,6,1,19,1,5,22,187.04,0
59617,13,Computer,1,20,E Wallet,Male,5,2,Fashion,2,Single,3,0,12,4,7,2,181.25,0
59618,33,Mobile Phone,2,26,Debit Card,Male,4,3,Laptop & Accessory,4,Married,6,0,14,1,3,2,231.54,0
59619,15,Computer,1,17,UPI,Male,1,3,Grocery,3,Married,4,0,15,1,3,4,181.85,0
59620,2,Computer,2,32,E Wallet,Male,5,3,Laptop & Accessory,4,Married,2,0,16,1,2,21,118.98,1
59621,7,Computer,2,12,E Wallet,Female,2,4,Mobile Phone,5,Married,3,0,12,0,1,3,116.82,0
59622,0,Mobile Phone,3,16,Debit Card,Male,4,3,Fashion,2,Married,1,1,18,3,5,1,137.8,1
59623,5,Mobile Phone,1,14,Credit Card,Female,2,1,Grocery,3,Married,3,0,12,4,7,1,125.0,0
59624,16,Computer,2,7,COD,Male,2,4,Laptop & Accessory,1,Single,1,1,18,2,4,18,173.35,0
59625,5,Mobile Phone,2,8,E Wallet,Male,3,3,Fashion,4,Married,2,1,24,2,4,10,143.11,0
59626,4,Mobile Phone,1,11,Debit Card,Male,3,4,Laptop & Accessory,2,Divorced,3,0,24,0,3,11,150.75,0
59627,10,Mobile Phone,2,25,Credit Card,Male,2,3,Fashion,4,Single,1,1,21,0,3,9,160.94,0
59628,24,Computer,3,13,Credit Card,Male,4,1,Mobile Phone,3,Married,4,0,14,4,6,9,204.59,0
59629,0,Computer,1,29,Debit Card,Female,4,4,Others,1,Single,3,0,23,0,4,2,136.93,1
59630,5,Computer,3,11,Debit Card,Female,2,3,Fashion,1,Single,5,1,23,2,5,5,143.56,0
59631,2,Mobile Phone,3,31,Debit Card,Male,3,1,Mobile Phone,3,Single,2,0,17,3,4,7,138.38,0
59632,14,Mobile Phone,2,10,E Wallet,Female,2,3,Mobile Phone,5,Married,4,0,26,2,3,4,171.87,0
59633,1,Phone,3,9,Credit Card,Female,2,5,Laptop & Accessory,5,Single,1,1,15,2,6,16,142.92,0
59634,13,Mobile Phone,2,20,Credit Card,Female,4,2,Grocery,5,Married,3,0,17,1,3,4,155.58,0
59635,4,Mobile Phone,2,7,Debit Card,Female,2,2,Grocery,4,Married,5,1,12,2,6,1,159.11,0
59636,2,Computer,3,8,E Wallet,Male,4,3,Fashion,3,Married,5,0,15,5,8,5,155.11,0
59637,33,Mobile Phone,1,19,E Wallet,Male,3,4,Mobile Phone,3,Married,3,0,23,4,6,18,216.92,0
59638,0,Mobile Phone,1,32,UPI,Female,2,3,Grocery,4,Married,3,1,14,0,2,5,117.51,1
59639,6,Mobile Phone,1,25,E Wallet,Male,5,3,Fashion,2,Married,4,0,17,0,1,2,130.42,0
59640,0,Mobile Phone,2,17,E Wallet,Female,3,2,Laptop & Accessory,2,Single,3,0,21,0,2,5,112.42,0
59641,7,Mobile Phone,1,18,Credit Card,Male,3,1,Laptop & Accessory,1,Single,5,1,26,2,3,6,142.02,0
59642,8,Computer,3,14,Credit Card,Male,3,4,Fashion,3,Single,3,0,26,1,3,6,158.11,0
59643,4,Mobile Phone,2,9,Debit Card,Male,2,6,Fashion,1,Married,1,0,22,3,6,7,119.7,1
59644,1,Mobile Phone,3,15,Debit Card,Female,3,4,Laptop & Accessory,3,Single,4,0,16,3,6,7,133.26,1
59645,5,Computer,1,11,Debit Card,Female,1,3,Grocery,4,Married,2,1,14,2,5,1,117.89,1
59646,13,Phone,1,19,E Wallet,Male,3,3,Mobile Phone,2,Married,5,0,22,1,2,5,144.93,1
59647,18,Mobile Phone,1,27,COD,Female,3,5,Laptop & Accessory,1,Single,2,0,23,4,8,6,188.28,0
59648,9,Computer,1,9,Debit Card,Female,2,6,Fashion,2,Single,2,1,19,3,7,6,177.24,0
59649,10,Computer,2,7,E Wallet,Female,4,3,Grocery,1,Married,2,0,12,2,4,6,165.18,0
59650,2,Mobile Phone,3,37,Credit Card,Male,4,3,Laptop & Accessory,3,Married,1,0,14,1,3,9,97.5,1
59651,4,Mobile Phone,1,26,E Wallet,Male,3,3,Laptop & Accessory,3,Married,2,0,11,3,4,4,153.05,1
59652,2,Mobile Phone,2,7,Debit Card,Male,2,2,Fashion,3,Single,4,0,26,1,5,9,101.06,0
59653,3,Computer,2,22,Debit Card,Male,3,4,Laptop & Accessory,4,Single,4,0,19,3,6,8,135.62,0
59654,3,Mobile Phone,1,14,Debit Card,Male,3,2,Laptop & Accessory,1,Single,5,1,19,0,1,12,116.63,1
59655,8,Mobile Phone,2,27,UPI,Female,3,2,Laptop & Accessory,2,Single,1,0,11,0,2,18,132.62,1
59656,9,Computer,1,19,Debit Card,Female,3,3,Grocery,3,Single,4,0,20,1,5,3,161.19,1
59657,34,Mobile Phone,3,20,Credit Card,Female,3,4,Mobile Phone,3,Married,3,1,16,2,4,8,225.87,0
59658,2,Computer,3,22,COD,Female,4,3,Fashion,1,Married,7,1,23,1,2,8,144.47,1
59659,12,Computer,1,6,E Wallet,Female,5,3,Laptop & Accessory,1,Divorced,5,0,15,2,3,9,190.24,0
59660,20,Mobile Phone,2,20,Credit Card,Male,3,3,Mobile Phone,1,Married,2,0,13,1,3,5,174.62,0
59661,9,Phone,1,27,Credit Card,Male,3,3,Mobile Phone,1,Married,5,0,11,3,6,1,130.71,1
59662,3,Mobile Phone,3,16,E Wallet,Male,3,3,Grocery,1,Married,5,0,19,0,4,8,115.93,1
59663,3,Mobile Phone,3,9,Credit Card,Female,1,4,Laptop & Accessory,2,Divorced,5,0,24,1,2,1,137.08,0
59664,0,Mobile Phone,3,14,E Wallet,Male,2,1,Laptop & Accessory,3,Single,3,0,15,1,3,10,138.63,0
59665,4,Computer,1,13,E Wallet,Male,2,2,Grocery,3,Married,5,0,15,1,2,1,145.67,0
59666,16,Computer,1,16,Credit Card,Male,5,4,Laptop & Accessory,1,Single,2,0,14,0,4,5,145.46,0
59667,0,Mobile Phone,2,30,COD,Male,4,3,Fashion,3,Divorced,2,0,14,1,3,12,117.66,0
59668,2,Mobile Phone,3,13,UPI,Male,2,3,Laptop & Accessory,5,Divorced,3,0,23,0,3,7,145.45,0
59669,14,Mobile Phone,3,11,E Wallet,Male,3,3,Fashion,4,Married,1,0,17,1,4,22,199.09,0
59670,18,Computer,1,24,Credit Card,Male,2,3,Mobile Phone,2,Married,4,1,24,3,5,2,189.04,0
59671,7,Computer,3,11,E Wallet,Male,2,4,Others,3,Married,2,1,19,3,6,4,140.14,0
59672,14,Computer,3,15,UPI,Female,3,3,Laptop & Accessory,4,Married,5,0,17,2,4,3,143.19,0
59673,5,Computer,1,25,Debit Card,Female,3,3,Laptop & Accessory,2,Married,2,0,21,2,4,9,142.64,0
59674,2,Computer,3,12,E Wallet,Female,4,3,Mobile Phone,1,Single,4,1,23,0,1,5,116.59,1
59675,6,Mobile Phone,1,22,Debit Card,Male,2,3,Others,3,Married,2,0,11,1,2,3,166.78,0
59676,10,Mobile Phone,1,14,Credit Card,Female,3,2,Laptop & Accessory,4,Single,2,0,20,1,3,0,176.03,0
59677,35,Computer,1,8,COD,Female,3,4,Grocery,3,Married,1,0,20,0,3,6,224.43,0
59678,0,Mobile Phone,2,19,Credit Card,Female,4,2,Mobile Phone,4,Single,2,1,15,1,3,19,114.89,0
59679,8,Mobile Phone,3,17,Debit Card,Male,3,2,Laptop & Accessory,4,Married,1,1,11,2,3,2,151.31,0
59680,4,Phone,2,17,Debit Card,Female,2,1,Fashion,3,Single,3,0,23,1,3,3,133.3,0
59681,8,Computer,1,8,Credit Card,Male,2,3,Mobile Phone,5,Married,5,0,23,3,5,12,147.54,0
59682,0,Mobile Phone,1,18,Debit Card,Male,2,3,Grocery,3,Divorced,2,1,16,4,5,9,164.19,0
59683,4,Computer,2,18,Credit Card,Male,5,1,Laptop & Accessory,1,Divorced,2,0,12,0,3,11,129.07,0
59684,20,Phone,2,28,E Wallet,Female,3,4,Fashion,3,Married,6,0,18,2,4,4,144.65,0
59685,9,Mobile Phone,2,18,UPI,Female,2,1,Fashion,3,Married,1,0,18,0,2,8,114.12,1
59686,7,Mobile Phone,1,11,Debit Card,Female,3,2,Others,2,Married,1,0,22,0,1,6,153.06,0
59687,4,Mobile Phone,3,23,E Wallet,Female,2,3,Mobile Phone,3,Single,4,0,21,3,5,2,138.24,0
59688,4,Mobile Phone,3,31,Debit Card,Female,3,3,Laptop & Accessory,4,Single,2,0,17,1,2,7,141.48,0
59689,5,Computer,2,20,Credit Card,Female,1,2,Mobile Phone,4,Single,3,0,14,2,4,10,125.76,0
59690,21,Mobile Phone,3,15,COD,Male,4,3,Mobile Phone,2,Married,3,0,11,1,2,11,185.9,0
59691,41,Mobile Phone,3,9,Debit Card,Female,5,3,Mobile Phone,2,Single,3,0,24,2,3,4,197.67,0
59692,6,Mobile Phone,2,14,Debit Card,Female,4,3,Fashion,3,Married,1,1,11,3,4,11,134.98,0
59693,5,Mobile Phone,2,23,Credit Card,Male,2,4,Laptop & Accessory,3,Divorced,2,1,23,2,4,9,146.54,1
59694,22,Mobile Phone,3,13,COD,Male,4,3,Laptop & Accessory,4,Married,3,0,14,4,7,11,201.8,1
59695,6,Computer,1,8,Debit Card,Female,2,5,Mobile Phone,1,Married,2,0,11,1,5,4,123.94,1
59696,9,Mobile Phone,2,19,Debit Card,Male,4,4,Fashion,2,Married,1,1,12,1,5,1,182.86,1
59697,3,Computer,3,15,E Wallet,Female,2,2,Grocery,3,Single,2,0,24,3,4,0,143.83,0
59698,16,Computer,1,12,Debit Card,Female,1,2,Fashion,3,Single,7,0,13,1,3,4,168.14,0
59699,9,Mobile Phone,3,11,Debit Card,Female,4,3,Mobile Phone,4,Married,7,0,21,1,3,6,141.98,0
59700,19,Computer,2,13,Debit Card,Female,2,3,Fashion,1,Single,5,0,25,0,1,14,149.78,0
59701,18,Computer,2,10,Credit Card,Female,3,1,Laptop & Accessory,1,Single,2,1,17,4,8,6,189.9,0
59702,2,Mobile Phone,2,17,Credit Card,Male,2,3,Fashion,3,Single,4,0,17,2,5,8,152.07,0
59703,15,Mobile Phone,2,11,E Wallet,Male,4,3,Mobile Phone,3,Married,7,1,22,2,6,2,141.47,0
59704,19,Computer,3,7,Debit Card,Female,3,3,Laptop & Accessory,5,Single,4,0,16,5,7,2,179.98,0
59705,5,Phone,2,21,Credit Card,Female,4,4,Fashion,1,Married,3,0,20,3,4,5,141.36,1
59706,2,Mobile Phone,3,18,E Wallet,Male,1,3,Mobile Phone,2,Single,1,1,25,0,4,7,155.16,1
59707,0,Mobile Phone,2,14,Debit Card,Female,4,4,Fashion,4,Married,4,0,21,4,8,4,149.43,0
59708,7,Mobile Phone,2,9,Credit Card,Female,3,3,Fashion,5,Divorced,4,0,11,0,3,7,158.95,0
59709,5,Mobile Phone,3,28,E Wallet,Female,2,5,Mobile Phone,5,Single,1,0,11,0,1,6,136.08,0
59710,9,Computer,1,22,COD,Female,2,2,Others,2,Married,2,0,22,3,4,8,155.21,0
59711,2,Mobile Phone,3,8,Credit Card,Female,4,4,Mobile Phone,3,Divorced,3,1,12,4,8,9,146.22,0
59712,23,Mobile Phone,1,17,UPI,Male,1,3,Others,5,Single,2,0,15,0,4,5,184.84,0
59713,3,Mobile Phone,3,12,UPI,Female,4,3,Laptop & Accessory,5,Single,9,1,21,1,4,4,113.06,1
59714,3,Mobile Phone,2,10,COD,Male,4,3,Laptop & Accessory,1,Married,1,0,12,4,5,3,140.08,1
59715,7,Mobile Phone,3,25,E Wallet,Female,2,2,Fashion,3,Divorced,7,0,21,3,4,9,160.81,0
59716,8,Mobile Phone,3,23,Debit Card,Male,4,3,Mobile Phone,4,Married,1,0,16,1,4,2,142.54,0
59717,2,Mobile Phone,1,10,Debit Card,Female,2,3,Mobile Phone,3,Divorced,3,0,17,1,2,1,119.71,0
59718,3,Computer,1,14,E Wallet,Female,1,4,Others,3,Single,9,1,18,1,2,19,152.69,0
59719,2,Phone,2,12,Credit Card,Female,3,2,Laptop & Accessory,3,Married,1,0,25,1,5,8,152.83,0
59720,15,Mobile Phone,2,11,Debit Card,Male,3,3,Mobile Phone,4,Single,4,1,23,3,4,9,177.79,0
59721,17,Mobile Phone,1,16,E Wallet,Male,2,3,Mobile Phone,1,Married,3,0,21,0,3,3,148.44,0
59722,7,Mobile Phone,1,10,COD,Female,3,3,Mobile Phone,2,Divorced,2,0,21,0,1,2,152.42,0
59723,15,Mobile Phone,2,9,Credit Card,Male,2,4,Others,4,Single,2,0,11,4,7,1,161.72,0
59724,15,Mobile Phone,1,14,Credit Card,Male,1,3,Grocery,4,Single,3,0,17,1,4,5,151.96,0
59725,1,Mobile Phone,3,13,Credit Card,Male,3,2,Laptop & Accessory,5,Married,4,0,23,1,4,14,138.72,0
59726,40,Computer,3,8,Debit Card,Male,3,3,Fashion,2,Single,2,0,16,5,9,3,246.16,0
59727,20,Mobile Phone,3,23,Debit Card,Female,2,1,Fashion,2,Single,10,0,13,1,5,12,185.41,0
59728,2,Mobile Phone,1,37,UPI,Male,3,2,Mobile Phone,2,Single,6,0,14,2,5,7,136.1,1
59729,2,Computer,1,26,COD,Male,1,3,Mobile Phone,2,Single,3,0,16,1,5,7,150.19,1
59730,1,Computer,2,9,COD,Female,3,3,Fashion,3,Single,3,0,11,1,4,8,125.89,0
59731,1,Mobile Phone,3,25,Credit Card,Male,2,4,Mobile Phone,2,Single,4,0,22,1,4,10,118.69,1
59732,16,Mobile Phone,1,9,Debit Card,Female,3,4,Mobile Phone,1,Single,2,0,25,1,5,3,161.34,0
59733,7,Mobile Phone,1,18,COD,Female,4,2,Fashion,1,Married,3,0,12,1,4,1,168.2,1
59734,18,Mobile Phone,1,12,UPI,Female,3,2,Others,2,Married,2,0,22,3,4,3,172.21,0
59735,16,Mobile Phone,2,20,UPI,Female,2,6,Mobile Phone,4,Married,2,0,11,3,4,11,185.53,0
59736,11,Mobile Phone,2,15,Credit Card,Male,4,3,Mobile Phone,4,Married,5,1,15,1,2,14,147.05,1
59737,13,Mobile Phone,1,22,E Wallet,Female,2,2,Grocery,3,Divorced,3,0,14,0,2,13,146.48,0
59738,0,Computer,2,26,E Wallet,Female,2,3,Laptop & Accessory,3,Married,5,1,25,2,4,20,139.84,0
59739,4,Computer,2,16,Credit Card,Male,3,2,Grocery,2,Single,1,0,16,4,7,13,162.67,1
59740,12,Mobile Phone,2,11,E Wallet,Male,2,3,Mobile Phone,1,Married,4,0,18,2,6,1,158.24,1
59741,0,Mobile Phone,2,18,E Wallet,Female,4,4,Mobile Phone,5,Divorced,5,0,19,2,4,5,147.2,1
59742,0,Mobile Phone,3,39,E Wallet,Female,3,2,Laptop & Accessory,3,Single,1,0,25,4,8,4,148.39,0
59743,22,Mobile Phone,2,10,Debit Card,Female,2,3,Laptop & Accessory,3,Single,3,0,20,2,5,2,182.8,0
59744,13,Mobile Phone,2,10,Credit Card,Female,2,3,Fashion,3,Single,6,1,22,3,7,1,175.12,0
59745,3,Computer,3,13,E Wallet,Male,4,6,Grocery,4,Single,7,0,21,3,5,8,130.62,1
59746,13,Computer,3,14,Debit Card,Male,5,4,Mobile Phone,4,Married,4,1,22,1,4,1,152.09,0
59747,18,Computer,1,14,COD,Male,4,1,Laptop & Accessory,5,Married,4,0,23,2,4,5,200.58,0
59748,4,Computer,1,26,UPI,Female,2,2,Mobile Phone,1,Married,1,1,11,3,7,3,174.65,0
59749,0,Phone,3,20,UPI,Male,4,2,Laptop & Accessory,5,Married,8,0,14,1,3,7,139.94,1
59750,32,Computer,1,18,Debit Card,Female,2,1,Grocery,3,Single,1,0,21,0,2,13,206.95,0
59751,5,Phone,3,15,Debit Card,Female,1,2,Mobile Phone,5,Married,3,0,16,1,4,11,142.01,0
59752,1,Mobile Phone,1,11,Debit Card,Male,3,2,Others,4,Married,1,0,17,3,6,1,147.79,0
59753,8,Mobile Phone,3,13,Credit Card,Female,3,2,Fashion,5,Single,7,0,15,1,4,8,149.98,0
59754,17,Computer,2,12,Credit Card,Female,2,3,Fashion,2,Married,4,1,13,2,6,15,175.43,1
59755,3,Phone,3,15,Debit Card,Female,3,2,Mobile Phone,3,Married,5,1,12,0,1,1,111.28,1
59756,3,Mobile Phone,1,9,Debit Card,Male,4,5,Mobile Phone,5,Divorced,2,1,21,4,8,4,154.42,0
59757,3,Mobile Phone,3,10,Credit Card,Female,2,4,Laptop & Accessory,1,Married,4,0,16,2,3,3,143.06,0
59758,57,Mobile Phone,1,9,Credit Card,Female,3,2,Others,4,Single,4,1,11,2,6,2,266.57,0
59759,2,Computer,1,8,Credit Card,Female,3,2,Laptop & Accessory,5,Single,5,0,15,1,3,3,139.98,0
59760,10,Mobile Phone,1,22,Debit Card,Female,4,6,Laptop & Accessory,3,Married,1,1,20,3,4,12,188.25,1
59761,31,Computer,3,22,COD,Male,4,2,Mobile Phone,3,Divorced,3,1,19,0,4,4,208.93,0
59762,1,Phone,2,14,Credit Card,Male,4,2,Mobile Phone,4,Single,4,0,19,0,1,4,109.88,0
59763,42,Computer,2,15,Debit Card,Female,3,2,Laptop & Accessory,3,Single,9,1,11,1,3,5,236.94,1
59764,35,Mobile Phone,2,9,Debit Card,Male,3,4,Mobile Phone,3,Married,4,0,25,0,2,9,217.97,0
59765,25,Mobile Phone,3,42,Debit Card,Female,3,3,Laptop & Accessory,2,Married,3,0,26,4,8,5,213.93,0
59766,2,Mobile Phone,2,16,Debit Card,Female,2,1,Fashion,3,Divorced,3,0,26,1,4,16,132.73,0
59767,12,Mobile Phone,2,16,E Wallet,Female,3,3,Mobile Phone,3,Single,2,0,20,0,4,4,160.15,0
59768,17,Mobile Phone,3,18,COD,Female,4,1,Fashion,3,Married,1,1,17,1,4,8,158.78,0
59769,51,Computer,3,23,Debit Card,Male,3,2,Laptop & Accessory,5,Married,6,1,15,1,4,0,265.81,0
59770,2,Mobile Phone,1,19,E Wallet,Female,5,2,Mobile Phone,4,Married,1,0,12,3,6,12,126.54,0
59771,17,Computer,1,16,COD,Male,2,2,Laptop & Accessory,1,Married,4,0,25,2,6,10,201.33,0
59772,4,Phone,1,15,Credit Card,Male,3,4,Mobile Phone,3,Married,4,1,14,2,4,10,141.7,0
59773,2,Mobile Phone,1,9,Debit Card,Female,2,4,Mobile Phone,5,Married,5,1,11,3,4,5,156.66,0
59774,6,Phone,2,24,Credit Card,Female,2,4,Laptop & Accessory,3,Single,2,0,19,2,6,3,159.45,0
59775,18,Computer,2,19,UPI,Female,4,3,Grocery,1,Married,5,0,11,0,3,3,210.52,0
59776,7,Mobile Phone,3,16,Debit Card,Female,4,2,Others,1,Married,3,0,11,0,1,9,102.65,0
59777,9,Mobile Phone,1,13,Credit Card,Male,1,3,Fashion,3,Single,1,0,22,3,5,14,124.65,0
59778,61,Mobile Phone,3,14,E Wallet,Male,5,3,Fashion,5,Married,1,0,23,2,6,11,309.28,0
59779,6,Mobile Phone,2,14,E Wallet,Male,4,3,Fashion,5,Married,1,1,24,2,4,6,132.49,0
59780,11,Computer,1,11,Credit Card,Female,4,4,Mobile Phone,4,Married,4,0,23,0,1,1,158.69,0
59781,5,Mobile Phone,2,21,Credit Card,Female,2,4,Others,5,Single,4,1,11,2,3,2,146.39,0
59782,5,Computer,3,11,E Wallet,Male,3,2,Fashion,1,Married,3,0,18,1,4,24,156.13,0
59783,14,Mobile Phone,1,22,E Wallet,Male,2,3,Grocery,3,Single,1,1,22,0,4,3,160.31,1
59784,33,Mobile Phone,2,20,Credit Card,Male,2,2,Mobile Phone,4,Single,7,0,16,0,4,2,211.56,0
59785,9,Computer,1,15,Credit Card,Female,2,3,Mobile Phone,4,Single,2,0,20,3,5,2,160.92,0
59786,17,Computer,1,9,Debit Card,Female,4,3,Laptop & Accessory,1,Single,1,1,26,3,5,3,184.36,1
59787,1,Mobile Phone,2,16,COD,Male,3,4,Mobile Phone,3,Divorced,2,1,19,5,8,4,146.24,0
59788,2,Mobile Phone,3,13,Debit Card,Female,2,3,Mobile Phone,4,Single,3,1,16,5,8,14,128.39,1
59789,8,Computer,3,21,Debit Card,Female,4,4,Mobile Phone,2,Married,3,1,11,2,4,9,151.49,1
59790,0,Computer,2,15,Debit Card,Male,1,2,Mobile Phone,1,Married,3,0,18,1,5,0,137.48,0
59791,3,Mobile Phone,3,20,COD,Female,4,3,Others,1,Married,2,0,18,1,2,9,166.34,0
59792,8,Mobile Phone,1,9,E Wallet,Female,2,1,Mobile Phone,3,Married,1,1,22,1,2,16,132.85,0
59793,0,Mobile Phone,3,14,Credit Card,Female,3,2,Grocery,1,Single,1,0,13,5,8,8,170.52,0
59794,3,Mobile Phone,2,9,COD,Male,3,3,Laptop & Accessory,3,Single,6,0,14,2,5,3,157.41,0
59795,8,Computer,3,11,COD,Female,4,4,Fashion,2,Divorced,3,0,15,1,2,4,148.29,1
59796,10,Computer,3,17,Credit Card,Male,3,4,Mobile Phone,2,Married,1,1,26,2,4,5,183.0,0
59797,31,Computer,3,9,Credit Card,Female,2,3,Laptop & Accessory,2,Single,1,1,23,3,6,6,215.56,0
59798,12,Mobile Phone,1,10,COD,Male,2,2,Laptop & Accessory,5,Married,6,0,11,4,7,5,125.13,0
59799,6,Computer,2,16,Credit Card,Male,4,3,Mobile Phone,5,Single,2,0,24,3,6,7,151.47,0
59800,31,Mobile Phone,3,10,Credit Card,Male,3,2,Mobile Phone,3,Married,1,0,18,1,5,8,224.36,0
59801,18,Phone,3,24,E Wallet,Male,4,3,Others,2,Single,7,1,14,3,4,7,182.55,0
59802,2,Mobile Phone,2,7,E Wallet,Female,3,2,Laptop & Accessory,1,Married,2,0,16,4,5,6,130.58,0
59803,1,Mobile Phone,1,25,Debit Card,Female,3,4,Mobile Phone,3,Married,5,1,16,5,8,9,128.85,0
59804,13,Computer,1,20,Debit Card,Male,5,3,Laptop & Accessory,3,Married,4,1,20,0,2,6,178.1,0
59805,9,Mobile Phone,1,8,UPI,Male,3,1,Fashion,4,Married,2,0,22,1,3,7,124.8,0
59806,18,Computer,3,12,Debit Card,Male,3,4,Laptop & Accessory,1,Single,8,0,12,1,2,3,169.75,0
59807,16,Computer,3,30,COD,Female,4,3,Grocery,2,Single,6,0,15,4,6,10,184.36,0
59808,11,Mobile Phone,1,16,Debit Card,Female,1,4,Others,3,Married,2,0,24,1,5,17,149.65,0
59809,51,Computer,3,14,Credit Card,Male,5,4,Laptop & Accessory,3,Single,2,0,14,1,2,14,262.58,0
59810,9,Mobile Phone,1,32,Credit Card,Female,2,6,Laptop & Accessory,3,Married,1,1,13,1,3,3,163.66,1
59811,1,Mobile Phone,2,21,Credit Card,Female,3,2,Mobile Phone,2,Married,6,0,12,1,5,8,132.43,1
59812,21,Phone,1,14,Debit Card,Female,5,4,Grocery,3,Married,5,1,22,6,9,20,215.87,0
59813,3,Computer,3,18,Debit Card,Female,4,2,Laptop & Accessory,5,Divorced,4,1,14,0,1,11,141.39,0
59814,18,Mobile Phone,3,12,E Wallet,Female,2,6,Mobile Phone,1,Married,6,0,14,1,4,7,189.96,0
59815,37,Mobile Phone,1,16,Credit Card,Male,2,3,Fashion,2,Divorced,2,0,18,0,3,2,246.42,0
59816,14,Mobile Phone,2,25,Credit Card,Male,3,3,Fashion,2,Single,1,0,20,4,6,2,155.82,0
59817,10,Computer,1,14,Debit Card,Male,3,6,Mobile Phone,3,Single,4,0,17,0,3,11,122.47,0
59818,7,Phone,1,16,Credit Card,Male,3,2,Others,5,Single,8,0,23,3,5,24,174.27,0
59819,5,Mobile Phone,1,11,Credit Card,Male,4,3,Mobile Phone,4,Single,2,0,11,2,3,2,138.94,1
59820,5,Computer,1,25,Debit Card,Female,4,6,Fashion,5,Single,2,1,24,1,5,4,144.08,1
59821,12,Mobile Phone,3,14,Debit Card,Male,1,5,Fashion,2,Single,6,0,16,4,6,7,169.17,1
59822,16,Mobile Phone,2,12,Credit Card,Male,2,2,Grocery,2,Divorced,4,0,18,4,7,2,156.92,0
59823,13,Phone,1,12,Credit Card,Female,2,1,Mobile Phone,2,Single,2,0,20,1,3,3,151.84,0
59824,2,Mobile Phone,1,24,Debit Card,Male,1,3,Mobile Phone,3,Married,3,0,22,2,4,4,124.64,0
59825,8,Mobile Phone,1,15,Credit Card,Male,3,4,Mobile Phone,4,Single,3,0,14,1,4,5,140.85,0
59826,18,Computer,1,22,E Wallet,Female,2,4,Laptop & Accessory,3,Married,4,0,23,5,7,3,169.38,0
59827,7,Mobile Phone,2,12,UPI,Male,3,3,Fashion,2,Divorced,2,0,26,3,4,7,149.37,1
59828,9,Mobile Phone,1,17,Credit Card,Male,2,3,Fashion,3,Married,2,1,26,3,6,19,153.53,0
59829,17,Phone,3,24,Credit Card,Female,3,2,Grocery,3,Single,5,0,15,2,5,0,209.52,0
59830,12,Computer,2,27,UPI,Female,3,3,Fashion,4,Married,4,0,22,2,5,6,167.0,0
59831,6,Computer,1,15,COD,Male,4,3,Fashion,1,Married,4,0,23,2,5,6,156.14,0
59832,27,Mobile Phone,3,16,Credit Card,Male,4,3,Fashion,4,Single,2,0,16,0,1,2,185.95,0
59833,2,Mobile Phone,1,21,E Wallet,Female,3,1,Fashion,4,Married,3,0,23,2,6,8,146.59,1
59834,61,Phone,1,14,Credit Card,Male,2,3,Laptop & Accessory,5,Married,3,1,25,1,4,9,303.47,0
59835,1,Mobile Phone,1,19,Debit Card,Male,1,5,Mobile Phone,4,Married,2,1,13,0,2,9,135.54,1
59836,0,Mobile Phone,1,20,E Wallet,Female,1,4,Laptop & Accessory,2,Single,10,0,13,2,6,6,136.35,0
59837,26,Mobile Phone,1,8,Credit Card,Male,4,3,Mobile Phone,3,Single,2,0,20,2,6,2,183.26,0
59838,3,Mobile Phone,1,22,Debit Card,Male,4,1,Laptop & Accessory,3,Single,2,0,26,3,6,25,153.99,1
59839,15,Mobile Phone,3,25,Debit Card,Male,1,4,Laptop & Accessory,4,Married,5,0,21,5,8,9,165.49,0
59840,19,Computer,3,14,UPI,Female,4,3,Fashion,5,Married,2,1,25,3,5,2,166.56,0
59841,23,Phone,2,23,UPI,Male,3,3,Fashion,1,Single,5,1,26,1,3,3,161.35,0
59842,57,Computer,2,15,Debit Card,Male,4,4,Mobile Phone,3,Married,7,0,13,3,7,4,275.31,0
59843,4,Computer,2,22,E Wallet,Female,3,3,Laptop & Accessory,3,Single,4,0,12,1,4,0,194.39,0
59844,14,Computer,1,13,Debit Card,Male,2,3,Others,1,Divorced,3,0,23,2,3,14,174.44,1
59845,1,Computer,1,13,E Wallet,Female,2,2,Laptop & Accessory,4,Single,1,1,17,1,5,1,119.38,1
59846,6,Mobile Phone,1,10,COD,Female,3,3,Mobile Phone,3,Married,4,0,11,2,6,5,168.3,0
59847,22,Mobile Phone,2,16,Debit Card,Female,4,2,Laptop & Accessory,4,Married,5,0,16,2,3,4,174.65,0
59848,5,Mobile Phone,1,5,Credit Card,Female,4,1,Laptop & Accessory,4,Divorced,2,1,16,3,5,5,131.97,0
59849,10,Mobile Phone,1,14,E Wallet,Male,3,2,Mobile Phone,1,Single,4,0,25,1,5,13,155.37,1
59850,8,Mobile Phone,1,8,E Wallet,Female,3,3,Laptop & Accessory,4,Married,3,0,20,0,4,6,149.53,0
59851,12,Mobile Phone,1,24,Credit Card,Male,3,3,Mobile Phone,5,Married,4,0,22,0,4,4,165.22,0
59852,43,Mobile Phone,1,31,UPI,Male,2,3,Fashion,3,Married,2,0,21,0,4,3,249.75,0
59853,0,Mobile Phone,1,18,COD,Male,5,4,Mobile Phone,5,Single,1,0,26,0,4,12,118.75,0
59854,10,Mobile Phone,1,24,Credit Card,Male,2,4,Mobile Phone,2,Married,10,1,21,2,6,9,163.77,0
59855,23,Mobile Phone,1,11,Debit Card,Male,3,4,Laptop & Accessory,5,Single,1,0,24,0,4,12,180.72,0
59856,7,Computer,1,13,Credit Card,Male,2,3,Fashion,5,Single,5,1,20,1,5,3,130.83,0
59857,0,Mobile Phone,1,19,E Wallet,Male,2,3,Fashion,2,Married,1,0,16,3,6,12,135.41,1
59858,9,Computer,1,16,Debit Card,Female,3,5,Fashion,2,Married,4,0,16,1,3,0,129.87,0
59859,4,Phone,3,13,Debit Card,Male,3,4,Mobile Phone,4,Single,1,0,15,1,3,1,148.88,1
59860,2,Computer,1,40,Debit Card,Female,2,4,Others,2,Divorced,4,0,23,6,9,6,129.29,1
59861,22,Computer,1,10,Debit Card,Male,3,2,Fashion,5,Married,1,0,18,0,3,1,171.96,0
59862,8,Phone,1,38,E Wallet,Female,2,3,Laptop & Accessory,2,Single,3,0,21,0,2,3,137.42,1
59863,32,Mobile Phone,1,19,Debit Card,Male,5,3,Others,1,Single,2,1,15,1,5,13,221.45,0
59864,19,Phone,1,16,E Wallet,Male,3,3,Fashion,4,Single,3,0,11,1,2,3,182.85,0
59865,14,Computer,3,14,Debit Card,Female,1,3,Fashion,1,Married,1,0,11,0,1,12,164.02,0
59866,0,Computer,3,11,COD,Male,2,3,Mobile Phone,5,Single,2,1,24,3,7,6,124.95,1
59867,6,Mobile Phone,1,11,Credit Card,Male,2,3,Mobile Phone,3,Married,4,0,20,0,1,6,128.54,0
59868,2,Mobile Phone,2,28,Debit Card,Male,2,4,Fashion,3,Single,4,0,16,0,2,7,112.4,0
59869,29,Computer,1,36,E Wallet,Male,3,3,Grocery,4,Single,4,1,11,0,1,15,194.59,1
59870,2,Computer,1,13,Credit Card,Female,2,4,Others,4,Single,7,0,21,2,4,6,162.93,0
59871,4,Computer,3,14,E Wallet,Female,3,3,Others,3,Single,4,1,25,3,6,7,141.97,0
59872,8,Mobile Phone,1,26,COD,Female,2,3,Fashion,2,Single,2,0,12,0,4,5,136.62,0
59873,3,Mobile Phone,2,12,Credit Card,Female,3,3,Laptop & Accessory,4,Single,4,0,24,2,4,3,142.42,0
59874,2,Mobile Phone,2,7,UPI,Male,3,4,Fashion,5,Divorced,2,1,14,1,2,5,130.61,0
59875,10,Mobile Phone,2,10,Credit Card,Female,3,3,Laptop & Accessory,5,Single,3,0,15,1,2,2,161.41,0
59876,1,Mobile Phone,3,12,E Wallet,Female,5,4,Fashion,3,Married,4,0,17,2,4,6,132.44,0
59877,0,Mobile Phone,3,14,Debit Card,Male,2,5,Mobile Phone,3,Married,3,0,22,3,4,11,134.4,1
59878,5,Mobile Phone,3,12,UPI,Male,2,2,Mobile Phone,5,Single,9,1,25,3,7,5,162.46,0
59879,15,Mobile Phone,1,16,Debit Card,Female,5,1,Fashion,3,Divorced,1,1,20,2,4,2,168.4,0
59880,9,Mobile Phone,1,11,Credit Card,Male,1,3,Others,4,Married,3,0,25,1,2,6,167.38,0
59881,6,Phone,3,20,COD,Male,4,2,Fashion,5,Single,5,1,25,0,4,2,145.34,0
59882,10,Computer,3,26,Debit Card,Male,2,4,Laptop & Accessory,2,Married,2,0,17,4,8,1,178.34,0
59883,5,Computer,2,10,Debit Card,Male,3,4,Laptop & Accessory,4,Married,3,0,12,1,4,3,155.53,1
59884,33,Mobile Phone,3,14,Credit Card,Male,3,4,Grocery,4,Single,2,0,22,3,7,17,211.75,0
59885,0,Computer,1,12,COD,Female,4,5,Fashion,3,Single,7,0,19,1,2,0,133.46,0
59886,13,Mobile Phone,1,21,E Wallet,Female,3,4,Laptop & Accessory,5,Married,8,0,17,2,4,4,150.72,0
59887,26,Phone,1,10,Debit Card,Female,2,5,Fashion,5,Single,1,0,17,4,8,7,194.29,0
59888,19,Computer,2,21,E Wallet,Male,3,4,Fashion,5,Married,6,0,23,1,2,6,199.93,0
59889,2,Computer,3,14,Credit Card,Female,2,3,Fashion,3,Single,3,0,24,2,6,21,162.57,1
59890,4,Computer,1,33,COD,Male,2,1,Grocery,2,Single,3,0,11,1,5,9,142.06,0
59891,15,Mobile Phone,3,21,E Wallet,Male,1,1,Fashion,2,Married,7,0,17,0,2,8,182.67,1
59892,1,Mobile Phone,2,27,Credit Card,Female,2,4,Fashion,4,Married,4,0,20,3,7,3,164.12,0
59893,20,Computer,2,27,Credit Card,Female,3,2,Fashion,3,Married,3,1,17,3,5,4,149.1,0
59894,15,Mobile Phone,3,12,E Wallet,Male,5,2,Laptop & Accessory,2,Married,5,0,19,3,7,41,192.24,1
59895,15,Mobile Phone,1,18,E Wallet,Male,3,3,Fashion,5,Married,4,1,21,0,4,6,155.91,0
59896,1,Computer,3,25,Debit Card,Male,3,2,Mobile Phone,2,Married,1,0,18,1,5,0,150.48,0
59897,15,Mobile Phone,1,20,Debit Card,Male,4,6,Others,1,Divorced,4,0,20,2,6,3,187.94,1
59898,13,Computer,1,6,Credit Card,Female,4,4,Fashion,3,Single,7,0,21,1,5,2,161.85,1
59899,21,Phone,2,9,Credit Card,Male,2,3,Mobile Phone,3,Married,3,0,19,1,4,8,204.87,0
59900,0,Mobile Phone,3,12,Credit Card,Male,3,5,Others,3,Married,3,0,22,1,4,9,158.43,1
59901,0,Mobile Phone,2,8,Debit Card,Male,2,3,Laptop & Accessory,3,Married,2,0,15,1,2,9,136.0,1
59902,5,Mobile Phone,2,34,COD,Female,3,4,Mobile Phone,2,Single,3,0,17,0,1,1,137.55,1
59903,1,Mobile Phone,3,33,Debit Card,Male,2,4,Laptop & Accessory,2,Married,6,1,14,0,3,10,137.15,1
59904,9,Mobile Phone,1,10,COD,Male,1,1,Fashion,3,Divorced,2,0,20,5,8,1,149.95,0
59905,29,Mobile Phone,3,16,COD,Female,1,4,Fashion,5,Single,7,1,20,4,6,13,213.76,0
59906,5,Mobile Phone,2,10,E Wallet,Male,5,4,Mobile Phone,5,Married,4,1,16,3,6,11,155.72,0
59907,22,Mobile Phone,1,19,Debit Card,Female,1,2,Laptop & Accessory,1,Married,2,0,12,2,4,16,193.22,1
59908,0,Computer,1,12,Debit Card,Female,3,3,Mobile Phone,5,Divorced,4,0,11,0,4,5,134.72,0
59909,2,Computer,1,13,COD,Male,4,2,Mobile Phone,3,Divorced,2,1,26,3,5,23,131.53,1
59910,0,Computer,1,36,COD,Male,2,3,Laptop & Accessory,3,Married,3,0,24,4,8,2,137.18,1
59911,4,Mobile Phone,1,18,COD,Female,3,3,Laptop & Accessory,3,Married,5,1,15,2,3,8,127.16,1
59912,28,Mobile Phone,1,25,COD,Male,2,6,Others,5,Single,2,0,24,1,2,2,172.07,1
59913,1,Computer,2,22,Debit Card,Male,3,4,Fashion,3,Married,2,0,19,1,4,5,120.68,0
59914,11,Mobile Phone,2,18,Credit Card,Female,4,3,Laptop & Accessory,1,Single,2,1,14,5,8,12,143.62,1
59915,7,Mobile Phone,2,10,UPI,Female,1,2,Others,5,Married,4,0,15,2,3,2,148.98,0
59916,33,Computer,1,6,Credit Card,Male,2,4,Mobile Phone,5,Married,1,0,24,2,6,9,208.13,0
59917,1,Mobile Phone,3,14,Credit Card,Male,2,3,Fashion,3,Married,1,1,12,2,3,6,108.49,1
59918,2,Mobile Phone,1,12,Debit Card,Female,3,5,Mobile Phone,3,Single,2,0,21,0,1,2,122.9,1
59919,0,Computer,2,8,Debit Card,Male,4,2,Fashion,1,Married,3,0,18,0,4,3,156.16,1
59920,6,Phone,1,16,Debit Card,Female,5,2,Fashion,2,Single,1,0,19,3,6,2,142.64,0
59921,3,Mobile Phone,2,11,Debit Card,Female,2,3,Laptop & Accessory,1,Married,2,1,24,3,4,2,132.37,1
59922,24,Mobile Phone,1,34,Credit Card,Male,1,5,Others,4,Divorced,3,0,13,0,4,9,213.68,0
59923,11,Computer,3,15,E Wallet,Female,2,2,Fashion,3,Married,1,0,14,1,3,2,168.65,0
59924,11,Computer,3,6,Credit Card,Female,5,1,Laptop & Accessory,2,Divorced,2,1,13,2,4,8,173.32,0
59925,9,Mobile Phone,3,19,UPI,Female,2,5,Laptop & Accessory,5,Single,4,1,26,1,2,5,147.63,0
59926,1,Computer,1,20,UPI,Female,2,2,Fashion,3,Married,1,0,26,0,3,9,125.11,0
59927,7,Phone,1,28,Debit Card,Male,3,3,Fashion,5,Married,3,0,22,1,4,1,146.81,0
59928,61,Mobile Phone,3,16,Debit Card,Male,2,2,Laptop & Accessory,2,Married,2,0,17,3,5,6,289.76,0
59929,21,Phone,2,21,Credit Card,Male,2,2,Others,5,Divorced,3,1,14,2,6,3,193.57,0
59930,26,Phone,3,15,E Wallet,Female,2,2,Fashion,5,Single,2,0,16,1,3,7,173.51,0
59931,20,Mobile Phone,1,12,Credit Card,Female,5,4,Others,5,Divorced,1,0,22,2,6,8,179.93,0
59932,1,Computer,3,24,Credit Card,Male,2,4,Mobile Phone,4,Divorced,3,1,11,4,5,17,137.24,1
59933,3,Mobile Phone,3,9,Debit Card,Female,2,2,Laptop & Accessory,4,Single,2,0,24,1,5,8,135.33,0
59934,0,Computer,2,22,Credit Card,Female,3,2,Others,4,Single,5,0,12,2,3,9,120.07,0
59935,4,Computer,1,10,COD,Female,1,5,Grocery,5,Married,4,1,22,2,5,19,170.73,0
59936,1,Mobile Phone,2,28,Credit Card,Female,3,3,Laptop & Accessory,3,Divorced,3,0,17,1,4,9,166.72,0
59937,7,Computer,3,12,Credit Card,Male,3,4,Mobile Phone,2,Married,2,0,19,1,3,17,176.69,1
59938,13,Computer,3,13,Debit Card,Female,2,1,Laptop & Accessory,1,Divorced,3,0,21,2,3,7,157.77,0
59939,24,Mobile Phone,1,9,Debit Card,Female,3,1,Mobile Phone,2,Single,4,1,26,4,6,14,192.45,0
59940,16,Mobile Phone,1,15,Credit Card,Male,5,3,Grocery,5,Married,1,1,11,0,4,12,159.02,0
59941,33,Mobile Phone,3,15,E Wallet,Male,4,3,Fashion,5,Married,1,0,22,3,6,8,225.55,0
59942,0,Computer,2,39,Credit Card,Female,5,3,Grocery,3,Married,2,1,12,0,1,9,117.6,1
59943,0,Phone,3,25,Debit Card,Female,4,4,Fashion,3,Single,5,1,18,4,8,7,157.68,0
59944,12,Computer,3,11,E Wallet,Female,4,3,Fashion,3,Single,3,0,26,2,5,6,154.64,0
59945,4,Mobile Phone,3,17,Debit Card,Male,2,3,Mobile Phone,3,Married,8,0,17,0,1,19,131.63,0
59946,3,Mobile Phone,1,14,E Wallet,Female,3,1,Mobile Phone,3,Married,5,0,13,2,4,6,158.37,0
59947,4,Mobile Phone,1,11,COD,Female,2,3,Fashion,4,Divorced,2,0,18,1,5,5,132.16,1
59948,3,Mobile Phone,1,12,Credit Card,Female,3,2,Laptop & Accessory,2,Married,9,1,25,1,5,8,134.03,1
59949,8,Mobile Phone,3,13,Debit Card,Male,4,3,Fashion,3,Single,3,0,18,2,5,6,135.77,0
59950,6,Mobile Phone,2,16,UPI,Female,2,1,Grocery,3,Single,5,0,23,3,5,4,137.66,0
59951,8,Mobile Phone,1,13,Credit Card,Male,2,3,Laptop & Accessory,2,Divorced,3,0,19,3,6,14,169.75,0
59952,13,Phone,1,6,COD,Female,4,3,Mobile Phone,4,Married,7,0,15,1,2,9,152.97,0
59953,5,Computer,1,14,E Wallet,Male,3,3,Others,3,Married,4,0,21,1,5,13,160.91,0
59954,3,Computer,3,15,Credit Card,Male,1,4,Mobile Phone,3,Married,3,0,11,2,5,18,134.56,0
59955,2,Mobile Phone,3,23,E Wallet,Male,2,6,Grocery,2,Married,4,1,26,2,6,7,162.26,1
59956,5,Phone,2,10,Debit Card,Female,3,3,Fashion,3,Married,2,0,19,0,1,2,110.86,0
59957,16,Computer,1,19,Credit Card,Female,4,2,Grocery,2,Married,5,0,19,0,4,3,181.06,1
59958,16,Computer,3,36,Credit Card,Male,4,3,Laptop & Accessory,5,Single,2,0,13,1,2,12,168.87,0
59959,13,Mobile Phone,1,12,Credit Card,Female,3,2,Fashion,1,Married,3,0,23,4,8,4,172.12,0
59960,3,Mobile Phone,2,15,Credit Card,Male,2,2,Laptop & Accessory,2,Married,10,1,24,0,1,13,106.06,0
59961,10,Mobile Phone,1,32,E Wallet,Male,4,3,Mobile Phone,4,Divorced,1,0,12,1,3,19,146.52,0
59962,10,Mobile Phone,1,15,Debit Card,Male,4,3,Laptop & Accessory,3,Divorced,1,0,21,1,2,14,149.36,0
59963,7,Computer,1,9,Debit Card,Male,3,3,Fashion,4,Single,4,0,18,4,6,5,163.14,0
59964,9,Phone,2,14,Debit Card,Male,2,3,Fashion,1,Married,3,0,15,1,5,3,164.19,0
59965,8,Mobile Phone,2,31,E Wallet,Female,3,3,Mobile Phone,5,Divorced,4,0,19,6,7,19,149.32,0
59966,10,Mobile Phone,1,33,Debit Card,Female,1,2,Grocery,5,Married,1,0,22,2,4,5,157.89,0
59967,15,Computer,1,23,Debit Card,Female,3,3,Fashion,4,Married,4,0,16,2,6,4,167.44,0
59968,1,Mobile Phone,3,20,Debit Card,Female,2,4,Fashion,2,Married,7,0,15,1,4,14,127.79,1
59969,16,Computer,1,13,E Wallet,Female,3,4,Fashion,4,Single,2,0,15,2,3,5,158.74,0
59970,1,Computer,1,14,Credit Card,Male,3,2,Laptop & Accessory,2,Married,3,1,26,1,3,7,140.11,0
59971,0,Mobile Phone,2,10,Debit Card,Male,3,5,Fashion,2,Married,4,0,24,1,3,12,136.01,1
59972,44,Computer,3,10,Credit Card,Male,4,2,Grocery,1,Married,5,1,18,1,4,25,237.58,1
59973,37,Mobile Phone,1,21,E Wallet,Female,2,3,Laptop & Accessory,1,Married,4,0,22,2,5,4,203.38,0
59974,0,Computer,3,14,E Wallet,Male,2,1,Laptop & Accessory,4,Divorced,7,0,11,0,1,2,144.53,0
59975,7,Computer,1,20,Debit Card,Female,3,5,Mobile Phone,4,Married,4,0,15,0,2,0,155.52,0
59976,2,Computer,1,8,E Wallet,Female,5,3,Laptop & Accessory,1,Single,2,0,14,2,3,6,137.1,0
59977,7,Mobile Phone,1,12,Debit Card,Male,4,2,Mobile Phone,4,Married,5,0,25,2,4,6,166.83,1
59978,21,Mobile Phone,2,8,E Wallet,Male,2,3,Grocery,2,Married,3,1,15,2,3,4,174.1,1
59979,36,Mobile Phone,1,29,E Wallet,Female,2,2,Laptop & Accessory,2,Single,6,1,12,0,3,4,200.44,0
59980,12,Mobile Phone,2,21,Credit Card,Male,3,2,Laptop & Accessory,3,Married,1,0,15,3,7,3,190.01,0
59981,5,Computer,1,15,Debit Card,Female,3,3,Laptop & Accessory,3,Divorced,3,1,20,5,8,5,158.43,1
59982,11,Mobile Phone,1,27,E Wallet,Female,4,3,Mobile Phone,2,Single,1,0,24,1,3,6,164.29,0
59983,4,Computer,3,10,Debit Card,Male,3,2,Mobile Phone,1,Single,1,0,16,1,3,1,156.26,0
59984,28,Mobile Phone,3,27,UPI,Male,4,4,Grocery,2,Married,2,1,22,1,3,5,211.73,0
59985,24,Mobile Phone,1,6,E Wallet,Male,3,3,Fashion,3,Divorced,4,1,15,3,4,21,165.07,0
59986,9,Computer,2,18,E Wallet,Female,2,1,Fashion,3,Married,2,1,17,3,4,7,121.15,1
59987,4,Mobile Phone,2,8,E Wallet,Female,4,3,Mobile Phone,3,Married,2,0,12,2,4,7,121.85,0
59988,4,Computer,1,17,Debit Card,Male,2,3,Mobile Phone,3,Single,2,1,19,4,6,15,169.62,1
59989,0,Mobile Phone,2,13,COD,Male,2,3,Mobile Phone,5,Married,5,1,23,1,5,5,105.19,1
59990,20,Phone,1,14,UPI,Male,4,4,Mobile Phone,5,Married,7,0,20,0,4,4,183.94,1
59991,7,Computer,2,28,Credit Card,Male,5,2,Fashion,3,Divorced,9,0,24,1,2,7,145.18,0
59992,4,Computer,3,27,E Wallet,Female,2,3,Mobile Phone,5,Single,3,0,26,1,2,5,139.88,0
59993,7,Mobile Phone,1,26,E Wallet,Male,2,2,Laptop & Accessory,1,Single,1,0,15,1,4,11,190.67,0
59994,20,Mobile Phone,1,31,UPI,Female,3,1,Mobile Phone,1,Married,1,0,14,0,2,6,163.06,0
59995,1,Phone,1,15,Debit Card,Female,3,5,Grocery,2,Married,5,0,16,0,3,3,140.08,1
59996,23,Computer,3,15,Credit Card,Female,4,4,Grocery,2,Married,3,0,15,1,4,8,159.8,1
59997,27,Mobile Phone,3,14,E Wallet,Female,4,3,Grocery,4,Married,1,0,19,1,2,5,210.17,0
59998,35,Mobile Phone,1,16,E Wallet,Male,5,2,Laptop & Accessory,3,Married,3,0,15,0,2,8,235.19,0
59999,6,Mobile Phone,2,40,Credit Card,Female,4,2,Laptop & Accessory,5,Single,3,0,19,2,6,13,154.53,0
60000,2,Mobile Phone,1,20,Credit Card,Male,2,3,Grocery,4,Married,5,0,13,3,4,23,149.92,0
